2026,1月,11,周日,00:21:13,BEBCE825,SIMBR0009,SIMR0009,SIMU0270:User 270,DENIED
2026,1月,11,周日,00:24:24,3A395E30,SIMBR0180,SIMR0180,SIMU0280:User 280,DENIED
2026,1月,11,周日,00:24:24,F90964BF,SIMBR0003,SIMR0003,SIMU0091:User 91,DENIED
2026,1月,11,周日,00:24:24,B095C629,SIMBR0152,SIMR0152,SIMU0257:User 257,DENIED
2026,1月,11,周日,00:24:24,86937632,SIMBR0127,SIMR0127,SIMU0187:User 187,DENIED
2026,1月,11,周日,00:24:24,0CFFFBA0,SIMBR0395,SIMR0395,SIMU0189:User 189,DENIED
2026,1月,11,周日,00:24:24,1CA3AA4C,SIMBR0021,SIMR0021,SIMU0014:User 14,DENIED
2026,1月,11,周日,00:24:24,57ED1495,SIMBR0110,SIMR0110,SIMU0250:User 250,DENIED
2026,1月,11,周日,00:24:24,0540806D,BR012,RES005,SIMU0265:User 265,DENIED
2026,1月,11,周日,00:24:24,A89B9996,SIMBR0115,SIMR0115,SIMU0213:User 213,DENIED
2026,1月,11,周日,00:24:24,5D5C3450,SIMBR0225,SIMR0225,SIMU0131:User 131,DENIED
2026,1月,11,周日,00:24:24,A4F77AE3,BR018,RES011,SIMU0031:User 31,DENIED
2026,1月,11,周日,00:24:24,8BC6335E,SIMBR0155,SIMR0155,SIMU0204:User 204,DENIED
2026,1月,11,周日,00:24:24,B33C40D7,SIMBR0280,SIMR0280,SIMU0015:User 15,DENIED
2026,1月,11,周日,00:24:24,A51F7B4F,SIMBR0265,SIMR0265,SIMU0277:User 277,DENIED
2026,1月,11,周日,00:24:24,9615FFCC,SIMBR0053,SIMR0053,SIMU0010:User 10,DENIED
2026,1月,11,周日,00:24:24,397975BA,SIMBR0380,SIMR0380,SIMU0164:User 164,DENIED
2026,1月,11,周日,00:24:24,49B45DCD,SIMBR0092,SIMR0092,SIMU0272:User 272,DENIED
2026,1月,11,周日,00:24:24,CB1ACCC7,SIMBR0025,SIMR0025,SIMU0110:User 110,DENIED
2026,1月,11,周日,00:24:24,56619802,SIMBR0117,SIMR0117,SIMU0202:User 202,DENIED
2026,1月,11,周日,00:24:24,7D277C80,SIMBR0322,SIMR0322,SIMU0212:User 212,DENIED
2026,1月,11,周日,00:24:24,D832D5F3,SIMBR0314,SIMR0314,SIMU0261:User 261,DENIED
2026,1月,11,周日,00:24:24,518BCEDD,SIMBR0101,SIMR0101,SIMU0011:User 11,DENIED
2026,1月,11,周日,00:24:24,8C19D42A,SIMBR0389,SIMR0389,SIMU0284:User 284,DENIED
2026,1月,11,周日,00:24:24,53A1B264,SIMBR0400,SIMR0400,SIMU0017:User 17,DENIED
2026,1月,11,周日,00:24:24,CA782D54,SIMBR0049,SIMR0049,SIMU0219:User 219,DENIED
2026,1月,11,周日,00:24:24,E55AD432,SIMBR0198,SIMR0198,SIMU0134:User 134,DENIED
2026,1月,11,周日,00:24:24,E8751622,SIMBR0252,SIMR0252,SIMU0161:User 161,DENIED
2026,1月,11,周日,00:24:24,AB055C88,SIMBR0178,SIMR0178,SIMU0024:User 24,DENIED
2026,1月,11,周日,00:24:24,CCACC23C,SIMBR0231,SIMR0231,SIMU0149:User 149,DENIED
2026,1月,11,周日,00:24:24,1E74F408,SIMBR0151,SIMR0151,SIMU0171:User 171,DENIED
2026,1月,11,周日,00:24:24,BA841717,SIMBR0022,SIMR0022,SIMU0064:User 64,DENIED
2026,1月,11,周日,00:24:24,59E1ACA0,SIMBR0390,SIMR0390,SIMU0090:User 90,DENIED
2026,1月,11,周日,00:24:24,FB68A282,SIMBR0388,SIMR0388,SIMU0183:User 183,DENIED
2026,1月,11,周日,00:24:24,B9D6BC00,SIMBR0386,SIMR0386,SIMU0107:User 107,DENIED
2026,1月,11,周日,00:24:24,AA3155BB,SIMBR0378,SIMR0378,SIMU0050:User 50,DENIED
2026,1月,11,周日,00:24:24,5FF2F656,SIMBR0159,SIMR0159,SIMU0120:User 120,DENIED
2026,1月,11,周日,00:24:24,0540806D,SIMBR0246,SIMR0246,SIMU0265:User 265,DENIED
2026,1月,11,周日,00:24:24,15D30411,SIMBR0200,SIMR0200,SIMU0289:User 289,DENIED
2026,1月,11,周日,00:24:24,2056B86F,BR020,RES013,SIMU0067:User 67,DENIED
2026,1月,11,周日,00:24:24,128D7B1F,SIMBR0039,SIMR0039,SIMU0121:User 121,DENIED
2026,1月,11,周日,00:24:24,FD75651D,SIMBR0337,SIMR0337,SIMU0238:User 238,DENIED
2026,1月,11,周日,00:24:24,559213A2,SIMBR0212,SIMR0212,SIMU0047:User 47,DENIED
2026,1月,11,周日,00:24:24,49B45DCD,SIMBR0025,SIMR0025,SIMU0272:User 272,DENIED
2026,1月,11,周日,00:24:24,D2C7D462,SIMBR0080,SIMR0080,SIMU0061:User 61,DENIED
2026,1月,11,周日,00:24:24,44B3ADEE,SIMBR0147,SIMR0147,SIMU0157:User 157,DENIED
2026,1月,11,周日,00:24:24,7B092D88,SIMBR0208,SIMR0208,SIMU0236:User 236,DENIED
2026,1月,11,周日,00:24:24,72A4E470,BR016,RES009,SIMU0268:User 268,DENIED
2026,1月,11,周日,00:24:24,C6E3BF57,SIMBR0334,SIMR0334,SIMU0297:User 297,DENIED
2026,1月,11,周日,00:24:24,A5A16F78,SIMBR0009,SIMR0009,SIMU0294:User 294,DENIED
2026,1月,11,周日,00:24:24,FAE4DEC5,SIMBR0260,SIMR0260,SIMU0053:User 53,DENIED
2026,1月,11,周日,00:24:24,B2D6FCB4,SIMBR0267,SIMR0267,SIMU0086:User 86,DENIED
2026,1月,11,周日,00:24:24,54C5EDBD,SIMBR0012,SIMR0012,SIMU0145:User 145,DENIED
2026,1月,11,周日,00:24:24,F616A325,SIMBR0185,SIMR0185,SIMU0194:User 194,DENIED
2026,1月,11,周日,00:24:24,D324F0AC,SIMBR0388,SIMR0388,SIMU0108:User 108,DENIED
2026,1月,11,周日,00:24:24,AA3155BB,SIMBR0173,SIMR0173,SIMU0050:User 50,DENIED
2026,1月,11,周日,00:24:24,1EE4C053,SIMBR0332,SIMR0332,SIMU0026:User 26,DENIED
2026,1月,11,周日,00:24:24,45B37997,SIMBR0065,SIMR0065,SIMU0163:User 163,DENIED
2026,1月,11,周日,00:24:24,69A8F764,SIMBR0137,SIMR0137,SIMU0240:User 240,DENIED
2026,1月,11,周日,00:24:24,905C3DCB,SIMBR0116,SIMR0116,SIMU0070:User 70,DENIED
2026,1月,11,周日,00:24:24,D716AAF5,SIMBR0065,SIMR0065,SIMU0170:User 170,DENIED
2026,1月,11,周日,00:24:24,C57735BB,SIMBR0385,SIMR0385,SIMU0242:User 242,DENIED
2026,1月,11,周日,00:24:24,D0171F97,SIMBR0226,SIMR0226,SIMU0032:User 32,DENIED
2026,1月,11,周日,00:24:24,20917633,SIMBR0138,SIMR0138,SIMU0296:User 296,DENIED
2026,1月,11,周日,00:24:24,D0B8FC16,SIMBR0061,SIMR0061,SIMU0185:User 185,DENIED
2026,1月,11,周日,00:24:24,C3943F18,SIMBR0005,SIMR0005,SIMU0113:User 113,DENIED
2026,1月,11,周日,00:24:24,0A675EEC,SIMBR0345,SIMR0345,SIMU0138:User 138,DENIED
2026,1月,11,周日,00:24:24,E2506042,SIMBR0068,SIMR0068,SIMU0101:User 101,DENIED
2026,1月,11,周日,00:24:24,E07F08A6,SIMBR0231,SIMR0231,SIMU0246:User 246,DENIED
2026,1月,11,周日,00:24:24,F0ADE55C,SIMBR0049,SIMR0049,SIMU0237:User 237,DENIED
2026,1月,11,周日,00:24:24,53A1B264,SIMBR0071,SIMR0071,SIMU0017:User 17,DENIED
2026,1月,11,周日,00:24:24,F853E5E9,SIMBR0220,SIMR0220,SIMU0119:User 119,DENIED
2026,1月,11,周日,00:24:24,95379CDB,SIMBR0253,SIMR0253,f46ee39b-ac9d-4193-a478-f8cfc35cec07:gagaga a,DENIED
2026,1月,11,周日,00:24:24,D3E409F0,SIMBR0066,SIMR0066,SIMU0012:User 12,DENIED
2026,1月,11,周日,00:24:24,4B59E256,SIMBR0390,SIMR0390,SIMU0182:User 182,DENIED
2026,1月,11,周日,00:24:24,FB68A282,SIMBR0344,SIMR0344,SIMU0183:User 183,DENIED
2026,1月,11,周日,00:24:24,56C4C8CF,SIMBR0089,SIMR0089,SIMU0077:User 77,DENIED
2026,1月,11,周日,00:24:24,F3B58DFF,SIMBR0226,SIMR0226,SIMU0076:User 76,DENIED
2026,1月,11,周日,00:24:24,3A395E30,SIMBR0240,SIMR0240,SIMU0280:User 280,DENIED
2026,1月,11,周日,00:24:24,57ED1495,SIMBR0247,SIMR0247,SIMU0250:User 250,DENIED
2026,1月,11,周日,00:24:24,C0CB4AFF,SIMBR0275,SIMR0275,SIMU0235:User 235,DENIED
2026,1月,11,周日,00:24:24,15AB7C7D,SIMBR0103,SIMR0103,SIMU0096:User 96,DENIED
2026,1月,11,周日,00:24:24,44B3ADEE,SIMBR0224,SIMR0224,SIMU0157:User 157,DENIED
2026,1月,11,周日,00:24:24,602AF119,SIMBR0098,SIMR0098,SIMU0223:User 223,DENIED
2026,1月,11,周日,00:24:24,701D5B3A,SIMBR0328,SIMR0328,SIMU0211:User 211,DENIED
2026,1月,11,周日,00:24:24,45B37997,SIMBR0098,SIMR0098,SIMU0163:User 163,DENIED
2026,1月,11,周日,00:24:24,D832D5F3,SIMBR0014,SIMR0014,SIMU0261:User 261,DENIED
2026,1月,11,周日,00:24:24,273F3B3E,SIMBR0161,SIMR0161,SIMU0224:User 224,DENIED
2026,1月,11,周日,00:24:24,D87DCC23,SIMBR0154,SIMR0154,SIMU0006:User 6,DENIED
2026,1月,11,周日,00:24:24,489655D2,SIMBR0046,SIMR0046,CON001:Wang Wu,DENIED
2026,1月,11,周日,00:24:24,CA15B29F,SIMBR0386,SIMR0386,SIMU0206:User 206,DENIED
2026,1月,11,周日,00:24:24,EF6713BA,SIMBR0256,SIMR0256,SIMU0153:User 153,DENIED
2026,1月,11,周日,00:24:24,4FC5D562,SIMBR0375,SIMR0375,SIMU0275:User 275,DENIED
2026,1月,11,周日,00:24:24,A51F7B4F,SIMBR0244,SIMR0244,SIMU0277:User 277,DENIED
2026,1月,11,周日,00:24:24,C0F19B1C,SIMBR0175,SIMR0175,SIMU0155:User 155,DENIED
2026,1月,11,周日,00:24:24,DA3D486F,SIMBR0074,SIMR0074,SIMU0028:User 28,DENIED
2026,1月,11,周日,00:24:24,1EE4C053,SIMBR0106,SIMR0106,SIMU0026:User 26,DENIED
2026,1月,11,周日,00:24:24,57ED1495,SIMBR0206,SIMR0206,SIMU0250:User 250,DENIED
2026,1月,11,周日,00:24:24,4DFA0FE5,SIMBR0288,SIMR0288,SIMU0255:User 255,DENIED
2026,1月,11,周日,00:24:24,6C174D63,SIMBR0101,SIMR0101,SIMU0116:User 116,DENIED
2026,1月,11,周日,00:24:24,C0993563,SIMBR0084,SIMR0084,SIMU0209:User 209,DENIED
2026,1月,11,周日,00:24:24,1B14F9BC,SIMBR0135,SIMR0135,SIMU0065:User 65,DENIED
2026,1月,11,周日,00:24:24,8E0C2F27,SIMBR0009,SIMR0009,SIMU0126:User 126,DENIED
2026,1月,11,周日,00:24:24,DA3D486F,SIMBR0316,SIMR0316,SIMU0028:User 28,DENIED
2026,1月,11,周日,00:24:24,C39400FA,SIMBR0368,SIMR0368,SIMU0078:User 78,DENIED
2026,1月,11,周日,00:24:24,6CEC1FDF,SIMBR0026,SIMR0026,SIMU0230:User 230,DENIED
2026,1月,11,周日,00:24:24,CA15B29F,SIMBR0126,SIMR0126,SIMU0206:User 206,DENIED
2026,1月,11,周日,00:24:24,1EBD89C8,SIMBR0134,SIMR0134,SIMU0123:User 123,DENIED
2026,1月,11,周日,00:24:24,D3799252,SIMBR0199,SIMR0199,SIMU0022:User 22,DENIED
2026,1月,11,周日,00:24:24,85471FCB,SIMBR0289,SIMR0289,SIMU0054:User 54,DENIED
2026,1月,11,周日,00:24:24,DCB76AA3,SIMBR0369,SIMR0369,SIMU0228:User 228,DENIED
2026,1月,11,周日,00:24:24,54C5EDBD,SIMBR0049,SIMR0049,SIMU0145:User 145,DENIED
2026,1月,11,周日,00:24:24,FEB7592C,SIMBR0137,SIMR0137,SIMU0059:User 59,DENIED
2026,1月,11,周日,00:24:24,13990099,SIMBR0124,SIMR0124,SIMU0008:User 8,DENIED
2026,1月,11,周日,00:24:24,91E5E6B0,SIMBR0312,SIMR0312,SIMU0079:User 79,DENIED
2026,1月,11,周日,00:24:24,983FD996,SIMBR0056,SIMR0056,SIMU0225:User 225,DENIED
2026,1月,11,周日,00:24:24,47A80030,SIMBR0060,SIMR0060,SIMU0234:User 234,DENIED
2026,1月,11,周日,00:24:24,5AC1CCB2,SIMBR0183,SIMR0183,SIMU0264:User 264,DENIED
2026,1月,11,周日,00:24:24,D2C7D462,SIMBR0192,SIMR0192,SIMU0061:User 61,DENIED
2026,1月,11,周日,00:24:24,1A3D1ED6,SIMBR0159,SIMR0159,SIMU0231:User 231,DENIED
2026,1月,11,周日,00:24:24,8EA215FF,SIMBR0011,SIMR0011,SIMU0201:User 201,DENIED
2026,1月,11,周日,00:24:24,D832D5F3,SIMBR0277,SIMR0277,SIMU0261:User 261,DENIED
2026,1月,11,周日,00:24:24,7CE9CF19,SIMBR0138,SIMR0138,SIMU0020:User 20,DENIED
2026,1月,11,周日,00:24:24,C718E607,BR023,RES016,SIMU0089:User 89,DENIED
2026,1月,11,周日,00:24:24,D3799252,SIMBR0289,SIMR0289,SIMU0022:User 22,DENIED
2026,1月,11,周日,00:24:24,A5A16F78,SIMBR0245,SIMR0245,SIMU0294:User 294,DENIED
2026,1月,11,周日,00:24:24,7413D955,SIMBR0154,SIMR0154,SIMU0075:User 75,DENIED
2026,1月,11,周日,00:24:24,C1CE8342,SIMBR0152,SIMR0152,SIMU0018:User 18,DENIED
2026,1月,11,周日,00:24:24,FEF21F79,SIMBR0044,SIMR0044,SIMU0159:User 159,DENIED
2026,1月,11,周日,00:24:24,48744B29,SIMBR0151,SIMR0151,SIMU0035:User 35,DENIED
2026,1月,11,周日,00:24:24,F9B71846,SIMBR0199,SIMR0199,SIMU0196:User 196,DENIED
2026,1月,11,周日,00:24:24,A7A30652,SIMBR0007,SIMR0007,SIMU0094:User 94,DENIED
2026,1月,11,周日,00:24:24,0EE439B9,SIMBR0379,SIMR0379,SIMU0004:User 4,DENIED
2026,1月,11,周日,00:24:24,21A13EE6,SIMBR0212,SIMR0212,SIMU0133:User 133,DENIED
2026,1月,11,周日,00:24:24,C1CE8342,SIMBR0080,SIMR0080,SIMU0018:User 18,DENIED
2026,1月,11,周日,00:24:24,C39400FA,SIMBR0034,SIMR0034,SIMU0078:User 78,DENIED
2026,1月,11,周日,00:24:24,0FB515EE,BR019,RES012,SIMU0033:User 33,DENIED
2026,1月,11,周日,00:24:24,6714B510,SIMBR0134,SIMR0134,SIMU0160:User 160,DENIED
2026,1月,11,周日,00:24:24,0641BA46,SIMBR0070,SIMR0070,SIMU0085:User 85,DENIED
2026,1月,11,周日,00:24:24,2EEB40A9,SIMBR0291,SIMR0291,SIMU0260:User 260,DENIED
2026,1月,11,周日,00:24:24,8B29C7CC,SIMBR0075,SIMR0075,SIMU0175:User 175,DENIED
2026,1月,11,周日,00:24:24,A5A16F78,SIMBR0207,SIMR0207,SIMU0294:User 294,DENIED
2026,1月,11,周日,00:24:24,BA1008EF,SIMBR0250,SIMR0250,SIMU0083:User 83,DENIED
2026,1月,11,周日,00:24:24,8BF81A2A,SIMBR0009,SIMR0009,SIMU0233:User 233,DENIED
2026,1月,11,周日,00:24:24,57DBFC15,SIMBR0367,SIMR0367,SIMU0290:User 290,DENIED
2026,1月,11,周日,00:24:24,C0F19B1C,SIMBR0008,SIMR0008,SIMU0155:User 155,DENIED
2026,1月,11,周日,00:24:24,1A3D1ED6,SIMBR0248,SIMR0248,SIMU0231:User 231,DENIED
2026,1月,11,周日,00:24:24,CA296753,SIMBR0119,SIMR0119,SIMU0055:User 55,DENIED
2026,1月,11,周日,00:24:24,58B55845,SIMBR0351,SIMR0351,EMP002:Li Si,DENIED
2026,1月,11,周日,00:24:24,54722E38,SIMBR0224,SIMR0224,SIMU0222:User 222,DENIED
2026,1月,11,周日,00:24:24,F04FDB11,SIMBR0212,SIMR0212,SIMU0125:User 125,DENIED
2026,1月,11,周日,00:24:24,11BD165A,SIMBR0249,SIMR0249,SIMU0154:User 154,DENIED
2026,1月,11,周日,00:24:24,628D5BBC,SIMBR0047,SIMR0047,SIMU0041:User 41,DENIED
2026,1月,11,周日,00:24:24,7B914E9E,SIMBR0310,SIMR0310,SIMU0215:User 215,DENIED
2026,1月,11,周日,00:24:24,8BF81A2A,SIMBR0358,SIMR0358,SIMU0233:User 233,DENIED
2026,1月,11,周日,00:24:24,40A1D543,SIMBR0374,SIMR0374,SIMU0267:User 267,DENIED
2026,1月,11,周日,00:24:24,13990099,SIMBR0115,SIMR0115,SIMU0008:User 8,DENIED
2026,1月,11,周日,00:24:24,518BCEDD,SIMBR0007,SIMR0007,SIMU0011:User 11,DENIED
2026,1月,11,周日,00:24:24,D504C218,SIMBR0389,SIMR0389,SIMU0060:User 60,DENIED
2026,1月,11,周日,00:24:24,C7C3B16D,SIMBR0191,SIMR0191,SIMU0259:User 259,DENIED
2026,1月,11,周日,00:24:24,15AB7C7D,SIMBR0195,SIMR0195,SIMU0096:User 96,DENIED
2026,1月,11,周日,00:24:24,48744B29,BR019,RES012,SIMU0035:User 35,DENIED
2026,1月,11,周日,00:24:24,DF7754DF,SIMBR0387,SIMR0387,SIMU0019:User 19,DENIED
2026,1月,11,周日,00:24:24,B1990B96,SIMBR0363,SIMR0363,SIMU0106:User 106,DENIED
2026,1月,11,周日,00:24:24,1CA3AA4C,SIMBR0046,SIMR0046,SIMU0014:User 14,DENIED
2026,1月,11,周日,00:24:24,23858FDA,SIMBR0017,SIMR0017,SIMU0098:User 98,DENIED
2026,1月,11,周日,00:24:24,85471FCB,SIMBR0077,SIMR0077,SIMU0054:User 54,DENIED
2026,1月,11,周日,00:24:24,9D3B8CFC,SIMBR0150,SIMR0150,SIMU0095:User 95,DENIED
2026,1月,11,周日,00:24:24,8C19D42A,SIMBR0156,SIMR0156,SIMU0284:User 284,DENIED
2026,1月,11,周日,00:24:24,54C5EDBD,SIMBR0082,SIMR0082,SIMU0145:User 145,DENIED
2026,1月,11,周日,00:24:24,2EEB40A9,SIMBR0300,SIMR0300,SIMU0260:User 260,DENIED
2026,1月,11,周日,00:24:24,3B22F02A,SIMBR0146,SIMR0146,SIMU0299:User 299,DENIED
2026,1月,11,周日,00:24:24,AA3155BB,SIMBR0356,SIMR0356,SIMU0050:User 50,DENIED
2026,1月,11,周日,00:24:24,E07F08A6,SIMBR0066,SIMR0066,SIMU0246:User 246,DENIED
2026,1月,11,周日,00:24:24,E393950E,SIMBR0286,SIMR0286,SIMU0195:User 195,DENIED
2026,1月,11,周日,00:24:24,31C1AEEF,SIMBR0166,SIMR0166,SIMU0039:User 39,DENIED
2026,1月,11,周日,00:24:24,36330273,SIMBR0178,SIMR0178,SIMU0291:User 291,DENIED
2026,1月,11,周日,00:24:24,559213A2,SIMBR0075,SIMR0075,SIMU0047:User 47,DENIED
2026,1月,11,周日,00:24:24,1EBD89C8,SIMBR0130,SIMR0130,SIMU0123:User 123,DENIED
2026,1月,11,周日,00:24:24,8BC6335E,SIMBR0156,SIMR0156,SIMU0204:User 204,DENIED
2026,1月,11,周日,00:24:24,86937632,SIMBR0388,SIMR0388,SIMU0187:User 187,DENIED
2026,1月,11,周日,00:24:24,CB1ACCC7,SIMBR0282,SIMR0282,SIMU0110:User 110,DENIED
2026,1月,11,周日,00:24:24,8884A944,SIMBR0331,SIMR0331,SIMU0295:User 295,DENIED
2026,1月,11,周日,00:24:24,7413D955,SIMBR0222,SIMR0222,SIMU0075:User 75,DENIED
2026,1月,11,周日,00:24:24,44B3ADEE,SIMBR0130,SIMR0130,SIMU0157:User 157,DENIED
2026,1月,11,周日,00:24:24,F6E7D08A,SIMBR0202,SIMR0202,SIMU0001:User 1,DENIED
2026,1月,11,周日,00:24:24,AB055C88,SIMBR0178,SIMR0178,SIMU0024:User 24,DENIED
2026,1月,11,周日,00:24:24,C50459DB,SIMBR0102,SIMR0102,SIMU0262:User 262,DENIED
2026,1月,11,周日,00:24:24,1B14F9BC,SIMBR0035,SIMR0035,SIMU0065:User 65,DENIED
2026,1月,11,周日,00:24:24,36330273,SIMBR0232,SIMR0232,SIMU0291:User 291,DENIED
2026,1月,11,周日,00:24:24,3CC4126C,SIMBR0371,SIMR0371,SIMU0099:User 99,DENIED
2026,1月,11,周日,00:24:24,B13BB6C7,SIMBR0109,SIMR0109,SIMU0167:User 167,DENIED
2026,1月,11,周日,00:24:24,85471FCB,SIMBR0258,SIMR0258,SIMU0054:User 54,DENIED
2026,1月,11,周日,00:24:24,538EE2BF,SIMBR0030,SIMR0030,SIMU0177:User 177,DENIED
2026,1月,11,周日,00:24:24,050D9DEF,SIMBR0179,SIMR0179,SIMU0128:User 128,DENIED
2026,1月,11,周日,00:24:24,31C1AEEF,SIMBR0258,SIMR0258,SIMU0039:User 39,DENIED
2026,1月,11,周日,00:24:24,EF6713BA,SIMBR0392,SIMR0392,SIMU0153:User 153,DENIED
2026,1月,11,周日,00:24:24,EEC38563,SIMBR0365,SIMR0365,SIMU0141:User 141,DENIED
2026,1月,11,周日,00:24:24,D49E4724,SIMBR0126,SIMR0126,SIMU0278:User 278,DENIED
2026,1月,11,周日,00:24:24,FC05A793,SIMBR0358,SIMR0358,SIMU0071:User 71,DENIED
2026,1月,11,周日,00:24:24,C2EDBC0C,SIMBR0125,SIMR0125,SIMU0226:User 226,DENIED
2026,1月,11,周日,00:24:25,49B45DCD,SIMBR0359,SIMR0359,SIMU0272:User 272,DENIED
2026,1月,11,周日,00:24:25,C57735BB,SIMBR0186,SIMR0186,SIMU0242:User 242,DENIED
2026,1月,11,周日,00:24:25,84F825EE,SIMBR0131,SIMR0131,SIMU0150:User 150,DENIED
2026,1月,11,周日,00:24:25,128D7B1F,SIMBR0127,SIMR0127,SIMU0121:User 121,DENIED
2026,1月,11,周日,00:24:25,FD75651D,BR011,RES026,SIMU0238:User 238,DENIED
2026,1月,11,周日,00:24:25,9FA88CE9,SIMBR0084,SIMR0084,SIMU0049:User 49,DENIED
2026,1月,11,周日,00:24:25,643D2F0C,SIMBR0109,SIMR0109,SIMU0048:User 48,DENIED
2026,1月,11,周日,00:24:25,6C174D63,SIMBR0328,SIMR0328,SIMU0116:User 116,DENIED
2026,1月,11,周日,00:24:25,59E1ACA0,BR018,RES011,SIMU0090:User 90,DENIED
2026,1月,11,周日,00:24:25,7D277C80,SIMBR0013,SIMR0013,SIMU0212:User 212,DENIED
2026,1月,11,周日,00:24:25,8BF81A2A,SIMBR0184,SIMR0184,SIMU0233:User 233,DENIED
2026,1月,11,周日,00:24:25,37FA6637,SIMBR0090,SIMR0090,SIMU0199:User 199,DENIED
2026,1月,11,周日,00:24:25,EFC60F14,SIMBR0124,SIMR0124,SIMU0286:User 286,DENIED
2026,1月,11,周日,00:24:25,C50459DB,SIMBR0107,SIMR0107,SIMU0262:User 262,DENIED
2026,1月,11,周日,00:24:25,7CA376A0,SIMBR0137,SIMR0137,SIMU0102:User 102,DENIED
2026,1月,11,周日,00:24:25,C2F816DD,SIMBR0007,SIMR0007,SIMU0266:User 266,DENIED
2026,1月,11,周日,00:24:25,1E74F408,SIMBR0019,SIMR0019,SIMU0171:User 171,DENIED
2026,1月,11,周日,00:24:25,CA15B29F,SIMBR0143,SIMR0143,SIMU0206:User 206,DENIED
2026,1月,11,周日,00:24:25,5A758FE3,SIMBR0317,SIMR0317,SIMU0103:User 103,DENIED
2026,1月,11,周日,00:24:25,2056B86F,SIMBR0336,SIMR0336,SIMU0067:User 67,DENIED
2026,1月,11,周日,00:24:25,47C3A99F,SIMBR0099,SIMR0099,SIMU0136:User 136,DENIED
2026,1月,11,周日,00:24:25,CBD2A48A,SIMBR0059,SIMR0059,SIMU0021:User 21,DENIED
2026,1月,11,周日,00:24:25,D324F0AC,SIMBR0103,SIMR0103,SIMU0108:User 108,DENIED
2026,1月,11,周日,00:24:25,C1CE8342,SIMBR0246,SIMR0246,SIMU0018:User 18,DENIED
2026,1月,11,周日,00:24:25,BA1008EF,SIMBR0038,SIMR0038,SIMU0083:User 83,DENIED
2026,1月,11,周日,00:24:25,58B55845,SIMBR0026,SIMR0026,EMP002:Li Si,DENIED
2026,1月,11,周日,00:24:25,0540806D,SIMBR0048,SIMR0048,SIMU0265:User 265,DENIED
2026,1月,11,周日,00:24:25,BA893511,SIMBR0145,SIMR0145,SIMU0269:User 269,DENIED
2026,1月,11,周日,00:24:25,FE83648E,BR014,RES007,SIMU0142:User 142,DENIED
2026,1月,11,周日,00:24:25,69A8F764,SIMBR0052,SIMR0052,SIMU0240:User 240,DENIED
2026,1月,11,周日,00:24:25,B2D6FCB4,SIMBR0283,SIMR0283,SIMU0086:User 86,DENIED
2026,1月,11,周日,00:24:25,DB66EC85,SIMBR0037,SIMR0037,SIMU0100:User 100,DENIED
2026,1月,11,周日,00:24:25,6E7782F8,BR017,RES010,INT001:Zhao Liu,DENIED
2026,1月,11,周日,00:24:25,86937632,BR013,RES006,SIMU0187:User 187,DENIED
2026,1月,11,周日,00:24:25,C57735BB,BR004,RES001,SIMU0242:User 242,DENIED
2026,1月,11,周日,00:24:25,CB2FA116,SIMBR0164,SIMR0164,SIMU0172:User 172,DENIED
2026,1月,11,周日,00:24:25,C73CE928,SIMBR0243,SIMR0243,SIMU0281:User 281,DENIED
2026,1月,11,周日,00:24:25,C50459DB,SIMBR0257,SIMR0257,SIMU0262:User 262,DENIED
2026,1月,11,周日,00:24:25,D87DCC23,SIMBR0201,SIMR0201,SIMU0006:User 6,DENIED
2026,1月,11,周日,00:24:25,8D67E6D5,SIMBR0259,SIMR0259,SIMU0045:User 45,DENIED
2026,1月,11,周日,00:24:25,0540806D,SIMBR0185,SIMR0185,SIMU0265:User 265,DENIED
2026,1月,11,周日,00:24:25,B33C40D7,SIMBR0033,SIMR0033,SIMU0015:User 15,DENIED
2026,1月,11,周日,00:24:25,8BF81A2A,SIMBR0212,SIMR0212,SIMU0233:User 233,DENIED
2026,1月,11,周日,00:24:25,D0B8FC16,SIMBR0140,SIMR0140,SIMU0185:User 185,DENIED
2026,1月,11,周日,00:24:25,E137F666,SIMBR0387,SIMR0387,SIMU0220:User 220,DENIED
2026,1月,11,周日,00:24:25,41981850,SIMBR0318,SIMR0318,SIMU0263:User 263,DENIED
2026,1月,11,周日,00:24:25,5A758FE3,SIMBR0290,SIMR0290,SIMU0103:User 103,DENIED
2026,1月,11,周日,00:24:25,C584F9D3,SIMBR0055,SIMR0055,EMP001:Zhang San,DENIED
2026,1月,11,周日,00:24:25,E393950E,SIMBR0300,SIMR0300,SIMU0195:User 195,DENIED
2026,1月,11,周日,00:24:25,C6173DD5,SIMBR0399,SIMR0399,SIMU0023:User 23,DENIED
2026,1月,11,周日,00:24:25,2056B86F,SIMBR0140,SIMR0140,SIMU0067:User 67,DENIED
2026,1月,11,周日,00:24:25,2D060B76,SIMBR0036,SIMR0036,SIMU0162:User 162,DENIED
2026,1月,11,周日,00:24:25,47C3A99F,SIMBR0347,SIMR0347,SIMU0136:User 136,DENIED
2026,1月,11,周日,00:24:25,33F39C8F,SIMBR0017,SIMR0017,SIMU0205:User 205,DENIED
2026,1月,11,周日,00:24:25,4D153C4A,SIMBR0048,SIMR0048,SIMU0104:User 104,DENIED
2026,1月,11,周日,00:24:25,B2D6FCB4,SIMBR0218,SIMR0218,SIMU0086:User 86,DENIED
2026,1月,11,周日,00:24:25,EFC60F14,SIMBR0066,SIMR0066,SIMU0286:User 286,DENIED
2026,1月,11,周日,00:24:25,CB1ACCC7,SIMBR0276,SIMR0276,SIMU0110:User 110,DENIED
2026,1月,11,周日,00:24:25,B2D6FCB4,SIMBR0121,SIMR0121,SIMU0086:User 86,DENIED
2026,1月,11,周日,00:24:25,54C5EDBD,SIMBR0362,SIMR0362,SIMU0145:User 145,DENIED
2026,1月,11,周日,00:24:25,73913F8C,SIMBR0097,SIMR0097,SIMU0188:User 188,DENIED
2026,1月,11,周日,00:24:25,D0171F97,SIMBR0263,SIMR0263,SIMU0032:User 32,DENIED
2026,1月,11,周日,00:24:25,15AB7C7D,SIMBR0190,SIMR0190,SIMU0096:User 96,DENIED
2026,1月,11,周日,00:24:25,050D9DEF,BR025,RES018,SIMU0128:User 128,DENIED
2026,1月,11,周日,00:24:25,F616A325,SIMBR0236,SIMR0236,SIMU0194:User 194,DENIED
2026,1月,11,周日,00:24:25,A51F7B4F,SIMBR0309,SIMR0309,SIMU0277:User 277,DENIED
2026,1月,11,周日,00:24:25,A4F77AE3,SIMBR0013,SIMR0013,SIMU0031:User 31,DENIED
2026,1月,11,周日,00:24:25,15D30411,SIMBR0112,SIMR0112,SIMU0289:User 289,DENIED
2026,1月,11,周日,00:24:25,E8751622,SIMBR0001,SIMR0001,SIMU0161:User 161,DENIED
2026,1月,11,周日,00:24:25,3DDB17B7,SIMBR0019,SIMR0019,SIMU0044:User 44,DENIED
2026,1月,11,周日,00:24:25,C6E3BF57,SIMBR0110,SIMR0110,SIMU0297:User 297,DENIED
2026,1月,11,周日,00:24:25,3122BEFD,SIMBR0354,SIMR0354,SIMU0066:User 66,DENIED
2026,1月,11,周日,00:24:25,E775A860,BR006,RES002,SIMU0248:User 248,DENIED
2026,1月,11,周日,00:24:25,1CA3AA4C,SIMBR0183,SIMR0183,SIMU0014:User 14,DENIED
2026,1月,11,周日,00:24:25,EFC60F14,SIMBR0048,SIMR0048,SIMU0286:User 286,DENIED
2026,1月,11,周日,00:24:25,80BC1A17,SIMBR0187,SIMR0187,SIMU0112:User 112,DENIED
2026,1月,11,周日,00:24:25,A53931BD,SIMBR0347,SIMR0347,SIMU0058:User 58,DENIED
2026,1月,11,周日,00:24:25,C57735BB,SIMBR0280,SIMR0280,SIMU0242:User 242,DENIED
2026,1月,11,周日,00:24:25,5FF2F656,SIMBR0116,SIMR0116,SIMU0120:User 120,DENIED
2026,1月,11,周日,00:24:25,C73CE928,SIMBR0123,SIMR0123,SIMU0281:User 281,DENIED
2026,1月,11,周日,00:24:25,5E9892AA,SIMBR0084,SIMR0084,SIMU0293:User 293,DENIED
2026,1月,11,周日,00:24:25,628D5BBC,SIMBR0323,SIMR0323,SIMU0041:User 41,DENIED
2026,1月,11,周日,00:24:25,01FC696F,SIMBR0221,SIMR0221,SIMU0068:User 68,DENIED
2026,1月,11,周日,00:24:25,A4F77AE3,SIMBR0145,SIMR0145,SIMU0031:User 31,DENIED
2026,1月,11,周日,00:24:25,964B6B12,SIMBR0157,SIMR0157,SIMU0003:User 3,DENIED
2026,1月,11,周日,00:24:25,BA6DDD0B,SIMBR0096,SIMR0096,SIMU0146:User 146,DENIED
2026,1月,11,周日,00:24:25,45B37997,SIMBR0150,SIMR0150,SIMU0163:User 163,DENIED
2026,1月,11,周日,00:24:25,C0993563,SIMBR0022,SIMR0022,SIMU0209:User 209,DENIED
2026,1月,11,周日,00:24:25,290F7C52,BR004,RES001,SIMU0216:User 216,DENIED
2026,1月,11,周日,00:24:25,1DE07196,SIMBR0181,SIMR0181,SIMU0274:User 274,DENIED
2026,1月,11,周日,00:24:25,0FB515EE,SIMBR0059,SIMR0059,SIMU0033:User 33,DENIED
2026,1月,11,周日,00:24:25,FD75651D,SIMBR0159,SIMR0159,SIMU0238:User 238,DENIED
2026,1月,11,周日,00:24:25,C46D887F,SIMBR0323,SIMR0323,SIMU0254:User 254,DENIED
2026,1月,11,周日,00:24:25,C3943F18,SIMBR0216,SIMR0216,SIMU0113:User 113,DENIED
2026,1月,11,周日,00:24:25,11BD165A,SIMBR0258,SIMR0258,SIMU0154:User 154,DENIED
2026,1月,11,周日,00:24:25,F9B71846,SIMBR0030,SIMR0030,SIMU0196:User 196,DENIED
2026,1月,11,周日,00:24:25,46895123,SIMBR0293,SIMR0293,SIMU0132:User 132,DENIED
2026,1月,11,周日,00:24:25,24A968FA,SIMBR0384,SIMR0384,SIMU0241:User 241,DENIED
2026,1月,11,周日,00:24:25,602AF119,SIMBR0308,SIMR0308,SIMU0223:User 223,DENIED
2026,1月,11,周日,00:24:25,A89B9996,SIMBR0346,SIMR0346,SIMU0213:User 213,DENIED
2026,1月,11,周日,00:24:25,DF7754DF,SIMBR0042,SIMR0042,SIMU0019:User 19,DENIED
2026,1月,11,周日,00:24:25,6F12BFA3,SIMBR0048,SIMR0048,SIMU0218:User 218,DENIED
2026,1月,11,周日,00:24:25,9A00F337,SIMBR0177,SIMR0177,SIMU0285:User 285,DENIED
2026,1月,11,周日,00:24:25,A2589816,SIMBR0327,SIMR0327,SIMU0082:User 82,DENIED
2026,1月,11,周日,00:24:25,273D28BF,SIMBR0137,SIMR0137,SIMU0057:User 57,DENIED
2026,1月,11,周日,00:24:25,EEC38563,SIMBR0116,SIMR0116,SIMU0141:User 141,DENIED
2026,1月,11,周日,00:24:25,B095C629,SIMBR0390,SIMR0390,SIMU0257:User 257,DENIED
2026,1月,11,周日,00:24:25,F6E7D08A,SIMBR0367,SIMR0367,SIMU0001:User 1,DENIED
2026,1月,11,周日,00:24:25,33F39C8F,SIMBR0031,SIMR0031,SIMU0205:User 205,DENIED
2026,1月,11,周日,00:24:25,FBFF5A63,SIMBR0269,SIMR0269,SIMU0184:User 184,DENIED
2026,1月,11,周日,00:24:25,7B092D88,SIMBR0255,SIMR0255,SIMU0236:User 236,DENIED
2026,1月,11,周日,00:24:25,66FC8294,SIMBR0039,SIMR0039,SIMU0180:User 180,DENIED
2026,1月,11,周日,00:24:25,B2D6FCB4,SIMBR0057,SIMR0057,SIMU0086:User 86,DENIED
2026,1月,11,周日,00:24:25,BA821DBA,SIMBR0348,SIMR0348,SIMU0148:User 148,DENIED
2026,1月,11,周日,00:24:25,B095C629,SIMBR0128,SIMR0128,SIMU0257:User 257,DENIED
2026,1月,11,周日,00:24:25,CA782D54,SIMBR0172,SIMR0172,SIMU0219:User 219,DENIED
2026,1月,11,周日,00:24:25,518BCEDD,SIMBR0102,SIMR0102,SIMU0011:User 11,DENIED
2026,1月,11,周日,00:24:25,B77EBDC0,SIMBR0042,SIMR0042,SIMU0203:User 203,DENIED
2026,1月,11,周日,00:24:25,3B9B3EAE,BR023,RES016,SIMU0144:User 144,DENIED
2026,1月,11,周日,00:24:25,CA782D54,SIMBR0149,SIMR0149,SIMU0219:User 219,DENIED
2026,1月,11,周日,00:24:25,701D5B3A,SIMBR0396,SIMR0396,SIMU0211:User 211,DENIED
2026,1月,11,周日,00:24:25,068AFAB6,BR017,RES010,SIMU0115:User 115,DENIED
2026,1月,11,周日,00:24:25,4758C16D,SIMBR0065,SIMR0065,SIMU0147:User 147,DENIED
2026,1月,11,周日,00:24:25,27BDB972,BR002,RES021,SIMU0244:User 244,DENIED
2026,1月,11,周日,00:24:25,7C3923AE,SIMBR0243,SIMR0243,SIMU0210:User 210,DENIED
2026,1月,11,周日,00:24:25,6C174D63,SIMBR0189,SIMR0189,SIMU0116:User 116,DENIED
2026,1月,11,周日,00:24:25,45B37997,SIMBR0310,SIMR0310,SIMU0163:User 163,DENIED
2026,1月,11,周日,00:24:25,45BE30A8,SIMBR0291,SIMR0291,8d1a5202-9052-4f93-bf5a-4deffdf65fd3:a q,DENIED
2026,1月,11,周日,00:24:25,5FF2F656,SIMBR0304,SIMR0304,SIMU0120:User 120,DENIED
2026,1月,11,周日,00:24:25,20917633,SIMBR0239,SIMR0239,SIMU0296:User 296,DENIED
2026,1月,11,周日,00:24:25,11BD165A,SIMBR0116,SIMR0116,SIMU0154:User 154,DENIED
2026,1月,11,周日,00:24:25,F616A325,SIMBR0066,SIMR0066,SIMU0194:User 194,DENIED
2026,1月,11,周日,00:24:25,8CBA0F42,SIMBR0357,SIMR0357,SIMU0152:User 152,DENIED
2026,1月,11,周日,00:24:25,D2C7D462,SIMBR0232,SIMR0232,SIMU0061:User 61,DENIED
2026,1月,11,周日,00:24:25,A4F77AE3,SIMBR0218,SIMR0218,SIMU0031:User 31,DENIED
2026,1月,11,周日,00:24:25,0641BA46,SIMBR0080,SIMR0080,SIMU0085:User 85,DENIED
2026,1月,11,周日,00:24:25,397975BA,SIMBR0277,SIMR0277,SIMU0164:User 164,DENIED
2026,1月,11,周日,00:24:25,C2EDBC0C,SIMBR0065,SIMR0065,SIMU0226:User 226,DENIED
2026,1月,11,周日,00:24:25,5D5C3450,SIMBR0013,SIMR0013,SIMU0131:User 131,DENIED
2026,1月,11,周日,00:24:25,8884A944,SIMBR0332,SIMR0332,SIMU0295:User 295,DENIED
2026,1月,11,周日,00:24:25,85471FCB,SIMBR0319,SIMR0319,SIMU0054:User 54,DENIED
2026,1月,11,周日,00:24:25,8EA215FF,BR006,RES002,SIMU0201:User 201,DENIED
2026,1月,11,周日,00:24:25,0A675EEC,SIMBR0394,SIMR0394,SIMU0138:User 138,DENIED
2026,1月,11,周日,00:24:25,8EA215FF,SIMBR0382,SIMR0382,SIMU0201:User 201,DENIED
2026,1月,11,周日,00:24:25,628D5BBC,SIMBR0159,SIMR0159,SIMU0041:User 41,DENIED
2026,1月,11,周日,00:24:25,20D788EC,SIMBR0309,SIMR0309,SIMU0271:User 271,DENIED
2026,1月,11,周日,00:24:25,BA841717,SIMBR0218,SIMR0218,SIMU0064:User 64,DENIED
2026,1月,11,周日,00:24:25,46895123,SIMBR0013,SIMR0013,SIMU0132:User 132,DENIED
2026,1月,11,周日,00:24:25,E6DCC382,SIMBR0350,SIMR0350,SIMU0158:User 158,DENIED
2026,1月,11,周日,00:24:25,2E121B44,SIMBR0302,SIMR0302,SIMU0258:User 258,DENIED
2026,1月,11,周日,00:24:25,D3799252,SIMBR0090,SIMR0090,SIMU0022:User 22,DENIED
2026,1月,11,周日,00:24:25,0EA23D3A,BR017,RES010,SIMU0062:User 62,DENIED
2026,1月,11,周日,00:24:25,F90964BF,SIMBR0130,SIMR0130,SIMU0091:User 91,DENIED
2026,1月,11,周日,00:24:25,81F12C1B,SIMBR0216,SIMR0216,SIMU0200:User 200,DENIED
2026,1月,11,周日,00:24:25,1CA3AA4C,SIMBR0133,SIMR0133,SIMU0014:User 14,DENIED
2026,1月,11,周日,00:24:25,8884A944,SIMBR0213,SIMR0213,SIMU0295:User 295,DENIED
2026,1月,11,周日,00:24:25,C73CE928,SIMBR0089,SIMR0089,SIMU0281:User 281,DENIED
2026,1月,11,周日,00:24:25,6E7782F8,SIMBR0340,SIMR0340,INT001:Zhao Liu,DENIED
2026,1月,11,周日,00:24:25,6CEC1FDF,SIMBR0289,SIMR0289,SIMU0230:User 230,DENIED
2026,1月,11,周日,00:24:25,6213A883,SIMBR0315,SIMR0315,SIMU0249:User 249,DENIED
2026,1月,11,周日,00:24:25,1E4AD759,SIMBR0249,SIMR0249,SIMU0029:User 29,DENIED
2026,1月,11,周日,00:24:25,E2F9D137,SIMBR0318,SIMR0318,SIMU0217:User 217,DENIED
2026,1月,11,周日,00:24:25,F8F80D07,SIMBR0230,SIMR0230,SIMU0253:User 253,DENIED
2026,1月,11,周日,00:24:25,9615FFCC,SIMBR0174,SIMR0174,SIMU0010:User 10,DENIED
2026,1月,11,周日,00:24:25,0A675EEC,SIMBR0370,SIMR0370,SIMU0138:User 138,DENIED
2026,1月,11,周日,00:24:25,F616A325,SIMBR0140,SIMR0140,SIMU0194:User 194,DENIED
2026,1月,11,周日,00:24:25,58B690ED,SIMBR0051,SIMR0051,SIMU0081:User 81,DENIED
2026,1月,11,周日,00:24:25,16ED8B1D,SIMBR0247,SIMR0247,SIMU0073:User 73,DENIED
2026,1月,11,周日,00:24:25,C50459DB,SIMBR0205,SIMR0205,SIMU0262:User 262,DENIED
2026,1月,11,周日,00:24:25,8BC6335E,SIMBR0317,SIMR0317,SIMU0204:User 204,DENIED
2026,1月,11,周日,00:24:25,95379CDB,SIMBR0193,SIMR0193,f46ee39b-ac9d-4193-a478-f8cfc35cec07:gagaga a,DENIED
2026,1月,11,周日,00:24:25,5AC1CCB2,SIMBR0222,SIMR0222,SIMU0264:User 264,DENIED
2026,1月,11,周日,00:24:25,9A00F337,SIMBR0014,SIMR0014,SIMU0285:User 285,DENIED
2026,1月,11,周日,00:24:25,0540806D,SIMBR0019,SIMR0019,SIMU0265:User 265,DENIED
2026,1月,11,周日,00:24:25,2289A51E,SIMBR0306,SIMR0306,SIMU0273:User 273,DENIED
2026,1月,11,周日,00:24:25,5A758FE3,SIMBR0057,SIMR0057,SIMU0103:User 103,DENIED
2026,1月,11,周日,00:24:25,CB1ACCC7,SIMBR0114,SIMR0114,SIMU0110:User 110,DENIED
2026,1月,11,周日,00:24:25,2EEB40A9,SIMBR0307,SIMR0307,SIMU0260:User 260,DENIED
2026,1月,11,周日,00:24:25,0DE450B1,SIMBR0253,SIMR0253,SIMU0016:User 16,DENIED
2026,1月,11,周日,00:24:25,3B9B3EAE,SIMBR0367,SIMR0367,SIMU0144:User 144,DENIED
2026,1月,11,周日,00:24:25,F04FDB11,SIMBR0194,SIMR0194,SIMU0125:User 125,DENIED
2026,1月,11,周日,00:24:25,36330273,SIMBR0062,SIMR0062,SIMU0291:User 291,DENIED
2026,1月,11,周日,00:24:25,C3943F18,BR012,RES005,SIMU0113:User 113,DENIED
2026,1月,11,周日,00:24:25,B33C40D7,SIMBR0367,SIMR0367,SIMU0015:User 15,DENIED
2026,1月,11,周日,00:24:25,4D83FE2E,SIMBR0313,SIMR0313,SIMU0056:User 56,DENIED
2026,1月,11,周日,00:24:25,D504C218,BR010,RES004,SIMU0060:User 60,DENIED
2026,1月,11,周日,00:24:25,4D83FE2E,SIMBR0198,SIMR0198,SIMU0056:User 56,DENIED
2026,1月,11,周日,00:24:25,B0B2BCE6,SIMBR0358,SIMR0358,SIMU0208:User 208,DENIED
2026,1月,11,周日,00:24:25,84F825EE,SIMBR0104,SIMR0104,SIMU0150:User 150,DENIED
2026,1月,11,周日,00:24:25,905C3DCB,SIMBR0313,SIMR0313,SIMU0070:User 70,DENIED
2026,1月,11,周日,00:24:25,1A88116F,SIMBR0176,SIMR0176,SIMU0063:User 63,DENIED
2026,1月,11,周日,00:24:25,E6DCC382,SIMBR0202,SIMR0202,SIMU0158:User 158,DENIED
2026,1月,11,周日,00:24:25,C44E5E52,SIMBR0283,SIMR0283,SIMU0002:User 2,DENIED
2026,1月,11,周日,00:24:25,54722E38,SIMBR0086,SIMR0086,SIMU0222:User 222,DENIED
2026,1月,11,周日,00:24:25,E8751622,SIMBR0198,SIMR0198,SIMU0161:User 161,DENIED
2026,1月,11,周日,00:24:25,5560EC7D,SIMBR0192,SIMR0192,SIMU0109:User 109,DENIED
2026,1月,11,周日,00:24:25,394DF2A8,SIMBR0319,SIMR0319,SIMU0111:User 111,DENIED
2026,1月,11,周日,00:24:25,5E9892AA,SIMBR0192,SIMR0192,SIMU0293:User 293,DENIED
2026,1月,11,周日,00:24:25,16ED8B1D,SIMBR0046,SIMR0046,SIMU0073:User 73,DENIED
2026,1月,11,周日,00:24:25,068AFAB6,SIMBR0015,SIMR0015,SIMU0115:User 115,DENIED
2026,1月,11,周日,00:24:26,C72DAED8,SIMBR0187,SIMR0187,SIMU0117:User 117,DENIED
2026,1月,11,周日,00:24:26,0EE439B9,BR001,RES020,SIMU0004:User 4,DENIED
2026,1月,11,周日,00:24:26,3B7FFD92,SIMBR0016,SIMR0016,SIMU0256:User 256,DENIED
2026,1月,11,周日,00:24:26,273F3B3E,SIMBR0367,SIMR0367,SIMU0224:User 224,DENIED
2026,1月,11,周日,00:24:26,F1D4B1B6,SIMBR0169,SIMR0169,SIMU0247:User 247,DENIED
2026,1月,11,周日,00:24:26,54722E38,BR009,RES025,SIMU0222:User 222,DENIED
2026,1月,11,周日,00:24:26,D716AAF5,SIMBR0124,SIMR0124,SIMU0170:User 170,DENIED
2026,1月,11,周日,00:24:26,5C4195BE,SIMBR0324,SIMR0324,SIMU0288:User 288,DENIED
2026,1月,11,周日,00:24:26,CA15B29F,SIMBR0262,SIMR0262,SIMU0206:User 206,DENIED
2026,1月,11,周日,00:24:26,46895123,SIMBR0283,SIMR0283,SIMU0132:User 132,DENIED
2026,1月,11,周日,00:24:26,58B690ED,SIMBR0302,SIMR0302,SIMU0081:User 81,DENIED
2026,1月,11,周日,00:24:26,8CBA0F42,SIMBR0256,SIMR0256,SIMU0152:User 152,DENIED
2026,1月,11,周日,00:24:26,FE83648E,SIMBR0351,SIMR0351,SIMU0142:User 142,DENIED
2026,1月,11,周日,00:24:26,D49E4724,SIMBR0072,SIMR0072,SIMU0278:User 278,DENIED
2026,1月,11,周日,00:24:26,AF6C110D,SIMBR0076,SIMR0076,SIMU0080:User 80,DENIED
2026,1月,11,周日,00:24:26,C6E3BF57,SIMBR0132,SIMR0132,SIMU0297:User 297,DENIED
2026,1月,11,周日,00:24:26,87F48A64,SIMBR0163,SIMR0163,SIMU0143:User 143,DENIED
2026,1月,11,周日,00:24:26,8C19D42A,SIMBR0218,SIMR0218,SIMU0284:User 284,DENIED
2026,1月,11,周日,00:24:26,C3943F18,SIMBR0054,SIMR0054,SIMU0113:User 113,DENIED
2026,1月,11,周日,00:24:26,AB055C88,SIMBR0030,SIMR0030,SIMU0024:User 24,DENIED
2026,1月,11,周日,00:24:26,6E7782F8,SIMBR0031,SIMR0031,INT001:Zhao Liu,DENIED
2026,1月,11,周日,00:24:26,13990099,SIMBR0019,SIMR0019,SIMU0008:User 8,DENIED
2026,1月,11,周日,00:24:26,D324F0AC,SIMBR0338,SIMR0338,SIMU0108:User 108,DENIED
2026,1月,11,周日,00:24:26,495297EE,SIMBR0130,SIMR0130,SIMU0038:User 38,DENIED
2026,1月,11,周日,00:24:26,E0F41E54,SIMBR0336,SIMR0336,SIMU0176:User 176,DENIED
2026,1月,11,周日,00:24:26,A5DEC594,SIMBR0048,SIMR0048,SIMU0084:User 84,DENIED
2026,1月,11,周日,00:24:26,FE83648E,SIMBR0110,SIMR0110,SIMU0142:User 142,DENIED
2026,1月,11,周日,00:24:26,14103484,SIMBR0225,SIMR0225,SIMU0074:User 74,DENIED
2026,1月,11,周日,00:24:26,A51F7B4F,SIMBR0291,SIMR0291,SIMU0277:User 277,DENIED
2026,1月,11,周日,00:24:26,33F39C8F,SIMBR0166,SIMR0166,SIMU0205:User 205,DENIED
2026,1月,11,周日,00:24:26,F1D4B1B6,SIMBR0364,SIMR0364,SIMU0247:User 247,DENIED
2026,1月,11,周日,00:24:26,A74F536B,SIMBR0191,SIMR0191,SIMU0097:User 97,DENIED
2026,1月,11,周日,00:24:26,11BD165A,BR013,RES006,SIMU0154:User 154,DENIED
2026,1月,11,周日,00:24:26,8E0C2F27,SIMBR0347,SIMR0347,SIMU0126:User 126,DENIED
2026,1月,11,周日,00:24:26,35C69784,SIMBR0284,SIMR0284,SIMU0168:User 168,DENIED
2026,1月,11,周日,00:24:26,6CEC1FDF,SIMBR0042,SIMR0042,SIMU0230:User 230,DENIED
2026,1月,11,周日,00:24:26,8B29C7CC,SIMBR0247,SIMR0247,SIMU0175:User 175,DENIED
2026,1月,11,周日,00:24:26,F90964BF,SIMBR0385,SIMR0385,SIMU0091:User 91,DENIED
2026,1月,11,周日,00:24:26,45BE30A8,SIMBR0325,SIMR0325,8d1a5202-9052-4f93-bf5a-4deffdf65fd3:a q,DENIED
2026,1月,11,周日,00:24:26,D832D5F3,SIMBR0099,SIMR0099,SIMU0261:User 261,DENIED
2026,1月,11,周日,00:24:26,8CBA0F42,SIMBR0383,SIMR0383,SIMU0152:User 152,DENIED
2026,1月,11,周日,00:24:26,75D7C714,SIMBR0392,SIMR0392,SIMU0005:User 5,DENIED
2026,1月,11,周日,00:24:26,15D30411,SIMBR0082,SIMR0082,SIMU0289:User 289,DENIED
2026,1月,11,周日,00:24:26,8D67E6D5,SIMBR0369,SIMR0369,SIMU0045:User 45,DENIED
2026,1月,11,周日,00:24:26,495297EE,SIMBR0137,SIMR0137,SIMU0038:User 38,DENIED
2026,1月,11,周日,00:24:26,290F7C52,SIMBR0008,SIMR0008,SIMU0216:User 216,DENIED
2026,1月,11,周日,00:24:26,F8F80D07,SIMBR0070,SIMR0070,SIMU0253:User 253,DENIED
2026,1月,11,周日,00:24:26,A5A16F78,SIMBR0108,SIMR0108,SIMU0294:User 294,DENIED
2026,1月,11,周日,00:24:26,F90964BF,SIMBR0295,SIMR0295,SIMU0091:User 91,DENIED
2026,1月,11,周日,00:24:26,59E1ACA0,SIMBR0304,SIMR0304,SIMU0090:User 90,DENIED
2026,1月,11,周日,00:24:26,1DE07196,BR015,RES008,SIMU0274:User 274,DENIED
2026,1月,11,周日,00:24:26,EF6713BA,SIMBR0375,SIMR0375,SIMU0153:User 153,DENIED
2026,1月,11,周日,00:24:26,538EE2BF,SIMBR0337,SIMR0337,SIMU0177:User 177,DENIED
2026,1月,11,周日,00:24:26,D0871CF1,SIMBR0021,SIMR0021,SIMU0007:User 7,DENIED
2026,1月,11,周日,00:24:26,58B690ED,SIMBR0242,SIMR0242,SIMU0081:User 81,DENIED
2026,1月,11,周日,00:24:26,C73CE928,SIMBR0037,SIMR0037,SIMU0281:User 281,DENIED
2026,1月,11,周日,00:24:26,A53931BD,SIMBR0183,SIMR0183,SIMU0058:User 58,DENIED
2026,1月,11,周日,00:24:26,C44E5E52,SIMBR0020,SIMR0020,SIMU0002:User 2,DENIED
2026,1月,11,周日,00:24:26,BA6DDD0B,SIMBR0252,SIMR0252,SIMU0146:User 146,DENIED
2026,1月,11,周日,00:24:26,2289A51E,SIMBR0059,SIMR0059,SIMU0273:User 273,DENIED
2026,1月,11,周日,00:24:26,495297EE,SIMBR0318,SIMR0318,SIMU0038:User 38,DENIED
2026,1月,11,周日,00:24:26,24DE0286,SIMBR0019,SIMR0019,SIMU0221:User 221,DENIED
2026,1月,11,周日,00:24:26,95379CDB,SIMBR0281,SIMR0281,f46ee39b-ac9d-4193-a478-f8cfc35cec07:gagaga a,DENIED
2026,1月,11,周日,00:24:26,C3943F18,SIMBR0279,SIMR0279,SIMU0113:User 113,DENIED
2026,1月,11,周日,00:24:26,8BC6335E,SIMBR0137,SIMR0137,SIMU0204:User 204,DENIED
2026,1月,11,周日,00:24:26,D6BC3463,SIMBR0399,SIMR0399,SIMU0037:User 37,DENIED
2026,1月,11,周日,00:24:26,2C249415,SIMBR0127,SIMR0127,SIMU0276:User 276,DENIED
2026,1月,11,周日,00:24:26,D2C7D462,SIMBR0395,SIMR0395,SIMU0061:User 61,DENIED
2026,1月,11,周日,00:24:26,5E9892AA,SIMBR0213,SIMR0213,SIMU0293:User 293,DENIED
2026,1月,11,周日,00:24:26,394DF2A8,SIMBR0115,SIMR0115,SIMU0111:User 111,DENIED
2026,1月,11,周日,00:24:26,4B59E256,SIMBR0277,SIMR0277,SIMU0182:User 182,DENIED
2026,1月,11,周日,00:24:26,701D5B3A,SIMBR0051,SIMR0051,SIMU0211:User 211,DENIED
2026,1月,11,周日,00:24:26,C6173DD5,SIMBR0323,SIMR0323,SIMU0023:User 23,DENIED
2026,1月,11,周日,00:24:26,5E9892AA,SIMBR0021,SIMR0021,SIMU0293:User 293,DENIED
2026,1月,11,周日,00:24:26,AE2F46DE,SIMBR0353,SIMR0353,SIMU0232:User 232,DENIED
2026,1月,11,周日,00:24:26,9A00F337,SIMBR0113,SIMR0113,SIMU0285:User 285,DENIED
2026,1月,11,周日,00:24:26,068AFAB6,SIMBR0059,SIMR0059,SIMU0115:User 115,DENIED
2026,1月,11,周日,00:24:26,2EEB40A9,SIMBR0126,SIMR0126,SIMU0260:User 260,DENIED
2026,1月,11,周日,00:24:26,FB68A282,SIMBR0048,SIMR0048,SIMU0183:User 183,DENIED
2026,1月,11,周日,00:24:26,56C4C8CF,SIMBR0400,SIMR0400,SIMU0077:User 77,DENIED
2026,1月,11,周日,00:24:26,BA893511,SIMBR0051,SIMR0051,SIMU0269:User 269,DENIED
2026,1月,11,周日,00:24:26,41981850,SIMBR0041,SIMR0041,SIMU0263:User 263,DENIED
2026,1月,11,周日,00:24:26,E6D64EED,SIMBR0152,SIMR0152,SIMU0105:User 105,DENIED
2026,1月,11,周日,00:24:26,F616A325,SIMBR0166,SIMR0166,SIMU0194:User 194,DENIED
2026,1月,11,周日,00:24:26,BA1008EF,SIMBR0050,SIMR0050,SIMU0083:User 83,DENIED
2026,1月,11,周日,00:24:26,7C28253F,SIMBR0347,SIMR0347,SIMU0027:User 27,DENIED
2026,1月,11,周日,00:24:26,FE83648E,SIMBR0136,SIMR0136,SIMU0142:User 142,DENIED
2026,1月,11,周日,00:24:26,F832AB7A,SIMBR0311,SIMR0311,SIMU0139:User 139,DENIED
2026,1月,11,周日,00:24:26,87F48A64,SIMBR0154,SIMR0154,SIMU0143:User 143,DENIED
2026,1月,11,周日,00:24:26,D716AAF5,SIMBR0148,SIMR0148,SIMU0170:User 170,DENIED
2026,1月,11,周日,00:24:26,643D2F0C,SIMBR0317,SIMR0317,SIMU0048:User 48,DENIED
2026,1月,11,周日,00:24:26,61095621,SIMBR0398,SIMR0398,SIMU0137:User 137,DENIED
2026,1月,11,周日,00:24:26,50B332C8,SIMBR0380,SIMR0380,SIMU0122:User 122,DENIED
2026,1月,11,周日,00:24:26,C584F9D3,SIMBR0004,SIMR0004,EMP001:Zhang San,DENIED
2026,1月,11,周日,00:24:26,6F12BFA3,SIMBR0348,SIMR0348,SIMU0218:User 218,DENIED
2026,1月,11,周日,00:24:26,6CEC1FDF,SIMBR0194,SIMR0194,SIMU0230:User 230,DENIED
2026,1月,11,周日,00:24:26,47C3A99F,SIMBR0057,SIMR0057,SIMU0136:User 136,DENIED
2026,1月,11,周日,00:24:26,C3943F18,SIMBR0121,SIMR0121,SIMU0113:User 113,DENIED
2026,1月,11,周日,00:24:26,5E9892AA,SIMBR0002,SIMR0002,SIMU0293:User 293,DENIED
2026,1月,11,周日,00:24:26,3DC555DE,SIMBR0104,SIMR0104,SIMU0300:User 300,DENIED
2026,1月,11,周日,00:24:26,E137F666,SIMBR0165,SIMR0165,SIMU0220:User 220,DENIED
2026,1月,11,周日,00:24:26,CA15B29F,SIMBR0346,SIMR0346,SIMU0206:User 206,DENIED
2026,1月,11,周日,00:24:26,97A9597E,SIMBR0280,SIMR0280,SIMU0030:User 30,DENIED
2026,1月,11,周日,00:24:26,CA296753,SIMBR0177,SIMR0177,SIMU0055:User 55,DENIED
2026,1月,11,周日,00:24:26,1812D558,SIMBR0086,SIMR0086,SIMU0214:User 214,DENIED
2026,1月,11,周日,00:24:26,9FA88CE9,SIMBR0190,SIMR0190,SIMU0049:User 49,DENIED
2026,1月,11,周日,00:24:26,C7C3B16D,SIMBR0299,SIMR0299,SIMU0259:User 259,DENIED
2026,1月,11,周日,00:24:26,628D5BBC,SIMBR0103,SIMR0103,SIMU0041:User 41,DENIED
2026,1月,11,周日,00:24:26,F1D4B1B6,SIMBR0266,SIMR0266,SIMU0247:User 247,DENIED
2026,1月,11,周日,00:24:26,84F825EE,SIMBR0037,SIMR0037,SIMU0150:User 150,DENIED
2026,1月,11,周日,00:24:26,E07F08A6,BR026,RES019,SIMU0246:User 246,DENIED
2026,1月,11,周日,00:24:26,B33C40D7,SIMBR0323,SIMR0323,SIMU0015:User 15,DENIED
2026,1月,11,周日,00:24:26,D504C218,SIMBR0137,SIMR0137,SIMU0060:User 60,DENIED
2026,1月,11,周日,00:24:26,16ED8B1D,SIMBR0135,SIMR0135,SIMU0073:User 73,DENIED
2026,1月,11,周日,00:24:26,559213A2,BR011,RES026,SIMU0047:User 47,DENIED
2026,1月,11,周日,00:24:26,58B690ED,SIMBR0074,SIMR0074,SIMU0081:User 81,DENIED
2026,1月,11,周日,00:24:26,61095621,SIMBR0172,SIMR0172,SIMU0137:User 137,DENIED
2026,1月,11,周日,00:24:26,E55AD432,SIMBR0242,SIMR0242,SIMU0134:User 134,DENIED
2026,1月,11,周日,00:24:26,5334DCE6,SIMBR0172,SIMR0172,SIMU0179:User 179,DENIED
2026,1月,11,周日,00:24:26,57DBFC15,SIMBR0314,SIMR0314,SIMU0290:User 290,DENIED
2026,1月,11,周日,00:24:26,538EE2BF,SIMBR0235,SIMR0235,SIMU0177:User 177,DENIED
2026,1月,11,周日,00:24:26,5560EC7D,SIMBR0029,SIMR0029,SIMU0109:User 109,DENIED
2026,1月,11,周日,00:24:26,C2F816DD,SIMBR0288,SIMR0288,SIMU0266:User 266,DENIED
2026,1月,11,周日,00:24:26,5A758FE3,SIMBR0336,SIMR0336,SIMU0103:User 103,DENIED
2026,1月,11,周日,00:24:26,CB1ACCC7,SIMBR0266,SIMR0266,SIMU0110:User 110,DENIED
2026,1月,11,周日,00:24:26,397975BA,SIMBR0358,SIMR0358,SIMU0164:User 164,DENIED
2026,1月,11,周日,00:24:26,1A88116F,SIMBR0112,SIMR0112,SIMU0063:User 63,DENIED
2026,1月,11,周日,00:24:26,2289A51E,SIMBR0007,SIMR0007,SIMU0273:User 273,DENIED
2026,1月,11,周日,00:24:26,85471FCB,SIMBR0179,SIMR0179,SIMU0054:User 54,DENIED
2026,1月,11,周日,00:24:26,C31E01F0,SIMBR0294,SIMR0294,SIMU0192:User 192,DENIED
2026,1月,11,周日,00:24:26,4D83FE2E,SIMBR0338,SIMR0338,SIMU0056:User 56,DENIED
2026,1月,11,周日,00:24:26,B6F02DDB,SIMBR0193,SIMR0193,SIMU0156:User 156,DENIED
2026,1月,11,周日,00:24:26,5A758FE3,SIMBR0057,SIMR0057,SIMU0103:User 103,DENIED
2026,1月,11,周日,00:24:26,0EA23D3A,SIMBR0145,SIMR0145,SIMU0062:User 62,DENIED
2026,1月,11,周日,00:24:26,4D153C4A,SIMBR0390,SIMR0390,SIMU0104:User 104,DENIED
2026,1月,11,周日,00:24:26,CB0F203D,SIMBR0203,SIMR0203,SIMU0124:User 124,DENIED
2026,1月,11,周日,00:24:26,358D24E5,SIMBR0340,SIMR0340,SIMU0130:User 130,DENIED
2026,1月,11,周日,00:24:26,C6173DD5,SIMBR0121,SIMR0121,SIMU0023:User 23,DENIED
2026,1月,11,周日,00:24:26,0EE439B9,SIMBR0001,SIMR0001,SIMU0004:User 4,DENIED
2026,1月,11,周日,00:24:26,3A395E30,SIMBR0187,SIMR0187,SIMU0280:User 280,DENIED
2026,1月,11,周日,00:24:26,C50459DB,SIMBR0369,SIMR0369,SIMU0262:User 262,DENIED
2026,1月,11,周日,00:24:26,DB66EC85,SIMBR0071,SIMR0071,SIMU0100:User 100,DENIED
2026,1月,11,周日,00:24:26,40A1D543,SIMBR0279,SIMR0279,SIMU0267:User 267,DENIED
2026,1月,11,周日,00:24:26,3A52D444,SIMBR0265,SIMR0265,SIMU0166:User 166,DENIED
2026,1月,11,周日,00:24:26,C584F9D3,SIMBR0359,SIMR0359,EMP001:Zhang San,DENIED
2026,1月,11,周日,00:24:26,3EA1EF87,SIMBR0119,SIMR0119,SIMU0229:User 229,DENIED
2026,1月,11,周日,00:24:26,35C69784,SIMBR0348,SIMR0348,SIMU0168:User 168,DENIED
2026,1月,11,周日,00:24:26,A53931BD,SIMBR0018,SIMR0018,SIMU0058:User 58,DENIED
2026,1月,11,周日,00:24:26,582A6476,SIMBR0080,SIMR0080,SIMU0046:User 46,DENIED
2026,1月,11,周日,00:24:26,4D153C4A,SIMBR0339,SIMR0339,SIMU0104:User 104,DENIED
2026,1月,11,周日,00:24:26,01513E26,SIMBR0050,SIMR0050,SIMU0181:User 181,DENIED
2026,1月,11,周日,00:24:26,49B45DCD,SIMBR0073,SIMR0073,SIMU0272:User 272,DENIED
2026,1月,11,周日,00:24:26,0A675EEC,SIMBR0031,SIMR0031,SIMU0138:User 138,DENIED
2026,1月,11,周日,00:24:26,6F12BFA3,SIMBR0358,SIMR0358,SIMU0218:User 218,DENIED
2026,1月,11,周日,00:24:26,C44E5E52,SIMBR0337,SIMR0337,SIMU0002:User 2,DENIED
2026,1月,11,周日,00:24:26,E8751622,SIMBR0236,SIMR0236,SIMU0161:User 161,DENIED
2026,1月,11,周日,00:24:26,3EA1EF87,SIMBR0084,SIMR0084,SIMU0229:User 229,DENIED
2026,1月,11,周日,00:24:26,45BE30A8,SIMBR0137,SIMR0137,8d1a5202-9052-4f93-bf5a-4deffdf65fd3:a q,DENIED
2026,1月,11,周日,00:24:26,80BC1A17,SIMBR0331,SIMR0331,SIMU0112:User 112,DENIED
2026,1月,11,周日,00:24:26,2EEB40A9,SIMBR0267,SIMR0267,SIMU0260:User 260,DENIED
2026,1月,11,周日,00:24:26,CA15B29F,SIMBR0294,SIMR0294,SIMU0206:User 206,DENIED
2026,1月,11,周日,00:24:26,54C5EDBD,SIMBR0193,SIMR0193,SIMU0145:User 145,DENIED
2026,1月,11,周日,00:24:26,7B092D88,SIMBR0295,SIMR0295,SIMU0236:User 236,DENIED
2026,1月,11,周日,00:24:26,78D4B102,SIMBR0222,SIMR0222,SIMU0283:User 283,DENIED
2026,1月,11,周日,00:24:26,3DDB17B7,SIMBR0372,SIMR0372,SIMU0044:User 44,DENIED
2026,1月,11,周日,00:24:26,53A1B264,SIMBR0277,SIMR0277,SIMU0017:User 17,DENIED
2026,1月,11,周日,00:24:26,0A675EEC,SIMBR0371,SIMR0371,SIMU0138:User 138,DENIED
2026,1月,11,周日,00:24:26,F616A325,SIMBR0238,SIMR0238,SIMU0194:User 194,DENIED
2026,1月,11,周日,00:24:26,BA841717,SIMBR0224,SIMR0224,SIMU0064:User 64,DENIED
2026,1月,11,周日,00:24:26,CA782D54,SIMBR0104,SIMR0104,SIMU0219:User 219,DENIED
2026,1月,11,周日,00:24:26,D49E4724,SIMBR0357,SIMR0357,SIMU0278:User 278,DENIED
2026,1月,11,周日,00:24:26,D2C7D462,SIMBR0196,SIMR0196,SIMU0061:User 61,DENIED
2026,1月,11,周日,00:24:26,50B332C8,SIMBR0384,SIMR0384,SIMU0122:User 122,DENIED
2026,1月,11,周日,00:24:26,2D060B76,SIMBR0310,SIMR0310,SIMU0162:User 162,DENIED
2026,1月,11,周日,00:24:26,58B55845,SIMBR0269,SIMR0269,EMP002:Li Si,DENIED
2026,1月,11,周日,00:24:26,F616A325,SIMBR0172,SIMR0172,SIMU0194:User 194,DENIED
2026,1月,11,周日,00:24:26,8BC6335E,SIMBR0141,SIMR0141,SIMU0204:User 204,DENIED
2026,1月,11,周日,00:24:26,E8751622,SIMBR0261,SIMR0261,SIMU0161:User 161,DENIED
2026,1月,11,周日,00:24:26,2EEB40A9,SIMBR0099,SIMR0099,SIMU0260:User 260,DENIED
2026,1月,11,周日,00:24:26,A7A30652,SIMBR0393,SIMR0393,SIMU0094:User 94,DENIED
2026,1月,11,周日,00:24:26,E137F666,SIMBR0367,SIMR0367,SIMU0220:User 220,DENIED
2026,1月,11,周日,00:24:26,7BEB2168,SIMBR0239,SIMR0239,SIMU0282:User 282,DENIED
2026,1月,11,周日,00:24:26,A53931BD,SIMBR0220,SIMR0220,SIMU0058:User 58,DENIED
2026,1月,11,周日,00:24:26,D1BB07EE,SIMBR0022,SIMR0022,SIMU0287:User 287,DENIED
2026,1月,11,周日,00:24:26,F04FDB11,SIMBR0055,SIMR0055,SIMU0125:User 125,DENIED
2026,1月,11,周日,00:24:26,5560EC7D,SIMBR0008,SIMR0008,SIMU0109:User 109,DENIED
2026,1月,11,周日,00:24:26,B77EBDC0,SIMBR0133,SIMR0133,SIMU0203:User 203,DENIED
2026,1月,11,周日,00:24:26,FE83648E,SIMBR0309,SIMR0309,SIMU0142:User 142,DENIED
2026,1月,11,周日,00:24:26,0EE439B9,SIMBR0027,SIMR0027,SIMU0004:User 4,DENIED
2026,1月,11,周日,00:24:26,E55AD432,SIMBR0234,SIMR0234,SIMU0134:User 134,DENIED
2026,1月,11,周日,00:24:26,80AC649D,SIMBR0298,SIMR0298,SIMU0088:User 88,DENIED
2026,1月,11,周日,00:24:26,29200997,BR001,RES020,SIMU0186:User 186,DENIED
2026,1月,11,周日,00:24:26,66FC8294,SIMBR0121,SIMR0121,SIMU0180:User 180,DENIED
2026,1月,11,周日,00:24:26,7C28253F,SIMBR0007,SIMR0007,SIMU0027:User 27,DENIED
2026,1月,11,周日,00:24:26,CB0F203D,SIMBR0180,SIMR0180,SIMU0124:User 124,DENIED
2026,1月,11,周日,00:24:26,94264C0C,SIMBR0113,SIMR0113,SIMU0118:User 118,DENIED
2026,1月,11,周日,00:24:26,559213A2,SIMBR0280,SIMR0280,SIMU0047:User 47,DENIED
2026,1月,11,周日,00:24:26,8D67E6D5,BR006,RES002,SIMU0045:User 45,DENIED
2026,1月,11,周日,00:24:26,FAE4DEC5,SIMBR0025,SIMR0025,SIMU0053:User 53,DENIED
2026,1月,11,周日,00:24:26,F04FDB11,SIMBR0220,SIMR0220,SIMU0125:User 125,DENIED
2026,1月,11,周日,00:24:27,B2D6FCB4,SIMBR0054,SIMR0054,SIMU0086:User 86,DENIED
2026,1月,11,周日,00:24:27,F1D4B1B6,SIMBR0365,SIMR0365,SIMU0247:User 247,DENIED
2026,1月,11,周日,00:24:27,CD0D9101,SIMBR0387,SIMR0387,SIMU0135:User 135,DENIED
2026,1月,11,周日,00:24:27,B77EBDC0,SIMBR0378,SIMR0378,SIMU0203:User 203,DENIED
2026,1月,11,周日,00:24:27,C5A57784,SIMBR0158,SIMR0158,SIMU0072:User 72,DENIED
2026,1月,11,周日,00:24:27,47A80030,SIMBR0229,SIMR0229,SIMU0234:User 234,DENIED
2026,1月,11,周日,00:24:27,2E121B44,SIMBR0395,SIMR0395,SIMU0258:User 258,DENIED
2026,1月,11,周日,00:24:27,F0ADE55C,SIMBR0141,SIMR0141,SIMU0237:User 237,DENIED
2026,1月,11,周日,00:24:27,6FFD7F45,SIMBR0044,SIMR0044,SIMU0198:User 198,DENIED
2026,1月,11,周日,00:24:27,068AFAB6,SIMBR0169,SIMR0169,SIMU0115:User 115,DENIED
2026,1月,11,周日,00:24:27,FC05A793,SIMBR0173,SIMR0173,SIMU0071:User 71,DENIED
2026,1月,11,周日,00:24:27,01513E26,SIMBR0080,SIMR0080,SIMU0181:User 181,DENIED
2026,1月,11,周日,00:24:27,47A80030,SIMBR0069,SIMR0069,SIMU0234:User 234,DENIED
2026,1月,11,周日,00:24:27,C1CE8342,BR004,RES001,SIMU0018:User 18,DENIED
2026,1月,11,周日,00:24:27,46895123,SIMBR0285,SIMR0285,SIMU0132:User 132,DENIED
2026,1月,11,周日,00:24:27,CD0D9101,SIMBR0370,SIMR0370,SIMU0135:User 135,DENIED
2026,1月,11,周日,00:24:27,0FB515EE,SIMBR0344,SIMR0344,SIMU0033:User 33,DENIED
2026,1月,11,周日,00:24:27,905C3DCB,SIMBR0142,SIMR0142,SIMU0070:User 70,DENIED
2026,1月,11,周日,00:24:27,394DF2A8,SIMBR0297,SIMR0297,SIMU0111:User 111,DENIED
2026,1月,11,周日,00:24:27,FC9C0D71,SIMBR0092,SIMR0092,SIMU0093:User 93,DENIED
2026,1月,11,周日,00:24:27,EEC38563,SIMBR0338,SIMR0338,SIMU0141:User 141,DENIED
2026,1月,11,周日,00:24:27,4D153C4A,SIMBR0345,SIMR0345,SIMU0104:User 104,DENIED
2026,1月,11,周日,00:24:27,D324F0AC,SIMBR0006,SIMR0006,SIMU0108:User 108,DENIED
2026,1月,11,周日,00:24:27,A9E67E95,SIMBR0238,SIMR0238,SIMU0243:User 243,DENIED
2026,1月,11,周日,00:24:27,DCB76AA3,SIMBR0078,SIMR0078,SIMU0228:User 228,DENIED
2026,1月,11,周日,00:24:27,E93FF152,SIMBR0050,SIMR0050,SIMU0197:User 197,DENIED
2026,1月,11,周日,00:24:27,4AF57AEF,BR001,RES020,SIMU0193:User 193,DENIED
2026,1月,11,周日,00:24:27,6FFD7F45,SIMBR0058,SIMR0058,SIMU0198:User 198,DENIED
2026,1月,11,周日,00:24:27,86937632,SIMBR0160,SIMR0160,SIMU0187:User 187,DENIED
2026,1月,11,周日,00:24:27,97A9597E,SIMBR0330,SIMR0330,SIMU0030:User 30,DENIED
2026,1月,11,周日,00:24:27,1A88116F,BR018,RES011,SIMU0063:User 63,DENIED
2026,1月,11,周日,00:24:27,C72DAED8,SIMBR0261,SIMR0261,SIMU0117:User 117,DENIED
2026,1月,11,周日,00:24:27,546575AC,SIMBR0080,SIMR0080,SIMU0140:User 140,DENIED
2026,1月,11,周日,00:24:27,10321BC3,SIMBR0060,SIMR0060,SIMU0042:User 42,DENIED
2026,1月,11,周日,00:24:27,F0ADE55C,SIMBR0058,SIMR0058,SIMU0237:User 237,DENIED
2026,1月,11,周日,00:24:27,E0F41E54,SIMBR0019,SIMR0019,SIMU0176:User 176,DENIED
2026,1月,11,周日,00:24:27,2289A51E,SIMBR0088,SIMR0088,SIMU0273:User 273,DENIED
2026,1月,11,周日,00:24:27,78D4B102,SIMBR0090,SIMR0090,SIMU0283:User 283,DENIED
2026,1月,11,周日,00:24:27,FBFF5A63,SIMBR0207,SIMR0207,SIMU0184:User 184,DENIED
2026,1月,11,周日,00:24:27,050D9DEF,SIMBR0129,SIMR0129,SIMU0128:User 128,DENIED
2026,1月,11,周日,00:24:27,6A6279C3,SIMBR0010,SIMR0010,SIMU0178:User 178,DENIED
2026,1月,11,周日,00:24:27,13F09473,SIMBR0028,SIMR0028,SIMU0279:User 279,DENIED
2026,1月,11,周日,00:24:27,CA296753,SIMBR0053,SIMR0053,SIMU0055:User 55,DENIED
2026,1月,11,周日,00:24:27,495297EE,SIMBR0137,SIMR0137,SIMU0038:User 38,DENIED
2026,1月,11,周日,00:24:27,B33C40D7,SIMBR0258,SIMR0258,SIMU0015:User 15,DENIED
2026,1月,11,周日,00:24:27,A7A30652,BR006,RES002,SIMU0094:User 94,DENIED
2026,1月,11,周日,00:24:27,3B9B3EAE,BR026,RES019,SIMU0144:User 144,DENIED
2026,1月,11,周日,00:24:27,C73CE928,SIMBR0046,SIMR0046,SIMU0281:User 281,DENIED
2026,1月,11,周日,00:24:27,B9D6BC00,SIMBR0342,SIMR0342,SIMU0107:User 107,DENIED
2026,1月,11,周日,00:24:27,C0CB4AFF,SIMBR0165,SIMR0165,SIMU0235:User 235,DENIED
2026,1月,11,周日,00:24:27,0FB515EE,BR026,RES019,SIMU0033:User 33,DENIED
2026,1月,11,周日,00:24:27,3A395E30,SIMBR0063,SIMR0063,SIMU0280:User 280,DENIED
2026,1月,11,周日,00:24:27,C04BAEE8,SIMBR0147,SIMR0147,SIMU0129:User 129,DENIED
2026,1月,11,周日,00:24:27,3B22F02A,SIMBR0023,SIMR0023,SIMU0299:User 299,DENIED
2026,1月,11,周日,00:24:27,50B332C8,SIMBR0329,SIMR0329,SIMU0122:User 122,DENIED
2026,1月,11,周日,00:24:27,030D82CF,SIMBR0331,SIMR0331,SIMU0207:User 207,DENIED
2026,1月,11,周日,00:24:27,E6D64EED,SIMBR0362,SIMR0362,SIMU0105:User 105,DENIED
2026,1月,11,周日,00:24:27,FC05A793,SIMBR0188,SIMR0188,SIMU0071:User 71,DENIED
2026,1月,11,周日,00:24:27,23858FDA,SIMBR0017,SIMR0017,SIMU0098:User 98,DENIED
2026,1月,11,周日,00:24:27,7C3923AE,SIMBR0128,SIMR0128,SIMU0210:User 210,DENIED
2026,1月,11,周日,00:24:27,D49E4724,SIMBR0286,SIMR0286,SIMU0278:User 278,DENIED
2026,1月,11,周日,00:24:27,FEF21F79,SIMBR0303,SIMR0303,SIMU0159:User 159,DENIED
2026,1月,11,周日,00:24:27,518BCEDD,SIMBR0206,SIMR0206,SIMU0011:User 11,DENIED
2026,1月,11,周日,00:24:27,F0ADE55C,SIMBR0230,SIMR0230,SIMU0237:User 237,DENIED
2026,1月,11,周日,00:24:27,75D7C714,SIMBR0009,SIMR0009,SIMU0005:User 5,DENIED
2026,1月,11,周日,00:24:27,354118DA,SIMBR0102,SIMR0102,SIMU0052:User 52,DENIED
2026,1月,11,周日,00:24:27,7CA376A0,SIMBR0393,SIMR0393,SIMU0102:User 102,DENIED
2026,1月,11,周日,00:24:27,C72DAED8,SIMBR0328,SIMR0328,SIMU0117:User 117,DENIED
2026,1月,11,周日,00:24:27,31C1AEEF,SIMBR0342,SIMR0342,SIMU0039:User 39,DENIED
2026,1月,11,周日,00:24:27,4B59E256,SIMBR0085,SIMR0085,SIMU0182:User 182,DENIED
2026,1月,11,周日,00:24:27,14103484,BR002,RES021,SIMU0074:User 74,DENIED
2026,1月,11,周日,00:24:27,86937632,SIMBR0031,SIMR0031,SIMU0187:User 187,DENIED
2026,1月,11,周日,00:24:27,F1D4B1B6,SIMBR0218,SIMR0218,SIMU0247:User 247,DENIED
2026,1月,11,周日,00:24:27,B3E8626A,SIMBR0325,SIMR0325,SIMU0239:User 239,DENIED
2026,1月,11,周日,00:24:27,20D788EC,SIMBR0277,SIMR0277,SIMU0271:User 271,DENIED
2026,1月,11,周日,00:24:27,15AB7C7D,SIMBR0393,SIMR0393,SIMU0096:User 96,DENIED
2026,1月,11,周日,00:24:27,D3E409F0,BR012,RES005,SIMU0012:User 12,DENIED
2026,1月,11,周日,00:24:27,F616A325,SIMBR0138,SIMR0138,SIMU0194:User 194,DENIED
2026,1月,11,周日,00:24:27,48744B29,SIMBR0123,SIMR0123,SIMU0035:User 35,DENIED
2026,1月,11,周日,00:24:27,BA821DBA,SIMBR0178,SIMR0178,SIMU0148:User 148,DENIED
2026,1月,11,周日,00:24:27,3870BA5D,SIMBR0101,SIMR0101,SIMU0173:User 173,DENIED
2026,1月,11,周日,00:24:27,FC05A793,SIMBR0268,SIMR0268,SIMU0071:User 71,DENIED
2026,1月,11,周日,00:24:27,5C4195BE,SIMBR0195,SIMR0195,SIMU0288:User 288,DENIED
2026,1月,11,周日,00:24:27,D0B8FC16,SIMBR0229,SIMR0229,SIMU0185:User 185,DENIED
2026,1月,11,周日,00:24:27,C6E3BF57,SIMBR0173,SIMR0173,SIMU0297:User 297,DENIED
2026,1月,11,周日,00:24:27,6213A883,SIMBR0381,SIMR0381,SIMU0249:User 249,DENIED
2026,1月,11,周日,00:24:27,FB68A282,SIMBR0346,SIMR0346,SIMU0183:User 183,DENIED
2026,1月,11,周日,00:24:27,11BD165A,SIMBR0067,SIMR0067,SIMU0154:User 154,DENIED
2026,1月,11,周日,00:24:27,CEC0E003,SIMBR0019,SIMR0019,SIMU0009:User 9,DENIED
2026,1月,11,周日,00:24:27,BC450719,SIMBR0138,SIMR0138,SIMU0013:User 13,DENIED
2026,1月,11,周日,00:24:27,4758C16D,SIMBR0317,SIMR0317,SIMU0147:User 147,DENIED
2026,1月,11,周日,00:24:27,B2D6FCB4,SIMBR0009,SIMR0009,SIMU0086:User 86,DENIED
2026,1月,11,周日,00:24:27,84F825EE,SIMBR0177,SIMR0177,SIMU0150:User 150,DENIED
2026,1月,11,周日,00:24:27,3A395E30,SIMBR0165,SIMR0165,SIMU0280:User 280,DENIED
2026,1月,11,周日,00:24:27,F832AB7A,SIMBR0113,SIMR0113,SIMU0139:User 139,DENIED
2026,1月,11,周日,00:24:27,72A4E470,SIMBR0319,SIMR0319,SIMU0268:User 268,DENIED
2026,1月,11,周日,00:24:27,E93FF152,SIMBR0135,SIMR0135,SIMU0197:User 197,DENIED
2026,1月,11,周日,00:24:27,F832AB7A,SIMBR0137,SIMR0137,SIMU0139:User 139,DENIED
2026,1月,11,周日,00:24:27,5E9892AA,SIMBR0174,SIMR0174,SIMU0293:User 293,DENIED
2026,1月,11,周日,00:24:27,FAE4DEC5,SIMBR0031,SIMR0031,SIMU0053:User 53,DENIED
2026,1月,11,周日,00:24:27,7413D955,SIMBR0345,SIMR0345,SIMU0075:User 75,DENIED
2026,1月,11,周日,00:24:27,36330273,SIMBR0072,SIMR0072,SIMU0291:User 291,DENIED
2026,1月,11,周日,00:24:27,C2F816DD,SIMBR0385,SIMR0385,SIMU0266:User 266,DENIED
2026,1月,11,周日,00:24:27,53A1B264,SIMBR0371,SIMR0371,SIMU0017:User 17,DENIED
2026,1月,11,周日,00:24:27,4FC5D562,SIMBR0339,SIMR0339,SIMU0275:User 275,DENIED
2026,1月,11,周日,00:24:27,8EA215FF,BR003,RES022,SIMU0201:User 201,DENIED
2026,1月,11,周日,00:24:27,E2506042,SIMBR0360,SIMR0360,SIMU0101:User 101,DENIED
2026,1月,11,周日,00:24:27,030D82CF,SIMBR0017,SIMR0017,SIMU0207:User 207,DENIED
2026,1月,11,周日,00:24:27,2289A51E,SIMBR0087,SIMR0087,SIMU0273:User 273,DENIED
2026,1月,11,周日,00:24:27,C50459DB,SIMBR0268,SIMR0268,SIMU0262:User 262,DENIED
2026,1月,11,周日,00:24:27,D0B8FC16,SIMBR0359,SIMR0359,SIMU0185:User 185,DENIED
2026,1月,11,周日,00:24:27,7C3923AE,SIMBR0358,SIMR0358,SIMU0210:User 210,DENIED
2026,1月,11,周日,00:24:27,B095C629,SIMBR0109,SIMR0109,SIMU0257:User 257,DENIED
2026,1月,11,周日,00:24:27,21A13EE6,SIMBR0152,SIMR0152,SIMU0133:User 133,DENIED
2026,1月,11,周日,00:24:27,0CFFFBA0,SIMBR0079,SIMR0079,SIMU0189:User 189,DENIED
2026,1月,11,周日,00:24:27,6B7D13ED,SIMBR0309,SIMR0309,SIMU0191:User 191,DENIED
2026,1月,11,周日,00:24:27,A5A16F78,BR004,RES001,SIMU0294:User 294,DENIED
2026,1月,11,周日,00:24:27,874CC50E,SIMBR0108,SIMR0108,SIMU0036:User 36,DENIED
2026,1月,11,周日,00:24:27,AB055C88,SIMBR0058,SIMR0058,SIMU0024:User 24,DENIED
2026,1月,11,周日,00:24:27,50B332C8,SIMBR0102,SIMR0102,SIMU0122:User 122,DENIED
2026,1月,11,周日,00:24:27,C44E5E52,SIMBR0082,SIMR0082,SIMU0002:User 2,DENIED
2026,1月,11,周日,00:24:27,11BD165A,SIMBR0065,SIMR0065,SIMU0154:User 154,DENIED
2026,1月,11,周日,00:24:27,4FC5D562,SIMBR0042,SIMR0042,SIMU0275:User 275,DENIED
2026,1月,11,周日,00:24:27,C2F816DD,SIMBR0230,SIMR0230,SIMU0266:User 266,DENIED
2026,1月,11,周日,00:24:27,2EEB40A9,BR014,RES007,SIMU0260:User 260,DENIED
2026,1月,11,周日,00:24:27,3B9B3EAE,SIMBR0127,SIMR0127,SIMU0144:User 144,DENIED
2026,1月,11,周日,00:24:27,FBBEF95C,SIMBR0276,SIMR0276,SIMU0025:User 25,DENIED
2026,1月,11,周日,00:24:27,6E7782F8,BR022,RES015,INT001:Zhao Liu,DENIED
2026,1月,11,周日,00:24:27,E137F666,SIMBR0399,SIMR0399,SIMU0220:User 220,DENIED
2026,1月,11,周日,00:24:27,C0CB4AFF,SIMBR0258,SIMR0258,SIMU0235:User 235,DENIED
2026,1月,11,周日,00:24:27,C6E3BF57,SIMBR0011,SIMR0011,SIMU0297:User 297,DENIED
2026,1月,11,周日,00:24:27,D0171F97,BR015,RES008,SIMU0032:User 32,DENIED
2026,1月,11,周日,00:24:27,C0CB4AFF,SIMBR0271,SIMR0271,SIMU0235:User 235,DENIED
2026,1月,11,周日,00:24:27,FEB7592C,SIMBR0088,SIMR0088,SIMU0059:User 59,DENIED
2026,1月,11,周日,00:24:27,050D9DEF,SIMBR0316,SIMR0316,SIMU0128:User 128,DENIED
2026,1月,11,周日,00:24:27,18788AAF,SIMBR0192,SIMR0192,SIMU0298:User 298,DENIED
2026,1月,11,周日,00:24:27,66FC8294,SIMBR0145,SIMR0145,SIMU0180:User 180,DENIED
2026,1月,11,周日,00:24:27,1DE07196,SIMBR0156,SIMR0156,SIMU0274:User 274,DENIED
2026,1月,11,周日,00:24:27,E6D64EED,SIMBR0045,SIMR0045,SIMU0105:User 105,DENIED
2026,1月,11,周日,00:24:27,C7C3B16D,BR011,RES026,SIMU0259:User 259,DENIED
2026,1月,11,周日,00:24:27,4DFA0FE5,SIMBR0156,SIMR0156,SIMU0255:User 255,DENIED
2026,1月,11,周日,00:24:27,6B7D13ED,SIMBR0189,SIMR0189,SIMU0191:User 191,DENIED
2026,1月,11,周日,00:24:27,DCB76AA3,SIMBR0263,SIMR0263,SIMU0228:User 228,DENIED
2026,1月,11,周日,00:24:27,72A4E470,SIMBR0258,SIMR0258,SIMU0268:User 268,DENIED
2026,1月,11,周日,00:24:27,5E9892AA,SIMBR0029,SIMR0029,SIMU0293:User 293,DENIED
2026,1月,11,周日,00:24:27,6FFD7F45,SIMBR0363,SIMR0363,SIMU0198:User 198,DENIED
2026,1月,11,周日,00:24:27,A7A30652,SIMBR0009,SIMR0009,SIMU0094:User 94,DENIED
2026,1月,11,周日,00:24:27,E07F08A6,SIMBR0072,SIMR0072,SIMU0246:User 246,DENIED
2026,1月,11,周日,00:24:27,C39400FA,SIMBR0114,SIMR0114,SIMU0078:User 78,DENIED
2026,1月,11,周日,00:24:27,BC450719,SIMBR0377,SIMR0377,SIMU0013:User 13,DENIED
2026,1月,11,周日,00:24:27,1EBD89C8,SIMBR0290,SIMR0290,SIMU0123:User 123,DENIED
2026,1月,11,周日,00:24:27,CD0D9101,SIMBR0036,SIMR0036,SIMU0135:User 135,DENIED
2026,1月,11,周日,00:24:27,643D2F0C,SIMBR0017,SIMR0017,SIMU0048:User 48,DENIED
2026,1月,11,周日,00:24:27,C584F9D3,SIMBR0051,SIMR0051,EMP001:Zhang San,DENIED
2026,1月,11,周日,00:24:27,15AB7C7D,SIMBR0165,SIMR0165,SIMU0096:User 96,DENIED
2026,1月,11,周日,00:24:27,C72DAED8,SIMBR0103,SIMR0103,SIMU0117:User 117,DENIED
2026,1月,11,周日,00:24:27,85471FCB,SIMBR0077,SIMR0077,SIMU0054:User 54,DENIED
2026,1月,11,周日,00:24:27,94264C0C,SIMBR0223,SIMR0223,SIMU0118:User 118,DENIED
2026,1月,11,周日,00:24:27,24DE0286,SIMBR0055,SIMR0055,SIMU0221:User 221,DENIED
2026,1月,11,周日,00:24:27,2D060B76,BR008,RES003,SIMU0162:User 162,DENIED
2026,1月,11,周日,00:24:27,CB2FA116,SIMBR0110,SIMR0110,SIMU0172:User 172,DENIED
2026,1月,11,周日,00:24:27,BA821DBA,SIMBR0092,SIMR0092,SIMU0148:User 148,DENIED
2026,1月,11,周日,00:24:27,59E1ACA0,SIMBR0360,SIMR0360,SIMU0090:User 90,DENIED
2026,1月,11,周日,00:24:27,FD75651D,SIMBR0381,SIMR0381,SIMU0238:User 238,DENIED
2026,1月,11,周日,00:24:27,56619802,SIMBR0175,SIMR0175,SIMU0202:User 202,DENIED
2026,1月,11,周日,00:24:27,F6E7D08A,SIMBR0040,SIMR0040,SIMU0001:User 1,DENIED
2026,1月,11,周日,00:24:27,72A4E470,BR012,RES005,SIMU0268:User 268,DENIED
2026,1月,11,周日,00:24:27,3870BA5D,SIMBR0246,SIMR0246,SIMU0173:User 173,DENIED
2026,1月,11,周日,00:24:27,49B45DCD,SIMBR0107,SIMR0107,SIMU0272:User 272,DENIED
2026,1月,11,周日,00:24:27,F853E5E9,SIMBR0200,SIMR0200,SIMU0119:User 119,DENIED
2026,1月,11,周日,00:24:27,B2D6FCB4,SIMBR0007,SIMR0007,SIMU0086:User 86,DENIED
2026,1月,11,周日,00:24:27,D832D5F3,SIMBR0172,SIMR0172,SIMU0261:User 261,DENIED
2026,1月,11,周日,00:24:27,FB68A282,BR014,RES007,SIMU0183:User 183,DENIED
2026,1月,11,周日,00:24:27,E6D64EED,SIMBR0283,SIMR0283,SIMU0105:User 105,DENIED
2026,1月,11,周日,00:24:27,CBD2A48A,SIMBR0297,SIMR0297,SIMU0021:User 21,DENIED
2026,1月,11,周日,00:24:27,FBFF5A63,SIMBR0304,SIMR0304,SIMU0184:User 184,DENIED
2026,1月,11,周日,00:24:27,8B29C7CC,SIMBR0229,SIMR0229,SIMU0175:User 175,DENIED
2026,1月,11,周日,00:24:27,F04FDB11,SIMBR0002,SIMR0002,SIMU0125:User 125,DENIED
2026,1月,11,周日,00:24:27,E6DCC382,SIMBR0116,SIMR0116,SIMU0158:User 158,DENIED
2026,1月,11,周日,00:24:27,A74F536B,SIMBR0059,SIMR0059,SIMU0097:User 97,DENIED
2026,1月,11,周日,00:24:27,40BD64A5,SIMBR0206,SIMR0206,SIMU0245:User 245,DENIED
2026,1月,11,周日,00:24:27,8C19D42A,SIMBR0305,SIMR0305,SIMU0284:User 284,DENIED
2026,1月,11,周日,00:24:27,C2F816DD,SIMBR0362,SIMR0362,SIMU0266:User 266,DENIED
2026,1月,11,周日,00:24:27,F0ADE55C,SIMBR0261,SIMR0261,SIMU0237:User 237,DENIED
2026,1月,11,周日,00:24:27,6F12BFA3,SIMBR0022,SIMR0022,SIMU0218:User 218,DENIED
2026,1月,11,周日,00:24:27,EEC38563,SIMBR0357,SIMR0357,SIMU0141:User 141,DENIED
2026,1月,11,周日,00:24:27,80BC1A17,SIMBR0123,SIMR0123,SIMU0112:User 112,DENIED
2026,1月,11,周日,00:24:27,FE83648E,SIMBR0395,SIMR0395,SIMU0142:User 142,DENIED
2026,1月,11,周日,00:24:27,E8751622,SIMBR0348,SIMR0348,SIMU0161:User 161,DENIED
2026,1月,11,周日,00:24:27,8E0C2F27,BR022,RES015,SIMU0126:User 126,DENIED
2026,1月,11,周日,00:24:27,5A758FE3,SIMBR0328,SIMR0328,SIMU0103:User 103,DENIED
2026,1月,11,周日,00:24:27,37E9D9C0,SIMBR0146,SIMR0146,SIMU0034:User 34,DENIED
2026,1月,11,周日,00:24:27,3CC4126C,SIMBR0366,SIMR0366,SIMU0099:User 99,DENIED
2026,1月,11,周日,00:24:27,E116EA41,SIMBR0093,SIMR0093,SIMU0127:User 127,DENIED
2026,1月,11,周日,00:24:27,AE2F46DE,SIMBR0046,SIMR0046,SIMU0232:User 232,DENIED
2026,1月,11,周日,00:24:27,F853E5E9,SIMBR0275,SIMR0275,SIMU0119:User 119,DENIED
2026,1月,11,周日,00:24:27,538EE2BF,SIMBR0304,SIMR0304,SIMU0177:User 177,DENIED
2026,1月,11,周日,00:24:27,4D153C4A,SIMBR0023,SIMR0023,SIMU0104:User 104,DENIED
2026,1月,11,周日,00:24:27,BA6DDD0B,SIMBR0102,SIMR0102,SIMU0146:User 146,DENIED
2026,1月,11,周日,00:24:27,D87DCC23,SIMBR0095,SIMR0095,SIMU0006:User 6,DENIED
2026,1月,11,周日,00:24:28,6A6279C3,SIMBR0366,SIMR0366,SIMU0178:User 178,DENIED
2026,1月,11,周日,00:24:28,45B37997,SIMBR0171,SIMR0171,SIMU0163:User 163,DENIED
2026,1月,11,周日,00:24:28,F9B71846,SIMBR0128,SIMR0128,SIMU0196:User 196,DENIED
2026,1月,11,周日,00:24:28,5C4195BE,SIMBR0336,SIMR0336,SIMU0288:User 288,DENIED
2026,1月,11,周日,00:24:28,8B29C7CC,SIMBR0372,SIMR0372,SIMU0175:User 175,DENIED
2026,1月,11,周日,00:24:28,518BCEDD,SIMBR0180,SIMR0180,SIMU0011:User 11,DENIED
2026,1月,11,周日,00:24:28,F0ADE55C,SIMBR0043,SIMR0043,SIMU0237:User 237,DENIED
2026,1月,11,周日,00:24:28,C57735BB,SIMBR0027,SIMR0027,SIMU0242:User 242,DENIED
2026,1月,11,周日,00:24:28,E2506042,SIMBR0181,SIMR0181,SIMU0101:User 101,DENIED
2026,1月,11,周日,00:24:28,C46D887F,SIMBR0186,SIMR0186,SIMU0254:User 254,DENIED
2026,1月,11,周日,00:24:28,FBBEF95C,SIMBR0353,SIMR0353,SIMU0025:User 25,DENIED
2026,1月,11,周日,00:24:28,A89B9996,BR012,RES005,SIMU0213:User 213,DENIED
2026,1月,11,周日,00:24:28,36330273,SIMBR0035,SIMR0035,SIMU0291:User 291,DENIED
2026,1月,11,周日,00:24:28,15D30411,SIMBR0368,SIMR0368,SIMU0289:User 289,DENIED
2026,1月,11,周日,00:24:28,602AF119,SIMBR0323,SIMR0323,SIMU0223:User 223,DENIED
2026,1月,11,周日,00:24:28,F6E7D08A,SIMBR0331,SIMR0331,SIMU0001:User 1,DENIED
2026,1月,11,周日,00:24:28,BD4961D3,SIMBR0205,SIMR0205,SIMU0169:User 169,DENIED
2026,1月,11,周日,00:24:28,A7A30652,SIMBR0313,SIMR0313,SIMU0094:User 94,DENIED
2026,1月,11,周日,00:24:28,C31E01F0,SIMBR0375,SIMR0375,SIMU0192:User 192,DENIED
2026,1月,11,周日,00:24:28,4FC5D562,SIMBR0350,SIMR0350,SIMU0275:User 275,DENIED
2026,1月,11,周日,00:24:28,D0871CF1,SIMBR0379,SIMR0379,SIMU0007:User 7,DENIED
2026,1月,11,周日,00:24:28,24546BD0,SIMBR0039,SIMR0039,SIMU0251:User 251,DENIED
2026,1月,11,周日,00:24:28,F3B58DFF,SIMBR0172,SIMR0172,SIMU0076:User 76,DENIED
2026,1月,11,周日,00:24:28,290F7C52,SIMBR0146,SIMR0146,SIMU0216:User 216,DENIED
2026,1月,11,周日,00:24:28,BC450719,SIMBR0220,SIMR0220,SIMU0013:User 13,DENIED
2026,1月,11,周日,00:24:28,181D33C7,SIMBR0362,SIMR0362,SIMU0227:User 227,DENIED
2026,1月,11,周日,00:24:28,1A88116F,SIMBR0203,SIMR0203,SIMU0063:User 63,DENIED
2026,1月,11,周日,00:24:28,53A1B264,SIMBR0125,SIMR0125,SIMU0017:User 17,DENIED
2026,1月,11,周日,00:24:28,FE83648E,SIMBR0291,SIMR0291,SIMU0142:User 142,DENIED
2026,1月,11,周日,00:24:28,F90964BF,SIMBR0148,SIMR0148,SIMU0091:User 91,DENIED
2026,1月,11,周日,00:24:28,AB055C88,SIMBR0316,SIMR0316,SIMU0024:User 24,DENIED
2026,1月,11,周日,00:24:28,CA15B29F,BR009,RES025,SIMU0206:User 206,DENIED
2026,1月,11,周日,00:24:28,9D3B8CFC,SIMBR0009,SIMR0009,SIMU0095:User 95,DENIED
2026,1月,11,周日,00:24:28,5334DCE6,SIMBR0197,SIMR0197,SIMU0179:User 179,DENIED
2026,1月,11,周日,00:24:28,7C28253F,SIMBR0322,SIMR0322,SIMU0027:User 27,DENIED
2026,1月,11,周日,00:24:28,24A968FA,SIMBR0051,SIMR0051,SIMU0241:User 241,DENIED
2026,1月,11,周日,00:24:28,6714B510,SIMBR0346,SIMR0346,SIMU0160:User 160,DENIED
2026,1月,11,周日,00:24:28,7D277C80,SIMBR0038,SIMR0038,SIMU0212:User 212,DENIED
2026,1月,11,周日,00:24:28,8D67E6D5,SIMBR0137,SIMR0137,SIMU0045:User 45,DENIED
2026,1月,11,周日,00:24:28,1DE07196,SIMBR0036,SIMR0036,SIMU0274:User 274,DENIED
2026,1月,11,周日,00:24:28,397975BA,SIMBR0355,SIMR0355,SIMU0164:User 164,DENIED
2026,1月,11,周日,00:24:28,3B7FFD92,SIMBR0256,SIMR0256,SIMU0256:User 256,DENIED
2026,1月,11,周日,00:24:28,BD4961D3,BR022,RES015,SIMU0169:User 169,DENIED
2026,1月,11,周日,00:24:28,6213A883,SIMBR0345,SIMR0345,SIMU0249:User 249,DENIED
2026,1月,11,周日,00:24:28,F90964BF,SIMBR0228,SIMR0228,SIMU0091:User 91,DENIED
2026,1月,11,周日,00:24:28,3870BA5D,SIMBR0135,SIMR0135,SIMU0173:User 173,DENIED
2026,1月,11,周日,00:24:28,C44E5E52,SIMBR0163,SIMR0163,SIMU0002:User 2,DENIED
2026,1月,11,周日,00:24:28,983FD996,SIMBR0065,SIMR0065,SIMU0225:User 225,DENIED
2026,1月,11,周日,00:24:28,874CC50E,SIMBR0339,SIMR0339,SIMU0036:User 36,DENIED
2026,1月,11,周日,00:24:28,EEC38563,SIMBR0159,SIMR0159,SIMU0141:User 141,DENIED
2026,1月,11,周日,00:24:28,489655D2,SIMBR0325,SIMR0325,CON001:Wang Wu,DENIED
2026,1月,11,周日,00:24:28,11BD165A,SIMBR0015,SIMR0015,SIMU0154:User 154,DENIED
2026,1月,11,周日,00:24:28,78D74DDD,SIMBR0305,SIMR0305,VIS001:Qian Qi,DENIED
2026,1月,11,周日,00:24:28,1EE4C053,SIMBR0199,SIMR0199,SIMU0026:User 26,DENIED
2026,1月,11,周日,00:24:28,FEF21F79,SIMBR0110,SIMR0110,SIMU0159:User 159,DENIED
2026,1月,11,周日,00:24:28,A0043AC2,SIMBR0233,SIMR0233,SIMU0040:User 40,DENIED
2026,1月,11,周日,00:24:28,2E121B44,SIMBR0350,SIMR0350,SIMU0258:User 258,DENIED
2026,1月,11,周日,00:24:28,41981850,SIMBR0248,SIMR0248,SIMU0263:User 263,DENIED
2026,1月,11,周日,00:24:28,D716AAF5,SIMBR0162,SIMR0162,SIMU0170:User 170,DENIED
2026,1月,11,周日,00:24:28,84F825EE,SIMBR0378,SIMR0378,SIMU0150:User 150,DENIED
2026,1月,11,周日,00:24:28,47C3A99F,SIMBR0293,SIMR0293,SIMU0136:User 136,DENIED
2026,1月,11,周日,00:24:28,A234EF8B,SIMBR0185,SIMR0185,SIMU0069:User 69,DENIED
2026,1月,11,周日,00:24:28,489655D2,SIMBR0388,SIMR0388,CON001:Wang Wu,DENIED
2026,1月,11,周日,00:24:28,D504C218,SIMBR0358,SIMR0358,SIMU0060:User 60,DENIED
2026,1月,11,周日,00:24:28,2056B86F,BR007,RES024,SIMU0067:User 67,DENIED
2026,1月,11,周日,00:24:28,394DF2A8,SIMBR0371,SIMR0371,SIMU0111:User 111,DENIED
2026,1月,11,周日,00:24:28,0EE439B9,SIMBR0087,SIMR0087,SIMU0004:User 4,DENIED
2026,1月,11,周日,00:24:28,D1BB07EE,SIMBR0297,SIMR0297,SIMU0287:User 287,DENIED
2026,1月,11,周日,00:24:28,C6E3BF57,SIMBR0034,SIMR0034,SIMU0297:User 297,DENIED
2026,1月,11,周日,00:24:28,56C4C8CF,SIMBR0325,SIMR0325,SIMU0077:User 77,DENIED
2026,1月,11,周日,00:24:28,397975BA,SIMBR0088,SIMR0088,SIMU0164:User 164,DENIED
2026,1月,11,周日,00:24:28,273F3B3E,SIMBR0150,SIMR0150,SIMU0224:User 224,DENIED
2026,1月,11,周日,00:24:28,8BC6335E,SIMBR0168,SIMR0168,SIMU0204:User 204,DENIED
2026,1月,11,周日,00:24:28,CA782D54,BR002,RES021,SIMU0219:User 219,DENIED
2026,1月,11,周日,00:24:28,D0B8FC16,BR010,RES004,SIMU0185:User 185,DENIED
2026,1月,11,周日,00:24:28,0EE439B9,SIMBR0232,SIMR0232,SIMU0004:User 4,DENIED
2026,1月,11,周日,00:24:28,3A52D444,SIMBR0123,SIMR0123,SIMU0166:User 166,DENIED
2026,1月,11,周日,00:24:28,CEC0E003,SIMBR0269,SIMR0269,SIMU0009:User 9,DENIED
2026,1月,11,周日,00:24:28,56C4C8CF,SIMBR0216,SIMR0216,SIMU0077:User 77,DENIED
2026,1月,11,周日,00:24:28,F9B71846,SIMBR0113,SIMR0113,SIMU0196:User 196,DENIED
2026,1月,11,周日,00:24:28,6213A883,SIMBR0205,SIMR0205,SIMU0249:User 249,DENIED
2026,1月,11,周日,00:24:28,F3B58DFF,BR016,RES009,SIMU0076:User 76,DENIED
2026,1月,11,周日,00:24:28,853BC8DF,SIMBR0023,SIMR0023,SIMU0092:User 92,DENIED
2026,1月,11,周日,00:24:28,7C3923AE,BR005,RES023,SIMU0210:User 210,DENIED
2026,1月,11,周日,00:24:28,D49E4724,SIMBR0061,SIMR0061,SIMU0278:User 278,DENIED
2026,1月,11,周日,00:24:28,E8751622,SIMBR0145,SIMR0145,SIMU0161:User 161,DENIED
2026,1月,11,周日,00:24:28,E137F666,SIMBR0261,SIMR0261,SIMU0220:User 220,DENIED
2026,1月,11,周日,00:24:28,D716AAF5,SIMBR0084,SIMR0084,SIMU0170:User 170,DENIED
2026,1月,11,周日,00:24:28,CEC0E003,SIMBR0095,SIMR0095,SIMU0009:User 9,DENIED
2026,1月,11,周日,00:24:28,2056B86F,SIMBR0094,SIMR0094,SIMU0067:User 67,DENIED
2026,1月,11,周日,00:24:28,C718E607,SIMBR0173,SIMR0173,SIMU0089:User 89,DENIED
2026,1月,11,周日,00:24:28,C46D887F,SIMBR0115,SIMR0115,SIMU0254:User 254,DENIED
2026,1月,11,周日,00:24:28,E393950E,BR004,RES001,SIMU0195:User 195,DENIED
2026,1月,11,周日,00:24:28,E07F08A6,SIMBR0267,SIMR0267,SIMU0246:User 246,DENIED
2026,1月,11,周日,00:24:28,F853E5E9,SIMBR0022,SIMR0022,SIMU0119:User 119,DENIED
2026,1月,11,周日,00:24:28,3A395E30,SIMBR0313,SIMR0313,SIMU0280:User 280,DENIED
2026,1月,11,周日,00:24:28,CB1ACCC7,SIMBR0093,SIMR0093,SIMU0110:User 110,DENIED
2026,1月,11,周日,00:24:28,A89B9996,SIMBR0145,SIMR0145,SIMU0213:User 213,DENIED
2026,1月,11,周日,00:24:28,78D74DDD,SIMBR0077,SIMR0077,VIS001:Qian Qi,DENIED
2026,1月,11,周日,00:24:28,97A9597E,SIMBR0079,SIMR0079,SIMU0030:User 30,DENIED
2026,1月,11,周日,00:24:28,29200997,SIMBR0032,SIMR0032,SIMU0186:User 186,DENIED
2026,1月,11,周日,00:24:28,78D74DDD,SIMBR0031,SIMR0031,VIS001:Qian Qi,DENIED
2026,1月,11,周日,00:24:28,BA0243B9,SIMBR0209,SIMR0209,PM001:Sun Ba,DENIED
2026,1月,11,周日,00:24:28,20917633,SIMBR0085,SIMR0085,SIMU0296:User 296,DENIED
2026,1月,11,周日,00:24:28,8CBA0F42,SIMBR0122,SIMR0122,SIMU0152:User 152,DENIED
2026,1月,11,周日,00:24:28,FB68A282,SIMBR0281,SIMR0281,SIMU0183:User 183,DENIED
2026,1月,11,周日,00:24:28,49B45DCD,SIMBR0176,SIMR0176,SIMU0272:User 272,DENIED
2026,1月,11,周日,00:24:28,54722E38,SIMBR0119,SIMR0119,SIMU0222:User 222,DENIED
2026,1月,11,周日,00:24:28,0540806D,SIMBR0147,SIMR0147,SIMU0265:User 265,DENIED
2026,1月,11,周日,00:24:28,46895123,SIMBR0342,SIMR0342,SIMU0132:User 132,DENIED
2026,1月,11,周日,00:24:28,6213A883,BR012,RES005,SIMU0249:User 249,DENIED
2026,1月,11,周日,00:24:28,37FA6637,SIMBR0193,SIMR0193,SIMU0199:User 199,DENIED
2026,1月,11,周日,00:24:28,29200997,SIMBR0171,SIMR0171,SIMU0186:User 186,DENIED
2026,1月,11,周日,00:24:28,C169BAEB,SIMBR0172,SIMR0172,SIMU0174:User 174,DENIED
2026,1月,11,周日,00:24:28,01FC696F,SIMBR0096,SIMR0096,SIMU0068:User 68,DENIED
2026,1月,11,周日,00:24:28,6CEC1FDF,SIMBR0196,SIMR0196,SIMU0230:User 230,DENIED
2026,1月,11,周日,00:24:28,0EA23D3A,SIMBR0032,SIMR0032,SIMU0062:User 62,DENIED
2026,1月,11,周日,00:24:28,0FB515EE,SIMBR0314,SIMR0314,SIMU0033:User 33,DENIED
2026,1月,11,周日,00:24:28,6F12BFA3,SIMBR0008,SIMR0008,SIMU0218:User 218,DENIED
2026,1月,11,周日,00:24:28,47A80030,SIMBR0149,SIMR0149,SIMU0234:User 234,DENIED
2026,1月,11,周日,00:24:28,A2589816,SIMBR0188,SIMR0188,SIMU0082:User 82,DENIED
2026,1月,11,周日,00:24:28,AA3155BB,SIMBR0129,SIMR0129,SIMU0050:User 50,DENIED
2026,1月,11,周日,00:24:28,CB0F203D,SIMBR0212,SIMR0212,SIMU0124:User 124,DENIED
2026,1月,11,周日,00:24:28,F3B58DFF,SIMBR0057,SIMR0057,SIMU0076:User 76,DENIED
2026,1月,11,周日,00:24:28,72A4E470,SIMBR0340,SIMR0340,SIMU0268:User 268,DENIED
2026,1月,11,周日,00:24:28,C57735BB,SIMBR0164,SIMR0164,SIMU0242:User 242,DENIED
2026,1月,11,周日,00:24:28,24DE0286,SIMBR0343,SIMR0343,SIMU0221:User 221,DENIED
2026,1月,11,周日,00:24:28,56C4C8CF,SIMBR0388,SIMR0388,SIMU0077:User 77,DENIED
2026,1月,11,周日,00:24:28,6BDE4067,SIMBR0100,SIMR0100,SIMU0114:User 114,DENIED
2026,1月,11,周日,00:24:28,10321BC3,SIMBR0091,SIMR0091,SIMU0042:User 42,DENIED
2026,1月,11,周日,00:24:28,FAE4DEC5,SIMBR0276,SIMR0276,SIMU0053:User 53,DENIED
2026,1月,11,周日,00:24:28,7C28253F,SIMBR0355,SIMR0355,SIMU0027:User 27,DENIED
2026,1月,11,周日,00:24:28,7C3923AE,SIMBR0362,SIMR0362,SIMU0210:User 210,DENIED
2026,1月,11,周日,00:24:28,4B59E256,SIMBR0398,SIMR0398,SIMU0182:User 182,DENIED
2026,1月,11,周日,00:24:28,C46D887F,SIMBR0182,SIMR0182,SIMU0254:User 254,DENIED
2026,1月,11,周日,00:24:28,8884A944,SIMBR0054,SIMR0054,SIMU0295:User 295,DENIED
2026,1月,11,周日,00:24:28,6B7D13ED,SIMBR0060,SIMR0060,SIMU0191:User 191,DENIED
2026,1月,11,周日,00:24:28,C2F816DD,SIMBR0043,SIMR0043,SIMU0266:User 266,DENIED
2026,1月,11,周日,00:24:28,A7A30652,SIMBR0039,SIMR0039,SIMU0094:User 94,DENIED
2026,1月,11,周日,00:24:28,068AFAB6,SIMBR0282,SIMR0282,SIMU0115:User 115,DENIED
2026,1月,11,周日,00:24:28,983FD996,SIMBR0247,SIMR0247,SIMU0225:User 225,DENIED
2026,1月,11,周日,00:24:28,A0043AC2,SIMBR0122,SIMR0122,SIMU0040:User 40,DENIED
2026,1月,11,周日,00:24:28,F9B71846,SIMBR0359,SIMR0359,SIMU0196:User 196,DENIED
2026,1月,11,周日,00:24:28,068AFAB6,SIMBR0287,SIMR0287,SIMU0115:User 115,DENIED
2026,1月,11,周日,00:24:28,23858FDA,SIMBR0195,SIMR0195,SIMU0098:User 98,DENIED
2026,1月,11,周日,00:24:28,3CC4126C,BR021,RES014,SIMU0099:User 99,DENIED
2026,1月,11,周日,00:24:28,273F3B3E,BR003,RES022,SIMU0224:User 224,DENIED
2026,1月,11,周日,00:24:28,354118DA,SIMBR0075,SIMR0075,SIMU0052:User 52,DENIED
2026,1月,11,周日,00:24:28,D78DDFDE,SIMBR0386,SIMR0386,SIMU0252:User 252,DENIED
2026,1月,11,周日,00:24:28,24A968FA,SIMBR0144,SIMR0144,SIMU0241:User 241,DENIED
2026,1月,11,周日,00:24:28,59E1ACA0,SIMBR0378,SIMR0378,SIMU0090:User 90,DENIED
2026,1月,11,周日,00:24:28,359F9D02,SIMBR0170,SIMR0170,SIMU0087:User 87,DENIED
2026,1月,11,周日,00:24:28,BA841717,SIMBR0189,SIMR0189,SIMU0064:User 64,DENIED
2026,1月,11,周日,00:24:28,5A758FE3,SIMBR0056,SIMR0056,SIMU0103:User 103,DENIED
2026,1月,11,周日,00:24:28,44B3ADEE,SIMBR0046,SIMR0046,SIMU0157:User 157,DENIED
2026,1月,11,周日,00:24:28,D832D5F3,SIMBR0147,SIMR0147,SIMU0261:User 261,DENIED
2026,1月,11,周日,00:24:28,01FC696F,SIMBR0152,SIMR0152,SIMU0068:User 68,DENIED
2026,1月,11,周日,00:24:28,8C19D42A,SIMBR0081,SIMR0081,SIMU0284:User 284,DENIED
2026,1月,11,周日,00:24:28,AE2F46DE,SIMBR0135,SIMR0135,SIMU0232:User 232,DENIED
2026,1月,11,周日,00:24:28,4D83FE2E,SIMBR0154,SIMR0154,SIMU0056:User 56,DENIED
2026,1月,11,周日,00:24:28,C6E3BF57,SIMBR0318,SIMR0318,SIMU0297:User 297,DENIED
2026,1月,11,周日,00:24:28,4D153C4A,SIMBR0240,SIMR0240,SIMU0104:User 104,DENIED
2026,1月,11,周日,00:24:28,A89B9996,SIMBR0128,SIMR0128,SIMU0213:User 213,DENIED
2026,1月,11,周日,00:24:28,54C5EDBD,SIMBR0164,SIMR0164,SIMU0145:User 145,DENIED
2026,1月,11,周日,00:24:28,49B45DCD,SIMBR0260,SIMR0260,SIMU0272:User 272,DENIED
2026,1月,11,周日,00:24:28,5334DCE6,BR014,RES007,SIMU0179:User 179,DENIED
2026,1月,11,周日,00:24:28,94264C0C,SIMBR0253,SIMR0253,SIMU0118:User 118,DENIED
2026,1月,11,周日,00:24:28,FEF21F79,SIMBR0166,SIMR0166,SIMU0159:User 159,DENIED
2026,1月,11,周日,00:24:28,874CC50E,SIMBR0029,SIMR0029,SIMU0036:User 36,DENIED
2026,1月,11,周日,00:24:28,F1D4B1B6,SIMBR0158,SIMR0158,SIMU0247:User 247,DENIED
2026,1月,11,周日,00:24:28,85471FCB,BR012,RES005,SIMU0054:User 54,DENIED
2026,1月,11,周日,00:24:28,6A6279C3,SIMBR0102,SIMR0102,SIMU0178:User 178,DENIED
2026,1月,11,周日,00:24:28,1EE4C053,SIMBR0299,SIMR0299,SIMU0026:User 26,DENIED
2026,1月,11,周日,00:24:28,1B14F9BC,SIMBR0193,SIMR0193,SIMU0065:User 65,DENIED
2026,1月,11,周日,00:24:28,7BEB2168,SIMBR0129,SIMR0129,SIMU0282:User 282,DENIED
2026,1月,11,周日,00:24:28,47A80030,SIMBR0077,SIMR0077,SIMU0234:User 234,DENIED
2026,1月,11,周日,00:24:28,6F12BFA3,SIMBR0086,SIMR0086,SIMU0218:User 218,DENIED
2026,1月,11,周日,00:24:28,B9D6BC00,SIMBR0275,SIMR0275,SIMU0107:User 107,DENIED
2026,1月,11,周日,00:24:28,FBBEF95C,SIMBR0280,SIMR0280,SIMU0025:User 25,DENIED
2026,1月,11,周日,00:24:28,CB2FA116,SIMBR0081,SIMR0081,SIMU0172:User 172,DENIED
2026,1月,11,周日,00:24:28,45B37997,SIMBR0218,SIMR0218,SIMU0163:User 163,DENIED
2026,1月,11,周日,00:24:28,D1BB07EE,SIMBR0239,SIMR0239,SIMU0287:User 287,DENIED
2026,1月,11,周日,00:24:28,B3E8626A,SIMBR0224,SIMR0224,SIMU0239:User 239,DENIED
2026,1月,11,周日,00:24:28,2C249415,SIMBR0311,SIMR0311,SIMU0276:User 276,DENIED
2026,1月,11,周日,00:24:28,4AF57AEF,SIMBR0034,SIMR0034,SIMU0193:User 193,DENIED
2026,1月,11,周日,00:24:28,C718E607,SIMBR0223,SIMR0223,SIMU0089:User 89,DENIED
2026,1月,11,周日,00:24:28,A234EF8B,SIMBR0167,SIMR0167,SIMU0069:User 69,DENIED
2026,1月,11,周日,00:24:28,1CA3AA4C,SIMBR0013,SIMR0013,SIMU0014:User 14,DENIED
2026,1月,11,周日,00:24:28,59E1ACA0,SIMBR0323,SIMR0323,SIMU0090:User 90,DENIED
2026,1月,11,周日,00:24:28,18788AAF,SIMBR0392,SIMR0392,SIMU0298:User 298,DENIED
2026,1月,11,周日,00:24:28,18788AAF,SIMBR0303,SIMR0303,SIMU0298:User 298,DENIED
2026,1月,11,周日,00:24:28,D87DCC23,SIMBR0123,SIMR0123,SIMU0006:User 6,DENIED
2026,1月,11,周日,00:24:28,E775A860,SIMBR0007,SIMR0007,SIMU0248:User 248,DENIED
2026,1月,11,周日,00:24:28,FEF21F79,SIMBR0113,SIMR0113,SIMU0159:User 159,DENIED
2026,1月,11,周日,00:24:28,BA6DDD0B,SIMBR0006,SIMR0006,SIMU0146:User 146,DENIED
2026,1月,11,周日,00:24:28,E2506042,SIMBR0245,SIMR0245,SIMU0101:User 101,DENIED
2026,1月,11,周日,00:24:28,94264C0C,SIMBR0228,SIMR0228,SIMU0118:User 118,DENIED
2026,1月,11,周日,00:24:28,6F12BFA3,SIMBR0290,SIMR0290,SIMU0218:User 218,DENIED
2026,1月,11,周日,00:24:28,068AFAB6,SIMBR0075,SIMR0075,SIMU0115:User 115,DENIED
2026,1月,11,周日,00:24:28,A234EF8B,SIMBR0102,SIMR0102,SIMU0069:User 69,DENIED
2026,1月,11,周日,00:24:29,582A6476,SIMBR0065,SIMR0065,SIMU0046:User 46,DENIED
2026,1月,11,周日,00:24:29,B1990B96,SIMBR0390,SIMR0390,SIMU0106:User 106,DENIED
2026,1月,11,周日,00:24:29,C6E3BF57,SIMBR0120,SIMR0120,SIMU0297:User 297,DENIED
2026,1月,11,周日,00:24:29,546575AC,SIMBR0023,SIMR0023,SIMU0140:User 140,DENIED
2026,1月,11,周日,00:24:29,BA6DDD0B,SIMBR0388,SIMR0388,SIMU0146:User 146,DENIED
2026,1月,11,周日,00:24:29,DCB76AA3,SIMBR0370,SIMR0370,SIMU0228:User 228,DENIED
2026,1月,11,周日,00:24:29,628D5BBC,SIMBR0141,SIMR0141,SIMU0041:User 41,DENIED
2026,1月,11,周日,00:24:29,3CC4126C,SIMBR0318,SIMR0318,SIMU0099:User 99,DENIED
2026,1月,11,周日,00:24:29,23858FDA,SIMBR0280,SIMR0280,SIMU0098:User 98,DENIED
2026,1月,11,周日,00:24:29,4DFA0FE5,SIMBR0352,SIMR0352,SIMU0255:User 255,DENIED
2026,1月,11,周日,00:24:29,6A6279C3,SIMBR0044,SIMR0044,SIMU0178:User 178,DENIED
2026,1月,11,周日,00:24:29,13F09473,SIMBR0359,SIMR0359,SIMU0279:User 279,DENIED
2026,1月,11,周日,00:24:29,1E4AD759,SIMBR0356,SIMR0356,SIMU0029:User 29,DENIED
2026,1月,11,周日,00:24:29,2E121B44,SIMBR0302,SIMR0302,SIMU0258:User 258,DENIED
2026,1月,11,周日,00:24:29,CA782D54,SIMBR0132,SIMR0132,SIMU0219:User 219,DENIED
2026,1月,11,周日,00:24:29,489655D2,SIMBR0301,SIMR0301,CON001:Wang Wu,DENIED
2026,1月,11,周日,00:24:29,46895123,BR011,RES026,SIMU0132:User 132,DENIED
2026,1月,11,周日,00:24:29,DA3D486F,SIMBR0340,SIMR0340,SIMU0028:User 28,DENIED
2026,1月,11,周日,00:24:29,EF6713BA,SIMBR0287,SIMR0287,SIMU0153:User 153,DENIED
2026,1月,11,周日,00:24:29,1B14F9BC,SIMBR0048,SIMR0048,SIMU0065:User 65,DENIED
2026,1月,11,周日,00:24:29,0EA23D3A,SIMBR0269,SIMR0269,SIMU0062:User 62,DENIED
2026,1月,11,周日,00:24:29,D1BB07EE,SIMBR0244,SIMR0244,SIMU0287:User 287,DENIED
2026,1月,11,周日,00:24:29,3B22F02A,SIMBR0393,SIMR0393,SIMU0299:User 299,DENIED
2026,1月,11,周日,00:24:29,10321BC3,SIMBR0147,SIMR0147,SIMU0042:User 42,DENIED
2026,1月,11,周日,00:24:29,1792E539,SIMBR0208,SIMR0208,SIMU0292:User 292,DENIED
2026,1月,11,周日,00:24:29,7D277C80,SIMBR0344,SIMR0344,SIMU0212:User 212,DENIED
2026,1月,11,周日,00:24:29,B6F02DDB,SIMBR0162,SIMR0162,SIMU0156:User 156,DENIED
2026,1月,11,周日,00:24:29,0EE439B9,SIMBR0135,SIMR0135,SIMU0004:User 4,DENIED
2026,1月,11,周日,00:24:29,FE83648E,SIMBR0231,SIMR0231,SIMU0142:User 142,DENIED
2026,1月,11,周日,00:24:29,518BCEDD,SIMBR0289,SIMR0289,SIMU0011:User 11,DENIED
2026,1月,11,周日,00:24:29,050D9DEF,SIMBR0212,SIMR0212,SIMU0128:User 128,DENIED
2026,1月,11,周日,00:24:29,B6F02DDB,SIMBR0202,SIMR0202,SIMU0156:User 156,DENIED
2026,1月,11,周日,00:24:29,16ED8B1D,SIMBR0183,SIMR0183,SIMU0073:User 73,DENIED
2026,1月,11,周日,00:24:29,050D9DEF,SIMBR0171,SIMR0171,SIMU0128:User 128,DENIED
2026,1月,11,周日,00:24:29,181D33C7,SIMBR0145,SIMR0145,SIMU0227:User 227,DENIED
2026,1月,11,周日,00:24:29,6BDE4067,SIMBR0385,SIMR0385,SIMU0114:User 114,DENIED
2026,1月,11,周日,00:24:29,3122BEFD,SIMBR0098,SIMR0098,SIMU0066:User 66,DENIED
2026,1月,11,周日,00:24:29,C44E5E52,SIMBR0125,SIMR0125,SIMU0002:User 2,DENIED
2026,1月,11,周日,00:24:29,B0DFB305,SIMBR0179,SIMR0179,SIMU0151:User 151,DENIED
2026,1月,11,周日,00:24:29,AB055C88,SIMBR0016,SIMR0016,SIMU0024:User 24,DENIED
2026,1月,11,周日,00:24:29,91E5E6B0,BR004,RES001,SIMU0079:User 79,DENIED
2026,1月,11,周日,00:24:29,75D7C714,SIMBR0326,SIMR0326,SIMU0005:User 5,DENIED
2026,1月,11,周日,00:24:29,B9D6BC00,SIMBR0353,SIMR0353,SIMU0107:User 107,DENIED
2026,1月,11,周日,00:24:29,E0F41E54,SIMBR0282,SIMR0282,SIMU0176:User 176,DENIED
2026,1月,11,周日,00:24:29,1A3D1ED6,SIMBR0088,SIMR0088,SIMU0231:User 231,DENIED
2026,1月,11,周日,00:24:29,643D2F0C,SIMBR0394,SIMR0394,SIMU0048:User 48,DENIED
2026,1月,11,周日,00:24:29,B095C629,SIMBR0169,SIMR0169,SIMU0257:User 257,DENIED
2026,1月,11,周日,00:24:29,C0993563,SIMBR0198,SIMR0198,SIMU0209:User 209,DENIED
2026,1月,11,周日,00:24:29,AF6C110D,SIMBR0250,SIMR0250,SIMU0080:User 80,DENIED
2026,1月,11,周日,00:24:29,13990099,SIMBR0151,SIMR0151,SIMU0008:User 8,DENIED
2026,1月,11,周日,00:24:29,874CC50E,SIMBR0264,SIMR0264,SIMU0036:User 36,DENIED
2026,1月,11,周日,00:24:29,61095621,SIMBR0165,SIMR0165,SIMU0137:User 137,DENIED
2026,1月,11,周日,00:24:29,7BEB2168,SIMBR0228,SIMR0228,SIMU0282:User 282,DENIED
2026,1月,11,周日,00:24:29,538EE2BF,SIMBR0105,SIMR0105,SIMU0177:User 177,DENIED
2026,1月,11,周日,00:24:29,4D153C4A,SIMBR0358,SIMR0358,SIMU0104:User 104,DENIED
2026,1月,11,周日,00:24:29,C72DAED8,SIMBR0029,SIMR0029,SIMU0117:User 117,DENIED
2026,1月,11,周日,00:24:29,5D5C3450,SIMBR0395,SIMR0395,SIMU0131:User 131,DENIED
2026,1月,11,周日,00:24:29,31C1AEEF,SIMBR0041,SIMR0041,SIMU0039:User 39,DENIED
2026,1月,11,周日,00:24:29,A9E67E95,SIMBR0147,SIMR0147,SIMU0243:User 243,DENIED
2026,1月,11,周日,00:24:29,15AB7C7D,SIMBR0300,SIMR0300,SIMU0096:User 96,DENIED
2026,1月,11,周日,00:24:29,BA841717,SIMBR0214,SIMR0214,SIMU0064:User 64,DENIED
2026,1月,11,周日,00:24:29,6C174D63,SIMBR0326,SIMR0326,SIMU0116:User 116,DENIED
2026,1月,11,周日,00:24:29,A9E67E95,SIMBR0093,SIMR0093,SIMU0243:User 243,DENIED
2026,1月,11,周日,00:24:29,85471FCB,SIMBR0281,SIMR0281,SIMU0054:User 54,DENIED
2026,1月,11,周日,00:24:29,3870BA5D,SIMBR0076,SIMR0076,SIMU0173:User 173,DENIED
2026,1月,11,周日,00:24:29,E8751622,SIMBR0023,SIMR0023,SIMU0161:User 161,DENIED
2026,1月,11,周日,00:24:29,CCACC23C,SIMBR0091,SIMR0091,SIMU0149:User 149,DENIED
2026,1月,11,周日,00:24:29,A2589816,SIMBR0146,SIMR0146,SIMU0082:User 82,DENIED
2026,1月,11,周日,00:24:29,BA841717,BR015,RES008,SIMU0064:User 64,DENIED
2026,1月,11,周日,00:24:29,A9E67E95,SIMBR0369,SIMR0369,SIMU0243:User 243,DENIED
2026,1月,11,周日,00:24:29,5E9892AA,SIMBR0022,SIMR0022,SIMU0293:User 293,DENIED
2026,1月,11,周日,00:24:29,4B59E256,SIMBR0102,SIMR0102,SIMU0182:User 182,DENIED
2026,1月,11,周日,00:24:29,7B092D88,SIMBR0147,SIMR0147,SIMU0236:User 236,DENIED
2026,1月,11,周日,00:24:29,5A758FE3,SIMBR0331,SIMR0331,SIMU0103:User 103,DENIED
2026,1月,11,周日,00:24:29,8CBA0F42,SIMBR0312,SIMR0312,SIMU0152:User 152,DENIED
2026,1月,11,周日,00:24:29,6CEC1FDF,SIMBR0149,SIMR0149,SIMU0230:User 230,DENIED
2026,1月,11,周日,00:24:29,80BC1A17,SIMBR0387,SIMR0387,SIMU0112:User 112,DENIED
2026,1月,11,周日,00:24:29,3B22F02A,SIMBR0025,SIMR0025,SIMU0299:User 299,DENIED
2026,1月,11,周日,00:24:29,4758C16D,BR016,RES009,SIMU0147:User 147,DENIED
2026,1月,11,周日,00:24:29,6E7782F8,SIMBR0008,SIMR0008,INT001:Zhao Liu,DENIED
2026,1月,11,周日,00:24:29,BA841717,SIMBR0373,SIMR0373,SIMU0064:User 64,DENIED
2026,1月,11,周日,00:24:29,D3E409F0,SIMBR0323,SIMR0323,SIMU0012:User 12,DENIED
2026,1月,11,周日,00:24:29,8E0C2F27,SIMBR0248,SIMR0248,SIMU0126:User 126,DENIED
2026,1月,11,周日,00:24:29,FEF21F79,SIMBR0332,SIMR0332,SIMU0159:User 159,DENIED
2026,1月,11,周日,00:24:29,D1BB07EE,SIMBR0160,SIMR0160,SIMU0287:User 287,DENIED
2026,1月,11,周日,00:24:29,030D82CF,SIMBR0092,SIMR0092,SIMU0207:User 207,DENIED
2026,1月,11,周日,00:24:29,FAE4DEC5,SIMBR0074,SIMR0074,SIMU0053:User 53,DENIED
2026,1月,11,周日,00:24:29,31C1AEEF,SIMBR0292,SIMR0292,SIMU0039:User 39,DENIED
2026,1月,11,周日,00:24:29,9FA88CE9,SIMBR0022,SIMR0022,SIMU0049:User 49,DENIED
2026,1月,11,周日,00:24:29,1812D558,SIMBR0202,SIMR0202,SIMU0214:User 214,DENIED
2026,1月,11,周日,00:24:29,0EA23D3A,SIMBR0169,SIMR0169,SIMU0062:User 62,DENIED
2026,1月,11,周日,00:24:29,A2903A49,BR001,RES020,SIMU0043:User 43,DENIED
2026,1月,11,周日,00:24:29,91E5E6B0,SIMBR0212,SIMR0212,SIMU0079:User 79,DENIED
2026,1月,11,周日,00:24:29,A9E67E95,SIMBR0295,SIMR0295,SIMU0243:User 243,DENIED
2026,1月,11,周日,00:24:29,6CEC1FDF,SIMBR0207,SIMR0207,SIMU0230:User 230,DENIED
2026,1月,11,周日,00:24:29,8D67E6D5,SIMBR0128,SIMR0128,SIMU0045:User 45,DENIED
2026,1月,11,周日,00:24:29,7B914E9E,SIMBR0273,SIMR0273,SIMU0215:User 215,DENIED
2026,1月,11,周日,00:24:29,050D9DEF,SIMBR0030,SIMR0030,SIMU0128:User 128,DENIED
2026,1月,11,周日,00:24:29,CB2FA116,SIMBR0331,SIMR0331,SIMU0172:User 172,DENIED
2026,1月,11,周日,00:24:29,A4F77AE3,BR024,RES017,SIMU0031:User 31,DENIED
2026,1月,11,周日,00:24:29,7CE9CF19,SIMBR0029,SIMR0029,SIMU0020:User 20,DENIED
2026,1月,11,周日,00:24:29,7CE9CF19,SIMBR0159,SIMR0159,SIMU0020:User 20,DENIED
2026,1月,11,周日,00:24:29,068AFAB6,SIMBR0202,SIMR0202,SIMU0115:User 115,DENIED
2026,1月,11,周日,00:24:29,A2903A49,SIMBR0232,SIMR0232,SIMU0043:User 43,DENIED
2026,1月,11,周日,00:24:29,24546BD0,SIMBR0172,SIMR0172,SIMU0251:User 251,DENIED
2026,1月,11,周日,00:24:29,D716AAF5,BR026,RES019,SIMU0170:User 170,DENIED
2026,1月,11,周日,00:24:29,F6E7D08A,SIMBR0328,SIMR0328,SIMU0001:User 1,DENIED
2026,1月,11,周日,00:24:29,CEC0E003,SIMBR0158,SIMR0158,SIMU0009:User 9,DENIED
2026,1月,11,周日,00:24:29,58B55845,SIMBR0167,SIMR0167,EMP002:Li Si,DENIED
2026,1月,11,周日,00:24:29,66FC8294,SIMBR0309,SIMR0309,SIMU0180:User 180,DENIED
2026,1月,11,周日,00:24:29,8CBA0F42,SIMBR0226,SIMR0226,SIMU0152:User 152,DENIED
2026,1月,11,周日,00:24:29,84F825EE,SIMBR0389,SIMR0389,SIMU0150:User 150,DENIED
2026,1月,11,周日,00:24:29,5FF2F656,SIMBR0193,SIMR0193,SIMU0120:User 120,DENIED
2026,1月,11,周日,00:24:29,20917633,SIMBR0394,SIMR0394,SIMU0296:User 296,DENIED
2026,1月,11,周日,00:24:29,643D2F0C,SIMBR0048,SIMR0048,SIMU0048:User 48,DENIED
2026,1月,11,周日,00:24:29,9FA88CE9,SIMBR0047,SIMR0047,SIMU0049:User 49,DENIED
2026,1月,11,周日,00:24:29,394DF2A8,SIMBR0088,SIMR0088,SIMU0111:User 111,DENIED
2026,1月,11,周日,00:24:29,5C4195BE,SIMBR0012,SIMR0012,SIMU0288:User 288,DENIED
2026,1月,11,周日,00:24:29,13990099,SIMBR0055,SIMR0055,SIMU0008:User 8,DENIED
2026,1月,11,周日,00:24:29,1792E539,SIMBR0185,SIMR0185,SIMU0292:User 292,DENIED
2026,1月,11,周日,00:24:29,47C3A99F,SIMBR0185,SIMR0185,SIMU0136:User 136,DENIED
2026,1月,11,周日,00:24:29,F8F80D07,SIMBR0384,SIMR0384,SIMU0253:User 253,DENIED
2026,1月,11,周日,00:24:29,3122BEFD,SIMBR0017,SIMR0017,SIMU0066:User 66,DENIED
2026,1月,11,周日,00:24:29,1DE07196,SIMBR0282,SIMR0282,SIMU0274:User 274,DENIED
2026,1月,11,周日,00:24:29,181D33C7,SIMBR0217,SIMR0217,SIMU0227:User 227,DENIED
2026,1月,11,周日,00:24:29,3122BEFD,SIMBR0340,SIMR0340,SIMU0066:User 66,DENIED
2026,1月,11,周日,00:24:29,15AB7C7D,SIMBR0174,SIMR0174,SIMU0096:User 96,DENIED
2026,1月,11,周日,00:24:29,582A6476,SIMBR0208,SIMR0208,SIMU0046:User 46,DENIED
2026,1月,11,周日,00:24:29,29200997,SIMBR0093,SIMR0093,SIMU0186:User 186,DENIED
2026,1月,11,周日,00:24:29,56619802,SIMBR0008,SIMR0008,SIMU0202:User 202,DENIED
2026,1月,11,周日,00:24:29,BA0243B9,SIMBR0185,SIMR0185,PM001:Sun Ba,DENIED
2026,1月,11,周日,00:24:29,72A4E470,SIMBR0306,SIMR0306,SIMU0268:User 268,DENIED
2026,1月,11,周日,00:24:29,128D7B1F,SIMBR0225,SIMR0225,SIMU0121:User 121,DENIED
2026,1月,11,周日,00:24:29,8E0C2F27,SIMBR0053,SIMR0053,SIMU0126:User 126,DENIED
2026,1月,11,周日,00:24:29,3DC555DE,SIMBR0277,SIMR0277,SIMU0300:User 300,DENIED
2026,1月,11,周日,00:24:29,F3B58DFF,SIMBR0089,SIMR0089,SIMU0076:User 76,DENIED
2026,1月,11,周日,00:24:29,B77EBDC0,SIMBR0308,SIMR0308,SIMU0203:User 203,DENIED
2026,1月,11,周日,00:24:29,6A6279C3,SIMBR0287,SIMR0287,SIMU0178:User 178,DENIED
2026,1月,11,周日,00:24:29,54722E38,SIMBR0216,SIMR0216,SIMU0222:User 222,DENIED
2026,1月,11,周日,00:24:29,602AF119,SIMBR0256,SIMR0256,SIMU0223:User 223,DENIED
2026,1月,11,周日,00:24:29,15AB7C7D,SIMBR0335,SIMR0335,SIMU0096:User 96,DENIED
2026,1月,11,周日,00:24:29,29200997,SIMBR0119,SIMR0119,SIMU0186:User 186,DENIED
2026,1月,11,周日,00:24:29,E0F41E54,SIMBR0111,SIMR0111,SIMU0176:User 176,DENIED
2026,1月,11,周日,00:24:29,27BDB972,SIMBR0375,SIMR0375,SIMU0244:User 244,DENIED
2026,1月,11,周日,00:24:29,49B45DCD,SIMBR0104,SIMR0104,SIMU0272:User 272,DENIED
2026,1月,11,周日,00:24:29,A0043AC2,SIMBR0193,SIMR0193,SIMU0040:User 40,DENIED
2026,1月,11,周日,00:24:29,15D30411,BR001,RES020,SIMU0289:User 289,DENIED
2026,1月,11,周日,00:24:29,DF7754DF,SIMBR0280,SIMR0280,SIMU0019:User 19,DENIED
2026,1月,11,周日,00:24:29,394DF2A8,SIMBR0308,SIMR0308,SIMU0111:User 111,DENIED
2026,1月,11,周日,00:24:29,B77EBDC0,SIMBR0228,SIMR0228,SIMU0203:User 203,DENIED
2026,1月,11,周日,00:24:29,35C69784,SIMBR0109,SIMR0109,SIMU0168:User 168,DENIED
2026,1月,11,周日,00:24:29,61095621,SIMBR0118,SIMR0118,SIMU0137:User 137,DENIED
2026,1月,11,周日,00:24:29,964B6B12,BR023,RES016,SIMU0003:User 3,DENIED
2026,1月,11,周日,00:24:29,E6D64EED,SIMBR0078,SIMR0078,SIMU0105:User 105,DENIED
2026,1月,11,周日,00:24:29,D504C218,SIMBR0239,SIMR0239,SIMU0060:User 60,DENIED
2026,1月,11,周日,00:24:29,C72DAED8,SIMBR0346,SIMR0346,SIMU0117:User 117,DENIED
2026,1月,11,周日,00:24:29,73913F8C,SIMBR0314,SIMR0314,SIMU0188:User 188,DENIED
2026,1月,11,周日,00:24:29,FB68A282,SIMBR0063,SIMR0063,SIMU0183:User 183,DENIED
2026,1月,11,周日,00:24:29,1CA3AA4C,SIMBR0159,SIMR0159,SIMU0014:User 14,DENIED
2026,1月,11,周日,00:24:29,DCB76AA3,BR010,RES004,SIMU0228:User 228,DENIED
2026,1月,11,周日,00:24:29,6FFD7F45,BR014,RES007,SIMU0198:User 198,DENIED
2026,1月,11,周日,00:24:29,4B59E256,SIMBR0048,SIMR0048,SIMU0182:User 182,DENIED
2026,1月,11,周日,00:24:29,FC05A793,SIMBR0066,SIMR0066,SIMU0071:User 71,DENIED
2026,1月,11,周日,00:24:29,3DC555DE,SIMBR0202,SIMR0202,SIMU0300:User 300,DENIED
2026,1月,11,周日,00:24:29,5334DCE6,SIMBR0027,SIMR0027,SIMU0179:User 179,DENIED
2026,1月,11,周日,00:24:29,FEF21F79,SIMBR0364,SIMR0364,SIMU0159:User 159,DENIED
2026,1月,11,周日,00:24:29,030D82CF,BR008,RES003,SIMU0207:User 207,DENIED
2026,1月,11,周日,00:24:29,CA296753,SIMBR0347,SIMR0347,SIMU0055:User 55,DENIED
2026,1月,11,周日,00:24:29,C44E5E52,SIMBR0110,SIMR0110,SIMU0002:User 2,DENIED
2026,1月,11,周日,00:24:29,94264C0C,SIMBR0353,SIMR0353,SIMU0118:User 118,DENIED
2026,1月,11,周日,00:24:29,B2D6FCB4,SIMBR0072,SIMR0072,SIMU0086:User 86,DENIED
2026,1月,11,周日,00:24:29,78D74DDD,SIMBR0032,SIMR0032,VIS001:Qian Qi,DENIED
2026,1月,11,周日,00:24:29,0540806D,SIMBR0170,SIMR0170,SIMU0265:User 265,DENIED
2026,1月,11,周日,00:24:29,57ED1495,SIMBR0266,SIMR0266,SIMU0250:User 250,DENIED
2026,1月,11,周日,00:24:29,5560EC7D,SIMBR0097,SIMR0097,SIMU0109:User 109,DENIED
2026,1月,11,周日,00:24:29,46895123,SIMBR0300,SIMR0300,SIMU0132:User 132,DENIED
2026,1月,11,周日,00:24:29,7B092D88,SIMBR0355,SIMR0355,SIMU0236:User 236,DENIED
2026,1月,11,周日,00:24:29,53A1B264,SIMBR0292,SIMR0292,SIMU0017:User 17,DENIED
2026,1月,11,周日,00:24:29,94264C0C,SIMBR0278,SIMR0278,SIMU0118:User 118,DENIED
2026,1月,11,周日,00:24:29,20917633,SIMBR0021,SIMR0021,SIMU0296:User 296,DENIED
2026,1月,11,周日,00:24:29,1792E539,SIMBR0246,SIMR0246,SIMU0292:User 292,DENIED
2026,1月,11,周日,00:24:29,068AFAB6,SIMBR0074,SIMR0074,SIMU0115:User 115,DENIED
2026,1月,11,周日,00:24:29,FC05A793,SIMBR0379,SIMR0379,SIMU0071:User 71,DENIED
2026,1月,11,周日,00:24:29,DB66EC85,BR007,RES024,SIMU0100:User 100,DENIED
2026,1月,11,周日,00:24:29,DB66EC85,SIMBR0277,SIMR0277,SIMU0100:User 100,DENIED
2026,1月,11,周日,00:24:29,BA1008EF,SIMBR0224,SIMR0224,SIMU0083:User 83,DENIED
2026,1月,11,周日,00:24:29,21A13EE6,SIMBR0104,SIMR0104,SIMU0133:User 133,DENIED
2026,1月,11,周日,00:24:29,C3943F18,SIMBR0278,SIMR0278,SIMU0113:User 113,DENIED
2026,1月,11,周日,00:24:29,A5A16F78,SIMBR0213,SIMR0213,SIMU0294:User 294,DENIED
2026,1月,11,周日,00:24:29,B1990B96,SIMBR0271,SIMR0271,SIMU0106:User 106,DENIED
2026,1月,11,周日,00:24:29,602AF119,SIMBR0371,SIMR0371,SIMU0223:User 223,DENIED
2026,1月,11,周日,00:24:29,2D060B76,SIMBR0269,SIMR0269,SIMU0162:User 162,DENIED
2026,1月,11,周日,00:24:29,7C28253F,SIMBR0396,SIMR0396,SIMU0027:User 27,DENIED
2026,1月,11,周日,00:24:29,16ED8B1D,SIMBR0253,SIMR0253,SIMU0073:User 73,DENIED
2026,1月,11,周日,00:24:29,A5A16F78,SIMBR0027,SIMR0027,SIMU0294:User 294,DENIED
2026,1月,11,周日,00:24:29,7CA376A0,SIMBR0120,SIMR0120,SIMU0102:User 102,DENIED
2026,1月,11,周日,00:24:29,8D67E6D5,SIMBR0207,SIMR0207,SIMU0045:User 45,DENIED
2026,1月,11,周日,00:24:29,29200997,SIMBR0079,SIMR0079,SIMU0186:User 186,DENIED
2026,1月,11,周日,00:24:29,EFC60F14,SIMBR0277,SIMR0277,SIMU0286:User 286,DENIED
2026,1月,11,周日,00:24:29,3CC4126C,SIMBR0328,SIMR0328,SIMU0099:User 99,DENIED
2026,1月,11,周日,00:24:30,D0871CF1,SIMBR0121,SIMR0121,SIMU0007:User 7,DENIED
2026,1月,11,周日,00:24:30,CB0F203D,SIMBR0111,SIMR0111,SIMU0124:User 124,DENIED
2026,1月,11,周日,00:24:30,9A00F337,SIMBR0234,SIMR0234,SIMU0285:User 285,DENIED
2026,1月,11,周日,00:24:30,643D2F0C,SIMBR0078,SIMR0078,SIMU0048:User 48,DENIED
2026,1月,11,周日,00:24:30,7BEB2168,SIMBR0198,SIMR0198,SIMU0282:User 282,DENIED
2026,1月,11,周日,00:24:30,C584F9D3,SIMBR0159,SIMR0159,EMP001:Zhang San,DENIED
2026,1月,11,周日,00:24:30,CCACC23C,SIMBR0203,SIMR0203,SIMU0149:User 149,DENIED
2026,1月,11,周日,00:24:30,181D33C7,SIMBR0309,SIMR0309,SIMU0227:User 227,DENIED
2026,1月,11,周日,00:24:30,1E4AD759,SIMBR0208,SIMR0208,SIMU0029:User 29,DENIED
2026,1月,11,周日,00:24:30,C57735BB,SIMBR0175,SIMR0175,SIMU0242:User 242,DENIED
2026,1月,11,周日,00:24:30,A7A30652,BR023,RES016,SIMU0094:User 94,DENIED
2026,1月,11,周日,00:24:30,78D4B102,SIMBR0269,SIMR0269,SIMU0283:User 283,DENIED
2026,1月,11,周日,00:24:30,3B7FFD92,SIMBR0105,SIMR0105,SIMU0256:User 256,DENIED
2026,1月,11,周日,00:24:30,0CFFFBA0,SIMBR0115,SIMR0115,SIMU0189:User 189,DENIED
2026,1月,11,周日,00:24:30,C73CE928,SIMBR0288,SIMR0288,SIMU0281:User 281,DENIED
2026,1月,11,周日,00:24:30,C7C3B16D,SIMBR0282,SIMR0282,SIMU0259:User 259,DENIED
2026,1月,11,周日,00:24:30,73913F8C,SIMBR0277,SIMR0277,SIMU0188:User 188,DENIED
2026,1月,11,周日,00:24:30,D87DCC23,SIMBR0353,SIMR0353,SIMU0006:User 6,DENIED
2026,1月,11,周日,00:24:30,3DC555DE,SIMBR0031,SIMR0031,SIMU0300:User 300,DENIED
2026,1月,11,周日,00:24:30,1792E539,SIMBR0166,SIMR0166,SIMU0292:User 292,DENIED
2026,1月,11,周日,00:24:30,AF6C110D,BR016,RES009,SIMU0080:User 80,DENIED
2026,1月,11,周日,00:24:30,58B690ED,SIMBR0163,SIMR0163,SIMU0081:User 81,DENIED
2026,1月,11,周日,00:24:30,128D7B1F,SIMBR0086,SIMR0086,SIMU0121:User 121,DENIED
2026,1月,11,周日,00:24:30,8884A944,SIMBR0016,SIMR0016,SIMU0295:User 295,DENIED
2026,1月,11,周日,00:24:30,BA821DBA,SIMBR0120,SIMR0120,SIMU0148:User 148,DENIED
2026,1月,11,周日,00:24:30,7C3923AE,SIMBR0071,SIMR0071,SIMU0210:User 210,DENIED
2026,1月,11,周日,00:24:30,964B6B12,SIMBR0030,SIMR0030,SIMU0003:User 3,DENIED
2026,1月,11,周日,00:24:30,C718E607,SIMBR0392,SIMR0392,SIMU0089:User 89,DENIED
2026,1月,11,周日,00:24:30,0DE450B1,SIMBR0314,SIMR0314,SIMU0016:User 16,DENIED
2026,1月,11,周日,00:24:30,C0F19B1C,SIMBR0256,SIMR0256,SIMU0155:User 155,DENIED
2026,1月,11,周日,00:24:30,F9B71846,SIMBR0224,SIMR0224,SIMU0196:User 196,DENIED
2026,1月,11,周日,00:24:30,BA893511,SIMBR0300,SIMR0300,SIMU0269:User 269,DENIED
2026,1月,11,周日,00:24:30,0540806D,SIMBR0169,SIMR0169,SIMU0265:User 265,DENIED
2026,1月,11,周日,00:24:30,95379CDB,SIMBR0220,SIMR0220,f46ee39b-ac9d-4193-a478-f8cfc35cec07:gagaga a,DENIED
2026,1月,11,周日,00:24:30,BC450719,SIMBR0354,SIMR0354,SIMU0013:User 13,DENIED
2026,1月,11,周日,00:24:30,3B7FFD92,SIMBR0381,SIMR0381,SIMU0256:User 256,DENIED
2026,1月,11,周日,00:24:30,58B690ED,SIMBR0383,SIMR0383,SIMU0081:User 81,DENIED
2026,1月,11,周日,00:24:30,C6173DD5,SIMBR0085,SIMR0085,SIMU0023:User 23,DENIED
2026,1月,11,周日,00:24:30,13990099,SIMBR0230,SIMR0230,SIMU0008:User 8,DENIED
2026,1月,11,周日,00:24:30,F0ADE55C,SIMBR0072,SIMR0072,SIMU0237:User 237,DENIED
2026,1月,11,周日,00:24:30,15D30411,BR010,RES004,SIMU0289:User 289,DENIED
2026,1月,11,周日,00:24:30,C73CE928,SIMBR0081,SIMR0081,SIMU0281:User 281,DENIED
2026,1月,11,周日,00:24:30,18788AAF,SIMBR0262,SIMR0262,SIMU0298:User 298,DENIED
2026,1月,11,周日,00:24:30,A2903A49,SIMBR0370,SIMR0370,SIMU0043:User 43,DENIED
2026,1月,11,周日,00:24:30,F04FDB11,SIMBR0250,SIMR0250,SIMU0125:User 125,DENIED
2026,1月,11,周日,00:24:30,4758C16D,SIMBR0356,SIMR0356,SIMU0147:User 147,DENIED
2026,1月,11,周日,00:24:30,B33C40D7,SIMBR0339,SIMR0339,SIMU0015:User 15,DENIED
2026,1月,11,周日,00:24:30,C44E5E52,SIMBR0061,SIMR0061,SIMU0002:User 2,DENIED
2026,1月,11,周日,00:24:30,4D83FE2E,SIMBR0262,SIMR0262,SIMU0056:User 56,DENIED
2026,1月,11,周日,00:24:30,9FA88CE9,BR016,RES009,SIMU0049:User 49,DENIED
2026,1月,11,周日,00:24:30,050D9DEF,SIMBR0250,SIMR0250,SIMU0128:User 128,DENIED
2026,1月,11,周日,00:24:30,4AF57AEF,BR024,RES017,SIMU0193:User 193,DENIED
2026,1月,11,周日,00:24:30,D87DCC23,SIMBR0206,SIMR0206,SIMU0006:User 6,DENIED
2026,1月,11,周日,00:24:30,72A4E470,SIMBR0126,SIMR0126,SIMU0268:User 268,DENIED
2026,1月,11,周日,00:24:30,0EE439B9,SIMBR0304,SIMR0304,SIMU0004:User 4,DENIED
2026,1月,11,周日,00:24:30,C04BAEE8,SIMBR0087,SIMR0087,SIMU0129:User 129,DENIED
2026,1月,11,周日,00:24:30,C2F816DD,SIMBR0114,SIMR0114,SIMU0266:User 266,DENIED
2026,1月,11,周日,00:24:30,BA821DBA,SIMBR0142,SIMR0142,SIMU0148:User 148,DENIED
2026,1月,11,周日,00:24:30,518BCEDD,SIMBR0284,SIMR0284,SIMU0011:User 11,DENIED
2026,1月,11,周日,00:24:30,495297EE,SIMBR0232,SIMR0232,SIMU0038:User 38,DENIED
2026,1月,11,周日,00:24:30,A51F7B4F,SIMBR0087,SIMR0087,SIMU0277:User 277,DENIED
2026,1月,11,周日,00:24:30,DB66EC85,SIMBR0089,SIMR0089,SIMU0100:User 100,DENIED
2026,1月,11,周日,00:24:30,24546BD0,SIMBR0363,SIMR0363,SIMU0251:User 251,DENIED
2026,1月,11,周日,00:24:30,0FB515EE,SIMBR0162,SIMR0162,SIMU0033:User 33,DENIED
2026,1月,11,周日,00:24:30,20D788EC,SIMBR0153,SIMR0153,SIMU0271:User 271,DENIED
2026,1月,11,周日,00:24:30,C57735BB,SIMBR0387,SIMR0387,SIMU0242:User 242,DENIED
2026,1月,11,周日,00:24:30,1EE4C053,SIMBR0318,SIMR0318,SIMU0026:User 26,DENIED
2026,1月,11,周日,00:24:30,6F12BFA3,SIMBR0029,SIMR0029,SIMU0218:User 218,DENIED
2026,1月,11,周日,00:24:30,3B9B3EAE,SIMBR0243,SIMR0243,SIMU0144:User 144,DENIED
2026,1月,11,周日,00:24:30,20917633,SIMBR0025,SIMR0025,SIMU0296:User 296,DENIED
2026,1月,11,周日,00:24:30,853BC8DF,SIMBR0122,SIMR0122,SIMU0092:User 92,DENIED
2026,1月,11,周日,00:24:30,A5DEC594,SIMBR0383,SIMR0383,SIMU0084:User 84,DENIED
2026,1月,11,周日,00:24:30,2D060B76,SIMBR0265,SIMR0265,SIMU0162:User 162,DENIED
2026,1月,11,周日,00:24:30,A74F536B,SIMBR0259,SIMR0259,SIMU0097:User 97,DENIED
2026,1月,11,周日,00:24:30,DCB76AA3,BR020,RES013,SIMU0228:User 228,DENIED
2026,1月,11,周日,00:24:30,95777979,SIMBR0266,SIMR0266,SIMU0051:User 51,DENIED
2026,1月,11,周日,00:24:30,8C19D42A,BR006,RES002,SIMU0284:User 284,DENIED
2026,1月,11,周日,00:24:30,21A13EE6,SIMBR0063,SIMR0063,SIMU0133:User 133,DENIED
2026,1月,11,周日,00:24:30,FEB7592C,SIMBR0015,SIMR0015,SIMU0059:User 59,DENIED
2026,1月,11,周日,00:24:30,C72DAED8,BR011,RES026,SIMU0117:User 117,DENIED
2026,1月,11,周日,00:24:30,24DE0286,SIMBR0250,SIMR0250,SIMU0221:User 221,DENIED
2026,1月,11,周日,00:24:30,DF7754DF,SIMBR0184,SIMR0184,SIMU0019:User 19,DENIED
2026,1月,11,周日,00:24:30,C44E5E52,SIMBR0023,SIMR0023,SIMU0002:User 2,DENIED
2026,1月,11,周日,00:24:30,359F9D02,SIMBR0168,SIMR0168,SIMU0087:User 87,DENIED
2026,1月,11,周日,00:24:30,40A1D543,SIMBR0079,SIMR0079,SIMU0267:User 267,DENIED
2026,1月,11,周日,00:24:30,8E0C2F27,SIMBR0308,SIMR0308,SIMU0126:User 126,DENIED
2026,1月,11,周日,00:24:30,538EE2BF,SIMBR0262,SIMR0262,SIMU0177:User 177,DENIED
2026,1月,11,周日,00:24:30,FAE4DEC5,SIMBR0360,SIMR0360,SIMU0053:User 53,DENIED
2026,1月,11,周日,00:24:30,54722E38,SIMBR0074,SIMR0074,SIMU0222:User 222,DENIED
2026,1月,11,周日,00:24:30,4DFA0FE5,SIMBR0071,SIMR0071,SIMU0255:User 255,DENIED
2026,1月,11,周日,00:24:30,CBD2A48A,SIMBR0358,SIMR0358,SIMU0021:User 21,DENIED
2026,1月,11,周日,00:24:30,45B37997,SIMBR0173,SIMR0173,SIMU0163:User 163,DENIED
2026,1月,11,周日,00:24:30,16ED8B1D,SIMBR0157,SIMR0157,SIMU0073:User 73,DENIED
2026,1月,11,周日,00:24:30,85471FCB,SIMBR0334,SIMR0334,SIMU0054:User 54,DENIED
2026,1月,11,周日,00:24:30,5A758FE3,BR017,RES010,SIMU0103:User 103,DENIED
2026,1月,11,周日,00:24:30,0CFFFBA0,SIMBR0103,SIMR0103,SIMU0189:User 189,DENIED
2026,1月,11,周日,00:24:30,7B914E9E,SIMBR0029,SIMR0029,SIMU0215:User 215,DENIED
2026,1月,11,周日,00:24:30,D716AAF5,SIMBR0256,SIMR0256,SIMU0170:User 170,DENIED
2026,1月,11,周日,00:24:30,6FFD7F45,SIMBR0236,SIMR0236,SIMU0198:User 198,DENIED
2026,1月,11,周日,00:24:30,E0F41E54,SIMBR0167,SIMR0167,SIMU0176:User 176,DENIED
2026,1月,11,周日,00:24:30,D3E409F0,SIMBR0251,SIMR0251,SIMU0012:User 12,DENIED
2026,1月,11,周日,00:24:30,40A1D543,SIMBR0020,SIMR0020,SIMU0267:User 267,DENIED
2026,1月,11,周日,00:24:30,58B55845,SIMBR0192,SIMR0192,EMP002:Li Si,DENIED
2026,1月,11,周日,00:24:30,F0ADE55C,SIMBR0271,SIMR0271,SIMU0237:User 237,DENIED
2026,1月,11,周日,00:24:30,75D7C714,SIMBR0104,SIMR0104,SIMU0005:User 5,DENIED
2026,1月,11,周日,00:24:30,1B14F9BC,SIMBR0101,SIMR0101,SIMU0065:User 65,DENIED
2026,1月,11,周日,00:24:30,8884A944,SIMBR0087,SIMR0087,SIMU0295:User 295,DENIED
2026,1月,11,周日,00:24:30,397975BA,SIMBR0133,SIMR0133,SIMU0164:User 164,DENIED
2026,1月,11,周日,00:24:30,3122BEFD,SIMBR0284,SIMR0284,SIMU0066:User 66,DENIED
2026,1月,11,周日,00:24:30,35C69784,SIMBR0252,SIMR0252,SIMU0168:User 168,DENIED
2026,1月,11,周日,00:24:30,37E9D9C0,SIMBR0076,SIMR0076,SIMU0034:User 34,DENIED
2026,1月,11,周日,00:24:30,E775A860,SIMBR0330,SIMR0330,SIMU0248:User 248,DENIED
2026,1月,11,周日,00:24:30,8C19D42A,SIMBR0208,SIMR0208,SIMU0284:User 284,DENIED
2026,1月,11,周日,00:24:30,3DDB17B7,SIMBR0147,SIMR0147,SIMU0044:User 44,DENIED
2026,1月,11,周日,00:24:30,53A1B264,SIMBR0170,SIMR0170,SIMU0017:User 17,DENIED
2026,1月,11,周日,00:24:30,B095C629,SIMBR0162,SIMR0162,SIMU0257:User 257,DENIED
2026,1月,11,周日,00:24:30,6A6279C3,SIMBR0012,SIMR0012,SIMU0178:User 178,DENIED
2026,1月,11,周日,00:24:30,602AF119,BR020,RES013,SIMU0223:User 223,DENIED
2026,1月,11,周日,00:24:30,80BC1A17,SIMBR0036,SIMR0036,SIMU0112:User 112,DENIED
2026,1月,11,周日,00:24:30,853BC8DF,SIMBR0228,SIMR0228,SIMU0092:User 92,DENIED
2026,1月,11,周日,00:24:30,44B3ADEE,SIMBR0035,SIMR0035,SIMU0157:User 157,DENIED
2026,1月,11,周日,00:24:30,C3943F18,SIMBR0150,SIMR0150,SIMU0113:User 113,DENIED
2026,1月,11,周日,00:24:30,FC9C0D71,SIMBR0326,SIMR0326,SIMU0093:User 93,DENIED
2026,1月,11,周日,00:24:30,DB66EC85,SIMBR0008,SIMR0008,SIMU0100:User 100,DENIED
2026,1月,11,周日,00:24:30,602AF119,SIMBR0208,SIMR0208,SIMU0223:User 223,DENIED
2026,1月,11,周日,00:24:30,D3E409F0,SIMBR0274,SIMR0274,SIMU0012:User 12,DENIED
2026,1月,11,周日,00:24:30,983FD996,SIMBR0154,SIMR0154,SIMU0225:User 225,DENIED
2026,1月,11,周日,00:24:30,33F39C8F,SIMBR0388,SIMR0388,SIMU0205:User 205,DENIED
2026,1月,11,周日,00:24:30,354118DA,SIMBR0230,SIMR0230,SIMU0052:User 52,DENIED
2026,1月,11,周日,00:24:30,5C4195BE,SIMBR0006,SIMR0006,SIMU0288:User 288,DENIED
2026,1月,11,周日,00:24:30,E137F666,SIMBR0380,SIMR0380,SIMU0220:User 220,DENIED
2026,1月,11,周日,00:24:30,BA0243B9,SIMBR0081,SIMR0081,PM001:Sun Ba,DENIED
2026,1月,11,周日,00:24:30,57ED1495,SIMBR0104,SIMR0104,SIMU0250:User 250,DENIED
2026,1月,11,周日,00:24:30,F853E5E9,SIMBR0265,SIMR0265,SIMU0119:User 119,DENIED
2026,1月,11,周日,00:24:30,3EA1EF87,SIMBR0184,SIMR0184,SIMU0229:User 229,DENIED
2026,1月,11,周日,00:24:30,20D788EC,SIMBR0033,SIMR0033,SIMU0271:User 271,DENIED
2026,1月,11,周日,00:24:30,0EE439B9,SIMBR0288,SIMR0288,SIMU0004:User 4,DENIED
2026,1月,11,周日,00:24:30,36330273,SIMBR0364,SIMR0364,SIMU0291:User 291,DENIED
2026,1月,11,周日,00:24:30,86937632,SIMBR0084,SIMR0084,SIMU0187:User 187,DENIED
2026,1月,11,周日,00:24:30,5D5C3450,SIMBR0353,SIMR0353,SIMU0131:User 131,DENIED
2026,1月,11,周日,00:24:30,57DBFC15,SIMBR0103,SIMR0103,SIMU0290:User 290,DENIED
2026,1月,11,周日,00:24:30,2289A51E,SIMBR0362,SIMR0362,SIMU0273:User 273,DENIED
2026,1月,11,周日,00:24:30,C0CB4AFF,SIMBR0215,SIMR0215,SIMU0235:User 235,DENIED
2026,1月,11,周日,00:24:30,E2506042,SIMBR0133,SIMR0133,SIMU0101:User 101,DENIED
2026,1月,11,周日,00:24:30,C0F19B1C,BR015,RES008,SIMU0155:User 155,DENIED
2026,1月,11,周日,00:24:30,B9D6BC00,SIMBR0348,SIMR0348,SIMU0107:User 107,DENIED
2026,1月,11,周日,00:24:30,701D5B3A,SIMBR0011,SIMR0011,SIMU0211:User 211,DENIED
2026,1月,11,周日,00:24:30,701D5B3A,SIMBR0204,SIMR0204,SIMU0211:User 211,DENIED
2026,1月,11,周日,00:24:30,61095621,SIMBR0006,SIMR0006,SIMU0137:User 137,DENIED
2026,1月,11,周日,00:24:30,1B14F9BC,SIMBR0143,SIMR0143,SIMU0065:User 65,DENIED
2026,1月,11,周日,00:24:30,A234EF8B,SIMBR0228,SIMR0228,SIMU0069:User 69,DENIED
2026,1月,11,周日,00:24:30,36330273,SIMBR0323,SIMR0323,SIMU0291:User 291,DENIED
2026,1月,11,周日,00:24:30,18788AAF,SIMBR0092,SIMR0092,SIMU0298:User 298,DENIED
2026,1月,11,周日,00:24:30,35C69784,SIMBR0194,SIMR0194,SIMU0168:User 168,DENIED
2026,1月,11,周日,00:24:30,4D153C4A,SIMBR0123,SIMR0123,SIMU0104:User 104,DENIED
2026,1月,11,周日,00:24:30,F04FDB11,SIMBR0093,SIMR0093,SIMU0125:User 125,DENIED
2026,1月,11,周日,00:24:30,FC9C0D71,SIMBR0001,SIMR0001,SIMU0093:User 93,DENIED
2026,1月,11,周日,00:24:30,D3E409F0,SIMBR0150,SIMR0150,SIMU0012:User 12,DENIED
2026,1月,11,周日,00:24:30,94264C0C,SIMBR0172,SIMR0172,SIMU0118:User 118,DENIED
2026,1月,11,周日,00:24:30,EF6713BA,SIMBR0051,SIMR0051,SIMU0153:User 153,DENIED
2026,1月,11,周日,00:24:30,AA3155BB,SIMBR0275,SIMR0275,SIMU0050:User 50,DENIED
2026,1月,11,周日,00:24:30,A53931BD,SIMBR0161,SIMR0161,SIMU0058:User 58,DENIED
2026,1月,11,周日,00:24:30,EFC60F14,SIMBR0187,SIMR0187,SIMU0286:User 286,DENIED
2026,1月,11,周日,00:24:30,F0ADE55C,SIMBR0195,SIMR0195,SIMU0237:User 237,DENIED
2026,1月,11,周日,00:24:30,905C3DCB,SIMBR0031,SIMR0031,SIMU0070:User 70,DENIED
2026,1月,11,周日,00:24:30,C04BAEE8,SIMBR0096,SIMR0096,SIMU0129:User 129,DENIED
2026,1月,11,周日,00:24:30,273F3B3E,SIMBR0040,SIMR0040,SIMU0224:User 224,DENIED
2026,1月,11,周日,00:24:30,3B22F02A,SIMBR0192,SIMR0192,SIMU0299:User 299,DENIED
2026,1月,11,周日,00:24:30,3DC555DE,SIMBR0112,SIMR0112,SIMU0300:User 300,DENIED
2026,1月,11,周日,00:24:30,D87DCC23,SIMBR0002,SIMR0002,SIMU0006:User 6,DENIED
2026,1月,11,周日,00:24:30,7C3923AE,SIMBR0030,SIMR0030,SIMU0210:User 210,DENIED
2026,1月,11,周日,00:24:30,273D28BF,BR007,RES024,SIMU0057:User 57,DENIED
2026,1月,11,周日,00:24:30,4D83FE2E,SIMBR0358,SIMR0358,SIMU0056:User 56,DENIED
2026,1月,11,周日,00:24:30,495297EE,SIMBR0036,SIMR0036,SIMU0038:User 38,DENIED
2026,1月,11,周日,00:24:30,DB66EC85,SIMBR0205,SIMR0205,SIMU0100:User 100,DENIED
2026,1月,11,周日,00:24:30,2EEB40A9,SIMBR0265,SIMR0265,SIMU0260:User 260,DENIED
2026,1月,11,周日,00:24:30,C1CE8342,SIMBR0319,SIMR0319,SIMU0018:User 18,DENIED
2026,1月,11,周日,00:24:30,24DE0286,SIMBR0282,SIMR0282,SIMU0221:User 221,DENIED
2026,1月,11,周日,00:24:30,48744B29,SIMBR0197,SIMR0197,SIMU0035:User 35,DENIED
2026,1月,11,周日,00:24:30,EF6713BA,SIMBR0350,SIMR0350,SIMU0153:User 153,DENIED
2026,1月,11,周日,00:24:30,1A88116F,SIMBR0066,SIMR0066,SIMU0063:User 63,DENIED
2026,1月,11,周日,00:24:30,C04BAEE8,SIMBR0218,SIMR0218,SIMU0129:User 129,DENIED
2026,1月,11,周日,00:24:30,15AB7C7D,BR019,RES012,SIMU0096:User 96,DENIED
2026,1月,11,周日,00:24:30,181D33C7,BR008,RES003,SIMU0227:User 227,DENIED
2026,1月,11,周日,00:24:30,C50459DB,SIMBR0032,SIMR0032,SIMU0262:User 262,DENIED
2026,1月,11,周日,00:24:30,0641BA46,SIMBR0029,SIMR0029,SIMU0085:User 85,DENIED
2026,1月,11,周日,00:24:30,2289A51E,SIMBR0278,SIMR0278,SIMU0273:User 273,DENIED
2026,1月,11,周日,00:24:30,7D277C80,SIMBR0307,SIMR0307,SIMU0212:User 212,DENIED
2026,1月,11,周日,00:24:30,3EA1EF87,SIMBR0339,SIMR0339,SIMU0229:User 229,DENIED
2026,1月,11,周日,00:24:30,58B55845,SIMBR0024,SIMR0024,EMP002:Li Si,DENIED
2026,1月,11,周日,00:24:30,AF6C110D,SIMBR0054,SIMR0054,SIMU0080:User 80,DENIED
2026,1月,11,周日,00:24:30,1EBD89C8,SIMBR0320,SIMR0320,SIMU0123:User 123,DENIED
2026,1月,11,周日,00:24:30,E2F9D137,SIMBR0017,SIMR0017,SIMU0217:User 217,DENIED
2026,1月,11,周日,00:24:30,030D82CF,SIMBR0025,SIMR0025,SIMU0207:User 207,DENIED
2026,1月,11,周日,00:24:30,7413D955,SIMBR0232,SIMR0232,SIMU0075:User 75,DENIED
2026,1月,11,周日,00:24:30,FBFF5A63,SIMBR0197,SIMR0197,SIMU0184:User 184,DENIED
2026,1月,11,周日,00:24:30,5FF2F656,SIMBR0014,SIMR0014,SIMU0120:User 120,DENIED
2026,1月,11,周日,00:24:30,36330273,SIMBR0024,SIMR0024,SIMU0291:User 291,DENIED
2026,1月,11,周日,00:24:30,36330273,SIMBR0348,SIMR0348,SIMU0291:User 291,DENIED
2026,1月,11,周日,00:24:30,B77EBDC0,SIMBR0014,SIMR0014,SIMU0203:User 203,DENIED
2026,1月,11,周日,00:24:31,C73CE928,SIMBR0369,SIMR0369,SIMU0281:User 281,DENIED
2026,1月,11,周日,00:24:31,44B3ADEE,SIMBR0239,SIMR0239,SIMU0157:User 157,DENIED
2026,1月,11,周日,00:24:31,10321BC3,SIMBR0009,SIMR0009,SIMU0042:User 42,DENIED
2026,1月,11,周日,00:24:31,45BE30A8,SIMBR0024,SIMR0024,8d1a5202-9052-4f93-bf5a-4deffdf65fd3:a q,DENIED
2026,1月,11,周日,00:24:31,0CFFFBA0,SIMBR0057,SIMR0057,SIMU0189:User 189,DENIED
2026,1月,11,周日,00:24:31,D3799252,SIMBR0396,SIMR0396,SIMU0022:User 22,DENIED
2026,1月,11,周日,00:24:31,1EE4C053,BR024,RES017,SIMU0026:User 26,DENIED
2026,1月,11,周日,00:24:31,1E4AD759,SIMBR0073,SIMR0073,SIMU0029:User 29,DENIED
2026,1月,11,周日,00:24:31,D504C218,SIMBR0155,SIMR0155,SIMU0060:User 60,DENIED
2026,1月,11,周日,00:24:31,81F12C1B,SIMBR0378,SIMR0378,SIMU0200:User 200,DENIED
2026,1月,11,周日,00:24:31,6CEC1FDF,SIMBR0113,SIMR0113,SIMU0230:User 230,DENIED
2026,1月,11,周日,00:24:31,9A00F337,SIMBR0177,SIMR0177,SIMU0285:User 285,DENIED
2026,1月,11,周日,00:24:31,F90964BF,SIMBR0221,SIMR0221,SIMU0091:User 91,DENIED
2026,1月,11,周日,00:24:31,94264C0C,SIMBR0247,SIMR0247,SIMU0118:User 118,DENIED
2026,1月,11,周日,00:24:31,31C1AEEF,SIMBR0030,SIMR0030,SIMU0039:User 39,DENIED
2026,1月,11,周日,00:24:31,AE2F46DE,SIMBR0342,SIMR0342,SIMU0232:User 232,DENIED
2026,1月,11,周日,00:24:31,A234EF8B,SIMBR0322,SIMR0322,SIMU0069:User 69,DENIED
2026,1月,11,周日,00:24:31,69A8F764,SIMBR0312,SIMR0312,SIMU0240:User 240,DENIED
2026,1月,11,周日,00:24:31,D78DDFDE,SIMBR0193,SIMR0193,SIMU0252:User 252,DENIED
2026,1月,11,周日,00:24:31,B33C40D7,SIMBR0313,SIMR0313,SIMU0015:User 15,DENIED
2026,1月,11,周日,00:24:31,8B29C7CC,SIMBR0010,SIMR0010,SIMU0175:User 175,DENIED
2026,1月,11,周日,00:24:31,C31E01F0,SIMBR0194,SIMR0194,SIMU0192:User 192,DENIED
2026,1月,11,周日,00:24:31,8D67E6D5,SIMBR0100,SIMR0100,SIMU0045:User 45,DENIED
2026,1月,11,周日,00:24:31,0EE439B9,SIMBR0301,SIMR0301,SIMU0004:User 4,DENIED
2026,1月,11,周日,00:24:31,8884A944,SIMBR0272,SIMR0272,SIMU0295:User 295,DENIED
2026,1月,11,周日,00:24:31,9D3B8CFC,SIMBR0009,SIMR0009,SIMU0095:User 95,DENIED
2026,1月,11,周日,00:24:31,BA821DBA,SIMBR0370,SIMR0370,SIMU0148:User 148,DENIED
2026,1月,11,周日,00:24:31,8D67E6D5,SIMBR0342,SIMR0342,SIMU0045:User 45,DENIED
2026,1月,11,周日,00:24:31,0DE450B1,SIMBR0077,SIMR0077,SIMU0016:User 16,DENIED
2026,1月,11,周日,00:24:31,559213A2,SIMBR0203,SIMR0203,SIMU0047:User 47,DENIED
2026,1月,11,周日,00:24:31,5A758FE3,SIMBR0266,SIMR0266,SIMU0103:User 103,DENIED
2026,1月,11,周日,00:24:31,1E74F408,SIMBR0191,SIMR0191,SIMU0171:User 171,DENIED
2026,1月,11,周日,00:24:31,C0CB4AFF,SIMBR0174,SIMR0174,SIMU0235:User 235,DENIED
2026,1月,11,周日,00:24:31,91E5E6B0,SIMBR0266,SIMR0266,SIMU0079:User 79,DENIED
2026,1月,11,周日,00:24:31,EF6713BA,SIMBR0152,SIMR0152,SIMU0153:User 153,DENIED
2026,1月,11,周日,00:24:31,3B9B3EAE,SIMBR0259,SIMR0259,SIMU0144:User 144,DENIED
2026,1月,11,周日,00:24:31,F6E7D08A,SIMBR0134,SIMR0134,SIMU0001:User 1,DENIED
2026,1月,11,周日,00:24:31,9FA88CE9,SIMBR0398,SIMR0398,SIMU0049:User 49,DENIED
2026,1月,11,周日,00:24:31,E393950E,SIMBR0056,SIMR0056,SIMU0195:User 195,DENIED
2026,1月,11,周日,00:24:31,FE83648E,SIMBR0284,SIMR0284,SIMU0142:User 142,DENIED
2026,1月,11,周日,00:24:31,D0171F97,BR002,RES021,SIMU0032:User 32,DENIED
2026,1月,11,周日,00:24:31,B0DFB305,SIMBR0321,SIMR0321,SIMU0151:User 151,DENIED
2026,1月,11,周日,00:24:31,D49E4724,SIMBR0084,SIMR0084,SIMU0278:User 278,DENIED
2026,1月,11,周日,00:24:31,A51F7B4F,SIMBR0216,SIMR0216,SIMU0277:User 277,DENIED
2026,1月,11,周日,00:24:31,8884A944,SIMBR0171,SIMR0171,SIMU0295:User 295,DENIED
2026,1月,11,周日,00:24:31,10321BC3,SIMBR0368,SIMR0368,SIMU0042:User 42,DENIED
2026,1月,11,周日,00:24:31,23858FDA,SIMBR0116,SIMR0116,SIMU0098:User 98,DENIED
2026,1月,11,周日,00:24:31,57ED1495,BR017,RES010,SIMU0250:User 250,DENIED
2026,1月,11,周日,00:24:31,FC05A793,SIMBR0082,SIMR0082,SIMU0071:User 71,DENIED
2026,1月,11,周日,00:24:31,6213A883,SIMBR0351,SIMR0351,SIMU0249:User 249,DENIED
2026,1月,11,周日,00:24:31,BA841717,SIMBR0114,SIMR0114,SIMU0064:User 64,DENIED
2026,1月,11,周日,00:24:31,3B7FFD92,SIMBR0298,SIMR0298,SIMU0256:User 256,DENIED
2026,1月,11,周日,00:24:31,CA296753,SIMBR0203,SIMR0203,SIMU0055:User 55,DENIED
2026,1月,11,周日,00:24:31,54C5EDBD,SIMBR0143,SIMR0143,SIMU0145:User 145,DENIED
2026,1月,11,周日,00:24:31,D832D5F3,SIMBR0335,SIMR0335,SIMU0261:User 261,DENIED
2026,1月,11,周日,00:24:31,24A968FA,SIMBR0017,SIMR0017,SIMU0241:User 241,DENIED
2026,1月,11,周日,00:24:31,29200997,SIMBR0190,SIMR0190,SIMU0186:User 186,DENIED
2026,1月,11,周日,00:24:31,E2506042,BR021,RES014,SIMU0101:User 101,DENIED
2026,1月,11,周日,00:24:31,3DDB17B7,SIMBR0266,SIMR0266,SIMU0044:User 44,DENIED
2026,1月,11,周日,00:24:31,518BCEDD,SIMBR0061,SIMR0061,SIMU0011:User 11,DENIED
2026,1月,11,周日,00:24:31,BA821DBA,SIMBR0081,SIMR0081,SIMU0148:User 148,DENIED
2026,1月,11,周日,00:24:31,BA0243B9,SIMBR0172,SIMR0172,PM001:Sun Ba,DENIED
2026,1月,11,周日,00:24:31,538EE2BF,SIMBR0174,SIMR0174,SIMU0177:User 177,DENIED
2026,1月,11,周日,00:24:31,3122BEFD,BR022,RES015,SIMU0066:User 66,DENIED
2026,1月,11,周日,00:24:31,7B914E9E,SIMBR0396,SIMR0396,SIMU0215:User 215,DENIED
2026,1月,11,周日,00:24:31,6FFD7F45,SIMBR0395,SIMR0395,SIMU0198:User 198,DENIED
2026,1月,11,周日,00:24:31,C46D887F,SIMBR0338,SIMR0338,SIMU0254:User 254,DENIED
2026,1月,11,周日,00:24:31,874CC50E,SIMBR0296,SIMR0296,SIMU0036:User 36,DENIED
2026,1月,11,周日,00:24:31,47C3A99F,SIMBR0155,SIMR0155,SIMU0136:User 136,DENIED
2026,1月,11,周日,00:24:31,F3B58DFF,SIMBR0305,SIMR0305,SIMU0076:User 76,DENIED
2026,1月,11,周日,00:24:31,FBFF5A63,SIMBR0327,SIMR0327,SIMU0184:User 184,DENIED
2026,1月,11,周日,00:24:31,8E0C2F27,BR019,RES012,SIMU0126:User 126,DENIED
2026,1月,11,周日,00:24:31,FB68A282,SIMBR0385,SIMR0385,SIMU0183:User 183,DENIED
2026,1月,11,周日,00:24:31,050D9DEF,SIMBR0025,SIMR0025,SIMU0128:User 128,DENIED
2026,1月,11,周日,00:24:31,A7A30652,SIMBR0182,SIMR0182,SIMU0094:User 94,DENIED
2026,1月,11,周日,00:24:31,CB1ACCC7,SIMBR0383,SIMR0383,SIMU0110:User 110,DENIED
2026,1月,11,周日,00:24:31,3122BEFD,SIMBR0255,SIMR0255,SIMU0066:User 66,DENIED
2026,1月,11,周日,00:24:31,359F9D02,BR017,RES010,SIMU0087:User 87,DENIED
2026,1月,11,周日,00:24:31,BA6DDD0B,SIMBR0119,SIMR0119,SIMU0146:User 146,DENIED
2026,1月,11,周日,00:24:31,D0871CF1,SIMBR0204,SIMR0204,SIMU0007:User 7,DENIED
2026,1月,11,周日,00:24:31,2EEB40A9,SIMBR0186,SIMR0186,SIMU0260:User 260,DENIED
2026,1月,11,周日,00:24:31,397975BA,SIMBR0041,SIMR0041,SIMU0164:User 164,DENIED
2026,1月,11,周日,00:24:31,49B45DCD,SIMBR0348,SIMR0348,SIMU0272:User 272,DENIED
2026,1月,11,周日,00:24:31,56C4C8CF,SIMBR0063,SIMR0063,SIMU0077:User 77,DENIED
2026,1月,11,周日,00:24:31,20D788EC,SIMBR0036,SIMR0036,SIMU0271:User 271,DENIED
2026,1月,11,周日,00:24:31,853BC8DF,BR003,RES022,SIMU0092:User 92,DENIED
2026,1月,11,周日,00:24:31,1792E539,SIMBR0128,SIMR0128,SIMU0292:User 292,DENIED
2026,1月,11,周日,00:24:31,CA15B29F,SIMBR0351,SIMR0351,SIMU0206:User 206,DENIED
2026,1月,11,周日,00:24:31,E137F666,SIMBR0167,SIMR0167,SIMU0220:User 220,DENIED
2026,1月,11,周日,00:24:31,983FD996,SIMBR0160,SIMR0160,SIMU0225:User 225,DENIED
2026,1月,11,周日,00:24:31,FD75651D,SIMBR0088,SIMR0088,SIMU0238:User 238,DENIED
2026,1月,11,周日,00:24:31,6E7782F8,SIMBR0127,SIMR0127,INT001:Zhao Liu,DENIED
2026,1月,11,周日,00:24:31,0641BA46,SIMBR0372,SIMR0372,SIMU0085:User 85,DENIED
2026,1月,11,周日,00:24:31,11BD165A,SIMBR0231,SIMR0231,SIMU0154:User 154,DENIED
2026,1月,11,周日,00:24:31,45BE30A8,SIMBR0061,SIMR0061,8d1a5202-9052-4f93-bf5a-4deffdf65fd3:a q,DENIED
2026,1月,11,周日,00:24:31,A7A30652,SIMBR0313,SIMR0313,SIMU0094:User 94,DENIED
2026,1月,11,周日,00:24:31,4DFA0FE5,SIMBR0316,SIMR0316,SIMU0255:User 255,DENIED
2026,1月,11,周日,00:24:31,5FF2F656,SIMBR0227,SIMR0227,SIMU0120:User 120,DENIED
2026,1月,11,周日,00:24:31,9615FFCC,SIMBR0016,SIMR0016,SIMU0010:User 10,DENIED
2026,1月,11,周日,00:24:31,57DBFC15,SIMBR0338,SIMR0338,SIMU0290:User 290,DENIED
2026,1月,11,周日,00:24:31,E393950E,SIMBR0285,SIMR0285,SIMU0195:User 195,DENIED
2026,1月,11,周日,00:24:31,58B55845,SIMBR0129,SIMR0129,EMP002:Li Si,DENIED
2026,1月,11,周日,00:24:31,35C69784,SIMBR0075,SIMR0075,SIMU0168:User 168,DENIED
2026,1月,11,周日,00:24:31,A89B9996,SIMBR0368,SIMR0368,SIMU0213:User 213,DENIED
2026,1月,11,周日,00:24:31,8EA215FF,SIMBR0285,SIMR0285,SIMU0201:User 201,DENIED
2026,1月,11,周日,00:24:31,CD0D9101,SIMBR0190,SIMR0190,SIMU0135:User 135,DENIED
2026,1月,11,周日,00:24:31,290F7C52,SIMBR0159,SIMR0159,SIMU0216:User 216,DENIED
2026,1月,11,周日,00:24:31,8884A944,SIMBR0263,SIMR0263,SIMU0295:User 295,DENIED
2026,1月,11,周日,00:24:31,46895123,BR026,RES019,SIMU0132:User 132,DENIED
2026,1月,11,周日,00:24:31,7CE9CF19,SIMBR0217,SIMR0217,SIMU0020:User 20,DENIED
2026,1月,11,周日,00:24:31,E07F08A6,BR025,RES018,SIMU0246:User 246,DENIED
2026,1月,11,周日,00:24:31,EFC60F14,SIMBR0033,SIMR0033,SIMU0286:User 286,DENIED
2026,1月,11,周日,00:24:31,B33C40D7,SIMBR0233,SIMR0233,SIMU0015:User 15,DENIED
2026,1月,11,周日,00:24:31,495297EE,SIMBR0129,SIMR0129,SIMU0038:User 38,DENIED
2026,1月,11,周日,00:24:31,8B9117BE,SIMBR0377,SIMR0377,SIMU0165:User 165,DENIED
2026,1月,11,周日,00:24:31,1812D558,SIMBR0078,SIMR0078,SIMU0214:User 214,DENIED
2026,1月,11,周日,00:24:31,FB68A282,SIMBR0287,SIMR0287,SIMU0183:User 183,DENIED
2026,1月,11,周日,00:24:31,5334DCE6,SIMBR0304,SIMR0304,SIMU0179:User 179,DENIED
2026,1月,11,周日,00:24:31,874CC50E,SIMBR0052,SIMR0052,SIMU0036:User 36,DENIED
2026,1月,11,周日,00:24:31,86937632,SIMBR0215,SIMR0215,SIMU0187:User 187,DENIED
2026,1月,11,周日,00:24:31,13F09473,SIMBR0311,SIMR0311,SIMU0279:User 279,DENIED
2026,1月,11,周日,00:24:31,359F9D02,SIMBR0120,SIMR0120,SIMU0087:User 87,DENIED
2026,1月,11,周日,00:24:31,37FA6637,SIMBR0044,SIMR0044,SIMU0199:User 199,DENIED
2026,1月,11,周日,00:24:31,8B9117BE,SIMBR0203,SIMR0203,SIMU0165:User 165,DENIED
2026,1月,11,周日,00:24:31,B6F02DDB,SIMBR0062,SIMR0062,SIMU0156:User 156,DENIED
2026,1月,11,周日,00:24:31,B9D6BC00,SIMBR0263,SIMR0263,SIMU0107:User 107,DENIED
2026,1月,11,周日,00:24:31,538EE2BF,SIMBR0292,SIMR0292,SIMU0177:User 177,DENIED
2026,1月,11,周日,00:24:31,030D82CF,SIMBR0251,SIMR0251,SIMU0207:User 207,DENIED
2026,1月,11,周日,00:24:31,BD4961D3,SIMBR0319,SIMR0319,SIMU0169:User 169,DENIED
2026,1月,11,周日,00:24:31,BA821DBA,SIMBR0052,SIMR0052,SIMU0148:User 148,DENIED
2026,1月,11,周日,00:24:31,84F825EE,SIMBR0338,SIMR0338,SIMU0150:User 150,DENIED
2026,1月,11,周日,00:24:31,21A13EE6,SIMBR0043,SIMR0043,SIMU0133:User 133,DENIED
2026,1月,11,周日,00:24:31,EFC60F14,SIMBR0135,SIMR0135,SIMU0286:User 286,DENIED
2026,1月,11,周日,00:24:31,40A1D543,BR022,RES015,SIMU0267:User 267,DENIED
2026,1月,11,周日,00:24:31,F616A325,SIMBR0070,SIMR0070,SIMU0194:User 194,DENIED
2026,1月,11,周日,00:24:31,3CC4126C,SIMBR0098,SIMR0098,SIMU0099:User 99,DENIED
2026,1月,11,周日,00:24:31,85471FCB,SIMBR0143,SIMR0143,SIMU0054:User 54,DENIED
2026,1月,11,周日,00:24:31,15D30411,SIMBR0278,SIMR0278,SIMU0289:User 289,DENIED
2026,1月,11,周日,00:24:31,66FC8294,SIMBR0346,SIMR0346,SIMU0180:User 180,DENIED
2026,1月,11,周日,00:24:31,7CA376A0,SIMBR0338,SIMR0338,SIMU0102:User 102,DENIED
2026,1月,11,周日,00:24:31,DB66EC85,SIMBR0042,SIMR0042,SIMU0100:User 100,DENIED
2026,1月,11,周日,00:24:31,3B9B3EAE,SIMBR0057,SIMR0057,SIMU0144:User 144,DENIED
2026,1月,11,周日,00:24:31,8C19D42A,SIMBR0259,SIMR0259,SIMU0284:User 284,DENIED
2026,1月,11,周日,00:24:31,69A8F764,SIMBR0121,SIMR0121,SIMU0240:User 240,DENIED
2026,1月,11,周日,00:24:31,8BC6335E,SIMBR0233,SIMR0233,SIMU0204:User 204,DENIED
2026,1月,11,周日,00:24:31,6BDE4067,SIMBR0276,SIMR0276,SIMU0114:User 114,DENIED
2026,1月,11,周日,00:24:31,582A6476,SIMBR0262,SIMR0262,SIMU0046:User 46,DENIED
2026,1月,11,周日,00:24:31,C39400FA,SIMBR0361,SIMR0361,SIMU0078:User 78,DENIED
2026,1月,11,周日,00:24:31,CA15B29F,BR004,RES001,SIMU0206:User 206,DENIED
2026,1月,11,周日,00:24:31,5A758FE3,SIMBR0209,SIMR0209,SIMU0103:User 103,DENIED
2026,1月,11,周日,00:24:31,CCACC23C,SIMBR0013,SIMR0013,SIMU0149:User 149,DENIED
2026,1月,11,周日,00:24:31,E2F9D137,SIMBR0286,SIMR0286,SIMU0217:User 217,DENIED
2026,1月,11,周日,00:24:31,C44E5E52,SIMBR0096,SIMR0096,SIMU0002:User 2,DENIED
2026,1月,11,周日,00:24:31,13990099,SIMBR0350,SIMR0350,SIMU0008:User 8,DENIED
2026,1月,11,周日,00:24:31,91E5E6B0,SIMBR0084,SIMR0084,SIMU0079:User 79,DENIED
2026,1月,11,周日,00:24:31,EEC38563,SIMBR0214,SIMR0214,SIMU0141:User 141,DENIED
2026,1月,11,周日,00:24:31,7413D955,SIMBR0177,SIMR0177,SIMU0075:User 75,DENIED
2026,1月,11,周日,00:24:31,E8751622,SIMBR0348,SIMR0348,SIMU0161:User 161,DENIED
2026,1月,11,周日,00:24:31,F6E7D08A,SIMBR0138,SIMR0138,SIMU0001:User 1,DENIED
2026,1月,11,周日,00:24:31,A74F536B,SIMBR0068,SIMR0068,SIMU0097:User 97,DENIED
2026,1月,11,周日,00:24:31,6B7D13ED,SIMBR0282,SIMR0282,SIMU0191:User 191,DENIED
2026,1月,11,周日,00:24:31,C6173DD5,SIMBR0179,SIMR0179,SIMU0023:User 23,DENIED
2026,1月,11,周日,00:24:31,0540806D,SIMBR0158,SIMR0158,SIMU0265:User 265,DENIED
2026,1月,11,周日,00:24:31,81F12C1B,SIMBR0009,SIMR0009,SIMU0200:User 200,DENIED
2026,1月,11,周日,00:24:31,C0993563,SIMBR0336,SIMR0336,SIMU0209:User 209,DENIED
2026,1月,11,周日,00:24:31,20917633,SIMBR0218,SIMR0218,SIMU0296:User 296,DENIED
2026,1月,11,周日,00:24:31,D3E409F0,SIMBR0197,SIMR0197,SIMU0012:User 12,DENIED
2026,1月,11,周日,00:24:31,1B14F9BC,SIMBR0291,SIMR0291,SIMU0065:User 65,DENIED
2026,1月,11,周日,00:24:31,48744B29,SIMBR0262,SIMR0262,SIMU0035:User 35,DENIED
2026,1月,11,周日,00:24:31,13990099,SIMBR0039,SIMR0039,SIMU0008:User 8,DENIED
2026,1月,11,周日,00:24:31,73913F8C,SIMBR0068,SIMR0068,SIMU0188:User 188,DENIED
2026,1月,11,周日,00:24:31,030D82CF,SIMBR0400,SIMR0400,SIMU0207:User 207,DENIED
2026,1月,11,周日,00:24:31,A9E67E95,SIMBR0178,SIMR0178,SIMU0243:User 243,DENIED
2026,1月,11,周日,00:24:31,D6BC3463,SIMBR0195,SIMR0195,SIMU0037:User 37,DENIED
2026,1月,11,周日,00:24:31,E137F666,SIMBR0220,SIMR0220,SIMU0220:User 220,DENIED
2026,1月,11,周日,00:24:31,5A758FE3,SIMBR0005,SIMR0005,SIMU0103:User 103,DENIED
2026,1月,11,周日,00:24:31,BA0243B9,SIMBR0387,SIMR0387,PM001:Sun Ba,DENIED
2026,1月,11,周日,00:24:31,A2903A49,SIMBR0092,SIMR0092,SIMU0043:User 43,DENIED
2026,1月,11,周日,00:24:31,86937632,SIMBR0082,SIMR0082,SIMU0187:User 187,DENIED
2026,1月,11,周日,00:24:31,7C28253F,BR011,RES026,SIMU0027:User 27,DENIED
2026,1月,11,周日,00:24:31,D504C218,SIMBR0380,SIMR0380,SIMU0060:User 60,DENIED
2026,1月,11,周日,00:24:31,72A4E470,SIMBR0169,SIMR0169,SIMU0268:User 268,DENIED
2026,1月,11,周日,00:24:31,47A80030,SIMBR0178,SIMR0178,SIMU0234:User 234,DENIED
2026,1月,11,周日,00:24:31,643D2F0C,SIMBR0295,SIMR0295,SIMU0048:User 48,DENIED
2026,1月,11,周日,00:24:31,7CE9CF19,SIMBR0272,SIMR0272,SIMU0020:User 20,DENIED
2026,1月,11,周日,00:24:31,41981850,SIMBR0395,SIMR0395,SIMU0263:User 263,DENIED
2026,1月,11,周日,00:24:31,5560EC7D,SIMBR0373,SIMR0373,SIMU0109:User 109,DENIED
2026,1月,11,周日,00:24:31,75D7C714,SIMBR0268,SIMR0268,SIMU0005:User 5,DENIED
2026,1月,11,周日,00:24:31,CD0D9101,SIMBR0192,SIMR0192,SIMU0135:User 135,DENIED
2026,1月,11,周日,00:24:31,8E0C2F27,SIMBR0033,SIMR0033,SIMU0126:User 126,DENIED
2026,1月,11,周日,00:24:31,D2C7D462,BR002,RES021,SIMU0061:User 61,DENIED
2026,1月,11,周日,00:24:31,C50459DB,SIMBR0030,SIMR0030,SIMU0262:User 262,DENIED
2026,1月,11,周日,00:24:31,A5DEC594,SIMBR0013,SIMR0013,SIMU0084:User 84,DENIED
2026,1月,11,周日,00:24:31,CD0D9101,SIMBR0153,SIMR0153,SIMU0135:User 135,DENIED
2026,1月,11,周日,00:24:31,78D4B102,SIMBR0211,SIMR0211,SIMU0283:User 283,DENIED
2026,1月,11,周日,00:24:31,4FC5D562,SIMBR0240,SIMR0240,SIMU0275:User 275,DENIED
2026,1月,11,周日,00:24:31,2EEB40A9,SIMBR0069,SIMR0069,SIMU0260:User 260,DENIED
2026,1月,11,周日,00:24:31,D3E409F0,SIMBR0244,SIMR0244,SIMU0012:User 12,DENIED
2026,1月,11,周日,00:24:31,3B9B3EAE,SIMBR0053,SIMR0053,SIMU0144:User 144,DENIED
2026,1月,11,周日,00:24:31,B33C40D7,SIMBR0203,SIMR0203,SIMU0015:User 15,DENIED
2026,1月,11,周日,00:24:32,5E9892AA,SIMBR0309,SIMR0309,SIMU0293:User 293,DENIED
2026,1月,11,周日,00:24:32,0FB515EE,SIMBR0292,SIMR0292,SIMU0033:User 33,DENIED
2026,1月,11,周日,00:24:32,C7C3B16D,SIMBR0332,SIMR0332,SIMU0259:User 259,DENIED
2026,1月,11,周日,00:24:32,5A758FE3,SIMBR0324,SIMR0324,SIMU0103:User 103,DENIED
2026,1月,11,周日,00:24:32,1DE07196,SIMBR0017,SIMR0017,SIMU0274:User 274,DENIED
2026,1月,11,周日,00:24:32,B9D6BC00,SIMBR0067,SIMR0067,SIMU0107:User 107,DENIED
2026,1月,11,周日,00:24:32,397975BA,SIMBR0216,SIMR0216,SIMU0164:User 164,DENIED
2026,1月,11,周日,00:24:32,BC450719,SIMBR0336,SIMR0336,SIMU0013:User 13,DENIED
2026,1月,11,周日,00:24:32,D2C7D462,SIMBR0376,SIMR0376,SIMU0061:User 61,DENIED
2026,1月,11,周日,00:24:32,273D28BF,SIMBR0034,SIMR0034,SIMU0057:User 57,DENIED
2026,1月,11,周日,00:24:32,D0871CF1,SIMBR0108,SIMR0108,SIMU0007:User 7,DENIED
2026,1月,11,周日,00:24:32,24DE0286,SIMBR0009,SIMR0009,SIMU0221:User 221,DENIED
2026,1月,11,周日,00:24:32,B0B2BCE6,BR006,RES002,SIMU0208:User 208,DENIED
2026,1月,11,周日,00:24:32,C2EDBC0C,SIMBR0231,SIMR0231,SIMU0226:User 226,DENIED
2026,1月,11,周日,00:24:32,6F12BFA3,BR013,RES006,SIMU0218:User 218,DENIED
2026,1月,11,周日,00:24:32,BA1008EF,SIMBR0358,SIMR0358,SIMU0083:User 83,DENIED
2026,1月,11,周日,00:24:32,54722E38,BR018,RES011,SIMU0222:User 222,DENIED
2026,1月,11,周日,00:24:32,5560EC7D,BR005,RES023,SIMU0109:User 109,DENIED
2026,1月,11,周日,00:24:32,602AF119,SIMBR0134,SIMR0134,SIMU0223:User 223,DENIED
2026,1月,11,周日,00:24:32,F8F80D07,SIMBR0292,SIMR0292,SIMU0253:User 253,DENIED
2026,1月,11,周日,00:24:32,F616A325,SIMBR0332,SIMR0332,SIMU0194:User 194,DENIED
2026,1月,11,周日,00:24:32,290F7C52,SIMBR0010,SIMR0010,SIMU0216:User 216,DENIED
2026,1月,11,周日,00:24:32,B1990B96,SIMBR0211,SIMR0211,SIMU0106:User 106,DENIED
2026,1月,11,周日,00:24:32,95379CDB,BR008,RES003,f46ee39b-ac9d-4193-a478-f8cfc35cec07:gagaga a,DENIED
2026,1月,11,周日,00:24:32,290F7C52,SIMBR0150,SIMR0150,SIMU0216:User 216,DENIED
2026,1月,11,周日,00:24:32,CA296753,SIMBR0310,SIMR0310,SIMU0055:User 55,DENIED
2026,1月,11,周日,00:24:32,BA821DBA,SIMBR0120,SIMR0120,SIMU0148:User 148,DENIED
2026,1月,11,周日,00:24:32,B3E8626A,SIMBR0256,SIMR0256,SIMU0239:User 239,DENIED
2026,1月,11,周日,00:24:32,2C249415,SIMBR0373,SIMR0373,SIMU0276:User 276,DENIED
2026,1月,11,周日,00:24:32,DF7754DF,SIMBR0033,SIMR0033,SIMU0019:User 19,DENIED
2026,1月,11,周日,00:24:32,5560EC7D,SIMBR0066,SIMR0066,SIMU0109:User 109,DENIED
2026,1月,11,周日,00:24:32,E2506042,SIMBR0012,SIMR0012,SIMU0101:User 101,DENIED
2026,1月,11,周日,00:24:32,13990099,SIMBR0016,SIMR0016,SIMU0008:User 8,DENIED
2026,1月,11,周日,00:24:32,9D3B8CFC,BR010,RES004,SIMU0095:User 95,DENIED
2026,1月,11,周日,00:24:32,E07F08A6,SIMBR0376,SIMR0376,SIMU0246:User 246,DENIED
2026,1月,11,周日,00:24:32,0A675EEC,SIMBR0367,SIMR0367,SIMU0138:User 138,DENIED
2026,1月,11,周日,00:24:32,273F3B3E,SIMBR0217,SIMR0217,SIMU0224:User 224,DENIED
2026,1月,11,周日,00:24:32,5D5C3450,SIMBR0344,SIMR0344,SIMU0131:User 131,DENIED
2026,1月,11,周日,00:24:32,E07F08A6,SIMBR0192,SIMR0192,SIMU0246:User 246,DENIED
2026,1月,11,周日,00:24:32,5D5C3450,SIMBR0102,SIMR0102,SIMU0131:User 131,DENIED
2026,1月,11,周日,00:24:32,69A8F764,SIMBR0063,SIMR0063,SIMU0240:User 240,DENIED
2026,1月,11,周日,00:24:32,538EE2BF,SIMBR0131,SIMR0131,SIMU0177:User 177,DENIED
2026,1月,11,周日,00:24:32,A89B9996,BR023,RES016,SIMU0213:User 213,DENIED
2026,1月,11,周日,00:24:32,E55AD432,SIMBR0121,SIMR0121,SIMU0134:User 134,DENIED
2026,1月,11,周日,00:24:32,C0CB4AFF,SIMBR0090,SIMR0090,SIMU0235:User 235,DENIED
2026,1月,11,周日,00:24:32,E8751622,SIMBR0028,SIMR0028,SIMU0161:User 161,DENIED
2026,1月,11,周日,00:24:32,964B6B12,SIMBR0037,SIMR0037,SIMU0003:User 3,DENIED
2026,1月,11,周日,00:24:32,A51F7B4F,SIMBR0373,SIMR0373,SIMU0277:User 277,DENIED
2026,1月,11,周日,00:24:32,354118DA,SIMBR0092,SIMR0092,SIMU0052:User 52,DENIED
2026,1月,11,周日,00:24:32,CB2FA116,SIMBR0143,SIMR0143,SIMU0172:User 172,DENIED
2026,1月,11,周日,00:24:32,D87DCC23,SIMBR0355,SIMR0355,SIMU0006:User 6,DENIED
2026,1月,11,周日,00:24:32,F616A325,SIMBR0359,SIMR0359,SIMU0194:User 194,DENIED
2026,1月,11,周日,00:24:32,FB68A282,SIMBR0164,SIMR0164,SIMU0183:User 183,DENIED
2026,1月,11,周日,00:24:32,EEC38563,BR016,RES009,SIMU0141:User 141,DENIED
2026,1月,11,周日,00:24:32,C44E5E52,SIMBR0281,SIMR0281,SIMU0002:User 2,DENIED
2026,1月,11,周日,00:24:32,E137F666,SIMBR0145,SIMR0145,SIMU0220:User 220,DENIED
2026,1月,11,周日,00:24:32,3DC555DE,SIMBR0066,SIMR0066,SIMU0300:User 300,DENIED
2026,1月,11,周日,00:24:32,9FA88CE9,SIMBR0144,SIMR0144,SIMU0049:User 49,DENIED
2026,1月,11,周日,00:24:32,47A80030,SIMBR0265,SIMR0265,SIMU0234:User 234,DENIED
2026,1月,11,周日,00:24:32,A2903A49,SIMBR0130,SIMR0130,SIMU0043:User 43,DENIED
2026,1月,11,周日,00:24:32,56C4C8CF,SIMBR0022,SIMR0022,SIMU0077:User 77,DENIED
2026,1月,11,周日,00:24:32,C6E3BF57,SIMBR0052,SIMR0052,SIMU0297:User 297,DENIED
2026,1月,11,周日,00:24:32,D0171F97,SIMBR0069,SIMR0069,SIMU0032:User 32,DENIED
2026,1月,11,周日,00:24:32,A53931BD,BR009,RES025,SIMU0058:User 58,DENIED
2026,1月,11,周日,00:24:32,D3E409F0,SIMBR0273,SIMR0273,SIMU0012:User 12,DENIED
2026,1月,11,周日,00:24:32,6F12BFA3,SIMBR0275,SIMR0275,SIMU0218:User 218,DENIED
2026,1月,11,周日,00:24:32,40BD64A5,SIMBR0327,SIMR0327,SIMU0245:User 245,DENIED
2026,1月,11,周日,00:24:32,A5A16F78,SIMBR0130,SIMR0130,SIMU0294:User 294,DENIED
2026,1月,11,周日,00:24:32,C0993563,SIMBR0135,SIMR0135,SIMU0209:User 209,DENIED
2026,1月,11,周日,00:24:32,F9B71846,SIMBR0055,SIMR0055,SIMU0196:User 196,DENIED
2026,1月,11,周日,00:24:32,874CC50E,SIMBR0029,SIMR0029,SIMU0036:User 36,DENIED
2026,1月,11,周日,00:24:32,5C4195BE,SIMBR0088,SIMR0088,SIMU0288:User 288,DENIED
2026,1月,11,周日,00:24:32,D1BB07EE,SIMBR0380,SIMR0380,SIMU0287:User 287,DENIED
2026,1月,11,周日,00:24:32,56619802,SIMBR0399,SIMR0399,SIMU0202:User 202,DENIED
2026,1月,11,周日,00:24:32,559213A2,SIMBR0264,SIMR0264,SIMU0047:User 47,DENIED
2026,1月,11,周日,00:24:32,C44E5E52,BR020,RES013,SIMU0002:User 2,DENIED
2026,1月,11,周日,00:24:32,C6173DD5,BR008,RES003,SIMU0023:User 23,DENIED
2026,1月,11,周日,00:24:32,95777979,SIMBR0039,SIMR0039,SIMU0051:User 51,DENIED
2026,1月,11,周日,00:24:32,78D4B102,SIMBR0239,SIMR0239,SIMU0283:User 283,DENIED
2026,1月,11,周日,00:24:32,B3E8626A,SIMBR0249,SIMR0249,SIMU0239:User 239,DENIED
2026,1月,11,周日,00:24:32,E55AD432,SIMBR0292,SIMR0292,SIMU0134:User 134,DENIED
2026,1月,11,周日,00:24:32,CB2FA116,SIMBR0031,SIMR0031,SIMU0172:User 172,DENIED
2026,1月,11,周日,00:24:32,13990099,SIMBR0051,SIMR0051,SIMU0008:User 8,DENIED
2026,1月,11,周日,00:24:32,582A6476,SIMBR0261,SIMR0261,SIMU0046:User 46,DENIED
2026,1月,11,周日,00:24:32,C0F19B1C,SIMBR0204,SIMR0204,SIMU0155:User 155,DENIED
2026,1月,11,周日,00:24:32,58B55845,SIMBR0377,SIMR0377,EMP002:Li Si,DENIED
2026,1月,11,周日,00:24:32,94264C0C,SIMBR0236,SIMR0236,SIMU0118:User 118,DENIED
2026,1月,11,周日,00:24:32,358D24E5,SIMBR0294,SIMR0294,SIMU0130:User 130,DENIED
2026,1月,11,周日,00:24:32,F9B71846,SIMBR0110,SIMR0110,SIMU0196:User 196,DENIED
2026,1月,11,周日,00:24:32,F616A325,SIMBR0098,SIMR0098,SIMU0194:User 194,DENIED
2026,1月,11,周日,00:24:32,AB055C88,SIMBR0393,SIMR0393,SIMU0024:User 24,DENIED
2026,1月,11,周日,00:24:32,DF7754DF,SIMBR0262,SIMR0262,SIMU0019:User 19,DENIED
2026,1月,11,周日,00:24:32,C73CE928,SIMBR0380,SIMR0380,SIMU0281:User 281,DENIED
2026,1月,11,周日,00:24:32,49B45DCD,SIMBR0390,SIMR0390,SIMU0272:User 272,DENIED
2026,1月,11,周日,00:24:32,01FC696F,SIMBR0288,SIMR0288,SIMU0068:User 68,DENIED
2026,1月,11,周日,00:24:32,7BEB2168,SIMBR0162,SIMR0162,SIMU0282:User 282,DENIED
2026,1月,11,周日,00:24:32,E8751622,BR021,RES014,SIMU0161:User 161,DENIED
2026,1月,11,周日,00:24:32,D3E409F0,SIMBR0070,SIMR0070,SIMU0012:User 12,DENIED
2026,1月,11,周日,00:24:32,CBD2A48A,SIMBR0044,SIMR0044,SIMU0021:User 21,DENIED
2026,1月,11,周日,00:24:32,C31E01F0,SIMBR0089,SIMR0089,SIMU0192:User 192,DENIED
2026,1月,11,周日,00:24:32,8BF81A2A,SIMBR0252,SIMR0252,SIMU0233:User 233,DENIED
2026,1月,11,周日,00:24:32,C5A57784,SIMBR0269,SIMR0269,SIMU0072:User 72,DENIED
2026,1月,11,周日,00:24:32,E6D64EED,SIMBR0169,SIMR0169,SIMU0105:User 105,DENIED
2026,1月,11,周日,00:24:32,D324F0AC,SIMBR0001,SIMR0001,SIMU0108:User 108,DENIED
2026,1月,11,周日,00:24:32,0A675EEC,SIMBR0253,SIMR0253,SIMU0138:User 138,DENIED
2026,1月,11,周日,00:24:32,FB68A282,SIMBR0291,SIMR0291,SIMU0183:User 183,DENIED
2026,1月,11,周日,00:24:32,A234EF8B,SIMBR0227,SIMR0227,SIMU0069:User 69,DENIED
2026,1月,11,周日,00:24:32,15D30411,SIMBR0176,SIMR0176,SIMU0289:User 289,DENIED
2026,1月,11,周日,00:24:32,C169BAEB,SIMBR0259,SIMR0259,SIMU0174:User 174,DENIED
2026,1月,11,周日,00:24:32,D1BB07EE,SIMBR0293,SIMR0293,SIMU0287:User 287,DENIED
2026,1月,11,周日,00:24:32,5C4195BE,SIMBR0169,SIMR0169,SIMU0288:User 288,DENIED
2026,1月,11,周日,00:24:32,602AF119,SIMBR0291,SIMR0291,SIMU0223:User 223,DENIED
2026,1月,11,周日,00:24:32,7D277C80,SIMBR0235,SIMR0235,SIMU0212:User 212,DENIED
2026,1月,11,周日,00:24:32,1A88116F,SIMBR0279,SIMR0279,SIMU0063:User 63,DENIED
2026,1月,11,周日,00:24:32,050D9DEF,SIMBR0232,SIMR0232,SIMU0128:User 128,DENIED
2026,1月,11,周日,00:24:32,3870BA5D,SIMBR0063,SIMR0063,SIMU0173:User 173,DENIED
2026,1月,11,周日,00:24:32,41981850,SIMBR0214,SIMR0214,SIMU0263:User 263,DENIED
2026,1月,11,周日,00:24:32,F04FDB11,SIMBR0092,SIMR0092,SIMU0125:User 125,DENIED
2026,1月,11,周日,00:24:32,358D24E5,SIMBR0339,SIMR0339,SIMU0130:User 130,DENIED
2026,1月,11,周日,00:24:32,C0F19B1C,SIMBR0082,SIMR0082,SIMU0155:User 155,DENIED
2026,1月,11,周日,00:24:32,CB2FA116,SIMBR0094,SIMR0094,SIMU0172:User 172,DENIED
2026,1月,11,周日,00:24:32,FE83648E,SIMBR0303,SIMR0303,SIMU0142:User 142,DENIED
2026,1月,11,周日,00:24:32,E0F41E54,SIMBR0173,SIMR0173,SIMU0176:User 176,DENIED
2026,1月,11,周日,00:24:32,40A1D543,SIMBR0058,SIMR0058,SIMU0267:User 267,DENIED
2026,1月,11,周日,00:24:32,FE83648E,SIMBR0131,SIMR0131,SIMU0142:User 142,DENIED
2026,1月,11,周日,00:24:32,81F12C1B,SIMBR0116,SIMR0116,SIMU0200:User 200,DENIED
2026,1月,11,周日,00:24:32,546575AC,SIMBR0385,SIMR0385,SIMU0140:User 140,DENIED
2026,1月,11,周日,00:24:32,FC05A793,SIMBR0006,SIMR0006,SIMU0071:User 71,DENIED
2026,1月,11,周日,00:24:32,AA3155BB,SIMBR0063,SIMR0063,SIMU0050:User 50,DENIED
2026,1月,11,周日,00:24:32,7C3923AE,SIMBR0102,SIMR0102,SIMU0210:User 210,DENIED
2026,1月,11,周日,00:24:32,C3943F18,SIMBR0038,SIMR0038,SIMU0113:User 113,DENIED
2026,1月,11,周日,00:24:32,C72DAED8,SIMBR0392,SIMR0392,SIMU0117:User 117,DENIED
2026,1月,11,周日,00:24:32,E393950E,SIMBR0064,SIMR0064,SIMU0195:User 195,DENIED
2026,1月,11,周日,00:24:32,0EE439B9,SIMBR0191,SIMR0191,SIMU0004:User 4,DENIED
2026,1月,11,周日,00:24:32,13990099,SIMBR0047,SIMR0047,SIMU0008:User 8,DENIED
2026,1月,11,周日,00:24:32,3B9B3EAE,SIMBR0326,SIMR0326,SIMU0144:User 144,DENIED
2026,1月,11,周日,00:24:32,58B690ED,SIMBR0345,SIMR0345,SIMU0081:User 81,DENIED
2026,1月,11,周日,00:24:32,78D4B102,SIMBR0147,SIMR0147,SIMU0283:User 283,DENIED
2026,1月,11,周日,00:24:32,57ED1495,BR024,RES017,SIMU0250:User 250,DENIED
2026,1月,11,周日,00:24:32,6213A883,SIMBR0015,SIMR0015,SIMU0249:User 249,DENIED
2026,1月,11,周日,00:24:32,15AB7C7D,SIMBR0104,SIMR0104,SIMU0096:User 96,DENIED
2026,1月,11,周日,00:24:32,20D788EC,SIMBR0053,SIMR0053,SIMU0271:User 271,DENIED
2026,1月,11,周日,00:24:32,29200997,SIMBR0317,SIMR0317,SIMU0186:User 186,DENIED
2026,1月,11,周日,00:24:32,C6173DD5,SIMBR0200,SIMR0200,SIMU0023:User 23,DENIED
2026,1月,11,周日,00:24:32,F90964BF,SIMBR0137,SIMR0137,SIMU0091:User 91,DENIED
2026,1月,11,周日,00:24:32,5E9892AA,SIMBR0084,SIMR0084,SIMU0293:User 293,DENIED
2026,1月,11,周日,00:24:32,D0871CF1,SIMBR0315,SIMR0315,SIMU0007:User 7,DENIED
2026,1月,11,周日,00:24:32,14103484,SIMBR0327,SIMR0327,SIMU0074:User 74,DENIED
2026,1月,11,周日,00:24:32,F0ADE55C,SIMBR0124,SIMR0124,SIMU0237:User 237,DENIED
2026,1月,11,周日,00:24:32,1A88116F,SIMBR0368,SIMR0368,SIMU0063:User 63,DENIED
2026,1月,11,周日,00:24:32,69A8F764,BR012,RES005,SIMU0240:User 240,DENIED
2026,1月,11,周日,00:24:32,C584F9D3,SIMBR0238,SIMR0238,EMP001:Zhang San,DENIED
2026,1月,11,周日,00:24:32,B095C629,SIMBR0379,SIMR0379,SIMU0257:User 257,DENIED
2026,1月,11,周日,00:24:32,0641BA46,BR001,RES020,SIMU0085:User 85,DENIED
2026,1月,11,周日,00:24:32,A53931BD,SIMBR0173,SIMR0173,SIMU0058:User 58,DENIED
2026,1月,11,周日,00:24:32,7C28253F,SIMBR0204,SIMR0204,SIMU0027:User 27,DENIED
2026,1月,11,周日,00:24:32,C39400FA,SIMBR0367,SIMR0367,SIMU0078:User 78,DENIED
2026,1月,11,周日,00:24:32,75D7C714,SIMBR0123,SIMR0123,SIMU0005:User 5,DENIED
2026,1月,11,周日,00:24:32,4FC5D562,SIMBR0192,SIMR0192,SIMU0275:User 275,DENIED
2026,1月,11,周日,00:24:32,40BD64A5,BR001,RES020,SIMU0245:User 245,DENIED
2026,1月,11,周日,00:24:32,A2903A49,BR008,RES003,SIMU0043:User 43,DENIED
2026,1月,11,周日,00:24:32,8E0C2F27,SIMBR0257,SIMR0257,SIMU0126:User 126,DENIED
2026,1月,11,周日,00:24:32,87F48A64,SIMBR0244,SIMR0244,SIMU0143:User 143,DENIED
2026,1月,11,周日,00:24:32,E07F08A6,SIMBR0016,SIMR0016,SIMU0246:User 246,DENIED
2026,1月,11,周日,00:24:32,CA782D54,SIMBR0007,SIMR0007,SIMU0219:User 219,DENIED
2026,1月,11,周日,00:24:32,D0871CF1,BR016,RES009,SIMU0007:User 7,DENIED
2026,1月,11,周日,00:24:32,7C3923AE,SIMBR0100,SIMR0100,SIMU0210:User 210,DENIED
2026,1月,11,周日,00:24:32,6C174D63,SIMBR0036,SIMR0036,SIMU0116:User 116,DENIED
2026,1月,11,周日,00:24:32,6BDE4067,SIMBR0042,SIMR0042,SIMU0114:User 114,DENIED
2026,1月,11,周日,00:24:32,D0871CF1,SIMBR0337,SIMR0337,SIMU0007:User 7,DENIED
2026,1月,11,周日,00:24:32,D832D5F3,SIMBR0329,SIMR0329,SIMU0261:User 261,DENIED
2026,1月,11,周日,00:24:32,BA6DDD0B,SIMBR0104,SIMR0104,SIMU0146:User 146,DENIED
2026,1月,11,周日,00:24:32,874CC50E,SIMBR0315,SIMR0315,SIMU0036:User 36,DENIED
2026,1月,11,周日,00:24:32,C5A57784,SIMBR0002,SIMR0002,SIMU0072:User 72,DENIED
2026,1月,11,周日,00:24:32,10321BC3,SIMBR0220,SIMR0220,SIMU0042:User 42,DENIED
2026,1月,11,周日,00:24:32,23858FDA,SIMBR0220,SIMR0220,SIMU0098:User 98,DENIED
2026,1月,11,周日,00:24:32,95379CDB,SIMBR0093,SIMR0093,f46ee39b-ac9d-4193-a478-f8cfc35cec07:gagaga a,DENIED
2026,1月,11,周日,00:24:32,BA0243B9,SIMBR0195,SIMR0195,PM001:Sun Ba,DENIED
2026,1月,11,周日,00:24:32,0641BA46,SIMBR0188,SIMR0188,SIMU0085:User 85,DENIED
2026,1月,11,周日,00:24:32,A2589816,BR008,RES003,SIMU0082:User 82,DENIED
2026,1月,11,周日,00:24:32,CB0F203D,SIMBR0226,SIMR0226,SIMU0124:User 124,DENIED
2026,1月,11,周日,00:24:32,16ED8B1D,SIMBR0232,SIMR0232,SIMU0073:User 73,DENIED
2026,1月,11,周日,00:24:32,15AB7C7D,SIMBR0117,SIMR0117,SIMU0096:User 96,DENIED
2026,1月,11,周日,00:24:32,2C249415,SIMBR0193,SIMR0193,SIMU0276:User 276,DENIED
2026,1月,11,周日,00:24:32,7CA376A0,SIMBR0050,SIMR0050,SIMU0102:User 102,DENIED
2026,1月,11,周日,00:24:32,4FC5D562,SIMBR0075,SIMR0075,SIMU0275:User 275,DENIED
2026,1月,11,周日,00:24:32,C169BAEB,SIMBR0121,SIMR0121,SIMU0174:User 174,DENIED
2026,1月,11,周日,00:24:32,3B9B3EAE,SIMBR0024,SIMR0024,SIMU0144:User 144,DENIED
2026,1月,11,周日,00:24:32,8C19D42A,SIMBR0237,SIMR0237,SIMU0284:User 284,DENIED
2026,1月,11,周日,00:24:32,4FC5D562,SIMBR0148,SIMR0148,SIMU0275:User 275,DENIED
2026,1月,11,周日,00:24:32,546575AC,SIMBR0349,SIMR0349,SIMU0140:User 140,DENIED
2026,1月,11,周日,00:24:32,5AC1CCB2,SIMBR0212,SIMR0212,SIMU0264:User 264,DENIED
2026,1月,11,周日,00:24:32,5FF2F656,SIMBR0115,SIMR0115,SIMU0120:User 120,DENIED
2026,1月,11,周日,00:24:32,A51F7B4F,SIMBR0057,SIMR0057,SIMU0277:User 277,DENIED
2026,1月,11,周日,00:24:32,C6173DD5,SIMBR0040,SIMR0040,SIMU0023:User 23,DENIED
2026,1月,11,周日,00:24:32,0EE439B9,SIMBR0108,SIMR0108,SIMU0004:User 4,DENIED
2026,1月,11,周日,00:24:32,538EE2BF,SIMBR0139,SIMR0139,SIMU0177:User 177,DENIED
2026,1月,11,周日,00:24:32,1B14F9BC,SIMBR0132,SIMR0132,SIMU0065:User 65,DENIED
2026,1月,11,周日,00:24:32,87F48A64,SIMBR0353,SIMR0353,SIMU0143:User 143,DENIED
2026,1月,11,周日,00:24:32,9FA88CE9,SIMBR0133,SIMR0133,SIMU0049:User 49,DENIED
2026,1月,11,周日,00:24:33,6213A883,SIMBR0024,SIMR0024,SIMU0249:User 249,DENIED
2026,1月,11,周日,00:24:33,495297EE,SIMBR0071,SIMR0071,SIMU0038:User 38,DENIED
2026,1月,11,周日,00:24:33,BA893511,BR009,RES025,SIMU0269:User 269,DENIED
2026,1月,11,周日,00:24:33,BA841717,SIMBR0050,SIMR0050,SIMU0064:User 64,DENIED
2026,1月,11,周日,00:24:33,E775A860,SIMBR0320,SIMR0320,SIMU0248:User 248,DENIED
2026,1月,11,周日,00:24:33,69A8F764,SIMBR0038,SIMR0038,SIMU0240:User 240,DENIED
2026,1月,11,周日,00:24:33,C46D887F,SIMBR0399,SIMR0399,SIMU0254:User 254,DENIED
2026,1月,11,周日,00:24:33,C04BAEE8,SIMBR0228,SIMR0228,SIMU0129:User 129,DENIED
2026,1月,11,周日,00:24:33,A89B9996,SIMBR0314,SIMR0314,SIMU0213:User 213,DENIED
2026,1月,11,周日,00:24:33,C31E01F0,SIMBR0032,SIMR0032,SIMU0192:User 192,DENIED
2026,1月,11,周日,00:24:33,1EBD89C8,SIMBR0219,SIMR0219,SIMU0123:User 123,DENIED
2026,1月,11,周日,00:24:33,397975BA,SIMBR0331,SIMR0331,SIMU0164:User 164,DENIED
2026,1月,11,周日,00:24:33,6CEC1FDF,SIMBR0367,SIMR0367,SIMU0230:User 230,DENIED
2026,1月,11,周日,00:24:33,F9B71846,SIMBR0162,SIMR0162,SIMU0196:User 196,DENIED
2026,1月,11,周日,00:24:33,CBD2A48A,SIMBR0195,SIMR0195,SIMU0021:User 21,DENIED
2026,1月,11,周日,00:24:33,FC9C0D71,SIMBR0320,SIMR0320,SIMU0093:User 93,DENIED
2026,1月,11,周日,00:24:33,3DDB17B7,SIMBR0008,SIMR0008,SIMU0044:User 44,DENIED
2026,1月,11,周日,00:24:33,B77EBDC0,SIMBR0052,SIMR0052,SIMU0203:User 203,DENIED
2026,1月,11,周日,00:24:33,44B3ADEE,SIMBR0278,SIMR0278,SIMU0157:User 157,DENIED
2026,1月,11,周日,00:24:33,FE83648E,SIMBR0335,SIMR0335,SIMU0142:User 142,DENIED
2026,1月,11,周日,00:24:33,85471FCB,SIMBR0203,SIMR0203,SIMU0054:User 54,DENIED
2026,1月,11,周日,00:24:33,CD0D9101,SIMBR0285,SIMR0285,SIMU0135:User 135,DENIED
2026,1月,11,周日,00:24:33,495297EE,SIMBR0024,SIMR0024,SIMU0038:User 38,DENIED
2026,1月,11,周日,00:24:33,D6BC3463,SIMBR0276,SIMR0276,SIMU0037:User 37,DENIED
2026,1月,11,周日,00:24:33,8B9117BE,BR007,RES024,SIMU0165:User 165,DENIED
2026,1月,11,周日,00:24:33,0641BA46,SIMBR0306,SIMR0306,SIMU0085:User 85,DENIED
2026,1月,11,周日,00:24:33,85471FCB,SIMBR0245,SIMR0245,SIMU0054:User 54,DENIED
2026,1月,11,周日,00:24:33,0EA23D3A,SIMBR0012,SIMR0012,SIMU0062:User 62,DENIED
2026,1月,11,周日,00:24:33,F616A325,SIMBR0178,SIMR0178,SIMU0194:User 194,DENIED
2026,1月,11,周日,00:24:33,6CEC1FDF,SIMBR0235,SIMR0235,SIMU0230:User 230,DENIED
2026,1月,11,周日,00:24:33,6A6279C3,SIMBR0196,SIMR0196,SIMU0178:User 178,DENIED
2026,1月,11,周日,00:24:33,E775A860,SIMBR0174,SIMR0174,SIMU0248:User 248,DENIED
2026,1月,11,周日,00:24:33,8CBA0F42,SIMBR0035,SIMR0035,SIMU0152:User 152,DENIED
2026,1月,11,周日,00:24:33,FBFF5A63,SIMBR0351,SIMR0351,SIMU0184:User 184,DENIED
2026,1月,11,周日,00:24:33,A5DEC594,SIMBR0138,SIMR0138,SIMU0084:User 84,DENIED
2026,1月,11,周日,00:24:33,273D28BF,SIMBR0271,SIMR0271,SIMU0057:User 57,DENIED
2026,1月,11,周日,00:24:33,D504C218,SIMBR0058,SIMR0058,SIMU0060:User 60,DENIED
2026,1月,11,周日,00:24:33,37FA6637,SIMBR0082,SIMR0082,SIMU0199:User 199,DENIED
2026,1月,11,周日,00:24:33,1A88116F,SIMBR0321,SIMR0321,SIMU0063:User 63,DENIED
2026,1月,11,周日,00:24:33,29200997,SIMBR0361,SIMR0361,SIMU0186:User 186,DENIED
2026,1月,11,周日,00:24:33,B9D6BC00,SIMBR0123,SIMR0123,SIMU0107:User 107,DENIED
2026,1月,11,周日,00:24:33,FAE4DEC5,SIMBR0385,SIMR0385,SIMU0053:User 53,DENIED
2026,1月,11,周日,00:24:33,546575AC,SIMBR0166,SIMR0166,SIMU0140:User 140,DENIED
2026,1月,11,周日,00:24:33,3DC555DE,SIMBR0117,SIMR0117,SIMU0300:User 300,DENIED
2026,1月,11,周日,00:24:33,14103484,SIMBR0049,SIMR0049,SIMU0074:User 74,DENIED
2026,1月,11,周日,00:24:33,8EA215FF,SIMBR0264,SIMR0264,SIMU0201:User 201,DENIED
2026,1月,11,周日,00:24:33,C31E01F0,SIMBR0088,SIMR0088,SIMU0192:User 192,DENIED
2026,1月,11,周日,00:24:33,C57735BB,SIMBR0061,SIMR0061,SIMU0242:User 242,DENIED
2026,1月,11,周日,00:24:33,8EA215FF,SIMBR0204,SIMR0204,SIMU0201:User 201,DENIED
2026,1月,11,周日,00:24:33,BA893511,SIMBR0137,SIMR0137,SIMU0269:User 269,DENIED
2026,1月,11,周日,00:24:33,905C3DCB,SIMBR0032,SIMR0032,SIMU0070:User 70,DENIED
2026,1月,11,周日,00:24:33,B1990B96,SIMBR0223,SIMR0223,SIMU0106:User 106,DENIED
2026,1月,11,周日,00:24:33,20D788EC,SIMBR0287,SIMR0287,SIMU0271:User 271,DENIED
2026,1月,11,周日,00:24:33,86937632,SIMBR0343,SIMR0343,SIMU0187:User 187,DENIED
2026,1月,11,周日,00:24:33,C50459DB,SIMBR0132,SIMR0132,SIMU0262:User 262,DENIED
2026,1月,11,周日,00:24:33,A9E67E95,SIMBR0267,SIMR0267,SIMU0243:User 243,DENIED
2026,1月,11,周日,00:24:33,A74F536B,BR004,RES001,SIMU0097:User 97,DENIED
2026,1月,11,周日,00:24:33,354118DA,SIMBR0207,SIMR0207,SIMU0052:User 52,DENIED
2026,1月,11,周日,00:24:33,F3B58DFF,SIMBR0139,SIMR0139,SIMU0076:User 76,DENIED
2026,1月,11,周日,00:24:33,0EE439B9,SIMBR0329,SIMR0329,SIMU0004:User 4,DENIED
2026,1月,11,周日,00:24:33,7D277C80,SIMBR0131,SIMR0131,SIMU0212:User 212,DENIED
2026,1月,11,周日,00:24:33,B095C629,SIMBR0362,SIMR0362,SIMU0257:User 257,DENIED
2026,1月,11,周日,00:24:33,75D7C714,SIMBR0306,SIMR0306,SIMU0005:User 5,DENIED
2026,1月,11,周日,00:24:33,B77EBDC0,SIMBR0214,SIMR0214,SIMU0203:User 203,DENIED
2026,1月,11,周日,00:24:33,1EE4C053,SIMBR0043,SIMR0043,SIMU0026:User 26,DENIED
2026,1月,11,周日,00:24:33,9A00F337,SIMBR0274,SIMR0274,SIMU0285:User 285,DENIED
2026,1月,11,周日,00:24:33,AA3155BB,SIMBR0203,SIMR0203,SIMU0050:User 50,DENIED
2026,1月,11,周日,00:24:33,F9B71846,SIMBR0030,SIMR0030,SIMU0196:User 196,DENIED
2026,1月,11,周日,00:24:33,48744B29,SIMBR0044,SIMR0044,SIMU0035:User 35,DENIED
2026,1月,11,周日,00:24:33,F1D4B1B6,SIMBR0314,SIMR0314,SIMU0247:User 247,DENIED
2026,1月,11,周日,00:24:33,A0043AC2,SIMBR0142,SIMR0142,SIMU0040:User 40,DENIED
2026,1月,11,周日,00:24:33,D0171F97,BR011,RES026,SIMU0032:User 32,DENIED
2026,1月,11,周日,00:24:33,0A675EEC,SIMBR0231,SIMR0231,SIMU0138:User 138,DENIED
2026,1月,11,周日,00:24:33,C50459DB,SIMBR0142,SIMR0142,SIMU0262:User 262,DENIED
2026,1月,11,周日,00:24:33,9D3B8CFC,SIMBR0242,SIMR0242,SIMU0095:User 95,DENIED
2026,1月,11,周日,00:24:33,7B092D88,SIMBR0058,SIMR0058,SIMU0236:User 236,DENIED
2026,1月,11,周日,00:24:33,5FF2F656,SIMBR0077,SIMR0077,SIMU0120:User 120,DENIED
2026,1月,11,周日,00:24:33,290F7C52,SIMBR0214,SIMR0214,SIMU0216:User 216,DENIED
2026,1月,11,周日,00:24:33,B1990B96,SIMBR0115,SIMR0115,SIMU0106:User 106,DENIED
2026,1月,11,周日,00:24:33,4AF57AEF,SIMBR0345,SIMR0345,SIMU0193:User 193,DENIED
2026,1月,11,周日,00:24:33,F1D4B1B6,SIMBR0011,SIMR0011,SIMU0247:User 247,DENIED
2026,1月,11,周日,00:24:33,9D3B8CFC,SIMBR0266,SIMR0266,SIMU0095:User 95,DENIED
2026,1月,11,周日,00:24:33,359F9D02,SIMBR0181,SIMR0181,SIMU0087:User 87,DENIED
2026,1月,11,周日,00:24:33,4B59E256,SIMBR0204,SIMR0204,SIMU0182:User 182,DENIED
2026,1月,11,周日,00:24:33,27BDB972,SIMBR0291,SIMR0291,SIMU0244:User 244,DENIED
2026,1月,11,周日,00:24:33,8C19D42A,SIMBR0336,SIMR0336,SIMU0284:User 284,DENIED
2026,1月,11,周日,00:24:33,6E7782F8,SIMBR0251,SIMR0251,INT001:Zhao Liu,DENIED
2026,1月,11,周日,00:24:33,A5DEC594,SIMBR0304,SIMR0304,SIMU0084:User 84,DENIED
2026,1月,11,周日,00:24:33,CB1ACCC7,SIMBR0091,SIMR0091,SIMU0110:User 110,DENIED
2026,1月,11,周日,00:24:33,85471FCB,BR019,RES012,SIMU0054:User 54,DENIED
2026,1月,11,周日,00:24:33,C2F816DD,SIMBR0028,SIMR0028,SIMU0266:User 266,DENIED
2026,1月,11,周日,00:24:33,FB68A282,SIMBR0138,SIMR0138,SIMU0183:User 183,DENIED
2026,1月,11,周日,00:24:33,3DC555DE,SIMBR0096,SIMR0096,SIMU0300:User 300,DENIED
2026,1月,11,周日,00:24:33,A7A30652,SIMBR0315,SIMR0315,SIMU0094:User 94,DENIED
2026,1月,11,周日,00:24:33,10321BC3,SIMBR0032,SIMR0032,SIMU0042:User 42,DENIED
2026,1月,11,周日,00:24:33,C44E5E52,SIMBR0171,SIMR0171,SIMU0002:User 2,DENIED
2026,1月,11,周日,00:24:33,C57735BB,SIMBR0073,SIMR0073,SIMU0242:User 242,DENIED
2026,1月,11,周日,00:24:33,2289A51E,SIMBR0382,SIMR0382,SIMU0273:User 273,DENIED
2026,1月,11,周日,00:24:33,0EA23D3A,SIMBR0183,SIMR0183,SIMU0062:User 62,DENIED
2026,1月,11,周日,00:24:33,54C5EDBD,SIMBR0169,SIMR0169,SIMU0145:User 145,DENIED
2026,1月,11,周日,00:24:33,C50459DB,SIMBR0374,SIMR0374,SIMU0262:User 262,DENIED
2026,1月,11,周日,00:24:33,F90964BF,SIMBR0099,SIMR0099,SIMU0091:User 91,DENIED
2026,1月,11,周日,00:24:33,9D3B8CFC,SIMBR0357,SIMR0357,SIMU0095:User 95,DENIED
2026,1月,11,周日,00:24:33,BC450719,SIMBR0312,SIMR0312,SIMU0013:User 13,DENIED
2026,1月,11,周日,00:24:33,6B7D13ED,SIMBR0323,SIMR0323,SIMU0191:User 191,DENIED
2026,1月,11,周日,00:24:33,128D7B1F,SIMBR0049,SIMR0049,SIMU0121:User 121,DENIED
2026,1月,11,周日,00:24:33,0FB515EE,SIMBR0274,SIMR0274,SIMU0033:User 33,DENIED
2026,1月,11,周日,00:24:33,F1D4B1B6,SIMBR0023,SIMR0023,SIMU0247:User 247,DENIED
2026,1月,11,周日,00:24:33,A0043AC2,SIMBR0335,SIMR0335,SIMU0040:User 40,DENIED
2026,1月,11,周日,00:24:33,B095C629,SIMBR0015,SIMR0015,SIMU0257:User 257,DENIED
2026,1月,11,周日,00:24:33,C2F816DD,SIMBR0097,SIMR0097,SIMU0266:User 266,DENIED
2026,1月,11,周日,00:24:33,C44E5E52,SIMBR0032,SIMR0032,SIMU0002:User 2,DENIED
2026,1月,11,周日,00:24:33,BA0243B9,SIMBR0305,SIMR0305,PM001:Sun Ba,DENIED
2026,1月,11,周日,00:24:33,18788AAF,SIMBR0064,SIMR0064,SIMU0298:User 298,DENIED
2026,1月,11,周日,00:24:33,0A675EEC,SIMBR0313,SIMR0313,SIMU0138:User 138,DENIED
2026,1月,11,周日,00:24:33,5560EC7D,SIMBR0267,SIMR0267,SIMU0109:User 109,DENIED
2026,1月,11,周日,00:24:33,21A13EE6,SIMBR0089,SIMR0089,SIMU0133:User 133,DENIED
2026,1月,11,周日,00:24:33,7C3923AE,SIMBR0216,SIMR0216,SIMU0210:User 210,DENIED
2026,1月,11,周日,00:24:33,A4F77AE3,SIMBR0029,SIMR0029,SIMU0031:User 31,DENIED
2026,1月,11,周日,00:24:33,84F825EE,SIMBR0152,SIMR0152,SIMU0150:User 150,DENIED
2026,1月,11,周日,00:24:33,80AC649D,BR014,RES007,SIMU0088:User 88,DENIED
2026,1月,11,周日,00:24:33,DF7754DF,SIMBR0130,SIMR0130,SIMU0019:User 19,DENIED
2026,1月,11,周日,00:24:33,95379CDB,SIMBR0153,SIMR0153,f46ee39b-ac9d-4193-a478-f8cfc35cec07:gagaga a,DENIED
2026,1月,11,周日,00:24:33,0EE439B9,SIMBR0175,SIMR0175,SIMU0004:User 4,DENIED
2026,1月,11,周日,00:24:33,C57735BB,SIMBR0152,SIMR0152,SIMU0242:User 242,DENIED
2026,1月,11,周日,00:24:33,1DE07196,SIMBR0129,SIMR0129,SIMU0274:User 274,DENIED
2026,1月,11,周日,00:24:33,050D9DEF,SIMBR0351,SIMR0351,SIMU0128:User 128,DENIED
2026,1月,11,周日,00:24:33,0EE439B9,SIMBR0272,SIMR0272,SIMU0004:User 4,DENIED
2026,1月,11,周日,00:24:33,AB055C88,SIMBR0169,SIMR0169,SIMU0024:User 24,DENIED
2026,1月,11,周日,00:24:33,59E1ACA0,SIMBR0305,SIMR0305,SIMU0090:User 90,DENIED
2026,1月,11,周日,00:24:33,18788AAF,SIMBR0202,SIMR0202,SIMU0298:User 298,DENIED
2026,1月,11,周日,00:24:33,C0993563,SIMBR0380,SIMR0380,SIMU0209:User 209,DENIED
2026,1月,11,周日,00:24:33,80AC649D,SIMBR0133,SIMR0133,SIMU0088:User 88,DENIED
2026,1月,11,周日,00:24:33,EF6713BA,SIMBR0044,SIMR0044,SIMU0153:User 153,DENIED
2026,1月,11,周日,00:24:33,10321BC3,SIMBR0017,SIMR0017,SIMU0042:User 42,DENIED
2026,1月,11,周日,00:24:33,35C69784,SIMBR0093,SIMR0093,SIMU0168:User 168,DENIED
2026,1月,11,周日,00:24:33,BC450719,SIMBR0125,SIMR0125,SIMU0013:User 13,DENIED
2026,1月,11,周日,00:24:33,16ED8B1D,SIMBR0357,SIMR0357,SIMU0073:User 73,DENIED
2026,1月,11,周日,00:24:33,0EA23D3A,SIMBR0157,SIMR0157,SIMU0062:User 62,DENIED
2026,1月,11,周日,00:24:33,78D4B102,SIMBR0097,SIMR0097,SIMU0283:User 283,DENIED
2026,1月,11,周日,00:24:33,538EE2BF,SIMBR0335,SIMR0335,SIMU0177:User 177,DENIED
2026,1月,11,周日,00:24:33,B095C629,SIMBR0312,SIMR0312,SIMU0257:User 257,DENIED
2026,1月,11,周日,00:24:33,B6F02DDB,SIMBR0343,SIMR0343,SIMU0156:User 156,DENIED
2026,1月,11,周日,00:24:33,5E9892AA,SIMBR0366,SIMR0366,SIMU0293:User 293,DENIED
2026,1月,11,周日,00:24:33,538EE2BF,SIMBR0244,SIMR0244,SIMU0177:User 177,DENIED
2026,1月,11,周日,00:24:33,559213A2,SIMBR0295,SIMR0295,SIMU0047:User 47,DENIED
2026,1月,11,周日,00:24:33,C2F816DD,SIMBR0396,SIMR0396,SIMU0266:User 266,DENIED
2026,1月,11,周日,00:24:33,CD0D9101,SIMBR0400,SIMR0400,SIMU0135:User 135,DENIED
2026,1月,11,周日,00:24:33,AA3155BB,SIMBR0208,SIMR0208,SIMU0050:User 50,DENIED
2026,1月,11,周日,00:24:33,C2EDBC0C,SIMBR0084,SIMR0084,SIMU0226:User 226,DENIED
2026,1月,11,周日,00:24:33,5AC1CCB2,SIMBR0252,SIMR0252,SIMU0264:User 264,DENIED
2026,1月,11,周日,00:24:33,EF6713BA,SIMBR0359,SIMR0359,SIMU0153:User 153,DENIED
2026,1月,11,周日,00:24:33,DB66EC85,SIMBR0284,SIMR0284,SIMU0100:User 100,DENIED
2026,1月,11,周日,00:24:33,8884A944,SIMBR0054,SIMR0054,SIMU0295:User 295,DENIED
2026,1月,11,周日,00:24:33,E137F666,SIMBR0373,SIMR0373,SIMU0220:User 220,DENIED
2026,1月,11,周日,00:24:33,66FC8294,SIMBR0208,SIMR0208,SIMU0180:User 180,DENIED
2026,1月,11,周日,00:24:33,FC05A793,SIMBR0172,SIMR0172,SIMU0071:User 71,DENIED
2026,1月,11,周日,00:24:33,91E5E6B0,SIMBR0076,SIMR0076,SIMU0079:User 79,DENIED
2026,1月,11,周日,00:24:33,5E9892AA,SIMBR0289,SIMR0289,SIMU0293:User 293,DENIED
2026,1月,11,周日,00:24:33,7B092D88,SIMBR0101,SIMR0101,SIMU0236:User 236,DENIED
2026,1月,11,周日,00:24:33,964B6B12,SIMBR0112,SIMR0112,SIMU0003:User 3,DENIED
2026,1月,11,周日,00:24:33,49B45DCD,SIMBR0148,SIMR0148,SIMU0272:User 272,DENIED
2026,1月,11,周日,00:24:33,8E0C2F27,SIMBR0057,SIMR0057,SIMU0126:User 126,DENIED
2026,1月,11,周日,00:24:33,7CA376A0,SIMBR0284,SIMR0284,SIMU0102:User 102,DENIED
2026,1月,11,周日,00:24:33,E55AD432,SIMBR0062,SIMR0062,SIMU0134:User 134,DENIED
2026,1月,11,周日,00:24:33,7D277C80,SIMBR0096,SIMR0096,SIMU0212:User 212,DENIED
2026,1月,11,周日,00:24:33,3B7FFD92,SIMBR0243,SIMR0243,SIMU0256:User 256,DENIED
2026,1月,11,周日,00:24:33,DB66EC85,BR010,RES004,SIMU0100:User 100,DENIED
2026,1月,11,周日,00:24:33,F90964BF,SIMBR0059,SIMR0059,SIMU0091:User 91,DENIED
2026,1月,11,周日,00:24:33,983FD996,SIMBR0265,SIMR0265,SIMU0225:User 225,DENIED
2026,1月,11,周日,00:24:33,F8F80D07,BR025,RES018,SIMU0253:User 253,DENIED
2026,1月,11,周日,00:24:33,11BD165A,SIMBR0356,SIMR0356,SIMU0154:User 154,DENIED
2026,1月,11,周日,00:24:33,6A6279C3,SIMBR0384,SIMR0384,SIMU0178:User 178,DENIED
2026,1月,11,周日,00:24:33,21A13EE6,SIMBR0005,SIMR0005,SIMU0133:User 133,DENIED
2026,1月,11,周日,00:24:33,78D4B102,SIMBR0115,SIMR0115,SIMU0283:User 283,DENIED
2026,1月,11,周日,00:24:33,FC9C0D71,SIMBR0287,SIMR0287,SIMU0093:User 93,DENIED
2026,1月,11,周日,00:24:33,E8751622,SIMBR0081,SIMR0081,SIMU0161:User 161,DENIED
2026,1月,11,周日,00:24:33,495297EE,SIMBR0198,SIMR0198,SIMU0038:User 38,DENIED
2026,1月,11,周日,00:24:33,11BD165A,SIMBR0206,SIMR0206,SIMU0154:User 154,DENIED
2026,1月,11,周日,00:24:33,2E121B44,SIMBR0123,SIMR0123,SIMU0258:User 258,DENIED
2026,1月,11,周日,00:24:33,B33C40D7,SIMBR0367,SIMR0367,SIMU0015:User 15,DENIED
2026,1月,11,周日,00:24:33,B2D6FCB4,SIMBR0186,SIMR0186,SIMU0086:User 86,DENIED
2026,1月,11,周日,00:24:33,29200997,SIMBR0078,SIMR0078,SIMU0186:User 186,DENIED
2026,1月,11,周日,00:24:33,E775A860,SIMBR0075,SIMR0075,SIMU0248:User 248,DENIED
2026,1月,11,周日,00:24:33,20D788EC,SIMBR0159,SIMR0159,SIMU0271:User 271,DENIED
2026,1月,11,周日,00:24:33,A234EF8B,SIMBR0386,SIMR0386,SIMU0069:User 69,DENIED
2026,1月,11,周日,00:24:33,518BCEDD,SIMBR0299,SIMR0299,SIMU0011:User 11,DENIED
2026,1月,11,周日,00:24:33,3A395E30,SIMBR0127,SIMR0127,SIMU0280:User 280,DENIED
2026,1月,11,周日,00:24:33,9FA88CE9,SIMBR0033,SIMR0033,SIMU0049:User 49,DENIED
2026,1月,11,周日,00:24:33,8D67E6D5,SIMBR0049,SIMR0049,SIMU0045:User 45,DENIED
2026,1月,11,周日,00:24:33,31C1AEEF,SIMBR0186,SIMR0186,SIMU0039:User 39,DENIED
2026,1月,11,周日,00:24:33,24DE0286,SIMBR0231,SIMR0231,SIMU0221:User 221,DENIED
2026,1月,11,周日,00:24:33,75D7C714,SIMBR0031,SIMR0031,SIMU0005:User 5,DENIED
2026,1月,11,周日,00:24:33,AF6C110D,SIMBR0379,SIMR0379,SIMU0080:User 80,DENIED
2026,1月,11,周日,00:24:33,61095621,BR004,RES001,SIMU0137:User 137,DENIED
2026,1月,11,周日,00:24:33,C584F9D3,SIMBR0162,SIMR0162,EMP001:Zhang San,DENIED
2026,1月,11,周日,00:24:33,57DBFC15,SIMBR0324,SIMR0324,SIMU0290:User 290,DENIED
2026,1月,11,周日,00:24:33,37E9D9C0,SIMBR0100,SIMR0100,SIMU0034:User 34,DENIED
2026,1月,11,周日,00:24:33,3EA1EF87,SIMBR0321,SIMR0321,SIMU0229:User 229,DENIED
2026,1月,11,周日,00:24:33,4758C16D,SIMBR0072,SIMR0072,SIMU0147:User 147,DENIED
2026,1月,11,周日,00:24:43,B095C629,SIMBR0152,SIMR0152,SIMU0257:User 257,DENIED
2026,1月,11,周日,00:24:43,57ED1495,SIMBR0110,SIMR0110,SIMU0250:User 250,DENIED
2026,1月,11,周日,00:24:43,A4F77AE3,BR018,RES011,SIMU0031:User 31,DENIED
2026,1月,11,周日,00:24:43,49B45DCD,SIMBR0092,SIMR0092,SIMU0272:User 272,DENIED
2026,1月,11,周日,00:24:43,D832D5F3,SIMBR0314,SIMR0314,SIMU0261:User 261,DENIED
2026,1月,11,周日,00:24:43,E8751622,SIMBR0252,SIMR0252,SIMU0161:User 161,DENIED
2026,1月,11,周日,00:24:43,59E1ACA0,SIMBR0390,SIMR0390,SIMU0090:User 90,DENIED
2026,1月,11,周日,00:24:43,5FF2F656,SIMBR0159,SIMR0159,SIMU0120:User 120,DENIED
2026,1月,11,周日,00:24:43,2056B86F,BR020,RES013,SIMU0067:User 67,DENIED
2026,1月,11,周日,00:24:43,FD75651D,SIMBR0337,SIMR0337,SIMU0238:User 238,DENIED
2026,1月,11,周日,00:24:43,7B092D88,SIMBR0208,SIMR0208,SIMU0236:User 236,DENIED
2026,1月,11,周日,00:24:43,B2D6FCB4,SIMBR0267,SIMR0267,SIMU0086:User 86,DENIED
2026,1月,11,周日,00:24:43,AA3155BB,SIMBR0173,SIMR0173,SIMU0050:User 50,DENIED
2026,1月,11,周日,00:24:43,905C3DCB,SIMBR0116,SIMR0116,SIMU0070:User 70,DENIED
2026,1月,11,周日,00:24:43,20917633,SIMBR0138,SIMR0138,SIMU0296:User 296,DENIED
2026,1月,11,周日,00:24:43,E07F08A6,SIMBR0231,SIMR0231,SIMU0246:User 246,DENIED
2026,1月,11,周日,00:24:43,F853E5E9,SIMBR0220,SIMR0220,SIMU0119:User 119,DENIED
2026,1月,11,周日,00:24:43,FB68A282,SIMBR0344,SIMR0344,SIMU0183:User 183,DENIED
2026,1月,11,周日,00:24:43,57ED1495,SIMBR0247,SIMR0247,SIMU0250:User 250,DENIED
2026,1月,11,周日,00:24:43,602AF119,SIMBR0098,SIMR0098,SIMU0223:User 223,DENIED
2026,1月,11,周日,00:24:43,D87DCC23,SIMBR0154,SIMR0154,SIMU0006:User 6,DENIED
2026,1月,11,周日,00:24:43,A51F7B4F,SIMBR0244,SIMR0244,SIMU0277:User 277,DENIED
2026,1月,11,周日,00:24:43,4DFA0FE5,SIMBR0288,SIMR0288,SIMU0255:User 255,DENIED
2026,1月,11,周日,00:24:43,8E0C2F27,SIMBR0009,SIMR0009,SIMU0126:User 126,DENIED
2026,1月,11,周日,00:24:43,CA15B29F,SIMBR0126,SIMR0126,SIMU0206:User 206,DENIED
2026,1月,11,周日,00:24:43,DCB76AA3,SIMBR0369,SIMR0369,SIMU0228:User 228,DENIED
2026,1月,11,周日,00:24:43,91E5E6B0,SIMBR0312,SIMR0312,SIMU0079:User 79,DENIED
2026,1月,11,周日,00:24:43,D2C7D462,SIMBR0192,SIMR0192,SIMU0061:User 61,DENIED
2026,1月,11,周日,00:24:43,D832D5F3,SIMBR0277,SIMR0277,SIMU0261:User 261,DENIED
2026,1月,11,周日,00:24:43,7413D955,SIMBR0154,SIMR0154,SIMU0075:User 75,DENIED
2026,1月,11,周日,00:24:43,F9B71846,SIMBR0199,SIMR0199,SIMU0196:User 196,DENIED
2026,1月,11,周日,00:24:43,C1CE8342,SIMBR0080,SIMR0080,SIMU0018:User 18,DENIED
2026,1月,11,周日,00:24:43,6714B510,SIMBR0134,SIMR0134,SIMU0160:User 160,DENIED
2026,1月,11,周日,00:24:43,A5A16F78,SIMBR0207,SIMR0207,SIMU0294:User 294,DENIED
2026,1月,11,周日,00:24:43,1A3D1ED6,SIMBR0248,SIMR0248,SIMU0231:User 231,DENIED
2026,1月,11,周日,00:24:43,F04FDB11,SIMBR0212,SIMR0212,SIMU0125:User 125,DENIED
2026,1月,11,周日,00:24:43,40A1D543,SIMBR0374,SIMR0374,SIMU0267:User 267,DENIED
2026,1月,11,周日,00:24:43,15AB7C7D,SIMBR0195,SIMR0195,SIMU0096:User 96,DENIED
2026,1月,11,周日,00:24:43,23858FDA,SIMBR0017,SIMR0017,SIMU0098:User 98,DENIED
2026,1月,11,周日,00:24:43,54C5EDBD,SIMBR0082,SIMR0082,SIMU0145:User 145,DENIED
2026,1月,11,周日,00:24:43,E07F08A6,SIMBR0066,SIMR0066,SIMU0246:User 246,DENIED
2026,1月,11,周日,00:24:43,559213A2,SIMBR0075,SIMR0075,SIMU0047:User 47,DENIED
2026,1月,11,周日,00:24:43,7413D955,SIMBR0222,SIMR0222,SIMU0075:User 75,DENIED
2026,1月,11,周日,00:24:43,1B14F9BC,SIMBR0035,SIMR0035,SIMU0065:User 65,DENIED
2026,1月,11,周日,00:24:43,85471FCB,SIMBR0258,SIMR0258,SIMU0054:User 54,DENIED
2026,1月,11,周日,00:24:43,31C1AEEF,SIMBR0258,SIMR0258,SIMU0039:User 39,DENIED
2026,1月,11,周日,00:24:43,EEC38563,SIMBR0365,SIMR0365,SIMU0141:User 141,DENIED
2026,1月,11,周日,00:24:43,D49E4724,SIMBR0126,SIMR0126,SIMU0278:User 278,DENIED
2026,1月,11,周日,00:24:43,FC05A793,SIMBR0358,SIMR0358,SIMU0071:User 71,DENIED
2026,1月,11,周日,00:24:43,C2EDBC0C,SIMBR0125,SIMR0125,SIMU0226:User 226,DENIED
2026,1月,11,周日,00:24:44,49B45DCD,SIMBR0359,SIMR0359,SIMU0272:User 272,DENIED
2026,1月,11,周日,00:24:44,9FA88CE9,SIMBR0084,SIMR0084,SIMU0049:User 49,DENIED
2026,1月,11,周日,00:24:44,37FA6637,SIMBR0090,SIMR0090,SIMU0199:User 199,DENIED
2026,1月,11,周日,00:24:44,C2F816DD,SIMBR0007,SIMR0007,SIMU0266:User 266,DENIED
2026,1月,11,周日,00:24:44,2056B86F,SIMBR0336,SIMR0336,SIMU0067:User 67,DENIED
2026,1月,11,周日,00:24:44,D324F0AC,SIMBR0103,SIMR0103,SIMU0108:User 108,DENIED
2026,1月,11,周日,00:24:44,0540806D,SIMBR0048,SIMR0048,SIMU0265:User 265,DENIED
2026,1月,11,周日,00:24:44,DB66EC85,SIMBR0037,SIMR0037,SIMU0100:User 100,DENIED
2026,1月,11,周日,00:24:44,86937632,BR013,RES006,SIMU0187:User 187,DENIED
2026,1月,11,周日,00:24:44,C73CE928,SIMBR0243,SIMR0243,SIMU0281:User 281,DENIED
2026,1月,11,周日,00:24:44,0540806D,SIMBR0185,SIMR0185,SIMU0265:User 265,DENIED
2026,1月,11,周日,00:24:44,E137F666,SIMBR0387,SIMR0387,SIMU0220:User 220,DENIED
2026,1月,11,周日,00:24:44,E393950E,SIMBR0300,SIMR0300,SIMU0195:User 195,DENIED
2026,1月,11,周日,00:24:44,33F39C8F,SIMBR0017,SIMR0017,SIMU0205:User 205,DENIED
2026,1月,11,周日,00:24:44,CB1ACCC7,SIMBR0276,SIMR0276,SIMU0110:User 110,DENIED
2026,1月,11,周日,00:24:44,D0171F97,SIMBR0263,SIMR0263,SIMU0032:User 32,DENIED
2026,1月,11,周日,00:24:44,A51F7B4F,SIMBR0309,SIMR0309,SIMU0277:User 277,DENIED
2026,1月,11,周日,00:24:44,3DDB17B7,SIMBR0019,SIMR0019,SIMU0044:User 44,DENIED
2026,1月,11,周日,00:24:44,1CA3AA4C,SIMBR0183,SIMR0183,SIMU0014:User 14,DENIED
2026,1月,11,周日,00:24:44,C57735BB,SIMBR0280,SIMR0280,SIMU0242:User 242,DENIED
2026,1月,11,周日,00:24:44,01FC696F,SIMBR0221,SIMR0221,SIMU0068:User 68,DENIED
2026,1月,11,周日,00:24:44,45B37997,SIMBR0150,SIMR0150,SIMU0163:User 163,DENIED
2026,1月,11,周日,00:24:44,0FB515EE,SIMBR0059,SIMR0059,SIMU0033:User 33,DENIED
2026,1月,11,周日,00:24:44,C46D887F,SIMBR0323,SIMR0323,SIMU0254:User 254,DENIED
2026,1月,11,周日,00:24:44,46895123,SIMBR0293,SIMR0293,SIMU0132:User 132,DENIED
2026,1月,11,周日,00:24:44,DF7754DF,SIMBR0042,SIMR0042,SIMU0019:User 19,DENIED
2026,1月,11,周日,00:24:44,273D28BF,SIMBR0137,SIMR0137,SIMU0057:User 57,DENIED
2026,1月,11,周日,00:24:44,FBFF5A63,SIMBR0269,SIMR0269,SIMU0184:User 184,DENIED
2026,1月,11,周日,00:24:44,BA821DBA,SIMBR0348,SIMR0348,SIMU0148:User 148,DENIED
2026,1月,11,周日,00:24:44,518BCEDD,SIMBR0102,SIMR0102,SIMU0011:User 11,DENIED
2026,1月,11,周日,00:24:44,701D5B3A,SIMBR0396,SIMR0396,SIMU0211:User 211,DENIED
2026,1月,11,周日,00:24:44,7C3923AE,SIMBR0243,SIMR0243,SIMU0210:User 210,DENIED
2026,1月,11,周日,00:24:44,5FF2F656,SIMBR0304,SIMR0304,SIMU0120:User 120,DENIED
2026,1月,11,周日,00:24:44,F616A325,SIMBR0066,SIMR0066,SIMU0194:User 194,DENIED
2026,1月,11,周日,00:24:44,5D5C3450,SIMBR0013,SIMR0013,SIMU0131:User 131,DENIED
2026,1月,11,周日,00:24:44,8EA215FF,BR006,RES002,SIMU0201:User 201,DENIED
2026,1月,11,周日,00:24:44,20D788EC,SIMBR0309,SIMR0309,SIMU0271:User 271,DENIED
2026,1月,11,周日,00:24:44,2E121B44,SIMBR0302,SIMR0302,SIMU0258:User 258,DENIED
2026,1月,11,周日,00:24:44,F90964BF,SIMBR0130,SIMR0130,SIMU0091:User 91,DENIED
2026,1月,11,周日,00:24:44,6E7782F8,SIMBR0340,SIMR0340,INT001:Zhao Liu,DENIED
2026,1月,11,周日,00:24:44,9615FFCC,SIMBR0174,SIMR0174,SIMU0010:User 10,DENIED
2026,1月,11,周日,00:24:44,16ED8B1D,SIMBR0247,SIMR0247,SIMU0073:User 73,DENIED
2026,1月,11,周日,00:24:44,5AC1CCB2,SIMBR0222,SIMR0222,SIMU0264:User 264,DENIED
2026,1月,11,周日,00:24:44,CB1ACCC7,SIMBR0114,SIMR0114,SIMU0110:User 110,DENIED
2026,1月,11,周日,00:24:44,F04FDB11,SIMBR0194,SIMR0194,SIMU0125:User 125,DENIED
2026,1月,11,周日,00:24:44,D504C218,BR010,RES004,SIMU0060:User 60,DENIED
2026,1月,11,周日,00:24:44,905C3DCB,SIMBR0313,SIMR0313,SIMU0070:User 70,DENIED
2026,1月,11,周日,00:24:44,54722E38,SIMBR0086,SIMR0086,SIMU0222:User 222,DENIED
2026,1月,11,周日,00:24:44,394DF2A8,SIMBR0319,SIMR0319,SIMU0111:User 111,DENIED
2026,1月,11,周日,00:24:44,16ED8B1D,SIMBR0046,SIMR0046,SIMU0073:User 73,DENIED
2026,1月,11,周日,00:24:45,C72DAED8,SIMBR0187,SIMR0187,SIMU0117:User 117,DENIED
2026,1月,11,周日,00:24:45,F1D4B1B6,SIMBR0169,SIMR0169,SIMU0247:User 247,DENIED
2026,1月,11,周日,00:24:45,CA15B29F,SIMBR0262,SIMR0262,SIMU0206:User 206,DENIED
2026,1月,11,周日,00:24:45,8CBA0F42,SIMBR0256,SIMR0256,SIMU0152:User 152,DENIED
2026,1月,11,周日,00:24:45,87F48A64,SIMBR0163,SIMR0163,SIMU0143:User 143,DENIED
2026,1月,11,周日,00:24:45,6E7782F8,SIMBR0031,SIMR0031,INT001:Zhao Liu,DENIED
2026,1月,11,周日,00:24:45,495297EE,SIMBR0130,SIMR0130,SIMU0038:User 38,DENIED
2026,1月,11,周日,00:24:45,33F39C8F,SIMBR0166,SIMR0166,SIMU0205:User 205,DENIED
2026,1月,11,周日,00:24:45,8E0C2F27,SIMBR0347,SIMR0347,SIMU0126:User 126,DENIED
2026,1月,11,周日,00:24:45,F90964BF,SIMBR0385,SIMR0385,SIMU0091:User 91,DENIED
2026,1月,11,周日,00:24:45,8D67E6D5,SIMBR0369,SIMR0369,SIMU0045:User 45,DENIED
2026,1月,11,周日,00:24:45,F8F80D07,SIMBR0070,SIMR0070,SIMU0253:User 253,DENIED
2026,1月,11,周日,00:24:45,59E1ACA0,SIMBR0304,SIMR0304,SIMU0090:User 90,DENIED
2026,1月,11,周日,00:24:45,C73CE928,SIMBR0037,SIMR0037,SIMU0281:User 281,DENIED
2026,1月,11,周日,00:24:45,2289A51E,SIMBR0059,SIMR0059,SIMU0273:User 273,DENIED
2026,1月,11,周日,00:24:45,8BC6335E,SIMBR0137,SIMR0137,SIMU0204:User 204,DENIED
2026,1月,11,周日,00:24:45,394DF2A8,SIMBR0115,SIMR0115,SIMU0111:User 111,DENIED
2026,1月,11,周日,00:24:45,5E9892AA,SIMBR0021,SIMR0021,SIMU0293:User 293,DENIED
2026,1月,11,周日,00:24:45,068AFAB6,SIMBR0059,SIMR0059,SIMU0115:User 115,DENIED
2026,1月,11,周日,00:24:45,56C4C8CF,SIMBR0400,SIMR0400,SIMU0077:User 77,DENIED
2026,1月,11,周日,00:24:45,BA893511,SIMBR0051,SIMR0051,SIMU0269:User 269,DENIED
2026,1月,11,周日,00:24:45,BA1008EF,SIMBR0050,SIMR0050,SIMU0083:User 83,DENIED
2026,1月,11,周日,00:24:45,D716AAF5,SIMBR0148,SIMR0148,SIMU0170:User 170,DENIED
2026,1月,11,周日,00:24:45,61095621,SIMBR0398,SIMR0398,SIMU0137:User 137,DENIED
2026,1月,11,周日,00:24:45,6CEC1FDF,SIMBR0194,SIMR0194,SIMU0230:User 230,DENIED
2026,1月,11,周日,00:24:45,5E9892AA,SIMBR0002,SIMR0002,SIMU0293:User 293,DENIED
2026,1月,11,周日,00:24:45,97A9597E,SIMBR0280,SIMR0280,SIMU0030:User 30,DENIED
2026,1月,11,周日,00:24:45,9FA88CE9,SIMBR0190,SIMR0190,SIMU0049:User 49,DENIED
2026,1月,11,周日,00:24:45,84F825EE,SIMBR0037,SIMR0037,SIMU0150:User 150,DENIED
2026,1月,11,周日,00:24:45,D504C218,SIMBR0137,SIMR0137,SIMU0060:User 60,DENIED
2026,1月,11,周日,00:24:45,E55AD432,SIMBR0242,SIMR0242,SIMU0134:User 134,DENIED
2026,1月,11,周日,00:24:45,57DBFC15,SIMBR0314,SIMR0314,SIMU0290:User 290,DENIED
2026,1月,11,周日,00:24:45,5A758FE3,SIMBR0336,SIMR0336,SIMU0103:User 103,DENIED
2026,1月,11,周日,00:24:45,2289A51E,SIMBR0007,SIMR0007,SIMU0273:User 273,DENIED
2026,1月,11,周日,00:24:45,4D83FE2E,SIMBR0338,SIMR0338,SIMU0056:User 56,DENIED
2026,1月,11,周日,00:24:45,0EA23D3A,SIMBR0145,SIMR0145,SIMU0062:User 62,DENIED
2026,1月,11,周日,00:24:45,C6173DD5,SIMBR0121,SIMR0121,SIMU0023:User 23,DENIED
2026,1月,11,周日,00:24:45,DB66EC85,SIMBR0071,SIMR0071,SIMU0100:User 100,DENIED
2026,1月,11,周日,00:24:45,3EA1EF87,SIMBR0119,SIMR0119,SIMU0229:User 229,DENIED
2026,1月,11,周日,00:24:45,01513E26,SIMBR0050,SIMR0050,SIMU0181:User 181,DENIED
2026,1月,11,周日,00:24:45,6F12BFA3,SIMBR0358,SIMR0358,SIMU0218:User 218,DENIED
2026,1月,11,周日,00:24:45,45BE30A8,SIMBR0137,SIMR0137,8d1a5202-9052-4f93-bf5a-4deffdf65fd3:a q,DENIED
2026,1月,11,周日,00:24:45,54C5EDBD,SIMBR0193,SIMR0193,SIMU0145:User 145,DENIED
2026,1月,11,周日,00:24:45,3DDB17B7,SIMBR0372,SIMR0372,SIMU0044:User 44,DENIED
2026,1月,11,周日,00:24:45,D49E4724,SIMBR0357,SIMR0357,SIMU0278:User 278,DENIED
2026,1月,11,周日,00:24:45,F616A325,SIMBR0172,SIMR0172,SIMU0194:User 194,DENIED
2026,1月,11,周日,00:24:45,A7A30652,SIMBR0393,SIMR0393,SIMU0094:User 94,DENIED
2026,1月,11,周日,00:24:45,D1BB07EE,SIMBR0022,SIMR0022,SIMU0287:User 287,DENIED
2026,1月,11,周日,00:24:45,FE83648E,SIMBR0309,SIMR0309,SIMU0142:User 142,DENIED
2026,1月,11,周日,00:24:45,29200997,BR001,RES020,SIMU0186:User 186,DENIED
2026,1月,11,周日,00:24:46,CD0D9101,SIMBR0387,SIMR0387,SIMU0135:User 135,DENIED
2026,1月,11,周日,00:24:46,2E121B44,SIMBR0395,SIMR0395,SIMU0258:User 258,DENIED
2026,1月,11,周日,00:24:46,FC05A793,SIMBR0173,SIMR0173,SIMU0071:User 71,DENIED
2026,1月,11,周日,00:24:46,C1CE8342,BR004,RES001,SIMU0018:User 18,DENIED
2026,1月,11,周日,00:24:46,0FB515EE,SIMBR0344,SIMR0344,SIMU0033:User 33,DENIED
2026,1月,11,周日,00:24:46,4D153C4A,SIMBR0345,SIMR0345,SIMU0104:User 104,DENIED
2026,1月,11,周日,00:24:46,4AF57AEF,BR001,RES020,SIMU0193:User 193,DENIED
2026,1月,11,周日,00:24:46,C72DAED8,SIMBR0261,SIMR0261,SIMU0117:User 117,DENIED
2026,1月,11,周日,00:24:46,78D4B102,SIMBR0090,SIMR0090,SIMU0283:User 283,DENIED
2026,1月,11,周日,00:24:46,050D9DEF,SIMBR0129,SIMR0129,SIMU0128:User 128,DENIED
2026,1月,11,周日,00:24:46,B33C40D7,SIMBR0258,SIMR0258,SIMU0015:User 15,DENIED
2026,1月,11,周日,00:24:46,C0CB4AFF,SIMBR0165,SIMR0165,SIMU0235:User 235,DENIED
2026,1月,11,周日,00:24:46,3B22F02A,SIMBR0023,SIMR0023,SIMU0299:User 299,DENIED
2026,1月,11,周日,00:24:46,FC05A793,SIMBR0188,SIMR0188,SIMU0071:User 71,DENIED
2026,1月,11,周日,00:24:46,FEF21F79,SIMBR0303,SIMR0303,SIMU0159:User 159,DENIED
2026,1月,11,周日,00:24:46,354118DA,SIMBR0102,SIMR0102,SIMU0052:User 52,DENIED
2026,1月,11,周日,00:24:46,4B59E256,SIMBR0085,SIMR0085,SIMU0182:User 182,DENIED
2026,1月,11,周日,00:24:46,B3E8626A,SIMBR0325,SIMR0325,SIMU0239:User 239,DENIED
2026,1月,11,周日,00:24:46,D3E409F0,BR012,RES005,SIMU0012:User 12,DENIED
2026,1月,11,周日,00:24:46,3870BA5D,SIMBR0101,SIMR0101,SIMU0173:User 173,DENIED
2026,1月,11,周日,00:24:46,C6E3BF57,SIMBR0173,SIMR0173,SIMU0297:User 297,DENIED
2026,1月,11,周日,00:24:46,CEC0E003,SIMBR0019,SIMR0019,SIMU0009:User 9,DENIED
2026,1月,11,周日,00:24:46,84F825EE,SIMBR0177,SIMR0177,SIMU0150:User 150,DENIED
2026,1月,11,周日,00:24:46,5E9892AA,SIMBR0174,SIMR0174,SIMU0293:User 293,DENIED
2026,1月,11,周日,00:24:46,C2F816DD,SIMBR0385,SIMR0385,SIMU0266:User 266,DENIED
2026,1月,11,周日,00:24:46,E2506042,SIMBR0360,SIMR0360,SIMU0101:User 101,DENIED
2026,1月,11,周日,00:24:46,D0B8FC16,SIMBR0359,SIMR0359,SIMU0185:User 185,DENIED
2026,1月,11,周日,00:24:46,0CFFFBA0,SIMBR0079,SIMR0079,SIMU0189:User 189,DENIED
2026,1月,11,周日,00:24:46,AB055C88,SIMBR0058,SIMR0058,SIMU0024:User 24,DENIED
2026,1月,11,周日,00:24:46,11BD165A,SIMBR0065,SIMR0065,SIMU0154:User 154,DENIED
2026,1月,11,周日,00:24:46,FBBEF95C,SIMBR0276,SIMR0276,SIMU0025:User 25,DENIED
2026,1月,11,周日,00:24:46,C6E3BF57,SIMBR0011,SIMR0011,SIMU0297:User 297,DENIED
2026,1月,11,周日,00:24:46,050D9DEF,SIMBR0316,SIMR0316,SIMU0128:User 128,DENIED
2026,1月,11,周日,00:24:46,E6D64EED,SIMBR0045,SIMR0045,SIMU0105:User 105,DENIED
2026,1月,11,周日,00:24:46,DCB76AA3,SIMBR0263,SIMR0263,SIMU0228:User 228,DENIED
2026,1月,11,周日,00:24:46,A7A30652,SIMBR0009,SIMR0009,SIMU0094:User 94,DENIED
2026,1月,11,周日,00:24:46,CD0D9101,SIMBR0036,SIMR0036,SIMU0135:User 135,DENIED
2026,1月,11,周日,00:24:46,C72DAED8,SIMBR0103,SIMR0103,SIMU0117:User 117,DENIED
2026,1月,11,周日,00:24:46,CB2FA116,SIMBR0110,SIMR0110,SIMU0172:User 172,DENIED
2026,1月,11,周日,00:24:46,59E1ACA0,SIMBR0360,SIMR0360,SIMU0090:User 90,DENIED
2026,1月,11,周日,00:24:46,72A4E470,BR012,RES005,SIMU0268:User 268,DENIED
2026,1月,11,周日,00:24:46,D832D5F3,SIMBR0172,SIMR0172,SIMU0261:User 261,DENIED
2026,1月,11,周日,00:24:46,8B29C7CC,SIMBR0229,SIMR0229,SIMU0175:User 175,DENIED
2026,1月,11,周日,00:24:46,C2F816DD,SIMBR0362,SIMR0362,SIMU0266:User 266,DENIED
2026,1月,11,周日,00:24:46,80BC1A17,SIMBR0123,SIMR0123,SIMU0112:User 112,DENIED
2026,1月,11,周日,00:24:46,5A758FE3,SIMBR0328,SIMR0328,SIMU0103:User 103,DENIED
2026,1月,11,周日,00:24:46,E116EA41,SIMBR0093,SIMR0093,SIMU0127:User 127,DENIED
2026,1月,11,周日,00:24:46,F853E5E9,SIMBR0275,SIMR0275,SIMU0119:User 119,DENIED
2026,1月,11,周日,00:24:46,BA6DDD0B,SIMBR0102,SIMR0102,SIMU0146:User 146,DENIED
2026,1月,11,周日,00:24:46,D87DCC23,SIMBR0095,SIMR0095,SIMU0006:User 6,DENIED
2026,1月,11,周日,00:24:47,6A6279C3,SIMBR0366,SIMR0366,SIMU0178:User 178,DENIED
2026,1月,11,周日,00:24:47,C57735BB,SIMBR0027,SIMR0027,SIMU0242:User 242,DENIED
2026,1月,11,周日,00:24:47,A89B9996,BR012,RES005,SIMU0213:User 213,DENIED
2026,1月,11,周日,00:24:47,602AF119,SIMBR0323,SIMR0323,SIMU0223:User 223,DENIED
2026,1月,11,周日,00:24:47,C31E01F0,SIMBR0375,SIMR0375,SIMU0192:User 192,DENIED
2026,1月,11,周日,00:24:47,24546BD0,SIMBR0039,SIMR0039,SIMU0251:User 251,DENIED
2026,1月,11,周日,00:24:47,1A88116F,SIMBR0203,SIMR0203,SIMU0063:User 63,DENIED
2026,1月,11,周日,00:24:47,AB055C88,SIMBR0316,SIMR0316,SIMU0024:User 24,DENIED
2026,1月,11,周日,00:24:47,7C28253F,SIMBR0322,SIMR0322,SIMU0027:User 27,DENIED
2026,1月,11,周日,00:24:47,7D277C80,SIMBR0038,SIMR0038,SIMU0212:User 212,DENIED
2026,1月,11,周日,00:24:47,3B7FFD92,SIMBR0256,SIMR0256,SIMU0256:User 256,DENIED
2026,1月,11,周日,00:24:47,3870BA5D,SIMBR0135,SIMR0135,SIMU0173:User 173,DENIED
2026,1月,11,周日,00:24:47,11BD165A,SIMBR0015,SIMR0015,SIMU0154:User 154,DENIED
2026,1月,11,周日,00:24:47,A0043AC2,SIMBR0233,SIMR0233,SIMU0040:User 40,DENIED
2026,1月,11,周日,00:24:47,84F825EE,SIMBR0378,SIMR0378,SIMU0150:User 150,DENIED
2026,1月,11,周日,00:24:47,D504C218,SIMBR0358,SIMR0358,SIMU0060:User 60,DENIED
2026,1月,11,周日,00:24:47,D1BB07EE,SIMBR0297,SIMR0297,SIMU0287:User 287,DENIED
2026,1月,11,周日,00:24:47,273F3B3E,SIMBR0150,SIMR0150,SIMU0224:User 224,DENIED
2026,1月,11,周日,00:24:47,0EE439B9,SIMBR0232,SIMR0232,SIMU0004:User 4,DENIED
2026,1月,11,周日,00:24:47,F3B58DFF,BR016,RES009,SIMU0076:User 76,DENIED
2026,1月,11,周日,00:24:47,E8751622,SIMBR0145,SIMR0145,SIMU0161:User 161,DENIED
2026,1月,11,周日,00:24:47,C718E607,SIMBR0173,SIMR0173,SIMU0089:User 89,DENIED
2026,1月,11,周日,00:24:47,F853E5E9,SIMBR0022,SIMR0022,SIMU0119:User 119,DENIED
2026,1月,11,周日,00:24:47,A89B9996,SIMBR0145,SIMR0145,SIMU0213:User 213,DENIED
2026,1月,11,周日,00:24:47,29200997,SIMBR0032,SIMR0032,SIMU0186:User 186,DENIED
2026,1月,11,周日,00:24:47,8CBA0F42,SIMBR0122,SIMR0122,SIMU0152:User 152,DENIED
2026,1月,11,周日,00:24:47,46895123,SIMBR0342,SIMR0342,SIMU0132:User 132,DENIED
2026,1月,11,周日,00:24:47,29200997,SIMBR0171,SIMR0171,SIMU0186:User 186,DENIED
2026,1月,11,周日,00:24:47,0EA23D3A,SIMBR0032,SIMR0032,SIMU0062:User 62,DENIED
2026,1月,11,周日,00:24:47,CB0F203D,SIMBR0212,SIMR0212,SIMU0124:User 124,DENIED
2026,1月,11,周日,00:24:47,56C4C8CF,SIMBR0388,SIMR0388,SIMU0077:User 77,DENIED
2026,1月,11,周日,00:24:47,7C3923AE,SIMBR0362,SIMR0362,SIMU0210:User 210,DENIED
2026,1月,11,周日,00:24:47,8884A944,SIMBR0054,SIMR0054,SIMU0295:User 295,DENIED
2026,1月,11,周日,00:24:47,C2F816DD,SIMBR0043,SIMR0043,SIMU0266:User 266,DENIED
2026,1月,11,周日,00:24:47,F9B71846,SIMBR0359,SIMR0359,SIMU0196:User 196,DENIED
2026,1月,11,周日,00:24:47,354118DA,SIMBR0075,SIMR0075,SIMU0052:User 52,DENIED
2026,1月,11,周日,00:24:47,BA841717,SIMBR0189,SIMR0189,SIMU0064:User 64,DENIED
2026,1月,11,周日,00:24:47,8C19D42A,SIMBR0081,SIMR0081,SIMU0284:User 284,DENIED
2026,1月,11,周日,00:24:47,4D153C4A,SIMBR0240,SIMR0240,SIMU0104:User 104,DENIED
2026,1月,11,周日,00:24:47,5334DCE6,BR014,RES007,SIMU0179:User 179,DENIED
2026,1月,11,周日,00:24:47,874CC50E,SIMBR0029,SIMR0029,SIMU0036:User 36,DENIED
2026,1月,11,周日,00:24:47,6A6279C3,SIMBR0102,SIMR0102,SIMU0178:User 178,DENIED
2026,1月,11,周日,00:24:47,6F12BFA3,SIMBR0086,SIMR0086,SIMU0218:User 218,DENIED
2026,1月,11,周日,00:24:47,D1BB07EE,SIMBR0239,SIMR0239,SIMU0287:User 287,DENIED
2026,1月,11,周日,00:24:47,4AF57AEF,SIMBR0034,SIMR0034,SIMU0193:User 193,DENIED
2026,1月,11,周日,00:24:47,18788AAF,SIMBR0392,SIMR0392,SIMU0298:User 298,DENIED
2026,1月,11,周日,00:24:47,FEF21F79,SIMBR0113,SIMR0113,SIMU0159:User 159,DENIED
2026,1月,11,周日,00:24:47,94264C0C,SIMBR0228,SIMR0228,SIMU0118:User 118,DENIED
2026,1月,11,周日,00:24:47,068AFAB6,SIMBR0075,SIMR0075,SIMU0115:User 115,DENIED
2026,1月,11,周日,00:24:47,A234EF8B,SIMBR0102,SIMR0102,SIMU0069:User 69,DENIED
2026,1月,11,周日,00:24:48,546575AC,SIMBR0023,SIMR0023,SIMU0140:User 140,DENIED
2026,1月,11,周日,00:24:48,628D5BBC,SIMBR0141,SIMR0141,SIMU0041:User 41,DENIED
2026,1月,11,周日,00:24:48,6A6279C3,SIMBR0044,SIMR0044,SIMU0178:User 178,DENIED
2026,1月,11,周日,00:24:48,DA3D486F,SIMBR0340,SIMR0340,SIMU0028:User 28,DENIED
2026,1月,11,周日,00:24:48,D1BB07EE,SIMBR0244,SIMR0244,SIMU0287:User 287,DENIED
2026,1月,11,周日,00:24:48,10321BC3,SIMBR0147,SIMR0147,SIMU0042:User 42,DENIED
2026,1月,11,周日,00:24:48,0EE439B9,SIMBR0135,SIMR0135,SIMU0004:User 4,DENIED
2026,1月,11,周日,00:24:48,B6F02DDB,SIMBR0202,SIMR0202,SIMU0156:User 156,DENIED
2026,1月,11,周日,00:24:48,181D33C7,SIMBR0145,SIMR0145,SIMU0227:User 227,DENIED
2026,1月,11,周日,00:24:48,91E5E6B0,BR004,RES001,SIMU0079:User 79,DENIED
2026,1月,11,周日,00:24:48,E0F41E54,SIMBR0282,SIMR0282,SIMU0176:User 176,DENIED
2026,1月,11,周日,00:24:48,AF6C110D,SIMBR0250,SIMR0250,SIMU0080:User 80,DENIED
2026,1月,11,周日,00:24:48,61095621,SIMBR0165,SIMR0165,SIMU0137:User 137,DENIED
2026,1月,11,周日,00:24:48,C72DAED8,SIMBR0029,SIMR0029,SIMU0117:User 117,DENIED
2026,1月,11,周日,00:24:48,15AB7C7D,SIMBR0300,SIMR0300,SIMU0096:User 96,DENIED
2026,1月,11,周日,00:24:48,E8751622,SIMBR0023,SIMR0023,SIMU0161:User 161,DENIED
2026,1月,11,周日,00:24:48,A9E67E95,SIMBR0369,SIMR0369,SIMU0243:User 243,DENIED
2026,1月,11,周日,00:24:48,8CBA0F42,SIMBR0312,SIMR0312,SIMU0152:User 152,DENIED
2026,1月,11,周日,00:24:48,3B22F02A,SIMBR0025,SIMR0025,SIMU0299:User 299,DENIED
2026,1月,11,周日,00:24:48,D3E409F0,SIMBR0323,SIMR0323,SIMU0012:User 12,DENIED
2026,1月,11,周日,00:24:48,030D82CF,SIMBR0092,SIMR0092,SIMU0207:User 207,DENIED
2026,1月,11,周日,00:24:48,A2903A49,BR001,RES020,SIMU0043:User 43,DENIED
2026,1月,11,周日,00:24:48,7B914E9E,SIMBR0273,SIMR0273,SIMU0215:User 215,DENIED
2026,1月,11,周日,00:24:48,A2903A49,SIMBR0232,SIMR0232,SIMU0043:User 43,DENIED
2026,1月,11,周日,00:24:48,F6E7D08A,SIMBR0328,SIMR0328,SIMU0001:User 1,DENIED
2026,1月,11,周日,00:24:48,5FF2F656,SIMBR0193,SIMR0193,SIMU0120:User 120,DENIED
2026,1月,11,周日,00:24:48,5C4195BE,SIMBR0012,SIMR0012,SIMU0288:User 288,DENIED
2026,1月,11,周日,00:24:48,47C3A99F,SIMBR0185,SIMR0185,SIMU0136:User 136,DENIED
2026,1月,11,周日,00:24:48,1DE07196,SIMBR0282,SIMR0282,SIMU0274:User 274,DENIED
2026,1月,11,周日,00:24:48,29200997,SIMBR0093,SIMR0093,SIMU0186:User 186,DENIED
2026,1月,11,周日,00:24:48,72A4E470,SIMBR0306,SIMR0306,SIMU0268:User 268,DENIED
2026,1月,11,周日,00:24:48,F3B58DFF,SIMBR0089,SIMR0089,SIMU0076:User 76,DENIED
2026,1月,11,周日,00:24:48,602AF119,SIMBR0256,SIMR0256,SIMU0223:User 223,DENIED
2026,1月,11,周日,00:24:48,E0F41E54,SIMBR0111,SIMR0111,SIMU0176:User 176,DENIED
2026,1月,11,周日,00:24:48,DF7754DF,SIMBR0280,SIMR0280,SIMU0019:User 19,DENIED
2026,1月,11,周日,00:24:48,61095621,SIMBR0118,SIMR0118,SIMU0137:User 137,DENIED
2026,1月,11,周日,00:24:48,73913F8C,SIMBR0314,SIMR0314,SIMU0188:User 188,DENIED
2026,1月,11,周日,00:24:48,6FFD7F45,BR014,RES007,SIMU0198:User 198,DENIED
2026,1月,11,周日,00:24:48,5334DCE6,SIMBR0027,SIMR0027,SIMU0179:User 179,DENIED
2026,1月,11,周日,00:24:48,94264C0C,SIMBR0353,SIMR0353,SIMU0118:User 118,DENIED
2026,1月,11,周日,00:24:48,57ED1495,SIMBR0266,SIMR0266,SIMU0250:User 250,DENIED
2026,1月,11,周日,00:24:48,53A1B264,SIMBR0292,SIMR0292,SIMU0017:User 17,DENIED
2026,1月,11,周日,00:24:48,068AFAB6,SIMBR0074,SIMR0074,SIMU0115:User 115,DENIED
2026,1月,11,周日,00:24:48,DB66EC85,SIMBR0277,SIMR0277,SIMU0100:User 100,DENIED
2026,1月,11,周日,00:24:48,A5A16F78,SIMBR0213,SIMR0213,SIMU0294:User 294,DENIED
2026,1月,11,周日,00:24:48,7C28253F,SIMBR0396,SIMR0396,SIMU0027:User 27,DENIED
2026,1月,11,周日,00:24:48,7CA376A0,SIMBR0120,SIMR0120,SIMU0102:User 102,DENIED
2026,1月,11,周日,00:24:48,29200997,SIMBR0079,SIMR0079,SIMU0186:User 186,DENIED
2026,1月,11,周日,00:24:48,EFC60F14,SIMBR0277,SIMR0277,SIMU0286:User 286,DENIED
2026,1月,11,周日,00:24:48,3CC4126C,SIMBR0328,SIMR0328,SIMU0099:User 99,DENIED
2026,1月,11,周日,00:24:49,9A00F337,SIMBR0234,SIMR0234,SIMU0285:User 285,DENIED
2026,1月,11,周日,00:24:49,181D33C7,SIMBR0309,SIMR0309,SIMU0227:User 227,DENIED
2026,1月,11,周日,00:24:49,78D4B102,SIMBR0269,SIMR0269,SIMU0283:User 283,DENIED
2026,1月,11,周日,00:24:49,C73CE928,SIMBR0288,SIMR0288,SIMU0281:User 281,DENIED
2026,1月,11,周日,00:24:49,3DC555DE,SIMBR0031,SIMR0031,SIMU0300:User 300,DENIED
2026,1月,11,周日,00:24:49,58B690ED,SIMBR0163,SIMR0163,SIMU0081:User 81,DENIED
2026,1月,11,周日,00:24:49,7C3923AE,SIMBR0071,SIMR0071,SIMU0210:User 210,DENIED
2026,1月,11,周日,00:24:49,C0F19B1C,SIMBR0256,SIMR0256,SIMU0155:User 155,DENIED
2026,1月,11,周日,00:24:49,BC450719,SIMBR0354,SIMR0354,SIMU0013:User 13,DENIED
2026,1月,11,周日,00:24:49,13990099,SIMBR0230,SIMR0230,SIMU0008:User 8,DENIED
2026,1月,11,周日,00:24:49,15D30411,BR010,RES004,SIMU0289:User 289,DENIED
2026,1月,11,周日,00:24:49,F04FDB11,SIMBR0250,SIMR0250,SIMU0125:User 125,DENIED
2026,1月,11,周日,00:24:49,9FA88CE9,BR016,RES009,SIMU0049:User 49,DENIED
2026,1月,11,周日,00:24:49,D87DCC23,SIMBR0206,SIMR0206,SIMU0006:User 6,DENIED
2026,1月,11,周日,00:24:49,BA821DBA,SIMBR0142,SIMR0142,SIMU0148:User 148,DENIED
2026,1月,11,周日,00:24:49,DB66EC85,SIMBR0089,SIMR0089,SIMU0100:User 100,DENIED
2026,1月,11,周日,00:24:49,20D788EC,SIMBR0153,SIMR0153,SIMU0271:User 271,DENIED
2026,1月,11,周日,00:24:49,853BC8DF,SIMBR0122,SIMR0122,SIMU0092:User 92,DENIED
2026,1月,11,周日,00:24:49,DCB76AA3,BR020,RES013,SIMU0228:User 228,DENIED
2026,1月,11,周日,00:24:49,FEB7592C,SIMBR0015,SIMR0015,SIMU0059:User 59,DENIED
2026,1月,11,周日,00:24:49,C44E5E52,SIMBR0023,SIMR0023,SIMU0002:User 2,DENIED
2026,1月,11,周日,00:24:49,8E0C2F27,SIMBR0308,SIMR0308,SIMU0126:User 126,DENIED
2026,1月,11,周日,00:24:49,45B37997,SIMBR0173,SIMR0173,SIMU0163:User 163,DENIED
2026,1月,11,周日,00:24:49,7B914E9E,SIMBR0029,SIMR0029,SIMU0215:User 215,DENIED
2026,1月,11,周日,00:24:49,E0F41E54,SIMBR0167,SIMR0167,SIMU0176:User 176,DENIED
2026,1月,11,周日,00:24:49,1B14F9BC,SIMBR0101,SIMR0101,SIMU0065:User 65,DENIED
2026,1月,11,周日,00:24:49,3122BEFD,SIMBR0284,SIMR0284,SIMU0066:User 66,DENIED
2026,1月,11,周日,00:24:49,3DDB17B7,SIMBR0147,SIMR0147,SIMU0044:User 44,DENIED
2026,1月,11,周日,00:24:49,6A6279C3,SIMBR0012,SIMR0012,SIMU0178:User 178,DENIED
2026,1月,11,周日,00:24:49,44B3ADEE,SIMBR0035,SIMR0035,SIMU0157:User 157,DENIED
2026,1月,11,周日,00:24:49,602AF119,SIMBR0208,SIMR0208,SIMU0223:User 223,DENIED
2026,1月,11,周日,00:24:49,354118DA,SIMBR0230,SIMR0230,SIMU0052:User 52,DENIED
2026,1月,11,周日,00:24:49,3EA1EF87,SIMBR0184,SIMR0184,SIMU0229:User 229,DENIED
2026,1月,11,周日,00:24:49,86937632,SIMBR0084,SIMR0084,SIMU0187:User 187,DENIED
2026,1月,11,周日,00:24:49,C0CB4AFF,SIMBR0215,SIMR0215,SIMU0235:User 235,DENIED
2026,1月,11,周日,00:24:49,701D5B3A,SIMBR0204,SIMR0204,SIMU0211:User 211,DENIED
2026,1月,11,周日,00:24:49,36330273,SIMBR0323,SIMR0323,SIMU0291:User 291,DENIED
2026,1月,11,周日,00:24:49,F04FDB11,SIMBR0093,SIMR0093,SIMU0125:User 125,DENIED
2026,1月,11,周日,00:24:49,EF6713BA,SIMBR0051,SIMR0051,SIMU0153:User 153,DENIED
2026,1月,11,周日,00:24:49,905C3DCB,SIMBR0031,SIMR0031,SIMU0070:User 70,DENIED
2026,1月,11,周日,00:24:49,3B22F02A,SIMBR0192,SIMR0192,SIMU0299:User 299,DENIED
2026,1月,11,周日,00:24:49,273D28BF,BR007,RES024,SIMU0057:User 57,DENIED
2026,1月,11,周日,00:24:49,2EEB40A9,SIMBR0265,SIMR0265,SIMU0260:User 260,DENIED
2026,1月,11,周日,00:24:49,48744B29,SIMBR0197,SIMR0197,SIMU0035:User 35,DENIED
2026,1月,11,周日,00:24:49,15AB7C7D,BR019,RES012,SIMU0096:User 96,DENIED
2026,1月,11,周日,00:24:49,0641BA46,SIMBR0029,SIMR0029,SIMU0085:User 85,DENIED
2026,1月,11,周日,00:24:49,58B55845,SIMBR0024,SIMR0024,EMP002:Li Si,DENIED
2026,1月,11,周日,00:24:49,E2F9D137,SIMBR0017,SIMR0017,SIMU0217:User 217,DENIED
2026,1月,11,周日,00:24:49,FBFF5A63,SIMBR0197,SIMR0197,SIMU0184:User 184,DENIED
2026,1月,11,周日,00:24:49,36330273,SIMBR0348,SIMR0348,SIMU0291:User 291,DENIED
2026,1月,11,周日,00:29:46,B095C629,SIMBR0152,SIMR0152,SIMU0257:User 257,DENIED
2026,1月,11,周日,00:29:46,57ED1495,SIMBR0110,SIMR0110,SIMU0250:User 250,DENIED
2026,1月,11,周日,00:29:46,A4F77AE3,BR018,RES011,SIMU0031:User 31,DENIED
2026,1月,11,周日,00:29:46,49B45DCD,SIMBR0092,SIMR0092,SIMU0272:User 272,DENIED
2026,1月,11,周日,00:29:46,D832D5F3,SIMBR0314,SIMR0314,SIMU0261:User 261,DENIED
2026,1月,11,周日,00:29:46,E8751622,SIMBR0252,SIMR0252,SIMU0161:User 161,DENIED
2026,1月,11,周日,00:29:46,59E1ACA0,SIMBR0390,SIMR0390,SIMU0090:User 90,DENIED
2026,1月,11,周日,00:29:46,5FF2F656,SIMBR0159,SIMR0159,SIMU0120:User 120,DENIED
2026,1月,11,周日,00:29:46,2056B86F,BR020,RES013,SIMU0067:User 67,DENIED
2026,1月,11,周日,00:29:46,FD75651D,SIMBR0337,SIMR0337,SIMU0238:User 238,DENIED
2026,1月,11,周日,00:29:46,7B092D88,SIMBR0208,SIMR0208,SIMU0236:User 236,DENIED
2026,1月,11,周日,00:29:46,B2D6FCB4,SIMBR0267,SIMR0267,SIMU0086:User 86,DENIED
2026,1月,11,周日,00:29:46,AA3155BB,SIMBR0173,SIMR0173,SIMU0050:User 50,DENIED
2026,1月,11,周日,00:29:46,905C3DCB,SIMBR0116,SIMR0116,SIMU0070:User 70,DENIED
2026,1月,11,周日,00:29:46,20917633,SIMBR0138,SIMR0138,SIMU0296:User 296,DENIED
2026,1月,11,周日,00:29:46,E07F08A6,SIMBR0231,SIMR0231,SIMU0246:User 246,DENIED
2026,1月,11,周日,00:29:46,F853E5E9,SIMBR0220,SIMR0220,SIMU0119:User 119,DENIED
2026,1月,11,周日,00:29:46,FB68A282,SIMBR0344,SIMR0344,SIMU0183:User 183,DENIED
2026,1月,11,周日,00:29:46,57ED1495,SIMBR0247,SIMR0247,SIMU0250:User 250,DENIED
2026,1月,11,周日,00:29:46,602AF119,SIMBR0098,SIMR0098,SIMU0223:User 223,DENIED
2026,1月,11,周日,00:29:47,D87DCC23,SIMBR0154,SIMR0154,SIMU0006:User 6,DENIED
2026,1月,11,周日,00:29:47,A51F7B4F,SIMBR0244,SIMR0244,SIMU0277:User 277,DENIED
2026,1月,11,周日,00:29:47,4DFA0FE5,SIMBR0288,SIMR0288,SIMU0255:User 255,DENIED
2026,1月,11,周日,00:29:47,8E0C2F27,SIMBR0009,SIMR0009,SIMU0126:User 126,DENIED
2026,1月,11,周日,00:29:47,CA15B29F,SIMBR0126,SIMR0126,SIMU0206:User 206,DENIED
2026,1月,11,周日,00:29:47,DCB76AA3,SIMBR0369,SIMR0369,SIMU0228:User 228,DENIED
2026,1月,11,周日,00:29:47,91E5E6B0,SIMBR0312,SIMR0312,SIMU0079:User 79,DENIED
2026,1月,11,周日,00:29:47,D2C7D462,SIMBR0192,SIMR0192,SIMU0061:User 61,DENIED
2026,1月,11,周日,00:29:47,D832D5F3,SIMBR0277,SIMR0277,SIMU0261:User 261,DENIED
2026,1月,11,周日,00:29:47,7413D955,SIMBR0154,SIMR0154,SIMU0075:User 75,DENIED
2026,1月,11,周日,00:29:47,F9B71846,SIMBR0199,SIMR0199,SIMU0196:User 196,DENIED
2026,1月,11,周日,00:29:47,C1CE8342,SIMBR0080,SIMR0080,SIMU0018:User 18,DENIED
2026,1月,11,周日,00:29:47,6714B510,SIMBR0134,SIMR0134,SIMU0160:User 160,DENIED
2026,1月,11,周日,00:29:47,A5A16F78,SIMBR0207,SIMR0207,SIMU0294:User 294,DENIED
2026,1月,11,周日,00:29:47,1A3D1ED6,SIMBR0248,SIMR0248,SIMU0231:User 231,DENIED
2026,1月,11,周日,00:29:47,F04FDB11,SIMBR0212,SIMR0212,SIMU0125:User 125,DENIED
2026,1月,11,周日,00:29:47,40A1D543,SIMBR0374,SIMR0374,SIMU0267:User 267,DENIED
2026,1月,11,周日,00:29:47,15AB7C7D,SIMBR0195,SIMR0195,SIMU0096:User 96,DENIED
2026,1月,11,周日,00:29:47,23858FDA,SIMBR0017,SIMR0017,SIMU0098:User 98,DENIED
2026,1月,11,周日,00:29:47,54C5EDBD,SIMBR0082,SIMR0082,SIMU0145:User 145,DENIED
2026,1月,11,周日,00:29:48,E07F08A6,SIMBR0066,SIMR0066,SIMU0246:User 246,DENIED
2026,1月,11,周日,00:29:48,559213A2,SIMBR0075,SIMR0075,SIMU0047:User 47,DENIED
2026,1月,11,周日,00:29:48,7413D955,SIMBR0222,SIMR0222,SIMU0075:User 75,DENIED
2026,1月,11,周日,00:29:48,1B14F9BC,SIMBR0035,SIMR0035,SIMU0065:User 65,DENIED
2026,1月,11,周日,00:29:48,85471FCB,SIMBR0258,SIMR0258,SIMU0054:User 54,DENIED
2026,1月,11,周日,00:29:48,31C1AEEF,SIMBR0258,SIMR0258,SIMU0039:User 39,DENIED
2026,1月,11,周日,00:29:48,EEC38563,SIMBR0365,SIMR0365,SIMU0141:User 141,DENIED
2026,1月,11,周日,00:29:48,D49E4724,SIMBR0126,SIMR0126,SIMU0278:User 278,DENIED
2026,1月,11,周日,00:29:48,FC05A793,SIMBR0358,SIMR0358,SIMU0071:User 71,DENIED
2026,1月,11,周日,00:29:48,C2EDBC0C,SIMBR0125,SIMR0125,SIMU0226:User 226,DENIED
2026,1月,11,周日,00:29:48,49B45DCD,SIMBR0359,SIMR0359,SIMU0272:User 272,DENIED
2026,1月,11,周日,00:29:48,9FA88CE9,SIMBR0084,SIMR0084,SIMU0049:User 49,DENIED
2026,1月,11,周日,00:29:48,37FA6637,SIMBR0090,SIMR0090,SIMU0199:User 199,DENIED
2026,1月,11,周日,00:29:48,C2F816DD,SIMBR0007,SIMR0007,SIMU0266:User 266,DENIED
2026,1月,11,周日,00:29:48,2056B86F,SIMBR0336,SIMR0336,SIMU0067:User 67,DENIED
2026,1月,11,周日,00:29:48,D324F0AC,SIMBR0103,SIMR0103,SIMU0108:User 108,DENIED
2026,1月,11,周日,00:29:48,0540806D,SIMBR0048,SIMR0048,SIMU0265:User 265,DENIED
2026,1月,11,周日,00:29:48,DB66EC85,SIMBR0037,SIMR0037,SIMU0100:User 100,DENIED
2026,1月,11,周日,00:29:48,86937632,BR013,RES006,SIMU0187:User 187,DENIED
2026,1月,11,周日,00:29:48,C73CE928,SIMBR0243,SIMR0243,SIMU0281:User 281,DENIED
2026,1月,11,周日,00:29:49,0540806D,SIMBR0185,SIMR0185,SIMU0265:User 265,DENIED
2026,1月,11,周日,00:29:49,E137F666,SIMBR0387,SIMR0387,SIMU0220:User 220,DENIED
2026,1月,11,周日,00:29:49,E393950E,SIMBR0300,SIMR0300,SIMU0195:User 195,DENIED
2026,1月,11,周日,00:29:49,33F39C8F,SIMBR0017,SIMR0017,SIMU0205:User 205,DENIED
2026,1月,11,周日,00:29:49,CB1ACCC7,SIMBR0276,SIMR0276,SIMU0110:User 110,DENIED
2026,1月,11,周日,00:29:49,D0171F97,SIMBR0263,SIMR0263,SIMU0032:User 32,DENIED
2026,1月,11,周日,00:29:49,A51F7B4F,SIMBR0309,SIMR0309,SIMU0277:User 277,DENIED
2026,1月,11,周日,00:29:49,3DDB17B7,SIMBR0019,SIMR0019,SIMU0044:User 44,DENIED
2026,1月,11,周日,00:29:49,1CA3AA4C,SIMBR0183,SIMR0183,SIMU0014:User 14,DENIED
2026,1月,11,周日,00:29:49,C57735BB,SIMBR0280,SIMR0280,SIMU0242:User 242,DENIED
2026,1月,11,周日,00:29:49,01FC696F,SIMBR0221,SIMR0221,SIMU0068:User 68,DENIED
2026,1月,11,周日,00:29:49,45B37997,SIMBR0150,SIMR0150,SIMU0163:User 163,DENIED
2026,1月,11,周日,00:29:49,0FB515EE,SIMBR0059,SIMR0059,SIMU0033:User 33,DENIED
2026,1月,11,周日,00:29:49,C46D887F,SIMBR0323,SIMR0323,SIMU0254:User 254,DENIED
2026,1月,11,周日,00:29:49,46895123,SIMBR0293,SIMR0293,SIMU0132:User 132,DENIED
2026,1月,11,周日,00:29:49,DF7754DF,SIMBR0042,SIMR0042,SIMU0019:User 19,DENIED
2026,1月,11,周日,00:29:49,273D28BF,SIMBR0137,SIMR0137,SIMU0057:User 57,DENIED
2026,1月,11,周日,00:29:49,FBFF5A63,SIMBR0269,SIMR0269,SIMU0184:User 184,DENIED
2026,1月,11,周日,00:29:49,BA821DBA,SIMBR0348,SIMR0348,SIMU0148:User 148,DENIED
2026,1月,11,周日,00:29:49,518BCEDD,SIMBR0102,SIMR0102,SIMU0011:User 11,DENIED
2026,1月,11,周日,00:29:50,701D5B3A,SIMBR0396,SIMR0396,SIMU0211:User 211,DENIED
2026,1月,11,周日,00:29:50,7C3923AE,SIMBR0243,SIMR0243,SIMU0210:User 210,DENIED
2026,1月,11,周日,00:29:50,5FF2F656,SIMBR0304,SIMR0304,SIMU0120:User 120,DENIED
2026,1月,11,周日,00:29:50,F616A325,SIMBR0066,SIMR0066,SIMU0194:User 194,DENIED
2026,1月,11,周日,00:29:50,5D5C3450,SIMBR0013,SIMR0013,SIMU0131:User 131,DENIED
2026,1月,11,周日,00:29:50,8EA215FF,BR006,RES002,SIMU0201:User 201,DENIED
2026,1月,11,周日,00:29:50,20D788EC,SIMBR0309,SIMR0309,SIMU0271:User 271,DENIED
2026,1月,11,周日,00:29:50,2E121B44,SIMBR0302,SIMR0302,SIMU0258:User 258,DENIED
2026,1月,11,周日,00:29:50,F90964BF,SIMBR0130,SIMR0130,SIMU0091:User 91,DENIED
2026,1月,11,周日,00:29:50,6E7782F8,SIMBR0340,SIMR0340,INT001:Zhao Liu,DENIED
2026,1月,11,周日,00:29:50,9615FFCC,SIMBR0174,SIMR0174,SIMU0010:User 10,DENIED
2026,1月,11,周日,00:29:50,16ED8B1D,SIMBR0247,SIMR0247,SIMU0073:User 73,DENIED
2026,1月,11,周日,00:29:50,5AC1CCB2,SIMBR0222,SIMR0222,SIMU0264:User 264,DENIED
2026,1月,11,周日,00:29:50,CB1ACCC7,SIMBR0114,SIMR0114,SIMU0110:User 110,DENIED
2026,1月,11,周日,00:29:50,F04FDB11,SIMBR0194,SIMR0194,SIMU0125:User 125,DENIED
2026,1月,11,周日,00:29:50,D504C218,BR010,RES004,SIMU0060:User 60,DENIED
2026,1月,11,周日,00:29:50,905C3DCB,SIMBR0313,SIMR0313,SIMU0070:User 70,DENIED
2026,1月,11,周日,00:29:50,54722E38,SIMBR0086,SIMR0086,SIMU0222:User 222,DENIED
2026,1月,11,周日,00:29:50,394DF2A8,SIMBR0319,SIMR0319,SIMU0111:User 111,DENIED
2026,1月,11,周日,00:29:50,16ED8B1D,SIMBR0046,SIMR0046,SIMU0073:User 73,DENIED
2026,1月,11,周日,00:29:51,C72DAED8,SIMBR0187,SIMR0187,SIMU0117:User 117,DENIED
2026,1月,11,周日,00:29:51,F1D4B1B6,SIMBR0169,SIMR0169,SIMU0247:User 247,DENIED
2026,1月,11,周日,00:29:51,CA15B29F,SIMBR0262,SIMR0262,SIMU0206:User 206,DENIED
2026,1月,11,周日,00:29:51,8CBA0F42,SIMBR0256,SIMR0256,SIMU0152:User 152,DENIED
2026,1月,11,周日,00:29:51,87F48A64,SIMBR0163,SIMR0163,SIMU0143:User 143,DENIED
2026,1月,11,周日,00:29:51,6E7782F8,SIMBR0031,SIMR0031,INT001:Zhao Liu,DENIED
2026,1月,11,周日,00:29:51,495297EE,SIMBR0130,SIMR0130,SIMU0038:User 38,DENIED
2026,1月,11,周日,00:29:51,33F39C8F,SIMBR0166,SIMR0166,SIMU0205:User 205,DENIED
2026,1月,11,周日,00:29:51,8E0C2F27,SIMBR0347,SIMR0347,SIMU0126:User 126,DENIED
2026,1月,11,周日,00:29:51,F90964BF,SIMBR0385,SIMR0385,SIMU0091:User 91,DENIED
2026,1月,11,周日,00:29:51,8D67E6D5,SIMBR0369,SIMR0369,SIMU0045:User 45,DENIED
2026,1月,11,周日,00:29:51,F8F80D07,SIMBR0070,SIMR0070,SIMU0253:User 253,DENIED
2026,1月,11,周日,00:29:51,59E1ACA0,SIMBR0304,SIMR0304,SIMU0090:User 90,DENIED
2026,1月,11,周日,00:29:51,C73CE928,SIMBR0037,SIMR0037,SIMU0281:User 281,DENIED
2026,1月,11,周日,00:29:51,2289A51E,SIMBR0059,SIMR0059,SIMU0273:User 273,DENIED
2026,1月,11,周日,00:29:51,8BC6335E,SIMBR0137,SIMR0137,SIMU0204:User 204,DENIED
2026,1月,11,周日,00:29:51,394DF2A8,SIMBR0115,SIMR0115,SIMU0111:User 111,DENIED
2026,1月,11,周日,00:29:51,5E9892AA,SIMBR0021,SIMR0021,SIMU0293:User 293,DENIED
2026,1月,11,周日,00:29:51,068AFAB6,SIMBR0059,SIMR0059,SIMU0115:User 115,DENIED
2026,1月,11,周日,00:29:51,56C4C8CF,SIMBR0400,SIMR0400,SIMU0077:User 77,DENIED
2026,1月,11,周日,00:29:52,BA893511,SIMBR0051,SIMR0051,SIMU0269:User 269,DENIED
2026,1月,11,周日,00:29:52,BA1008EF,SIMBR0050,SIMR0050,SIMU0083:User 83,DENIED
2026,1月,11,周日,00:29:52,D716AAF5,SIMBR0148,SIMR0148,SIMU0170:User 170,DENIED
2026,1月,11,周日,00:29:52,61095621,SIMBR0398,SIMR0398,SIMU0137:User 137,DENIED
2026,1月,11,周日,00:29:52,6CEC1FDF,SIMBR0194,SIMR0194,SIMU0230:User 230,DENIED
2026,1月,11,周日,00:29:52,5E9892AA,SIMBR0002,SIMR0002,SIMU0293:User 293,DENIED
2026,1月,11,周日,00:29:52,97A9597E,SIMBR0280,SIMR0280,SIMU0030:User 30,DENIED
2026,1月,11,周日,00:29:52,9FA88CE9,SIMBR0190,SIMR0190,SIMU0049:User 49,DENIED
2026,1月,11,周日,00:29:52,84F825EE,SIMBR0037,SIMR0037,SIMU0150:User 150,DENIED
2026,1月,11,周日,00:29:52,D504C218,SIMBR0137,SIMR0137,SIMU0060:User 60,DENIED
2026,1月,11,周日,00:29:52,E55AD432,SIMBR0242,SIMR0242,SIMU0134:User 134,DENIED
2026,1月,11,周日,00:29:52,57DBFC15,SIMBR0314,SIMR0314,SIMU0290:User 290,DENIED
2026,1月,11,周日,00:29:52,5A758FE3,SIMBR0336,SIMR0336,SIMU0103:User 103,DENIED
2026,1月,11,周日,00:29:52,2289A51E,SIMBR0007,SIMR0007,SIMU0273:User 273,DENIED
2026,1月,11,周日,00:29:52,4D83FE2E,SIMBR0338,SIMR0338,SIMU0056:User 56,DENIED
2026,1月,11,周日,00:29:52,0EA23D3A,SIMBR0145,SIMR0145,SIMU0062:User 62,DENIED
2026,1月,11,周日,00:29:52,C6173DD5,SIMBR0121,SIMR0121,SIMU0023:User 23,DENIED
2026,1月,11,周日,00:29:52,DB66EC85,SIMBR0071,SIMR0071,SIMU0100:User 100,DENIED
2026,1月,11,周日,00:29:52,3EA1EF87,SIMBR0119,SIMR0119,SIMU0229:User 229,DENIED
2026,1月,11,周日,00:29:52,01513E26,SIMBR0050,SIMR0050,SIMU0181:User 181,DENIED
2026,1月,11,周日,00:29:53,6F12BFA3,SIMBR0358,SIMR0358,SIMU0218:User 218,DENIED
2026,1月,11,周日,00:29:53,45BE30A8,SIMBR0137,SIMR0137,8d1a5202-9052-4f93-bf5a-4deffdf65fd3:a q,DENIED
2026,1月,11,周日,00:29:53,54C5EDBD,SIMBR0193,SIMR0193,SIMU0145:User 145,DENIED
2026,1月,11,周日,00:29:53,3DDB17B7,SIMBR0372,SIMR0372,SIMU0044:User 44,DENIED
2026,1月,11,周日,00:29:53,D49E4724,SIMBR0357,SIMR0357,SIMU0278:User 278,DENIED
2026,1月,11,周日,00:29:53,F616A325,SIMBR0172,SIMR0172,SIMU0194:User 194,DENIED
2026,1月,11,周日,00:29:53,A7A30652,SIMBR0393,SIMR0393,SIMU0094:User 94,DENIED
2026,1月,11,周日,00:29:53,D1BB07EE,SIMBR0022,SIMR0022,SIMU0287:User 287,DENIED
2026,1月,11,周日,00:29:53,FE83648E,SIMBR0309,SIMR0309,SIMU0142:User 142,DENIED
2026,1月,11,周日,00:29:53,29200997,BR001,RES020,SIMU0186:User 186,DENIED
2026,1月,11,周日,00:29:53,CD0D9101,SIMBR0387,SIMR0387,SIMU0135:User 135,DENIED
2026,1月,11,周日,00:29:53,2E121B44,SIMBR0395,SIMR0395,SIMU0258:User 258,DENIED
2026,1月,11,周日,00:29:53,FC05A793,SIMBR0173,SIMR0173,SIMU0071:User 71,DENIED
2026,1月,11,周日,00:29:53,C1CE8342,BR004,RES001,SIMU0018:User 18,DENIED
2026,1月,11,周日,00:29:53,0FB515EE,SIMBR0344,SIMR0344,SIMU0033:User 33,DENIED
2026,1月,11,周日,00:29:53,4D153C4A,SIMBR0345,SIMR0345,SIMU0104:User 104,DENIED
2026,1月,11,周日,00:29:53,4AF57AEF,BR001,RES020,SIMU0193:User 193,DENIED
2026,1月,11,周日,00:29:53,C72DAED8,SIMBR0261,SIMR0261,SIMU0117:User 117,DENIED
2026,1月,11,周日,00:29:53,78D4B102,SIMBR0090,SIMR0090,SIMU0283:User 283,DENIED
2026,1月,11,周日,00:29:53,050D9DEF,SIMBR0129,SIMR0129,SIMU0128:User 128,DENIED
2026,1月,11,周日,00:29:54,B33C40D7,SIMBR0258,SIMR0258,SIMU0015:User 15,DENIED
2026,1月,11,周日,00:29:54,C0CB4AFF,SIMBR0165,SIMR0165,SIMU0235:User 235,DENIED
2026,1月,11,周日,00:29:54,3B22F02A,SIMBR0023,SIMR0023,SIMU0299:User 299,DENIED
2026,1月,11,周日,00:29:54,FC05A793,SIMBR0188,SIMR0188,SIMU0071:User 71,DENIED
2026,1月,11,周日,00:29:54,FEF21F79,SIMBR0303,SIMR0303,SIMU0159:User 159,DENIED
2026,1月,11,周日,00:29:54,354118DA,SIMBR0102,SIMR0102,SIMU0052:User 52,DENIED
2026,1月,11,周日,00:29:54,4B59E256,SIMBR0085,SIMR0085,SIMU0182:User 182,DENIED
2026,1月,11,周日,00:29:54,B3E8626A,SIMBR0325,SIMR0325,SIMU0239:User 239,DENIED
2026,1月,11,周日,00:29:54,D3E409F0,BR012,RES005,SIMU0012:User 12,DENIED
2026,1月,11,周日,00:29:54,3870BA5D,SIMBR0101,SIMR0101,SIMU0173:User 173,DENIED
2026,1月,11,周日,00:29:54,C6E3BF57,SIMBR0173,SIMR0173,SIMU0297:User 297,DENIED
2026,1月,11,周日,00:29:54,CEC0E003,SIMBR0019,SIMR0019,SIMU0009:User 9,DENIED
2026,1月,11,周日,00:29:54,84F825EE,SIMBR0177,SIMR0177,SIMU0150:User 150,DENIED
2026,1月,11,周日,00:29:54,5E9892AA,SIMBR0174,SIMR0174,SIMU0293:User 293,DENIED
2026,1月,11,周日,00:29:54,C2F816DD,SIMBR0385,SIMR0385,SIMU0266:User 266,DENIED
2026,1月,11,周日,00:29:54,E2506042,SIMBR0360,SIMR0360,SIMU0101:User 101,DENIED
2026,1月,11,周日,00:29:54,D0B8FC16,SIMBR0359,SIMR0359,SIMU0185:User 185,DENIED
2026,1月,11,周日,00:29:54,0CFFFBA0,SIMBR0079,SIMR0079,SIMU0189:User 189,DENIED
2026,1月,11,周日,00:29:54,AB055C88,SIMBR0058,SIMR0058,SIMU0024:User 24,DENIED
2026,1月,11,周日,00:29:54,11BD165A,SIMBR0065,SIMR0065,SIMU0154:User 154,DENIED
2026,1月,11,周日,00:29:55,FBBEF95C,SIMBR0276,SIMR0276,SIMU0025:User 25,DENIED
2026,1月,11,周日,00:29:55,C6E3BF57,SIMBR0011,SIMR0011,SIMU0297:User 297,DENIED
2026,1月,11,周日,00:29:55,050D9DEF,SIMBR0316,SIMR0316,SIMU0128:User 128,DENIED
2026,1月,11,周日,00:29:55,E6D64EED,SIMBR0045,SIMR0045,SIMU0105:User 105,DENIED
2026,1月,11,周日,00:29:55,DCB76AA3,SIMBR0263,SIMR0263,SIMU0228:User 228,DENIED
2026,1月,11,周日,00:29:55,A7A30652,SIMBR0009,SIMR0009,SIMU0094:User 94,DENIED
2026,1月,11,周日,00:29:55,CD0D9101,SIMBR0036,SIMR0036,SIMU0135:User 135,DENIED
2026,1月,11,周日,00:29:55,C72DAED8,SIMBR0103,SIMR0103,SIMU0117:User 117,DENIED
2026,1月,11,周日,00:29:55,CB2FA116,SIMBR0110,SIMR0110,SIMU0172:User 172,DENIED
2026,1月,11,周日,00:29:55,59E1ACA0,SIMBR0360,SIMR0360,SIMU0090:User 90,DENIED
2026,1月,11,周日,00:29:55,72A4E470,BR012,RES005,SIMU0268:User 268,DENIED
2026,1月,11,周日,00:29:55,D832D5F3,SIMBR0172,SIMR0172,SIMU0261:User 261,DENIED
2026,1月,11,周日,00:29:55,8B29C7CC,SIMBR0229,SIMR0229,SIMU0175:User 175,DENIED
2026,1月,11,周日,00:29:55,C2F816DD,SIMBR0362,SIMR0362,SIMU0266:User 266,DENIED
2026,1月,11,周日,00:29:55,80BC1A17,SIMBR0123,SIMR0123,SIMU0112:User 112,DENIED
2026,1月,11,周日,00:29:55,5A758FE3,SIMBR0328,SIMR0328,SIMU0103:User 103,DENIED
2026,1月,11,周日,00:29:55,E116EA41,SIMBR0093,SIMR0093,SIMU0127:User 127,DENIED
2026,1月,11,周日,00:29:55,F853E5E9,SIMBR0275,SIMR0275,SIMU0119:User 119,DENIED
2026,1月,11,周日,00:29:55,BA6DDD0B,SIMBR0102,SIMR0102,SIMU0146:User 146,DENIED
2026,1月,11,周日,00:29:55,D87DCC23,SIMBR0095,SIMR0095,SIMU0006:User 6,DENIED
2026,1月,11,周日,00:30:04,B095C629,SIMBR0152,SIMR0152,SIMU0257:User 257,DENIED
2026,1月,11,周日,00:30:04,57ED1495,SIMBR0110,SIMR0110,SIMU0250:User 250,DENIED
2026,1月,11,周日,00:30:04,A4F77AE3,BR018,RES011,SIMU0031:User 31,DENIED
2026,1月,11,周日,00:30:04,49B45DCD,SIMBR0092,SIMR0092,SIMU0272:User 272,DENIED
2026,1月,11,周日,00:30:04,D832D5F3,SIMBR0314,SIMR0314,SIMU0261:User 261,DENIED
2026,1月,11,周日,00:30:05,E8751622,SIMBR0252,SIMR0252,SIMU0161:User 161,DENIED
2026,1月,11,周日,00:30:05,59E1ACA0,SIMBR0390,SIMR0390,SIMU0090:User 90,DENIED
2026,1月,11,周日,00:30:05,5FF2F656,SIMBR0159,SIMR0159,SIMU0120:User 120,DENIED
2026,1月,11,周日,00:30:05,2056B86F,BR020,RES013,SIMU0067:User 67,DENIED
2026,1月,11,周日,00:30:05,FD75651D,SIMBR0337,SIMR0337,SIMU0238:User 238,DENIED
2026,1月,11,周日,00:30:06,7B092D88,SIMBR0208,SIMR0208,SIMU0236:User 236,DENIED
2026,1月,11,周日,00:30:06,B2D6FCB4,SIMBR0267,SIMR0267,SIMU0086:User 86,DENIED
2026,1月,11,周日,00:30:06,AA3155BB,SIMBR0173,SIMR0173,SIMU0050:User 50,DENIED
2026,1月,11,周日,00:30:06,905C3DCB,SIMBR0116,SIMR0116,SIMU0070:User 70,DENIED
2026,1月,11,周日,00:30:06,20917633,SIMBR0138,SIMR0138,SIMU0296:User 296,DENIED
2026,1月,11,周日,00:30:07,E07F08A6,SIMBR0231,SIMR0231,SIMU0246:User 246,DENIED
2026,1月,11,周日,00:30:07,F853E5E9,SIMBR0220,SIMR0220,SIMU0119:User 119,DENIED
2026,1月,11,周日,00:30:07,FB68A282,SIMBR0344,SIMR0344,SIMU0183:User 183,DENIED
2026,1月,11,周日,00:30:07,57ED1495,SIMBR0247,SIMR0247,SIMU0250:User 250,DENIED
2026,1月,11,周日,00:30:07,602AF119,SIMBR0098,SIMR0098,SIMU0223:User 223,DENIED
2026,1月,11,周日,00:30:08,D87DCC23,SIMBR0154,SIMR0154,SIMU0006:User 6,DENIED
2026,1月,11,周日,00:30:08,A51F7B4F,SIMBR0244,SIMR0244,SIMU0277:User 277,DENIED
2026,1月,11,周日,00:30:08,4DFA0FE5,SIMBR0288,SIMR0288,SIMU0255:User 255,DENIED
2026,1月,11,周日,00:30:08,8E0C2F27,SIMBR0009,SIMR0009,SIMU0126:User 126,DENIED
2026,1月,11,周日,00:30:08,CA15B29F,SIMBR0126,SIMR0126,SIMU0206:User 206,DENIED
2026,1月,11,周日,00:30:09,DCB76AA3,SIMBR0369,SIMR0369,SIMU0228:User 228,DENIED
2026,1月,11,周日,00:30:09,91E5E6B0,SIMBR0312,SIMR0312,SIMU0079:User 79,DENIED
2026,1月,11,周日,00:30:09,D2C7D462,SIMBR0192,SIMR0192,SIMU0061:User 61,DENIED
2026,1月,11,周日,00:30:09,D832D5F3,SIMBR0277,SIMR0277,SIMU0261:User 261,DENIED
2026,1月,11,周日,00:30:09,7413D955,SIMBR0154,SIMR0154,SIMU0075:User 75,DENIED
2026,1月,11,周日,00:30:10,F9B71846,SIMBR0199,SIMR0199,SIMU0196:User 196,DENIED
2026,1月,11,周日,00:30:10,C1CE8342,SIMBR0080,SIMR0080,SIMU0018:User 18,DENIED
2026,1月,11,周日,00:30:10,6714B510,SIMBR0134,SIMR0134,SIMU0160:User 160,DENIED
2026,1月,11,周日,00:30:10,A5A16F78,SIMBR0207,SIMR0207,SIMU0294:User 294,DENIED
2026,1月,11,周日,00:30:10,1A3D1ED6,SIMBR0248,SIMR0248,SIMU0231:User 231,DENIED
2026,1月,11,周日,00:30:11,F04FDB11,SIMBR0212,SIMR0212,SIMU0125:User 125,DENIED
2026,1月,11,周日,00:30:11,40A1D543,SIMBR0374,SIMR0374,SIMU0267:User 267,DENIED
2026,1月,11,周日,00:30:11,15AB7C7D,SIMBR0195,SIMR0195,SIMU0096:User 96,DENIED
2026,1月,11,周日,00:30:11,23858FDA,SIMBR0017,SIMR0017,SIMU0098:User 98,DENIED
2026,1月,11,周日,00:30:11,54C5EDBD,SIMBR0082,SIMR0082,SIMU0145:User 145,DENIED
2026,1月,11,周日,00:30:12,E07F08A6,SIMBR0066,SIMR0066,SIMU0246:User 246,DENIED
2026,1月,11,周日,00:30:12,559213A2,SIMBR0075,SIMR0075,SIMU0047:User 47,DENIED
2026,1月,11,周日,00:30:12,7413D955,SIMBR0222,SIMR0222,SIMU0075:User 75,DENIED
2026,1月,11,周日,00:30:12,1B14F9BC,SIMBR0035,SIMR0035,SIMU0065:User 65,DENIED
2026,1月,11,周日,00:30:12,85471FCB,SIMBR0258,SIMR0258,SIMU0054:User 54,DENIED
2026,1月,11,周日,00:30:13,31C1AEEF,SIMBR0258,SIMR0258,SIMU0039:User 39,DENIED
2026,1月,11,周日,00:30:13,EEC38563,SIMBR0365,SIMR0365,SIMU0141:User 141,DENIED
2026,1月,11,周日,00:30:13,D49E4724,SIMBR0126,SIMR0126,SIMU0278:User 278,DENIED
2026,1月,11,周日,00:30:13,FC05A793,SIMBR0358,SIMR0358,SIMU0071:User 71,DENIED
2026,1月,11,周日,00:30:13,C2EDBC0C,SIMBR0125,SIMR0125,SIMU0226:User 226,DENIED
2026,1月,11,周日,00:30:17,B095C629,SIMBR0152,SIMR0152,SIMU0257:User 257,DENIED
2026,1月,11,周日,00:30:18,57ED1495,SIMBR0110,SIMR0110,SIMU0250:User 250,DENIED
2026,1月,11,周日,00:30:19,A4F77AE3,BR018,RES011,SIMU0031:User 31,DENIED
2026,1月,11,周日,00:30:20,49B45DCD,SIMBR0092,SIMR0092,SIMU0272:User 272,DENIED
2026,1月,11,周日,00:30:21,D832D5F3,SIMBR0314,SIMR0314,SIMU0261:User 261,DENIED
2026,1月,11,周日,00:30:22,E8751622,SIMBR0252,SIMR0252,SIMU0161:User 161,DENIED
2026,1月,11,周日,00:30:23,59E1ACA0,SIMBR0390,SIMR0390,SIMU0090:User 90,DENIED
2026,1月,11,周日,00:30:24,5FF2F656,SIMBR0159,SIMR0159,SIMU0120:User 120,DENIED
2026,1月,11,周日,00:30:25,2056B86F,BR020,RES013,SIMU0067:User 67,DENIED
2026,1月,11,周日,00:30:26,FD75651D,SIMBR0337,SIMR0337,SIMU0238:User 238,DENIED
2026,1月,11,周日,01:50:11,BB8111DA,fa892844-ebcf-4366-bd7a-864e19c88187,3a425638-4da8-4672-9a60-5ae085816f23,0f0cf15a-ca2e-400c-8c56-a98b71965c1b:User 23,DENIED
2026,1月,11,周日,01:50:11,BB8111DA,fa892844-ebcf-4366-bd7a-864e19c88187,2558ba66-8b0f-400f-9ea5-9558bd95c087,0f0cf15a-ca2e-400c-8c56-a98b71965c1b:User 23,DENIED
2026,1月,11,周日,20:26:39,D9208A7E,a3668d39-fb96-48e5-948d-d8d77eb1782f,69089920-6b00-4a9d-8de6-871d47f03e6c,00c1ab23-367e-487a-bb8c-af068f22c396:User 119,DENIED
2026,1月,11,周日,20:26:43,40FDA30B,c562380c-bdd3-4f70-bbfb-a757e48413a7,b85ea175-7378-411e-a070-d9592b52676c,0c9a4ffa-7d98-493a-884d-bf353d18ff1c:User 56,DENIED
2026,1月,11,周日,20:26:45,B9286695,5f078c7b-e28e-4f96-8ee4-d2868ba692f9,ad62e913-8354-4349-adc0-2dd51be30df9,67fb6e63-b37a-4cb9-b8a3-1a09de7b301c:User 102,DENIED
2026,1月,11,周日,20:26:47,E69FFE02,a3668d39-fb96-48e5-948d-d8d77eb1782f,69089920-6b00-4a9d-8de6-871d47f03e6c,d619e61f-c079-4656-b928-37c72cf7eee6:User 97,DENIED
2026,1月,11,周日,20:26:51,2F28ACA5,a3668d39-fb96-48e5-948d-d8d77eb1782f,69089920-6b00-4a9d-8de6-871d47f03e6c,c762222f-1528-44d7-9622-d3c445ed4e29:User 180,DENIED
2026,1月,11,周日,20:26:53,578EF3A0,c562380c-bdd3-4f70-bbfb-a757e48413a7,b85ea175-7378-411e-a070-d9592b52676c,465e15e0-481b-46cd-b1dc-6d7558d6c291:User 27,DENIED
2026,1月,11,周日,20:26:55,4B03872F,e7e0bc70-3e5a-43f9-be48-c4ba0341bdaa,f89fb1b7-1db9-4975-80a5-c3a85f6f4574,ee2210dd-4b21-4e2e-ae07-dabff1e4a702:User 88,DENIED
2026,1月,11,周日,20:26:57,33CDA6AD,c562380c-bdd3-4f70-bbfb-a757e48413a7,b85ea175-7378-411e-a070-d9592b52676c,7b4114d2-aaed-43bc-86f2-034e6e36ee86:User 45,DENIED
2026,1月,11,周日,20:26:59,07E46A1F,e7e0bc70-3e5a-43f9-be48-c4ba0341bdaa,f89fb1b7-1db9-4975-80a5-c3a85f6f4574,46c1940c-387a-4c2c-90c2-5aba4205612c:User 62,DENIED
2026,1月,11,周日,20:27:01,BB8111DA,c562380c-bdd3-4f70-bbfb-a757e48413a7,b85ea175-7378-411e-a070-d9592b52676c,0f0cf15a-ca2e-400c-8c56-a98b71965c1b:User 23,DENIED
2026,1月,11,周日,20:27:05,5CC70470,a3668d39-fb96-48e5-948d-d8d77eb1782f,69089920-6b00-4a9d-8de6-871d47f03e6c,9fc1a5d1-0be6-4a0a-80f5-e5d86ff87ae7:User 172,DENIED
2026,1月,11,周日,20:27:07,80FBFCDD,e7e0bc70-3e5a-43f9-be48-c4ba0341bdaa,f89fb1b7-1db9-4975-80a5-c3a85f6f4574,b06a469d-42fb-4ba4-8f5b-2590ab842f7c:User 33,DENIED
2026,1月,11,周日,20:27:08,CD09BDCF,dff57c19-308d-461c-8dea-13d9a7e54222,13fdec8c-3dd9-4a53-aaab-ca535abe2cb5,7187e862-2f09-4700-8f14-20d23954a77b:User 11,DENIED
2026,1月,11,周日,20:27:08,D9208A7E,59306181-f165-4645-8b4c-2bfed7a96f64,d7c26892-d2d2-4ad1-b74b-456664459590,00c1ab23-367e-487a-bb8c-af068f22c396:User 119,DENIED
2026,1月,11,周日,20:27:08,1EB043B2,bd6e0c72-d0ea-4b60-ac0a-f371cfce9fcd,7bfe268b-3120-4387-ad55-4e08de557456,bdc8263d-9b28-4e80-add0-88455ff47d24:User 67,DENIED
2026,1月,11,周日,20:27:08,6F42EB0E,978f2cda-ac0b-466d-85e6-c0047665e857,444d8a1b-a6c6-4ce2-9b80-bccc31441c5e,3ec889e4-c3e3-43be-8f91-1f3e04347838:User 83,DENIED
2026,1月,11,周日,20:27:08,D9208A7E,ba1fffd1-2a67-4cb9-90a1-7228035dbb99,0422e414-4fa9-48ec-a7d9-43200f68b098,00c1ab23-367e-487a-bb8c-af068f22c396:User 119,DENIED
2026,1月,11,周日,20:27:08,47F64880,621f42d2-6033-4dd5-86bc-3ef95ac4f347,1243ed84-de07-4125-9e0e-719db7e75dbc,ca2e8d6d-e4e6-4091-b4f9-eddd20fdd77b:User 116,DENIED
2026,1月,11,周日,20:27:08,40FDA30B,ba1fffd1-2a67-4cb9-90a1-7228035dbb99,0422e414-4fa9-48ec-a7d9-43200f68b098,0c9a4ffa-7d98-493a-884d-bf353d18ff1c:User 56,DENIED
2026,1月,11,周日,20:27:08,531960E8,f4cf5168-8a65-4f89-9ee7-89b2310c43ce,782d47f0-3c55-4edb-a1b1-285f046ddfa7,14dad223-2e0a-416d-8d9c-7fca0f4d96be:User 14,DENIED
2026,1月,11,周日,20:27:08,B9286695,641f008a-67f7-4eb0-8dc5-9db82e0f2a65,7cca50aa-de0d-4292-babb-80ab0f12add2,67fb6e63-b37a-4cb9-b8a3-1a09de7b301c:User 102,DENIED
2026,1月,11,周日,20:27:08,17D3257C,978f2cda-ac0b-466d-85e6-c0047665e857,444d8a1b-a6c6-4ce2-9b80-bccc31441c5e,f76f196b-4d0f-47a0-9fdb-e7b7c2d8612f:User 6,DENIED
2026,1月,11,周日,20:27:08,737AE353,f3eef4d7-17e3-4e42-9b9b-aabe03d81560,5953690c-45c9-4f40-b5b3-df067ecf4cab,203f6c39-1896-4998-b000-15a5a129d542:User 125,DENIED
2026,1月,11,周日,20:27:08,BDD7712A,9620bf95-f2fc-481f-9a3b-db9d43dfadf1,850c8962-9f45-4aa4-9f24-0111562de84b,ba649cf7-68a0-4874-a0fa-6f56044d50e6:User 160,DENIED
2026,1月,11,周日,20:27:08,E69FFE02,93ee461f-790a-4449-8527-be0ff2b412bf,8673c600-d01d-4cde-ad5e-94d3ee9d7fd9,d619e61f-c079-4656-b928-37c72cf7eee6:User 97,DENIED
2026,1月,11,周日,20:27:08,CC77ABC3,729ef629-44a5-4f46-aef4-a30288c414db,2ce55221-e6ac-4e68-a139-89c65c486551,8a342194-7f8d-4cc0-96e4-5188201218ec:User 184,DENIED
2026,1月,11,周日,20:27:08,74F047BA,79e166cb-e810-4bd7-b3da-8c2063a10654,868714f4-8c61-4b5d-9f10-e22d9b969143,e4a318cd-db78-4eed-a72a-0403159e4d8c:User 9,DENIED
2026,1月,11,周日,20:27:08,40B866BE,e7e0bc70-3e5a-43f9-be48-c4ba0341bdaa,f89fb1b7-1db9-4975-80a5-c3a85f6f4574,b63ff382-2aa6-412a-a66a-b59e9710d9cf:User 127,DENIED
2026,1月,11,周日,20:27:08,60A21C77,db243b05-b592-4199-a64e-3c9ee6e65fbd,8dfdb42d-05ec-4be5-a0f8-18a6420764cb,c20df8e0-b742-4c25-a0ed-5d2887da9a74:User 43,DENIED
2026,1月,11,周日,20:27:08,9DC3FE7B,db243b05-b592-4199-a64e-3c9ee6e65fbd,8dfdb42d-05ec-4be5-a0f8-18a6420764cb,2a124bd4-b6ae-4aa7-a618-ee436160ec6a:User 68,DENIED
2026,1月,11,周日,20:27:08,BACB8EDD,65693a88-73e2-4cea-a7a1-f9f66e87e987,46c3835b-f0b7-46f9-a1a8-e60f92cc743a,d44a48d0-bdea-4613-9931-280703e6d79b:User 145,DENIED
2026,1月,11,周日,20:27:08,2F28ACA5,f19a373d-67c4-48ed-bfe3-3ef0796536e9,f70c1588-d00b-4277-b450-0af3f6feef11,c762222f-1528-44d7-9622-d3c445ed4e29:User 180,DENIED
2026,1月,11,周日,20:27:08,247F7FCF,d777dc15-826e-439a-a544-ad16591daa7d,788dd0e0-5b8f-4125-b501-356f2e66f766,a6b8f169-51f4-4ba0-97e6-b3b16eba45c0:User 72,DENIED
2026,1月,11,周日,20:27:08,3E787EAE,70ad87f3-147f-4f03-a266-ca45ad21148c,efabfe47-19e8-43db-a45f-5498415d978c,6204f451-af18-423a-8eec-177b1e6b0cc7:User 113,DENIED
2026,1月,11,周日,20:27:08,578EF3A0,ba1fffd1-2a67-4cb9-90a1-7228035dbb99,0422e414-4fa9-48ec-a7d9-43200f68b098,465e15e0-481b-46cd-b1dc-6d7558d6c291:User 27,DENIED
2026,1月,11,周日,20:27:08,80FBFCDD,be9c74f9-b0e5-4618-9e09-8b65355b062e,93141aef-f0e8-4064-80da-ceb24fa6efa1,b06a469d-42fb-4ba4-8f5b-2590ab842f7c:User 33,DENIED
2026,1月,11,周日,20:27:08,4B03872F,16b02378-7e5f-4848-928c-70a50df32db6,c65121ab-12fc-4966-b806-c87dd3b7f076,ee2210dd-4b21-4e2e-ae07-dabff1e4a702:User 88,DENIED
2026,1月,11,周日,20:27:08,855078EF,9620bf95-f2fc-481f-9a3b-db9d43dfadf1,850c8962-9f45-4aa4-9f24-0111562de84b,ae64ef71-8f08-459e-b0b8-4a594f0e37ce:User 36,DENIED
2026,1月,11,周日,20:27:08,A4E54B4E,732ab68f-bbee-4ded-8c9a-1eac02ef4fcf,b75dbdaf-0548-4dd8-ae94-981684ee6a79,8634a79e-74da-462c-96c6-035488f25b3e:User 57,DENIED
2026,1月,11,周日,20:27:08,5B1769A9,c54729aa-fce2-4e14-badc-5f7fbfa1de49,8af984fb-ae86-4385-8e7e-b9b56beaf03f,39596ebb-095e-42c4-a1f2-150a2b6ae65b:User 115,DENIED
2026,1月,11,周日,20:27:08,33CDA6AD,d6dea81b-2545-441f-91ce-46d206777f11,ecb54cca-7179-4f82-905b-04bc2c58c746,7b4114d2-aaed-43bc-86f2-034e6e36ee86:User 45,DENIED
2026,1月,11,周日,20:27:08,F86EE8B3,9da65607-0afe-41b0-bbfa-082f65d3c420,0a7b150c-13a9-4c01-bd24-601d9e4546fa,ea2de7f9-7a1d-4db6-bfb8-7918491e9c64:User 42,DENIED
2026,1月,11,周日,20:27:08,1B89633E,870c05c9-2e70-41a4-bf93-85de484a726a,51af542a-7613-42be-920d-f6a3b455a10b,4d0e41fd-85d6-44d1-8efc-f67d052b281c:User 41,DENIED
2026,1月,11,周日,20:27:08,07E46A1F,20bc60be-dcc6-4639-8666-e33ac7eff0d6,fa28c6a6-7674-417b-b44d-e75b815545c3,46c1940c-387a-4c2c-90c2-5aba4205612c:User 62,DENIED
2026,1月,11,周日,20:27:08,1E54360A,89dc19d8-6391-4ce5-ac5f-40e1a0306b5c,9287f79c-a896-4a17-adbe-ae5c1cd8fb29,44af10c7-bb6e-450e-98b9-e543b5b7cd85:User 189,DENIED
2026,1月,11,周日,20:27:08,1329FEAA,70ad87f3-147f-4f03-a266-ca45ad21148c,efabfe47-19e8-43db-a45f-5498415d978c,ce577d87-1829-464f-a5b0-142da5198fd0:User 130,DENIED
2026,1月,11,周日,20:27:08,25FB24D1,297874e0-a56b-4ce9-b02b-30504ec46f4c,87583732-aff9-43ab-81be-ea7312152eb0,8c284b9e-1b43-485d-b781-eef32469232d:User 182,DENIED
2026,1月,11,周日,20:27:08,BB8111DA,f3eef4d7-17e3-4e42-9b9b-aabe03d81560,5953690c-45c9-4f40-b5b3-df067ecf4cab,0f0cf15a-ca2e-400c-8c56-a98b71965c1b:User 23,DENIED
2026,1月,11,周日,20:27:08,1A9BFEDC,be9c74f9-b0e5-4618-9e09-8b65355b062e,93141aef-f0e8-4064-80da-ceb24fa6efa1,e8184696-361e-4dc5-adff-81aa31795601:User 13,DENIED
2026,1月,11,周日,20:27:08,415464E9,747204d4-1207-4613-b1f6-1123a64d4bae,c7db699a-0fcc-4dd1-93dd-ded492ecc52d,8f6b04ec-4e07-4053-ab08-032403ea4fdd:User 140,DENIED
2026,1月,11,周日,20:27:08,E084A602,e7e0bc70-3e5a-43f9-be48-c4ba0341bdaa,f89fb1b7-1db9-4975-80a5-c3a85f6f4574,5026299c-147b-47cd-b489-f61dd66da97e:User 92,DENIED
2026,1月,11,周日,20:27:08,3E787EAE,924693ab-4968-4524-b4b2-be6e548af518,0b14d6c7-f34b-409f-a647-b67d8f795308,6204f451-af18-423a-8eec-177b1e6b0cc7:User 113,DENIED
2026,1月,11,周日,20:27:08,5CC70470,a3668d39-fb96-48e5-948d-d8d77eb1782f,69089920-6b00-4a9d-8de6-871d47f03e6c,9fc1a5d1-0be6-4a0a-80f5-e5d86ff87ae7:User 172,DENIED
2026,1月,11,周日,20:27:08,31171503,af93e80c-505a-4f4a-a0e6-81ebd2faa429,4559ddc4-146e-4795-934b-389ea44d10f7,9332c8f0-8d89-48a7-b23c-a607b3c59635:User 39,DENIED
2026,1月,11,周日,20:27:08,4EF91A5C,621f42d2-6033-4dd5-86bc-3ef95ac4f347,1243ed84-de07-4125-9e0e-719db7e75dbc,f234437c-b964-46b0-a285-d015dbfcd44b:User 47,DENIED
2026,1月,11,周日,20:27:08,80FBFCDD,52693879-01fa-45f0-9fca-666e027b53f1,4163061f-41ab-4dfb-bfc7-a334ed885086,b06a469d-42fb-4ba4-8f5b-2590ab842f7c:User 33,DENIED
2026,1月,11,周日,20:27:08,6ADA9637,d5ac040c-b74e-4341-8ef2-eb2cae95c04b,e26a09ae-48de-463f-81b9-bac8f7dba6d4,a9729d54-1ae2-4d71-a4c9-ce6383348205:User 161,DENIED
2026,1月,11,周日,20:27:08,1A6C8370,c562380c-bdd3-4f70-bbfb-a757e48413a7,b85ea175-7378-411e-a070-d9592b52676c,d9e52338-5b1f-4ace-8235-49bc7467e275:User 163,DENIED
2026,1月,11,周日,20:27:08,CC77ABC3,d5ac040c-b74e-4341-8ef2-eb2cae95c04b,e26a09ae-48de-463f-81b9-bac8f7dba6d4,8a342194-7f8d-4cc0-96e4-5188201218ec:User 184,DENIED
2026,1月,11,周日,20:27:08,54F84D62,e7e0bc70-3e5a-43f9-be48-c4ba0341bdaa,f89fb1b7-1db9-4975-80a5-c3a85f6f4574,5e37be5f-151c-4e65-9780-5afe2edf6fdc:User 25,DENIED
2026,1月,11,周日,20:27:08,7FA174B4,5c980ee0-2ea8-4567-a531-5eaa984a1a4a,a2b08738-cba6-4f87-9011-d2897b29cfa4,74267ca7-0750-4ecf-b2a1-82d532678ed0:User 156,DENIED
2026,1月,11,周日,20:27:08,56D599B0,732ab68f-bbee-4ded-8c9a-1eac02ef4fcf,b75dbdaf-0548-4dd8-ae94-981684ee6a79,82dadda4-4101-4cb8-809e-96f099892135:User 37,DENIED
2026,1月,11,周日,20:27:08,B9E78EF0,db243b05-b592-4199-a64e-3c9ee6e65fbd,8dfdb42d-05ec-4be5-a0f8-18a6420764cb,cfd3a6c3-c232-4e29-ba0e-35b711164699:User 134,DENIED
2026,1月,11,周日,20:27:08,E084A602,fb3cf09a-dde4-41c0-972d-983e578ac120,b1f6d680-200e-42be-a15e-ca718304cff7,5026299c-147b-47cd-b489-f61dd66da97e:User 92,DENIED
2026,1月,11,周日,20:27:08,447F6094,65693a88-73e2-4cea-a7a1-f9f66e87e987,46c3835b-f0b7-46f9-a1a8-e60f92cc743a,d4c31766-f19f-4d16-b333-f4e8a5001082:User 20,DENIED
2026,1月,11,周日,20:27:08,F86F57C4,5f741446-39a7-4d45-9906-cddcfd4f5658,80e24623-c1fa-4a45-8edf-cbd2377e52a6,cfc43640-73c4-4c45-9663-ac34339418c4:User 84,DENIED
2026,1月,11,周日,20:27:08,6255D1D3,4fc60dbb-44c0-4399-ac1a-cfac8d0102c8,715e699d-3040-442f-9f38-68c70a0f67d0,92a92ac9-ac89-461a-a5d4-0c54a298af26:User 136,DENIED
2026,1月,11,周日,20:27:08,B9E78EF0,d5ac040c-b74e-4341-8ef2-eb2cae95c04b,e26a09ae-48de-463f-81b9-bac8f7dba6d4,cfd3a6c3-c232-4e29-ba0e-35b711164699:User 134,DENIED
2026,1月,11,周日,20:27:08,EA75E185,914ebf41-7847-419d-ae5b-45986f4ee3c8,dc040e2b-56aa-4ba2-9a35-beb305625d9c,55d0c6d8-8d73-4314-b94c-10c66cdcfcef:User 178,DENIED
2026,1月,11,周日,20:27:08,D01762E7,be9c74f9-b0e5-4618-9e09-8b65355b062e,93141aef-f0e8-4064-80da-ceb24fa6efa1,09b07d8d-d580-4acc-84b1-370236a788ed:User 22,DENIED
2026,1月,11,周日,20:27:08,9CAFB481,5f741446-39a7-4d45-9906-cddcfd4f5658,80e24623-c1fa-4a45-8edf-cbd2377e52a6,09f56a4c-9b3f-424f-b470-66cc394951d2:User 144,DENIED
2026,1月,11,周日,20:27:08,BAE96C98,621f42d2-6033-4dd5-86bc-3ef95ac4f347,1243ed84-de07-4125-9e0e-719db7e75dbc,bf62c1a9-b58f-4d1d-9d7e-d490020ba833:User 198,DENIED
2026,1月,11,周日,20:27:08,9ABEC77A,79f2879a-de1b-4f95-b5aa-4f3982938ce4,b6ede591-f236-44b5-9607-96f7a84ac0bc,c678f79a-6bb6-47f2-98e7-84f53a2987da:User 118,DENIED
2026,1月,11,周日,20:27:08,E3A0C4C8,c54729aa-fce2-4e14-badc-5f7fbfa1de49,8af984fb-ae86-4385-8e7e-b9b56beaf03f,d355927d-33e7-4611-bdb0-ba3251ca2064:User 51,DENIED
2026,1月,11,周日,20:27:08,6267CCB1,c54729aa-fce2-4e14-badc-5f7fbfa1de49,8af984fb-ae86-4385-8e7e-b9b56beaf03f,e0f703ec-d760-4cf3-9416-e5452a9b1dde:User 151,DENIED
2026,1月,11,周日,20:27:08,247F7FCF,641f008a-67f7-4eb0-8dc5-9db82e0f2a65,7cca50aa-de0d-4292-babb-80ab0f12add2,a6b8f169-51f4-4ba0-97e6-b3b16eba45c0:User 72,DENIED
2026,1月,11,周日,20:27:08,CD09BDCF,5f078c7b-e28e-4f96-8ee4-d2868ba692f9,ad62e913-8354-4349-adc0-2dd51be30df9,7187e862-2f09-4700-8f14-20d23954a77b:User 11,DENIED
2026,1月,11,周日,20:27:08,DA778815,dff57c19-308d-461c-8dea-13d9a7e54222,13fdec8c-3dd9-4a53-aaab-ca535abe2cb5,7d623ab5-c21d-4eb8-990e-c100c2a4db94:User 16,DENIED
2026,1月,11,周日,20:27:08,2F5E89E9,5f078c7b-e28e-4f96-8ee4-d2868ba692f9,ad62e913-8354-4349-adc0-2dd51be30df9,a7599f54-5360-4aef-bd47-9e083bc1c3cf:User 25,DENIED
2026,1月,11,周日,20:27:08,9044C1DC,870c05c9-2e70-41a4-bf93-85de484a726a,51af542a-7613-42be-920d-f6a3b455a10b,107df285-c666-4fe3-b435-53f3a25e56cf:User 159,DENIED
2026,1月,11,周日,20:27:08,53D81431,5f741446-39a7-4d45-9906-cddcfd4f5658,80e24623-c1fa-4a45-8edf-cbd2377e52a6,e10dd997-b967-4837-952d-7e5d5dbf0859:User 16,DENIED
2026,1月,11,周日,20:27:08,44BA4236,9ca441b2-b1a1-4920-ba5c-6dbfa867e3e8,cdc6f9a1-a7c1-4db8-a639-497a80d2f94b,ec9981c5-8049-4647-964d-8ace566d95f8:User 35,DENIED
2026,1月,11,周日,20:27:08,04C7D5C6,914ebf41-7847-419d-ae5b-45986f4ee3c8,dc040e2b-56aa-4ba2-9a35-beb305625d9c,afa2067e-0689-481d-90e1-8687db58674c:User 137,DENIED
2026,1月,11,周日,20:27:08,60DA3310,12eba4f8-180f-4727-836c-80337bbfde81,b0591a0f-a5c6-4c92-b893-9d51d8f1a4da,f58874ff-95f9-4277-a959-a87a40a1fc73:User 38,DENIED
2026,1月,11,周日,20:27:08,6C357E84,4fc60dbb-44c0-4399-ac1a-cfac8d0102c8,715e699d-3040-442f-9f38-68c70a0f67d0,abcc9e33-db9f-42c8-a29c-0d0a9e12ae31:User 199,DENIED
2026,1月,11,周日,20:27:08,44BA4236,4fc60dbb-44c0-4399-ac1a-cfac8d0102c8,715e699d-3040-442f-9f38-68c70a0f67d0,ec9981c5-8049-4647-964d-8ace566d95f8:User 35,DENIED
2026,1月,11,周日,20:27:08,9ABEC77A,5f741446-39a7-4d45-9906-cddcfd4f5658,80e24623-c1fa-4a45-8edf-cbd2377e52a6,c678f79a-6bb6-47f2-98e7-84f53a2987da:User 118,DENIED
2026,1月,11,周日,20:27:08,867843A7,914ebf41-7847-419d-ae5b-45986f4ee3c8,dc040e2b-56aa-4ba2-9a35-beb305625d9c,b1281618-48d9-48a5-9937-0ff94fbd091e:User 15,DENIED
2026,1月,11,周日,20:27:08,8FAA49A8,870c05c9-2e70-41a4-bf93-85de484a726a,51af542a-7613-42be-920d-f6a3b455a10b,7b65001d-d151-436e-a4bd-9633ecc50844:User 166,DENIED
2026,1月,11,周日,20:27:08,2A52FD69,732ab68f-bbee-4ded-8c9a-1eac02ef4fcf,b75dbdaf-0548-4dd8-ae94-981684ee6a79,403919d4-c15f-4953-b2f1-4eb0158895df:User 41,DENIED
2026,1月,11,周日,20:27:08,E0E7CABE,70ad87f3-147f-4f03-a266-ca45ad21148c,efabfe47-19e8-43db-a45f-5498415d978c,83b7105d-517f-4f52-a2fa-8076120cba45:User 19,DENIED
2026,1月,11,周日,20:27:08,33CDA6AD,732ab68f-bbee-4ded-8c9a-1eac02ef4fcf,b75dbdaf-0548-4dd8-ae94-981684ee6a79,7b4114d2-aaed-43bc-86f2-034e6e36ee86:User 45,DENIED
2026,1月,11,周日,20:27:08,789D2BEB,be9c74f9-b0e5-4618-9e09-8b65355b062e,93141aef-f0e8-4064-80da-ceb24fa6efa1,d62fdb41-08d5-4e6d-9b09-5ee4c8db54b5:User 79,DENIED
2026,1月,11,周日,20:27:08,DE6235AC,978f2cda-ac0b-466d-85e6-c0047665e857,444d8a1b-a6c6-4ce2-9b80-bccc31441c5e,913185f2-05d1-405f-9700-d84ab5df2362:User 52,DENIED
2026,1月,11,周日,20:27:08,BACB8EDD,c562380c-bdd3-4f70-bbfb-a757e48413a7,b85ea175-7378-411e-a070-d9592b52676c,d44a48d0-bdea-4613-9931-280703e6d79b:User 145,DENIED
2026,1月,11,周日,20:27:08,02CF2966,5c980ee0-2ea8-4567-a531-5eaa984a1a4a,a2b08738-cba6-4f87-9011-d2897b29cfa4,dfe922b2-a231-49f5-8ff6-4f7bab7f77f7:User 31,DENIED
2026,1月,11,周日,20:27:08,40B866BE,af93e80c-505a-4f4a-a0e6-81ebd2faa429,4559ddc4-146e-4795-934b-389ea44d10f7,b63ff382-2aa6-412a-a66a-b59e9710d9cf:User 127,DENIED
2026,1月,11,周日,20:27:08,1A6C8370,9da65607-0afe-41b0-bbfa-082f65d3c420,0a7b150c-13a9-4c01-bd24-601d9e4546fa,d9e52338-5b1f-4ace-8235-49bc7467e275:User 163,DENIED
2026,1月,11,周日,20:27:08,432432A7,5c980ee0-2ea8-4567-a531-5eaa984a1a4a,a2b08738-cba6-4f87-9011-d2897b29cfa4,3a0cea6b-b22c-442e-ba9d-331dd1e0ba4b:User 44,DENIED
2026,1月,11,周日,20:27:08,F86EE8B3,732ab68f-bbee-4ded-8c9a-1eac02ef4fcf,b75dbdaf-0548-4dd8-ae94-981684ee6a79,ea2de7f9-7a1d-4db6-bfb8-7918491e9c64:User 42,DENIED
2026,1月,11,周日,20:27:08,2F5E89E9,732ab68f-bbee-4ded-8c9a-1eac02ef4fcf,b75dbdaf-0548-4dd8-ae94-981684ee6a79,a7599f54-5360-4aef-bd47-9e083bc1c3cf:User 25,DENIED
2026,1月,11,周日,20:27:08,EA75E185,12eba4f8-180f-4727-836c-80337bbfde81,b0591a0f-a5c6-4c92-b893-9d51d8f1a4da,55d0c6d8-8d73-4314-b94c-10c66cdcfcef:User 178,DENIED
2026,1月,11,周日,20:27:08,855078EF,93ee461f-790a-4449-8527-be0ff2b412bf,8673c600-d01d-4cde-ad5e-94d3ee9d7fd9,ae64ef71-8f08-459e-b0b8-4a594f0e37ce:User 36,DENIED
2026,1月,11,周日,20:27:08,8FAA49A8,dff57c19-308d-461c-8dea-13d9a7e54222,13fdec8c-3dd9-4a53-aaab-ca535abe2cb5,7b65001d-d151-436e-a4bd-9633ecc50844:User 166,DENIED
2026,1月,11,周日,20:27:08,89F3F5C5,9da65607-0afe-41b0-bbfa-082f65d3c420,0a7b150c-13a9-4c01-bd24-601d9e4546fa,03d2c3f3-a80c-42b9-96da-33c1d982aa8c:User 77,DENIED
2026,1月,11,周日,20:27:08,64B36B6E,f3eef4d7-17e3-4e42-9b9b-aabe03d81560,5953690c-45c9-4f40-b5b3-df067ecf4cab,4034ffc9-3b05-4ae3-9cb4-12823a52589b:User 148,DENIED
2026,1月,11,周日,20:27:08,02CF2966,12eba4f8-180f-4727-836c-80337bbfde81,b0591a0f-a5c6-4c92-b893-9d51d8f1a4da,dfe922b2-a231-49f5-8ff6-4f7bab7f77f7:User 31,DENIED
2026,1月,11,周日,20:27:08,0E2DD2FE,59306181-f165-4645-8b4c-2bfed7a96f64,d7c26892-d2d2-4ad1-b74b-456664459590,d8f1e4e0-34ea-41ff-bb7e-37ed4e703778:User 21,DENIED
2026,1月,11,周日,20:27:08,706CA1E2,729ef629-44a5-4f46-aef4-a30288c414db,2ce55221-e6ac-4e68-a139-89c65c486551,fdcfce63-9871-449f-92d5-a5b98a283b36:User 147,DENIED
2026,1月,11,周日,20:27:08,97C8ACE0,732ab68f-bbee-4ded-8c9a-1eac02ef4fcf,b75dbdaf-0548-4dd8-ae94-981684ee6a79,96e44c14-681d-4978-91e9-790c6683b071:User 53,DENIED
2026,1月,11,周日,20:27:08,40FDA30B,52693879-01fa-45f0-9fca-666e027b53f1,4163061f-41ab-4dfb-bfc7-a334ed885086,0c9a4ffa-7d98-493a-884d-bf353d18ff1c:User 56,DENIED
2026,1月,11,周日,20:27:08,A3C30531,d5ac040c-b74e-4341-8ef2-eb2cae95c04b,e26a09ae-48de-463f-81b9-bac8f7dba6d4,dc0531cf-6327-4df8-81c6-f7413c1e3495:User 7,DENIED
2026,1月,11,周日,20:27:08,39BD6FDE,d6dea81b-2545-441f-91ce-46d206777f11,ecb54cca-7179-4f82-905b-04bc2c58c746,10d921e2-7d1c-43a9-9f79-749b0061ad64:User 17,DENIED
2026,1月,11,周日,20:27:08,5C526355,e7e0bc70-3e5a-43f9-be48-c4ba0341bdaa,f89fb1b7-1db9-4975-80a5-c3a85f6f4574,c252766c-8c45-4f1b-b27b-733facde7877:User 45,DENIED
2026,1月,11,周日,20:27:08,FD8EEC6E,9ca441b2-b1a1-4920-ba5c-6dbfa867e3e8,cdc6f9a1-a7c1-4db8-a639-497a80d2f94b,272c62c6-8acb-41a1-98f9-bb4a79c895ec:User 50,DENIED
2026,1月,11,周日,20:27:08,61AE91D8,53687c24-f9ea-4921-96c9-23e524e9ab10,813e4e52-5a00-413c-a891-05013da581ff,781b41c7-deb0-480d-86e6-e5868815fc39:User 14,DENIED
2026,1月,11,周日,20:27:08,C11B3181,e7e0bc70-3e5a-43f9-be48-c4ba0341bdaa,f89fb1b7-1db9-4975-80a5-c3a85f6f4574,5e84a79c-0540-4ccd-ac63-23d95893ebe4:User 187,DENIED
2026,1月,11,周日,20:27:08,D01762E7,5c980ee0-2ea8-4567-a531-5eaa984a1a4a,a2b08738-cba6-4f87-9011-d2897b29cfa4,09b07d8d-d580-4acc-84b1-370236a788ed:User 22,DENIED
2026,1月,11,周日,20:27:08,EC8C95CF,52693879-01fa-45f0-9fca-666e027b53f1,4163061f-41ab-4dfb-bfc7-a334ed885086,9793e940-0499-416f-ac28-7c1df1a8eee5:User 21,DENIED
2026,1月,11,周日,20:27:08,16BFFB17,af93e80c-505a-4f4a-a0e6-81ebd2faa429,4559ddc4-146e-4795-934b-389ea44d10f7,90cc9266-276d-4df4-a5ba-1f598bc61398:User 18,DENIED
2026,1月,11,周日,20:27:08,6D7F7841,297874e0-a56b-4ce9-b02b-30504ec46f4c,87583732-aff9-43ab-81be-ea7312152eb0,8c2c2a59-b90d-4e36-ad9b-ba1d05c50600:User 179,DENIED
2026,1月,11,周日,20:27:08,604A4816,a3668d39-fb96-48e5-948d-d8d77eb1782f,69089920-6b00-4a9d-8de6-871d47f03e6c,732b7045-004b-4e3e-94e0-9f2f920297db:User 4,DENIED
2026,1月,11,周日,20:27:08,273DF5BB,5f741446-39a7-4d45-9906-cddcfd4f5658,80e24623-c1fa-4a45-8edf-cbd2377e52a6,d75937a2-cd4c-47bd-9ef2-9c2e113bbbbb:User 24,DENIED
2026,1月,11,周日,20:27:08,31171503,9da65607-0afe-41b0-bbfa-082f65d3c420,0a7b150c-13a9-4c01-bd24-601d9e4546fa,9332c8f0-8d89-48a7-b23c-a607b3c59635:User 39,DENIED
2026,1月,11,周日,20:27:08,70086B31,65693a88-73e2-4cea-a7a1-f9f66e87e987,46c3835b-f0b7-46f9-a1a8-e60f92cc743a,26733b01-91f4-4a55-8e2a-d115f6ba576e:User 114,DENIED
2026,1月,11,周日,20:27:08,F0A9B461,65693a88-73e2-4cea-a7a1-f9f66e87e987,46c3835b-f0b7-46f9-a1a8-e60f92cc743a,1b1d381d-2000-4940-a8ff-5216a508963b:User 23,DENIED
2026,1月,11,周日,20:27:08,C4B35DDD,79e166cb-e810-4bd7-b3da-8c2063a10654,868714f4-8c61-4b5d-9f10-e22d9b969143,cb5ca9ee-2418-46e4-a858-9bc476b24ed7:User 20,DENIED
2026,1月,11,周日,20:27:08,F0A9B461,914ebf41-7847-419d-ae5b-45986f4ee3c8,dc040e2b-56aa-4ba2-9a35-beb305625d9c,1b1d381d-2000-4940-a8ff-5216a508963b:User 23,DENIED
2026,1月,11,周日,20:27:08,A46832DD,5f078c7b-e28e-4f96-8ee4-d2868ba692f9,ad62e913-8354-4349-adc0-2dd51be30df9,93fe1c6a-0ae8-40fe-92e9-896b10aaa36f:User 48,DENIED
2026,1月,11,周日,20:27:08,DAA5A378,dff57c19-308d-461c-8dea-13d9a7e54222,13fdec8c-3dd9-4a53-aaab-ca535abe2cb5,2fa2cc85-a79b-4a2e-b9bb-9fe02fd1ad55:User 7,DENIED
2026,1月,11,周日,20:27:08,931E3C47,c54729aa-fce2-4e14-badc-5f7fbfa1de49,8af984fb-ae86-4385-8e7e-b9b56beaf03f,be44d290-38d7-4bed-b1fa-d71abaa502e1:User 15,DENIED
2026,1月,11,周日,20:27:08,C48156E5,53687c24-f9ea-4921-96c9-23e524e9ab10,813e4e52-5a00-413c-a891-05013da581ff,629af980-0eec-4ea4-88de-cbbec17d1909:User 9,DENIED
2026,1月,11,周日,20:27:08,706CA1E2,924693ab-4968-4524-b4b2-be6e548af518,0b14d6c7-f34b-409f-a647-b67d8f795308,fdcfce63-9871-449f-92d5-a5b98a283b36:User 147,DENIED
2026,1月,11,周日,20:27:08,001A5DDA,bd6e0c72-d0ea-4b60-ac0a-f371cfce9fcd,7bfe268b-3120-4387-ad55-4e08de557456,a63794ba-befd-4756-9345-ddad63c4d2f7:User 143,DENIED
2026,1月,11,周日,20:27:08,BB8111DA,01260115-5e52-42db-ad95-ec77bcd659b8,08a7dff8-aa46-40b0-bd88-7a7c8416c011,0f0cf15a-ca2e-400c-8c56-a98b71965c1b:User 23,DENIED
2026,1月,11,周日,20:27:08,A46832DD,0be70602-ffb6-4703-b34b-1019cf76e655,8e762bad-5107-4ccb-91e4-20cb7d5cd5aa,93fe1c6a-0ae8-40fe-92e9-896b10aaa36f:User 48,DENIED
2026,1月,11,周日,20:27:08,70D23C79,be9c74f9-b0e5-4618-9e09-8b65355b062e,93141aef-f0e8-4064-80da-ceb24fa6efa1,1c03c13e-f18b-4d12-98f9-b227892847ad:User 170,DENIED
2026,1月,11,周日,20:27:08,1329FEAA,d5ac040c-b74e-4341-8ef2-eb2cae95c04b,e26a09ae-48de-463f-81b9-bac8f7dba6d4,ce577d87-1829-464f-a5b0-142da5198fd0:User 130,DENIED
2026,1月,11,周日,20:27:08,814FAAAC,9da65607-0afe-41b0-bbfa-082f65d3c420,0a7b150c-13a9-4c01-bd24-601d9e4546fa,2ed91bb1-4305-4995-953a-b43b4a820515:User 93,DENIED
2026,1月,11,周日,20:27:08,7A83F4EA,5f741446-39a7-4d45-9906-cddcfd4f5658,80e24623-c1fa-4a45-8edf-cbd2377e52a6,d8115d85-4701-4462-9119-ddeff4a2e015:User 47,DENIED
2026,1月,11,周日,20:27:08,FA25DC83,e7e0bc70-3e5a-43f9-be48-c4ba0341bdaa,f89fb1b7-1db9-4975-80a5-c3a85f6f4574,e402cbd3-0228-4588-a54a-f918251d6f59:User 154,DENIED
2026,1月,11,周日,20:27:08,FC068ECA,729ef629-44a5-4f46-aef4-a30288c414db,2ce55221-e6ac-4e68-a139-89c65c486551,02d43794-55da-476b-9568-a07081154b5e:User 75,DENIED
2026,1月,11,周日,20:27:08,F90AFD2C,bd6e0c72-d0ea-4b60-ac0a-f371cfce9fcd,7bfe268b-3120-4387-ad55-4e08de557456,6d164f8c-56f5-4503-82f9-d15b02f897f9:User 169,DENIED
2026,1月,11,周日,20:27:08,89F3F5C5,59306181-f165-4645-8b4c-2bfed7a96f64,d7c26892-d2d2-4ad1-b74b-456664459590,03d2c3f3-a80c-42b9-96da-33c1d982aa8c:User 77,DENIED
2026,1月,11,周日,20:27:08,A4E54B4E,5f078c7b-e28e-4f96-8ee4-d2868ba692f9,ad62e913-8354-4349-adc0-2dd51be30df9,8634a79e-74da-462c-96c6-035488f25b3e:User 57,DENIED
2026,1月,11,周日,20:27:08,F6D08966,20bc60be-dcc6-4639-8666-e33ac7eff0d6,fa28c6a6-7674-417b-b44d-e75b815545c3,ec40dbfe-da85-4c41-9936-839e6691b4c8:User 103,DENIED
2026,1月,11,周日,20:27:08,E3A0C4C8,c54729aa-fce2-4e14-badc-5f7fbfa1de49,8af984fb-ae86-4385-8e7e-b9b56beaf03f,d355927d-33e7-4611-bdb0-ba3251ca2064:User 51,DENIED
2026,1月,11,周日,20:27:08,E629D511,732ab68f-bbee-4ded-8c9a-1eac02ef4fcf,b75dbdaf-0548-4dd8-ae94-981684ee6a79,20ea2e04-d541-4c43-9738-4cdf1b3300c9:User 139,DENIED
2026,1月,11,周日,20:27:08,BAE96C98,c54729aa-fce2-4e14-badc-5f7fbfa1de49,8af984fb-ae86-4385-8e7e-b9b56beaf03f,bf62c1a9-b58f-4d1d-9d7e-d490020ba833:User 198,DENIED
2026,1月,11,周日,20:27:08,B116165E,9ca441b2-b1a1-4920-ba5c-6dbfa867e3e8,cdc6f9a1-a7c1-4db8-a639-497a80d2f94b,4f42d81f-72c9-49d4-b1bb-a23511ab043b:User 173,DENIED
2026,1月,11,周日,20:27:08,FF39AD48,a3668d39-fb96-48e5-948d-d8d77eb1782f,69089920-6b00-4a9d-8de6-871d47f03e6c,59c04b00-e1b6-46cc-a4f8-cd73b8ced2aa:User 153,DENIED
2026,1月,11,周日,20:27:08,98740610,af93e80c-505a-4f4a-a0e6-81ebd2faa429,4559ddc4-146e-4795-934b-389ea44d10f7,6434e8d1-bbed-4058-9cef-60206e7e2d36:User 99,DENIED
2026,1月,11,周日,20:27:08,0265E8BE,297874e0-a56b-4ce9-b02b-30504ec46f4c,87583732-aff9-43ab-81be-ea7312152eb0,6b4edd6a-a02c-4b9f-8801-5e960b40a1f4:User 3,DENIED
2026,1月,11,周日,20:27:08,073D154B,79f2879a-de1b-4f95-b5aa-4f3982938ce4,b6ede591-f236-44b5-9607-96f7a84ac0bc,040dd8e5-ec5c-484a-8b6a-5b318e22bc46:User 108,DENIED
2026,1月,11,周日,20:27:08,69F6436F,1b66869a-b709-4954-8b97-e7c2bfe17fdc,3a6ee9f2-ec0c-4b6d-90e4-fca4b3cdb3ba,b8bd3746-aaca-448f-afbc-4a7a41db4275:User 146,DENIED
2026,1月,11,周日,20:27:08,2A52FD69,af93e80c-505a-4f4a-a0e6-81ebd2faa429,4559ddc4-146e-4795-934b-389ea44d10f7,403919d4-c15f-4953-b2f1-4eb0158895df:User 41,DENIED
2026,1月,11,周日,20:27:08,D9208A7E,914ebf41-7847-419d-ae5b-45986f4ee3c8,dc040e2b-56aa-4ba2-9a35-beb305625d9c,00c1ab23-367e-487a-bb8c-af068f22c396:User 119,DENIED
2026,1月,11,周日,20:27:08,B23ABBB2,a3668d39-fb96-48e5-948d-d8d77eb1782f,69089920-6b00-4a9d-8de6-871d47f03e6c,1689d69e-2b18-4419-8dd9-a3a8910b2235:User 11,DENIED
2026,1月,11,周日,20:27:08,BDD7712A,4fc60dbb-44c0-4399-ac1a-cfac8d0102c8,715e699d-3040-442f-9f38-68c70a0f67d0,ba649cf7-68a0-4874-a0fa-6f56044d50e6:User 160,DENIED
2026,1月,11,周日,20:27:08,A3C30531,65693a88-73e2-4cea-a7a1-f9f66e87e987,46c3835b-f0b7-46f9-a1a8-e60f92cc743a,dc0531cf-6327-4df8-81c6-f7413c1e3495:User 7,DENIED
2026,1月,11,周日,20:27:08,64B36B6E,870c05c9-2e70-41a4-bf93-85de484a726a,51af542a-7613-42be-920d-f6a3b455a10b,4034ffc9-3b05-4ae3-9cb4-12823a52589b:User 148,DENIED
2026,1月,11,周日,20:27:08,3B32F6FC,d5ac040c-b74e-4341-8ef2-eb2cae95c04b,e26a09ae-48de-463f-81b9-bac8f7dba6d4,c60bcccd-a69e-4243-9030-f52199c42ae8:User 49,DENIED
2026,1月,11,周日,20:27:08,476605A4,79e166cb-e810-4bd7-b3da-8c2063a10654,868714f4-8c61-4b5d-9f10-e22d9b969143,02cb5fac-986c-4f62-842a-63b1c3f708c8:User 2,DENIED
2026,1月,11,周日,20:27:08,7CC6112F,621f42d2-6033-4dd5-86bc-3ef95ac4f347,1243ed84-de07-4125-9e0e-719db7e75dbc,fb30d9c2-1403-45f2-894a-78dbc8536890:User 34,DENIED
2026,1月,11,周日,20:27:08,AA1B2884,4fc60dbb-44c0-4399-ac1a-cfac8d0102c8,715e699d-3040-442f-9f38-68c70a0f67d0,dc8f0c7b-d444-4b44-84ec-634493337fce:User 111,DENIED
2026,1月,11,周日,20:27:08,266DCB02,f3eef4d7-17e3-4e42-9b9b-aabe03d81560,5953690c-45c9-4f40-b5b3-df067ecf4cab,fe1b073d-1b9b-4c84-8045-44a6f884d752:User 76,DENIED
2026,1月,11,周日,20:27:08,5A058B39,5f078c7b-e28e-4f96-8ee4-d2868ba692f9,ad62e913-8354-4349-adc0-2dd51be30df9,83c55190-73ab-49a3-badf-9788f70038a8:User 91,DENIED
2026,1月,11,周日,20:27:08,F90AFD2C,ba1fffd1-2a67-4cb9-90a1-7228035dbb99,0422e414-4fa9-48ec-a7d9-43200f68b098,6d164f8c-56f5-4503-82f9-d15b02f897f9:User 169,DENIED
2026,1月,11,周日,20:27:08,7A83F4EA,70ad87f3-147f-4f03-a266-ca45ad21148c,efabfe47-19e8-43db-a45f-5498415d978c,d8115d85-4701-4462-9119-ddeff4a2e015:User 47,DENIED
2026,1月,11,周日,20:27:08,7C36DC53,5c980ee0-2ea8-4567-a531-5eaa984a1a4a,a2b08738-cba6-4f87-9011-d2897b29cfa4,fcc41e72-fbbe-49ce-bd88-5c8182237945:User 121,DENIED
2026,1月,11,周日,20:27:08,DA778815,70ad87f3-147f-4f03-a266-ca45ad21148c,efabfe47-19e8-43db-a45f-5498415d978c,7d623ab5-c21d-4eb8-990e-c100c2a4db94:User 16,DENIED
2026,1月,11,周日,20:27:08,97D8AD3C,621f42d2-6033-4dd5-86bc-3ef95ac4f347,1243ed84-de07-4125-9e0e-719db7e75dbc,5f3ca9d9-1852-4405-8312-35c963c52342:User 44,DENIED
2026,1月,11,周日,20:27:08,97D8AD3C,ba1fffd1-2a67-4cb9-90a1-7228035dbb99,0422e414-4fa9-48ec-a7d9-43200f68b098,5f3ca9d9-1852-4405-8312-35c963c52342:User 44,DENIED
2026,1月,11,周日,20:27:08,BAE96C98,d6dea81b-2545-441f-91ce-46d206777f11,ecb54cca-7179-4f82-905b-04bc2c58c746,bf62c1a9-b58f-4d1d-9d7e-d490020ba833:User 198,DENIED
2026,1月,11,周日,20:27:08,B116165E,747204d4-1207-4613-b1f6-1123a64d4bae,c7db699a-0fcc-4dd1-93dd-ded492ecc52d,4f42d81f-72c9-49d4-b1bb-a23511ab043b:User 173,DENIED
2026,1月,11,周日,20:27:08,79DCDAFC,be9c74f9-b0e5-4618-9e09-8b65355b062e,93141aef-f0e8-4064-80da-ceb24fa6efa1,dce203b0-b39b-4487-a9dd-8804acdbf34b:User 28,DENIED
2026,1月,11,周日,20:27:08,1FE66774,a3668d39-fb96-48e5-948d-d8d77eb1782f,69089920-6b00-4a9d-8de6-871d47f03e6c,7146ac90-31d0-4e24-a783-c9af12b34dea:User 42,DENIED
2026,1月,11,周日,20:27:08,0D4DA49E,be9c74f9-b0e5-4618-9e09-8b65355b062e,93141aef-f0e8-4064-80da-ceb24fa6efa1,ac7653f0-0b71-4aef-99af-e77028e56116:User 78,DENIED
2026,1月,11,周日,20:27:08,7859C1BD,e7e0bc70-3e5a-43f9-be48-c4ba0341bdaa,f89fb1b7-1db9-4975-80a5-c3a85f6f4574,e39e9811-4bfa-4c58-85ef-2bd0fa68056b:User 152,DENIED
2026,1月,11,周日,20:27:08,DEB1E280,70ad87f3-147f-4f03-a266-ca45ad21148c,efabfe47-19e8-43db-a45f-5498415d978c,0bb5c108-67fa-4176-9fad-5d1d64b293a7:User 155,DENIED
2026,1月,11,周日,20:27:08,E0E7CABE,0be70602-ffb6-4703-b34b-1019cf76e655,8e762bad-5107-4ccb-91e4-20cb7d5cd5aa,83b7105d-517f-4f52-a2fa-8076120cba45:User 19,DENIED
2026,1月,11,周日,20:27:08,7AAC34BF,1b66869a-b709-4954-8b97-e7c2bfe17fdc,3a6ee9f2-ec0c-4b6d-90e4-fca4b3cdb3ba,6552874b-8d15-46d1-a4eb-e80646ac51ce:User 38,DENIED
2026,1月,11,周日,20:27:08,B6F766FB,fb3cf09a-dde4-41c0-972d-983e578ac120,b1f6d680-200e-42be-a15e-ca718304cff7,bb37418a-373d-45b1-be5e-ef1d6f220782:User 192,DENIED
2026,1月,11,周日,20:27:08,392C3F12,924693ab-4968-4524-b4b2-be6e548af518,0b14d6c7-f34b-409f-a647-b67d8f795308,df8d387c-8732-416d-9f11-3acb1284418c:User 63,DENIED
2026,1月,11,周日,20:27:08,931E3C47,322e4308-8a53-4e5b-88e0-75c295071b97,49c27197-4186-4607-bdc4-b91c1fbfb68b,be44d290-38d7-4bed-b1fa-d71abaa502e1:User 15,DENIED
2026,1月,11,周日,20:27:08,D1350950,70ad87f3-147f-4f03-a266-ca45ad21148c,efabfe47-19e8-43db-a45f-5498415d978c,436c83c2-32e3-4cd9-b628-77a832afe607:User 80,DENIED
2026,1月,11,周日,20:27:08,BAE96C98,79f2879a-de1b-4f95-b5aa-4f3982938ce4,b6ede591-f236-44b5-9607-96f7a84ac0bc,bf62c1a9-b58f-4d1d-9d7e-d490020ba833:User 198,DENIED
2026,1月,11,周日,20:27:08,4EF91A5C,59306181-f165-4645-8b4c-2bfed7a96f64,d7c26892-d2d2-4ad1-b74b-456664459590,f234437c-b964-46b0-a285-d015dbfcd44b:User 47,DENIED
2026,1月,11,周日,20:27:08,3B32F6FC,01260115-5e52-42db-ad95-ec77bcd659b8,08a7dff8-aa46-40b0-bd88-7a7c8416c011,c60bcccd-a69e-4243-9030-f52199c42ae8:User 49,DENIED
2026,1月,11,周日,20:27:08,02CF2966,79e166cb-e810-4bd7-b3da-8c2063a10654,868714f4-8c61-4b5d-9f10-e22d9b969143,dfe922b2-a231-49f5-8ff6-4f7bab7f77f7:User 31,DENIED
2026,1月,11,周日,20:27:08,AB0813FF,f4cf5168-8a65-4f89-9ee7-89b2310c43ce,782d47f0-3c55-4edb-a1b1-285f046ddfa7,1ffd71b4-0e06-4aa3-bb54-c588f6ca3b4a:User 107,DENIED
2026,1月,11,周日,20:27:08,BAE96C98,9620bf95-f2fc-481f-9a3b-db9d43dfadf1,850c8962-9f45-4aa4-9f24-0111562de84b,bf62c1a9-b58f-4d1d-9d7e-d490020ba833:User 198,DENIED
2026,1月,11,周日,20:27:08,97D8AD3C,f4cf5168-8a65-4f89-9ee7-89b2310c43ce,782d47f0-3c55-4edb-a1b1-285f046ddfa7,5f3ca9d9-1852-4405-8312-35c963c52342:User 44,DENIED
2026,1月,11,周日,20:27:08,D9208A7E,747204d4-1207-4613-b1f6-1123a64d4bae,c7db699a-0fcc-4dd1-93dd-ded492ecc52d,00c1ab23-367e-487a-bb8c-af068f22c396:User 119,DENIED
2026,1月,11,周日,20:27:08,0930626F,4fc60dbb-44c0-4399-ac1a-cfac8d0102c8,715e699d-3040-442f-9f38-68c70a0f67d0,046cc824-12d0-454b-8e66-1709a4ef97a9:User 28,DENIED
2026,1月,11,周日,20:27:08,39BD6FDE,debab0d0-af9e-431a-9e80-00a7ace8ca1b,cf9cf014-b802-4795-8649-03a01ee41981,10d921e2-7d1c-43a9-9f79-749b0061ad64:User 17,DENIED
2026,1月,11,周日,20:27:08,97CF3636,5c980ee0-2ea8-4567-a531-5eaa984a1a4a,a2b08738-cba6-4f87-9011-d2897b29cfa4,d10df370-0e14-458b-89c5-c99c53b2151f:User 5,DENIED
2026,1月,11,周日,20:27:08,53FA4769,5c980ee0-2ea8-4567-a531-5eaa984a1a4a,a2b08738-cba6-4f87-9011-d2897b29cfa4,7aac74ef-3078-46e1-841f-7b1a84c5bad1:User 69,DENIED
2026,1月,11,周日,20:27:08,273DF5BB,be9c74f9-b0e5-4618-9e09-8b65355b062e,93141aef-f0e8-4064-80da-ceb24fa6efa1,d75937a2-cd4c-47bd-9ef2-9c2e113bbbbb:User 24,DENIED
2026,1月,11,周日,20:27:08,578EF3A0,d5ac040c-b74e-4341-8ef2-eb2cae95c04b,e26a09ae-48de-463f-81b9-bac8f7dba6d4,465e15e0-481b-46cd-b1dc-6d7558d6c291:User 27,DENIED
2026,1月,11,周日,20:27:08,549FB451,d6dea81b-2545-441f-91ce-46d206777f11,ecb54cca-7179-4f82-905b-04bc2c58c746,b2669d45-f8e7-4ca8-b635-d80c82b973e0:User 133,DENIED
2026,1月,11,周日,20:27:08,B9E78EF0,641f008a-67f7-4eb0-8dc5-9db82e0f2a65,7cca50aa-de0d-4292-babb-80ab0f12add2,cfd3a6c3-c232-4e29-ba0e-35b711164699:User 134,DENIED
2026,1月,11,周日,20:27:08,40FDA30B,79f2879a-de1b-4f95-b5aa-4f3982938ce4,b6ede591-f236-44b5-9607-96f7a84ac0bc,0c9a4ffa-7d98-493a-884d-bf353d18ff1c:User 56,DENIED
2026,1月,11,周日,20:27:08,086E3300,621f42d2-6033-4dd5-86bc-3ef95ac4f347,1243ed84-de07-4125-9e0e-719db7e75dbc,e869d877-4d4e-49f1-a0c0-022395b9049f:User 55,DENIED
2026,1月,11,周日,20:27:08,E69FFE02,1b66869a-b709-4954-8b97-e7c2bfe17fdc,3a6ee9f2-ec0c-4b6d-90e4-fca4b3cdb3ba,d619e61f-c079-4656-b928-37c72cf7eee6:User 97,DENIED
2026,1月,11,周日,20:27:08,04C7D5C6,f4cf5168-8a65-4f89-9ee7-89b2310c43ce,782d47f0-3c55-4edb-a1b1-285f046ddfa7,afa2067e-0689-481d-90e1-8687db58674c:User 137,DENIED
2026,1月,11,周日,20:27:08,AFB85501,ba1fffd1-2a67-4cb9-90a1-7228035dbb99,0422e414-4fa9-48ec-a7d9-43200f68b098,3fbd2f59-c5b9-44b1-97dc-f91a5f345c63:User 27,DENIED
2026,1月,11,周日,20:27:08,604A4816,70ad87f3-147f-4f03-a266-ca45ad21148c,efabfe47-19e8-43db-a45f-5498415d978c,732b7045-004b-4e3e-94e0-9f2f920297db:User 4,DENIED
2026,1月,11,周日,20:27:08,6CD091CB,16b02378-7e5f-4848-928c-70a50df32db6,c65121ab-12fc-4966-b806-c87dd3b7f076,b7285d3d-86d2-4735-ace9-6ba7a4f41ac0:User 10,DENIED
2026,1月,11,周日,20:27:08,1EB043B2,bd6e0c72-d0ea-4b60-ac0a-f371cfce9fcd,7bfe268b-3120-4387-ad55-4e08de557456,bdc8263d-9b28-4e80-add0-88455ff47d24:User 67,DENIED
2026,1月,11,周日,20:27:08,1A9BFEDC,978f2cda-ac0b-466d-85e6-c0047665e857,444d8a1b-a6c6-4ce2-9b80-bccc31441c5e,e8184696-361e-4dc5-adff-81aa31795601:User 13,DENIED
2026,1月,11,周日,20:27:08,6C357E84,db243b05-b592-4199-a64e-3c9ee6e65fbd,8dfdb42d-05ec-4be5-a0f8-18a6420764cb,abcc9e33-db9f-42c8-a29c-0d0a9e12ae31:User 199,DENIED
2026,1月,11,周日,20:27:09,415464E9,db243b05-b592-4199-a64e-3c9ee6e65fbd,8dfdb42d-05ec-4be5-a0f8-18a6420764cb,8f6b04ec-4e07-4053-ab08-032403ea4fdd:User 140,DENIED
2026,1月,11,周日,20:27:09,32DB0D3A,5f741446-39a7-4d45-9906-cddcfd4f5658,80e24623-c1fa-4a45-8edf-cbd2377e52a6,42f77996-1313-4c2d-b7bd-09102d3e87ce:User 175,DENIED
2026,1月,11,周日,20:27:09,D060955A,f4cf5168-8a65-4f89-9ee7-89b2310c43ce,782d47f0-3c55-4edb-a1b1-285f046ddfa7,17d4ad2d-26d5-4b14-a442-951045dde85e:User 120,DENIED
2026,1月,11,周日,20:27:09,6ADA9637,12eba4f8-180f-4727-836c-80337bbfde81,b0591a0f-a5c6-4c92-b893-9d51d8f1a4da,a9729d54-1ae2-4d71-a4c9-ce6383348205:User 161,DENIED
2026,1月,11,周日,20:27:09,A9D8C3D4,c54729aa-fce2-4e14-badc-5f7fbfa1de49,8af984fb-ae86-4385-8e7e-b9b56beaf03f,9e479f4c-9bf4-4e74-9ad6-9becbf08a60e:User 129,DENIED
2026,1月,11,周日,20:27:09,BFA9EE4E,5c980ee0-2ea8-4567-a531-5eaa984a1a4a,a2b08738-cba6-4f87-9011-d2897b29cfa4,b4cde930-d1ea-4051-bf61-c0c0d6ce810a:User 176,DENIED
2026,1月,11,周日,20:27:09,B00FD960,93ee461f-790a-4449-8527-be0ff2b412bf,8673c600-d01d-4cde-ad5e-94d3ee9d7fd9,0ef0ca5c-e68a-431f-832f-edec67e2821f:User 6,DENIED
2026,1月,11,周日,20:27:09,79DCDAFC,9ca441b2-b1a1-4920-ba5c-6dbfa867e3e8,cdc6f9a1-a7c1-4db8-a639-497a80d2f94b,dce203b0-b39b-4487-a9dd-8804acdbf34b:User 28,DENIED
2026,1月,11,周日,20:27:09,706CA1E2,ba1fffd1-2a67-4cb9-90a1-7228035dbb99,0422e414-4fa9-48ec-a7d9-43200f68b098,fdcfce63-9871-449f-92d5-a5b98a283b36:User 147,DENIED
2026,1月,11,周日,20:27:09,6E3CCB5C,322e4308-8a53-4e5b-88e0-75c295071b97,49c27197-4186-4607-bdc4-b91c1fbfb68b,4407037a-4c60-4596-83c8-600ec230148b:User 142,DENIED
2026,1月,11,周日,20:27:09,295A7F4E,9620bf95-f2fc-481f-9a3b-db9d43dfadf1,850c8962-9f45-4aa4-9f24-0111562de84b,0660673f-f290-4094-88d5-9c6eea451e83:User 190,DENIED
2026,1月,11,周日,20:27:09,C4B35DDD,732ab68f-bbee-4ded-8c9a-1eac02ef4fcf,b75dbdaf-0548-4dd8-ae94-981684ee6a79,cb5ca9ee-2418-46e4-a858-9bc476b24ed7:User 20,DENIED
2026,1月,11,周日,20:27:09,8F4E2B56,870c05c9-2e70-41a4-bf93-85de484a726a,51af542a-7613-42be-920d-f6a3b455a10b,17ac47de-ce34-453f-bec5-656a59bc149e:User 110,DENIED
2026,1月,11,周日,20:27:09,AB0813FF,93ee461f-790a-4449-8527-be0ff2b412bf,8673c600-d01d-4cde-ad5e-94d3ee9d7fd9,1ffd71b4-0e06-4aa3-bb54-c588f6ca3b4a:User 107,DENIED
2026,1月,11,周日,20:27:09,BFA9EE4E,d777dc15-826e-439a-a544-ad16591daa7d,788dd0e0-5b8f-4125-b501-356f2e66f766,b4cde930-d1ea-4051-bf61-c0c0d6ce810a:User 176,DENIED
2026,1月,11,周日,20:27:09,35AF238D,01260115-5e52-42db-ad95-ec77bcd659b8,08a7dff8-aa46-40b0-bd88-7a7c8416c011,9c4ab1f8-250a-4970-bf4f-a50e221e7400:User 4,DENIED
2026,1月,11,周日,20:27:09,7DB77A37,93ee461f-790a-4449-8527-be0ff2b412bf,8673c600-d01d-4cde-ad5e-94d3ee9d7fd9,83968731-74cc-4baf-990d-000f2f4a074b:User 18,DENIED
2026,1月,11,周日,20:27:09,5B1769A9,79e166cb-e810-4bd7-b3da-8c2063a10654,868714f4-8c61-4b5d-9f10-e22d9b969143,39596ebb-095e-42c4-a1f2-150a2b6ae65b:User 115,DENIED
2026,1月,11,周日,20:27:09,073D154B,af93e80c-505a-4f4a-a0e6-81ebd2faa429,4559ddc4-146e-4795-934b-389ea44d10f7,040dd8e5-ec5c-484a-8b6a-5b318e22bc46:User 108,DENIED
2026,1月,11,周日,20:27:09,73DF6126,79f2879a-de1b-4f95-b5aa-4f3982938ce4,b6ede591-f236-44b5-9607-96f7a84ac0bc,f08983d2-07f8-4e0f-bd1e-e6441a486e37:User 183,DENIED
2026,1月,11,周日,20:27:09,CE67EC7C,53687c24-f9ea-4921-96c9-23e524e9ab10,813e4e52-5a00-413c-a891-05013da581ff,e8d3308e-fc49-47e0-8875-52ff2bb6e2ba:User 8,DENIED
2026,1月,11,周日,20:27:09,1EB043B2,db243b05-b592-4199-a64e-3c9ee6e65fbd,8dfdb42d-05ec-4be5-a0f8-18a6420764cb,bdc8263d-9b28-4e80-add0-88455ff47d24:User 67,DENIED
2026,1月,11,周日,20:27:09,699075B5,0be70602-ffb6-4703-b34b-1019cf76e655,8e762bad-5107-4ccb-91e4-20cb7d5cd5aa,fc785f06-38cb-4cb6-82ef-b9f91c54224f:User 3,DENIED
2026,1月,11,周日,20:27:09,963B9ABC,f4cf5168-8a65-4f89-9ee7-89b2310c43ce,782d47f0-3c55-4edb-a1b1-285f046ddfa7,ad479688-d621-4a2d-b2e0-bf553330ccaa:User 135,DENIED
2026,1月,11,周日,20:27:09,E823B1B5,870c05c9-2e70-41a4-bf93-85de484a726a,51af542a-7613-42be-920d-f6a3b455a10b,2b0aeb7c-3f54-48f1-bf4c-f2e10f5b002f:User 1,DENIED
2026,1月,11,周日,20:27:09,61AE91D8,52693879-01fa-45f0-9fca-666e027b53f1,4163061f-41ab-4dfb-bfc7-a334ed885086,781b41c7-deb0-480d-86e6-e5868815fc39:User 14,DENIED
2026,1月,11,周日,20:27:09,79DCDAFC,4fc60dbb-44c0-4399-ac1a-cfac8d0102c8,715e699d-3040-442f-9f38-68c70a0f67d0,dce203b0-b39b-4487-a9dd-8804acdbf34b:User 28,DENIED
2026,1月,11,周日,20:27:09,3B32F6FC,1b66869a-b709-4954-8b97-e7c2bfe17fdc,3a6ee9f2-ec0c-4b6d-90e4-fca4b3cdb3ba,c60bcccd-a69e-4243-9030-f52199c42ae8:User 49,DENIED
2026,1月,11,周日,20:27:09,8171C95F,db243b05-b592-4199-a64e-3c9ee6e65fbd,8dfdb42d-05ec-4be5-a0f8-18a6420764cb,1d946418-da5f-4cb7-8037-f13bb58ae4a9:User 200,DENIED
2026,1月,11,周日,20:27:09,1B89633E,c562380c-bdd3-4f70-bbfb-a757e48413a7,b85ea175-7378-411e-a070-d9592b52676c,4d0e41fd-85d6-44d1-8efc-f67d052b281c:User 41,DENIED
2026,1月,11,周日,20:27:09,324296E8,732ab68f-bbee-4ded-8c9a-1eac02ef4fcf,b75dbdaf-0548-4dd8-ae94-981684ee6a79,3da28cb6-8ddf-4090-af58-5363df288dcb:User 104,DENIED
2026,1月,11,周日,20:27:09,CD09BDCF,f3eef4d7-17e3-4e42-9b9b-aabe03d81560,5953690c-45c9-4f40-b5b3-df067ecf4cab,7187e862-2f09-4700-8f14-20d23954a77b:User 11,DENIED
2026,1月,11,周日,20:27:09,2A52FD69,d5ac040c-b74e-4341-8ef2-eb2cae95c04b,e26a09ae-48de-463f-81b9-bac8f7dba6d4,403919d4-c15f-4953-b2f1-4eb0158895df:User 41,DENIED
2026,1月,11,周日,20:27:09,1E54360A,9ca441b2-b1a1-4920-ba5c-6dbfa867e3e8,cdc6f9a1-a7c1-4db8-a639-497a80d2f94b,44af10c7-bb6e-450e-98b9-e543b5b7cd85:User 189,DENIED
2026,1月,11,周日,20:27:09,10BD57CC,d6dea81b-2545-441f-91ce-46d206777f11,ecb54cca-7179-4f82-905b-04bc2c58c746,58250765-3f50-46af-98b9-9a501b03a483:User 73,DENIED
2026,1月,11,周日,20:27:09,EC8C95CF,89dc19d8-6391-4ce5-ac5f-40e1a0306b5c,9287f79c-a896-4a17-adbe-ae5c1cd8fb29,9793e940-0499-416f-ac28-7c1df1a8eee5:User 21,DENIED
2026,1月,11,周日,20:27:09,32DB0D3A,5f078c7b-e28e-4f96-8ee4-d2868ba692f9,ad62e913-8354-4349-adc0-2dd51be30df9,42f77996-1313-4c2d-b7bd-09102d3e87ce:User 175,DENIED
2026,1月,11,周日,20:27:09,BDD7712A,ba1fffd1-2a67-4cb9-90a1-7228035dbb99,0422e414-4fa9-48ec-a7d9-43200f68b098,ba649cf7-68a0-4874-a0fa-6f56044d50e6:User 160,DENIED
2026,1月,11,周日,20:27:09,E3A0C4C8,d5ac040c-b74e-4341-8ef2-eb2cae95c04b,e26a09ae-48de-463f-81b9-bac8f7dba6d4,d355927d-33e7-4611-bdb0-ba3251ca2064:User 51,DENIED
2026,1月,11,周日,20:27:09,648AAE4A,5f078c7b-e28e-4f96-8ee4-d2868ba692f9,ad62e913-8354-4349-adc0-2dd51be30df9,cfd2e3b6-e4d1-43df-b68f-30c66c041e2f:User 109,DENIED
2026,1月,11,周日,20:27:09,35AF238D,914ebf41-7847-419d-ae5b-45986f4ee3c8,dc040e2b-56aa-4ba2-9a35-beb305625d9c,9c4ab1f8-250a-4970-bf4f-a50e221e7400:User 4,DENIED
2026,1月,11,周日,20:27:09,64B36B6E,5c980ee0-2ea8-4567-a531-5eaa984a1a4a,a2b08738-cba6-4f87-9011-d2897b29cfa4,4034ffc9-3b05-4ae3-9cb4-12823a52589b:User 148,DENIED
2026,1月,11,周日,20:27:09,64D6C16F,65693a88-73e2-4cea-a7a1-f9f66e87e987,46c3835b-f0b7-46f9-a1a8-e60f92cc743a,f6cacc04-0dc0-4896-8ff6-878f9e855de0:User 94,DENIED
2026,1月,11,周日,20:27:09,0267D8BC,79f2879a-de1b-4f95-b5aa-4f3982938ce4,b6ede591-f236-44b5-9607-96f7a84ac0bc,4e36b971-92d3-44c1-bfc3-bb33ba0dec05:User 35,DENIED
2026,1月,11,周日,20:27:09,E084A602,641f008a-67f7-4eb0-8dc5-9db82e0f2a65,7cca50aa-de0d-4292-babb-80ab0f12add2,5026299c-147b-47cd-b489-f61dd66da97e:User 92,DENIED
2026,1月,11,周日,20:27:09,6F42EB0E,59306181-f165-4645-8b4c-2bfed7a96f64,d7c26892-d2d2-4ad1-b74b-456664459590,3ec889e4-c3e3-43be-8f91-1f3e04347838:User 83,DENIED
2026,1月,11,周日,20:27:09,3315B240,4fc60dbb-44c0-4399-ac1a-cfac8d0102c8,715e699d-3040-442f-9f38-68c70a0f67d0,a8a08057-c29f-4101-957c-eb9b6d19d337:User 1,DENIED
2026,1月,11,周日,20:27:09,0C82E829,dff57c19-308d-461c-8dea-13d9a7e54222,13fdec8c-3dd9-4a53-aaab-ca535abe2cb5,494b3dcf-368e-419d-838c-69bd3b8ad687:User 186,DENIED
2026,1月,11,周日,20:27:09,46439497,59306181-f165-4645-8b4c-2bfed7a96f64,d7c26892-d2d2-4ad1-b74b-456664459590,93dbc7a8-8cff-465b-8874-abbdb4dd71f6:User 132,DENIED
2026,1月,11,周日,20:27:09,0930626F,65693a88-73e2-4cea-a7a1-f9f66e87e987,46c3835b-f0b7-46f9-a1a8-e60f92cc743a,046cc824-12d0-454b-8e66-1709a4ef97a9:User 28,DENIED
2026,1月,11,周日,20:27:09,6255D1D3,ba1fffd1-2a67-4cb9-90a1-7228035dbb99,0422e414-4fa9-48ec-a7d9-43200f68b098,92a92ac9-ac89-461a-a5d4-0c54a298af26:User 136,DENIED
2026,1月,11,周日,20:27:09,64B36B6E,52693879-01fa-45f0-9fca-666e027b53f1,4163061f-41ab-4dfb-bfc7-a334ed885086,4034ffc9-3b05-4ae3-9cb4-12823a52589b:User 148,DENIED
2026,1月,11,周日,20:27:09,F86F57C4,c562380c-bdd3-4f70-bbfb-a757e48413a7,b85ea175-7378-411e-a070-d9592b52676c,cfc43640-73c4-4c45-9663-ac34339418c4:User 84,DENIED
2026,1月,11,周日,20:27:09,9666DFDD,d777dc15-826e-439a-a544-ad16591daa7d,788dd0e0-5b8f-4125-b501-356f2e66f766,7dac8f57-5f27-4501-8dd9-34b532bbf26b:User 150,DENIED
2026,1月,11,周日,20:27:09,266DCB02,d6dea81b-2545-441f-91ce-46d206777f11,ecb54cca-7179-4f82-905b-04bc2c58c746,fe1b073d-1b9b-4c84-8045-44a6f884d752:User 76,DENIED
2026,1月,11,周日,20:27:09,D0034527,4fc60dbb-44c0-4399-ac1a-cfac8d0102c8,715e699d-3040-442f-9f38-68c70a0f67d0,861d17fe-c423-4b70-98b9-17f909ca5a89:User 101,DENIED
2026,1月,11,周日,20:27:09,B9E78EF0,4fc60dbb-44c0-4399-ac1a-cfac8d0102c8,715e699d-3040-442f-9f38-68c70a0f67d0,cfd3a6c3-c232-4e29-ba0e-35b711164699:User 134,DENIED
2026,1月,11,周日,20:27:09,D1350950,322e4308-8a53-4e5b-88e0-75c295071b97,49c27197-4186-4607-bdc4-b91c1fbfb68b,436c83c2-32e3-4cd9-b628-77a832afe607:User 80,DENIED
2026,1月,11,周日,20:27:09,AF232EA0,9ca441b2-b1a1-4920-ba5c-6dbfa867e3e8,cdc6f9a1-a7c1-4db8-a639-497a80d2f94b,aa2d7a8f-b931-49d4-aff7-a8f2635ab0e2:User 39,DENIED
2026,1月,11,周日,20:27:09,E084A602,be9c74f9-b0e5-4618-9e09-8b65355b062e,93141aef-f0e8-4064-80da-ceb24fa6efa1,5026299c-147b-47cd-b489-f61dd66da97e:User 92,DENIED
2026,1月,11,周日,20:27:09,38707C1A,1b66869a-b709-4954-8b97-e7c2bfe17fdc,3a6ee9f2-ec0c-4b6d-90e4-fca4b3cdb3ba,bd89d26e-0292-40c7-8234-4a258202c129:User 34,DENIED
2026,1月,11,周日,20:27:09,447F6094,729ef629-44a5-4f46-aef4-a30288c414db,2ce55221-e6ac-4e68-a139-89c65c486551,d4c31766-f19f-4d16-b333-f4e8a5001082:User 20,DENIED
2026,1月,11,周日,20:27:09,56D599B0,f19a373d-67c4-48ed-bfe3-3ef0796536e9,f70c1588-d00b-4277-b450-0af3f6feef11,82dadda4-4101-4cb8-809e-96f099892135:User 37,DENIED
2026,1月,11,周日,20:27:09,BF100359,01260115-5e52-42db-ad95-ec77bcd659b8,08a7dff8-aa46-40b0-bd88-7a7c8416c011,696a5b7f-e60b-47d2-8720-78f5e4af1047:User 89,DENIED
2026,1月,11,周日,20:27:09,E2F68E84,621f42d2-6033-4dd5-86bc-3ef95ac4f347,1243ed84-de07-4125-9e0e-719db7e75dbc,d7b8daaa-8e70-42b2-b365-5e2265a29687:User 126,DENIED
2026,1月,11,周日,20:27:09,7C533D82,ba1fffd1-2a67-4cb9-90a1-7228035dbb99,0422e414-4fa9-48ec-a7d9-43200f68b098,6e4db8c8-a39f-41aa-9345-7203a4f75a0d:User 131,DENIED
2026,1月,11,周日,20:27:09,70086B31,fb3cf09a-dde4-41c0-972d-983e578ac120,b1f6d680-200e-42be-a15e-ca718304cff7,26733b01-91f4-4a55-8e2a-d115f6ba576e:User 114,DENIED
2026,1月,11,周日,20:27:09,FA25DC83,f4cf5168-8a65-4f89-9ee7-89b2310c43ce,782d47f0-3c55-4edb-a1b1-285f046ddfa7,e402cbd3-0228-4588-a54a-f918251d6f59:User 154,DENIED
2026,1月,11,周日,20:27:09,F48814BB,52693879-01fa-45f0-9fca-666e027b53f1,4163061f-41ab-4dfb-bfc7-a334ed885086,e57bb913-0d88-4748-a6c9-bd9cd54db129:User 12,DENIED
2026,1月,11,周日,20:27:09,6255D1D3,732ab68f-bbee-4ded-8c9a-1eac02ef4fcf,b75dbdaf-0548-4dd8-ae94-981684ee6a79,92a92ac9-ac89-461a-a5d4-0c54a298af26:User 136,DENIED
2026,1月,11,周日,20:27:09,7CC6112F,747204d4-1207-4613-b1f6-1123a64d4bae,c7db699a-0fcc-4dd1-93dd-ded492ecc52d,fb30d9c2-1403-45f2-894a-78dbc8536890:User 34,DENIED
2026,1月,11,周日,20:27:09,3AAF89F2,be9c74f9-b0e5-4618-9e09-8b65355b062e,93141aef-f0e8-4064-80da-ceb24fa6efa1,029d5206-3c93-495b-a838-9fd384a2516a:User 46,DENIED
2026,1月,11,周日,20:27:09,0930626F,59306181-f165-4645-8b4c-2bfed7a96f64,d7c26892-d2d2-4ad1-b74b-456664459590,046cc824-12d0-454b-8e66-1709a4ef97a9:User 28,DENIED
2026,1月,11,周日,20:27:09,6D7F7841,924693ab-4968-4524-b4b2-be6e548af518,0b14d6c7-f34b-409f-a647-b67d8f795308,8c2c2a59-b90d-4e36-ad9b-ba1d05c50600:User 179,DENIED
2026,1月,11,周日,20:27:09,60DA3310,79e166cb-e810-4bd7-b3da-8c2063a10654,868714f4-8c61-4b5d-9f10-e22d9b969143,f58874ff-95f9-4277-a959-a87a40a1fc73:User 38,DENIED
2026,1月,11,周日,20:27:09,737AE353,12eba4f8-180f-4727-836c-80337bbfde81,b0591a0f-a5c6-4c92-b893-9d51d8f1a4da,203f6c39-1896-4998-b000-15a5a129d542:User 125,DENIED
2026,1月,11,周日,20:27:09,C8DCA45B,ba1fffd1-2a67-4cb9-90a1-7228035dbb99,0422e414-4fa9-48ec-a7d9-43200f68b098,c9f21181-88bb-4194-a272-33ce233537ac:User 26,DENIED
2026,1月,11,周日,20:27:09,0BBF12B6,a3668d39-fb96-48e5-948d-d8d77eb1782f,69089920-6b00-4a9d-8de6-871d47f03e6c,5373d645-a224-488d-a864-9cc9cb69542e:User 98,DENIED
2026,1月,11,周日,20:27:09,8171C95F,79e166cb-e810-4bd7-b3da-8c2063a10654,868714f4-8c61-4b5d-9f10-e22d9b969143,1d946418-da5f-4cb7-8037-f13bb58ae4a9:User 200,DENIED
2026,1月,11,周日,20:27:09,8B447AD6,f3eef4d7-17e3-4e42-9b9b-aabe03d81560,5953690c-45c9-4f40-b5b3-df067ecf4cab,99c47a0e-79b2-4222-9578-725634ddc8b7:User 191,DENIED
2026,1月,11,周日,20:27:09,E0E7CABE,978f2cda-ac0b-466d-85e6-c0047665e857,444d8a1b-a6c6-4ce2-9b80-bccc31441c5e,83b7105d-517f-4f52-a2fa-8076120cba45:User 19,DENIED
2026,1月,11,周日,20:27:09,ED814693,53687c24-f9ea-4921-96c9-23e524e9ab10,813e4e52-5a00-413c-a891-05013da581ff,1bb2eb2b-9675-4333-a7e8-7b7237b2c790:User 29,DENIED
2026,1月,11,周日,20:27:09,16BFFB17,89dc19d8-6391-4ce5-ac5f-40e1a0306b5c,9287f79c-a896-4a17-adbe-ae5c1cd8fb29,90cc9266-276d-4df4-a5ba-1f598bc61398:User 18,DENIED
2026,1月,11,周日,20:27:09,B81092E8,9da65607-0afe-41b0-bbfa-082f65d3c420,0a7b150c-13a9-4c01-bd24-601d9e4546fa,13a4388b-4bad-4d78-9ef4-ece11a53e246:User 138,DENIED
2026,1月,11,周日,20:27:09,8F4E2B56,322e4308-8a53-4e5b-88e0-75c295071b97,49c27197-4186-4607-bdc4-b91c1fbfb68b,17ac47de-ce34-453f-bec5-656a59bc149e:User 110,DENIED
2026,1月,11,周日,20:27:09,B9E78EF0,ba1fffd1-2a67-4cb9-90a1-7228035dbb99,0422e414-4fa9-48ec-a7d9-43200f68b098,cfd3a6c3-c232-4e29-ba0e-35b711164699:User 134,DENIED
2026,1月,11,周日,20:27:09,0267D8BC,9da65607-0afe-41b0-bbfa-082f65d3c420,0a7b150c-13a9-4c01-bd24-601d9e4546fa,4e36b971-92d3-44c1-bfc3-bb33ba0dec05:User 35,DENIED
2026,1月,11,周日,20:27:09,89766678,59306181-f165-4645-8b4c-2bfed7a96f64,d7c26892-d2d2-4ad1-b74b-456664459590,30ac71de-9a09-4518-af2e-0040da87e35c:User 36,DENIED
2026,1月,11,周日,20:27:09,618F82E6,59306181-f165-4645-8b4c-2bfed7a96f64,d7c26892-d2d2-4ad1-b74b-456664459590,c2579e01-2ae1-486b-9a0c-55fea27f3a93:User 124,DENIED
2026,1月,11,周日,20:27:09,D9208A7E,c562380c-bdd3-4f70-bbfb-a757e48413a7,b85ea175-7378-411e-a070-d9592b52676c,00c1ab23-367e-487a-bb8c-af068f22c396:User 119,DENIED
2026,1月,11,周日,20:27:09,1329FEAA,16b02378-7e5f-4848-928c-70a50df32db6,c65121ab-12fc-4966-b806-c87dd3b7f076,ce577d87-1829-464f-a5b0-142da5198fd0:User 130,DENIED
2026,1月,11,周日,20:27:09,BFBEC9D4,f4cf5168-8a65-4f89-9ee7-89b2310c43ce,782d47f0-3c55-4edb-a1b1-285f046ddfa7,a67bc504-2168-4beb-b168-90728a93b957:User 65,DENIED
2026,1月,11,周日,20:27:09,A79086D3,79e166cb-e810-4bd7-b3da-8c2063a10654,868714f4-8c61-4b5d-9f10-e22d9b969143,1ed1377f-7dbb-4d8f-86aa-2eebceadee2b:User 164,DENIED
2026,1月,11,周日,20:27:09,073D154B,f4cf5168-8a65-4f89-9ee7-89b2310c43ce,782d47f0-3c55-4edb-a1b1-285f046ddfa7,040dd8e5-ec5c-484a-8b6a-5b318e22bc46:User 108,DENIED
2026,1月,11,周日,20:27:09,B116165E,53687c24-f9ea-4921-96c9-23e524e9ab10,813e4e52-5a00-413c-a891-05013da581ff,4f42d81f-72c9-49d4-b1bb-a23511ab043b:User 173,DENIED
2026,1月,11,周日,20:27:09,C4B35DDD,641f008a-67f7-4eb0-8dc5-9db82e0f2a65,7cca50aa-de0d-4292-babb-80ab0f12add2,cb5ca9ee-2418-46e4-a858-9bc476b24ed7:User 20,DENIED
2026,1月,11,周日,20:27:09,6C357E84,0be70602-ffb6-4703-b34b-1019cf76e655,8e762bad-5107-4ccb-91e4-20cb7d5cd5aa,abcc9e33-db9f-42c8-a29c-0d0a9e12ae31:User 199,DENIED
2026,1月,11,周日,20:27:09,797220ED,924693ab-4968-4524-b4b2-be6e548af518,0b14d6c7-f34b-409f-a647-b67d8f795308,75ee0253-5df1-4bb3-b971-54b15993399f:User 40,DENIED
2026,1月,11,周日,20:27:09,6DA5DC5B,20bc60be-dcc6-4639-8666-e33ac7eff0d6,fa28c6a6-7674-417b-b44d-e75b815545c3,22e98270-910d-4593-8abe-ee9661dfcde9:User 167,DENIED
2026,1月,11,周日,20:27:09,16BFFB17,c54729aa-fce2-4e14-badc-5f7fbfa1de49,8af984fb-ae86-4385-8e7e-b9b56beaf03f,90cc9266-276d-4df4-a5ba-1f598bc61398:User 18,DENIED
2026,1月,11,周日,20:27:09,6267CCB1,297874e0-a56b-4ce9-b02b-30504ec46f4c,87583732-aff9-43ab-81be-ea7312152eb0,e0f703ec-d760-4cf3-9416-e5452a9b1dde:User 151,DENIED
2026,1月,11,周日,20:27:09,74F047BA,870c05c9-2e70-41a4-bf93-85de484a726a,51af542a-7613-42be-920d-f6a3b455a10b,e4a318cd-db78-4eed-a72a-0403159e4d8c:User 9,DENIED
2026,1月,11,周日,20:27:09,53D81431,f19a373d-67c4-48ed-bfe3-3ef0796536e9,f70c1588-d00b-4277-b450-0af3f6feef11,e10dd997-b967-4837-952d-7e5d5dbf0859:User 16,DENIED
2026,1月,11,周日,20:27:09,0930626F,debab0d0-af9e-431a-9e80-00a7ace8ca1b,cf9cf014-b802-4795-8649-03a01ee41981,046cc824-12d0-454b-8e66-1709a4ef97a9:User 28,DENIED
2026,1月,11,周日,20:27:09,E0E7CABE,ba1fffd1-2a67-4cb9-90a1-7228035dbb99,0422e414-4fa9-48ec-a7d9-43200f68b098,83b7105d-517f-4f52-a2fa-8076120cba45:User 19,DENIED
2026,1月,11,周日,20:27:09,5C526355,70ad87f3-147f-4f03-a266-ca45ad21148c,efabfe47-19e8-43db-a45f-5498415d978c,c252766c-8c45-4f1b-b27b-733facde7877:User 45,DENIED
2026,1月,11,周日,20:27:09,1BA4FA66,5f078c7b-e28e-4f96-8ee4-d2868ba692f9,ad62e913-8354-4349-adc0-2dd51be30df9,89b557db-edfd-4511-923a-2e0a66371fe6:User 33,DENIED
2026,1月,11,周日,20:27:09,6C357E84,c562380c-bdd3-4f70-bbfb-a757e48413a7,b85ea175-7378-411e-a070-d9592b52676c,abcc9e33-db9f-42c8-a29c-0d0a9e12ae31:User 199,DENIED
2026,1月,11,周日,20:27:09,7DB77A37,52693879-01fa-45f0-9fca-666e027b53f1,4163061f-41ab-4dfb-bfc7-a334ed885086,83968731-74cc-4baf-990d-000f2f4a074b:User 18,DENIED
2026,1月,11,周日,20:27:09,9F0AFF70,e7e0bc70-3e5a-43f9-be48-c4ba0341bdaa,f89fb1b7-1db9-4975-80a5-c3a85f6f4574,850cecb9-7b1e-4f4b-9d38-356a0f540254:User 157,DENIED
2026,1月,11,周日,20:27:09,CE67EC7C,89dc19d8-6391-4ce5-ac5f-40e1a0306b5c,9287f79c-a896-4a17-adbe-ae5c1cd8fb29,e8d3308e-fc49-47e0-8875-52ff2bb6e2ba:User 8,DENIED
2026,1月,11,周日,20:27:09,5C526355,db243b05-b592-4199-a64e-3c9ee6e65fbd,8dfdb42d-05ec-4be5-a0f8-18a6420764cb,c252766c-8c45-4f1b-b27b-733facde7877:User 45,DENIED
2026,1月,11,周日,20:27:09,CC77ABC3,dff57c19-308d-461c-8dea-13d9a7e54222,13fdec8c-3dd9-4a53-aaab-ca535abe2cb5,8a342194-7f8d-4cc0-96e4-5188201218ec:User 184,DENIED
2026,1月,11,周日,20:27:09,33CDA6AD,59306181-f165-4645-8b4c-2bfed7a96f64,d7c26892-d2d2-4ad1-b74b-456664459590,7b4114d2-aaed-43bc-86f2-034e6e36ee86:User 45,DENIED
2026,1月,11,周日,20:27:09,273DF5BB,a3668d39-fb96-48e5-948d-d8d77eb1782f,69089920-6b00-4a9d-8de6-871d47f03e6c,d75937a2-cd4c-47bd-9ef2-9c2e113bbbbb:User 24,DENIED
2026,1月,11,周日,20:27:09,6E3CCB5C,01260115-5e52-42db-ad95-ec77bcd659b8,08a7dff8-aa46-40b0-bd88-7a7c8416c011,4407037a-4c60-4596-83c8-600ec230148b:User 142,DENIED
2026,1月,11,周日,20:27:09,E084A602,65693a88-73e2-4cea-a7a1-f9f66e87e987,46c3835b-f0b7-46f9-a1a8-e60f92cc743a,5026299c-147b-47cd-b489-f61dd66da97e:User 92,DENIED
2026,1月,11,周日,20:27:09,9ABEC77A,f3eef4d7-17e3-4e42-9b9b-aabe03d81560,5953690c-45c9-4f40-b5b3-df067ecf4cab,c678f79a-6bb6-47f2-98e7-84f53a2987da:User 118,DENIED
2026,1月,11,周日,20:27:09,AE3F7738,9ca441b2-b1a1-4920-ba5c-6dbfa867e3e8,cdc6f9a1-a7c1-4db8-a639-497a80d2f94b,b68efa35-cc49-4a80-a9c4-c8da5392a145:User 122,DENIED
2026,1月,11,周日,20:27:09,AAE34986,9ca441b2-b1a1-4920-ba5c-6dbfa867e3e8,cdc6f9a1-a7c1-4db8-a639-497a80d2f94b,6ae05510-4677-4374-b2f2-febb44adb823:User 71,DENIED
2026,1月,11,周日,20:27:09,9F0AFF70,dff57c19-308d-461c-8dea-13d9a7e54222,13fdec8c-3dd9-4a53-aaab-ca535abe2cb5,850cecb9-7b1e-4f4b-9d38-356a0f540254:User 157,DENIED
2026,1月,11,周日,20:27:09,1EB043B2,bd6e0c72-d0ea-4b60-ac0a-f371cfce9fcd,7bfe268b-3120-4387-ad55-4e08de557456,bdc8263d-9b28-4e80-add0-88455ff47d24:User 67,DENIED
2026,1月,11,周日,20:27:09,9CAFB481,9620bf95-f2fc-481f-9a3b-db9d43dfadf1,850c8962-9f45-4aa4-9f24-0111562de84b,09f56a4c-9b3f-424f-b470-66cc394951d2:User 144,DENIED
2026,1月,11,周日,20:27:09,98740610,732ab68f-bbee-4ded-8c9a-1eac02ef4fcf,b75dbdaf-0548-4dd8-ae94-981684ee6a79,6434e8d1-bbed-4058-9cef-60206e7e2d36:User 99,DENIED
2026,1月,11,周日,20:27:09,F0A9B461,be9c74f9-b0e5-4618-9e09-8b65355b062e,93141aef-f0e8-4064-80da-ceb24fa6efa1,1b1d381d-2000-4940-a8ff-5216a508963b:User 23,DENIED
2026,1月,11,周日,20:27:09,E084A602,747204d4-1207-4613-b1f6-1123a64d4bae,c7db699a-0fcc-4dd1-93dd-ded492ecc52d,5026299c-147b-47cd-b489-f61dd66da97e:User 92,DENIED
2026,1月,11,周日,20:27:09,1E54360A,297874e0-a56b-4ce9-b02b-30504ec46f4c,87583732-aff9-43ab-81be-ea7312152eb0,44af10c7-bb6e-450e-98b9-e543b5b7cd85:User 189,DENIED
2026,1月,11,周日,20:27:09,F90AFD2C,1b66869a-b709-4954-8b97-e7c2bfe17fdc,3a6ee9f2-ec0c-4b6d-90e4-fca4b3cdb3ba,6d164f8c-56f5-4503-82f9-d15b02f897f9:User 169,DENIED
2026,1月,11,周日,20:27:09,BF100359,870c05c9-2e70-41a4-bf93-85de484a726a,51af542a-7613-42be-920d-f6a3b455a10b,696a5b7f-e60b-47d2-8720-78f5e4af1047:User 89,DENIED
2026,1月,11,周日,20:27:09,67D9DCB3,53687c24-f9ea-4921-96c9-23e524e9ab10,813e4e52-5a00-413c-a891-05013da581ff,34df1631-219a-4117-8fa4-8418e10e3e7f:User 128,DENIED
2026,1月,11,周日,20:27:09,31171503,d777dc15-826e-439a-a544-ad16591daa7d,788dd0e0-5b8f-4125-b501-356f2e66f766,9332c8f0-8d89-48a7-b23c-a607b3c59635:User 39,DENIED
2026,1月,11,周日,20:27:09,98740610,79f2879a-de1b-4f95-b5aa-4f3982938ce4,b6ede591-f236-44b5-9607-96f7a84ac0bc,6434e8d1-bbed-4058-9cef-60206e7e2d36:User 99,DENIED
2026,1月,11,周日,20:27:09,868552F6,f4cf5168-8a65-4f89-9ee7-89b2310c43ce,782d47f0-3c55-4edb-a1b1-285f046ddfa7,483f80a9-94d1-49ac-9c9e-4779af19ee3f:User 96,DENIED
2026,1月,11,周日,20:27:09,AA1B2884,16b02378-7e5f-4848-928c-70a50df32db6,c65121ab-12fc-4966-b806-c87dd3b7f076,dc8f0c7b-d444-4b44-84ec-634493337fce:User 111,DENIED
2026,1月,11,周日,20:27:09,706CA1E2,d777dc15-826e-439a-a544-ad16591daa7d,788dd0e0-5b8f-4125-b501-356f2e66f766,fdcfce63-9871-449f-92d5-a5b98a283b36:User 147,DENIED
2026,1月,11,周日,20:27:09,FF39AD48,ba1fffd1-2a67-4cb9-90a1-7228035dbb99,0422e414-4fa9-48ec-a7d9-43200f68b098,59c04b00-e1b6-46cc-a4f8-cd73b8ced2aa:User 153,DENIED
2026,1月,11,周日,20:27:09,073D154B,5c980ee0-2ea8-4567-a531-5eaa984a1a4a,a2b08738-cba6-4f87-9011-d2897b29cfa4,040dd8e5-ec5c-484a-8b6a-5b318e22bc46:User 108,DENIED
2026,1月,11,周日,20:27:09,9044C1DC,322e4308-8a53-4e5b-88e0-75c295071b97,49c27197-4186-4607-bdc4-b91c1fbfb68b,107df285-c666-4fe3-b435-53f3a25e56cf:User 159,DENIED
2026,1月,11,周日,20:27:09,2A4C5DE7,641f008a-67f7-4eb0-8dc5-9db82e0f2a65,7cca50aa-de0d-4292-babb-80ab0f12add2,3226c816-4a97-4409-aff8-f6fbe94f4b11:User 194,DENIED
2026,1月,11,周日,20:27:09,9DC3FE7B,9da65607-0afe-41b0-bbfa-082f65d3c420,0a7b150c-13a9-4c01-bd24-601d9e4546fa,2a124bd4-b6ae-4aa7-a618-ee436160ec6a:User 68,DENIED
2026,1月,11,周日,20:27:09,AFB85501,5f078c7b-e28e-4f96-8ee4-d2868ba692f9,ad62e913-8354-4349-adc0-2dd51be30df9,3fbd2f59-c5b9-44b1-97dc-f91a5f345c63:User 27,DENIED
2026,1月,11,周日,20:27:09,AFB85501,e7e0bc70-3e5a-43f9-be48-c4ba0341bdaa,f89fb1b7-1db9-4975-80a5-c3a85f6f4574,3fbd2f59-c5b9-44b1-97dc-f91a5f345c63:User 27,DENIED
2026,1月,11,周日,20:27:09,AAE34986,729ef629-44a5-4f46-aef4-a30288c414db,2ce55221-e6ac-4e68-a139-89c65c486551,6ae05510-4677-4374-b2f2-febb44adb823:User 71,DENIED
2026,1月,11,周日,20:27:09,38C54819,bd6e0c72-d0ea-4b60-ac0a-f371cfce9fcd,7bfe268b-3120-4387-ad55-4e08de557456,9d502ca4-e3bc-4000-83bd-dde84b77a006:User 49,DENIED
2026,1月,11,周日,20:27:09,273DF5BB,d6dea81b-2545-441f-91ce-46d206777f11,ecb54cca-7179-4f82-905b-04bc2c58c746,d75937a2-cd4c-47bd-9ef2-9c2e113bbbbb:User 24,DENIED
2026,1月,11,周日,20:27:09,69F6436F,ba1fffd1-2a67-4cb9-90a1-7228035dbb99,0422e414-4fa9-48ec-a7d9-43200f68b098,b8bd3746-aaca-448f-afbc-4a7a41db4275:User 146,DENIED
2026,1月,11,周日,20:27:09,EA75E185,d5ac040c-b74e-4341-8ef2-eb2cae95c04b,e26a09ae-48de-463f-81b9-bac8f7dba6d4,55d0c6d8-8d73-4314-b94c-10c66cdcfcef:User 178,DENIED
2026,1月,11,周日,20:27:09,66957263,01260115-5e52-42db-ad95-ec77bcd659b8,08a7dff8-aa46-40b0-bd88-7a7c8416c011,508a97e1-8bc8-4b9f-9db6-4f1f3ab66f56:User 17,DENIED
2026,1月,11,周日,20:27:09,086E3300,4fc60dbb-44c0-4399-ac1a-cfac8d0102c8,715e699d-3040-442f-9f38-68c70a0f67d0,e869d877-4d4e-49f1-a0c0-022395b9049f:User 55,DENIED
2026,1月,11,周日,20:27:09,25FB24D1,a3668d39-fb96-48e5-948d-d8d77eb1782f,69089920-6b00-4a9d-8de6-871d47f03e6c,8c284b9e-1b43-485d-b781-eef32469232d:User 182,DENIED
2026,1月,11,周日,20:27:09,A79086D3,924693ab-4968-4524-b4b2-be6e548af518,0b14d6c7-f34b-409f-a647-b67d8f795308,1ed1377f-7dbb-4d8f-86aa-2eebceadee2b:User 164,DENIED
2026,1月,11,周日,20:27:09,EC8C95CF,914ebf41-7847-419d-ae5b-45986f4ee3c8,dc040e2b-56aa-4ba2-9a35-beb305625d9c,9793e940-0499-416f-ac28-7c1df1a8eee5:User 21,DENIED
2026,1月,11,周日,20:27:09,E3A0C4C8,52693879-01fa-45f0-9fca-666e027b53f1,4163061f-41ab-4dfb-bfc7-a334ed885086,d355927d-33e7-4611-bdb0-ba3251ca2064:User 51,DENIED
2026,1月,11,周日,20:27:09,DEB1E280,c54729aa-fce2-4e14-badc-5f7fbfa1de49,8af984fb-ae86-4385-8e7e-b9b56beaf03f,0bb5c108-67fa-4176-9fad-5d1d64b293a7:User 155,DENIED
2026,1月,11,周日,20:27:09,648AAE4A,16b02378-7e5f-4848-928c-70a50df32db6,c65121ab-12fc-4966-b806-c87dd3b7f076,cfd2e3b6-e4d1-43df-b68f-30c66c041e2f:User 109,DENIED
2026,1月,11,周日,20:27:09,6255D1D3,1b66869a-b709-4954-8b97-e7c2bfe17fdc,3a6ee9f2-ec0c-4b6d-90e4-fca4b3cdb3ba,92a92ac9-ac89-461a-a5d4-0c54a298af26:User 136,DENIED
2026,1月,11,周日,20:27:09,DE842453,5c980ee0-2ea8-4567-a531-5eaa984a1a4a,a2b08738-cba6-4f87-9011-d2897b29cfa4,fcbaa7a2-cd83-4e9e-96a9-47d14060eb1e:User 197,DENIED
2026,1月,11,周日,20:27:09,BF100359,12eba4f8-180f-4727-836c-80337bbfde81,b0591a0f-a5c6-4c92-b893-9d51d8f1a4da,696a5b7f-e60b-47d2-8720-78f5e4af1047:User 89,DENIED
2026,1月,11,周日,20:27:09,B81092E8,322e4308-8a53-4e5b-88e0-75c295071b97,49c27197-4186-4607-bdc4-b91c1fbfb68b,13a4388b-4bad-4d78-9ef4-ece11a53e246:User 138,DENIED
2026,1月,11,周日,20:27:09,31171503,20bc60be-dcc6-4639-8666-e33ac7eff0d6,fa28c6a6-7674-417b-b44d-e75b815545c3,9332c8f0-8d89-48a7-b23c-a607b3c59635:User 39,DENIED
2026,1月,11,周日,20:27:09,B4C3DB06,747204d4-1207-4613-b1f6-1123a64d4bae,c7db699a-0fcc-4dd1-93dd-ded492ecc52d,69716518-a2de-4b8a-bd64-ecdce502e7bd:User 2,DENIED
2026,1月,11,周日,20:27:09,1B89633E,70ad87f3-147f-4f03-a266-ca45ad21148c,efabfe47-19e8-43db-a45f-5498415d978c,4d0e41fd-85d6-44d1-8efc-f67d052b281c:User 41,DENIED
2026,1月,11,周日,20:27:09,E0E7CABE,d777dc15-826e-439a-a544-ad16591daa7d,788dd0e0-5b8f-4125-b501-356f2e66f766,83b7105d-517f-4f52-a2fa-8076120cba45:User 19,DENIED
2026,1月,11,周日,20:27:09,476605A4,5f741446-39a7-4d45-9906-cddcfd4f5658,80e24623-c1fa-4a45-8edf-cbd2377e52a6,02cb5fac-986c-4f62-842a-63b1c3f708c8:User 2,DENIED
2026,1月,11,周日,20:27:09,DAA5A378,729ef629-44a5-4f46-aef4-a30288c414db,2ce55221-e6ac-4e68-a139-89c65c486551,2fa2cc85-a79b-4a2e-b9bb-9fe02fd1ad55:User 7,DENIED
2026,1月,11,周日,20:27:09,AF232EA0,debab0d0-af9e-431a-9e80-00a7ace8ca1b,cf9cf014-b802-4795-8649-03a01ee41981,aa2d7a8f-b931-49d4-aff7-a8f2635ab0e2:User 39,DENIED
2026,1月,11,周日,20:27:09,789D2BEB,5c980ee0-2ea8-4567-a531-5eaa984a1a4a,a2b08738-cba6-4f87-9011-d2897b29cfa4,d62fdb41-08d5-4e6d-9b09-5ee4c8db54b5:User 79,DENIED
2026,1月,11,周日,20:27:09,3EAE07DF,9620bf95-f2fc-481f-9a3b-db9d43dfadf1,850c8962-9f45-4aa4-9f24-0111562de84b,fe9cce66-91ae-4941-b19a-46d1db5f23c4:User 54,DENIED
2026,1月,11,周日,20:27:09,7A83F4EA,be9c74f9-b0e5-4618-9e09-8b65355b062e,93141aef-f0e8-4064-80da-ceb24fa6efa1,d8115d85-4701-4462-9119-ddeff4a2e015:User 47,DENIED
2026,1月,11,周日,20:27:09,C65D213C,9ca441b2-b1a1-4920-ba5c-6dbfa867e3e8,cdc6f9a1-a7c1-4db8-a639-497a80d2f94b,c2be5229-9958-411b-a8d8-efa8a9654fe3:User 26,DENIED
2026,1月,11,周日,20:27:09,BFA9EE4E,621f42d2-6033-4dd5-86bc-3ef95ac4f347,1243ed84-de07-4125-9e0e-719db7e75dbc,b4cde930-d1ea-4051-bf61-c0c0d6ce810a:User 176,DENIED
2026,1月,11,周日,20:27:09,3433A538,5c980ee0-2ea8-4567-a531-5eaa984a1a4a,a2b08738-cba6-4f87-9011-d2897b29cfa4,b287aaeb-4bae-4bd4-a1a6-311a4c77d7d5:User 58,DENIED
2026,1月,11,周日,20:27:09,AE3F7738,bd6e0c72-d0ea-4b60-ac0a-f371cfce9fcd,7bfe268b-3120-4387-ad55-4e08de557456,b68efa35-cc49-4a80-a9c4-c8da5392a145:User 122,DENIED
2026,1月,11,周日,20:27:09,DE6235AC,914ebf41-7847-419d-ae5b-45986f4ee3c8,dc040e2b-56aa-4ba2-9a35-beb305625d9c,913185f2-05d1-405f-9700-d84ab5df2362:User 52,DENIED
2026,1月,11,周日,20:27:09,5B1769A9,5f078c7b-e28e-4f96-8ee4-d2868ba692f9,ad62e913-8354-4349-adc0-2dd51be30df9,39596ebb-095e-42c4-a1f2-150a2b6ae65b:User 115,DENIED
2026,1月,11,周日,20:27:09,814FAAAC,d6dea81b-2545-441f-91ce-46d206777f11,ecb54cca-7179-4f82-905b-04bc2c58c746,2ed91bb1-4305-4995-953a-b43b4a820515:User 93,DENIED
2026,1月,11,周日,20:27:09,447F6094,20bc60be-dcc6-4639-8666-e33ac7eff0d6,fa28c6a6-7674-417b-b44d-e75b815545c3,d4c31766-f19f-4d16-b333-f4e8a5001082:User 20,DENIED
2026,1月,11,周日,20:27:09,6F42EB0E,dff57c19-308d-461c-8dea-13d9a7e54222,13fdec8c-3dd9-4a53-aaab-ca535abe2cb5,3ec889e4-c3e3-43be-8f91-1f3e04347838:User 83,DENIED
2026,1月,11,周日,20:27:09,38707C1A,f19a373d-67c4-48ed-bfe3-3ef0796536e9,f70c1588-d00b-4277-b450-0af3f6feef11,bd89d26e-0292-40c7-8234-4a258202c129:User 34,DENIED
2026,1月,11,周日,20:27:09,F86EE8B3,297874e0-a56b-4ce9-b02b-30504ec46f4c,87583732-aff9-43ab-81be-ea7312152eb0,ea2de7f9-7a1d-4db6-bfb8-7918491e9c64:User 42,DENIED
2026,1月,11,周日,20:27:09,49CC48E1,d777dc15-826e-439a-a544-ad16591daa7d,788dd0e0-5b8f-4125-b501-356f2e66f766,2d57bfc9-0dc7-4d0c-bac9-e7ba2a3d431b:User 168,DENIED
2026,1月,11,周日,20:27:09,0BBF12B6,914ebf41-7847-419d-ae5b-45986f4ee3c8,dc040e2b-56aa-4ba2-9a35-beb305625d9c,5373d645-a224-488d-a864-9cc9cb69542e:User 98,DENIED
2026,1月,11,周日,20:27:09,1E263C86,65693a88-73e2-4cea-a7a1-f9f66e87e987,46c3835b-f0b7-46f9-a1a8-e60f92cc743a,7cc4267f-4a4b-4653-824c-c514e8f4b4e8:User 40,DENIED
2026,1月,11,周日,20:27:09,1329FEAA,f19a373d-67c4-48ed-bfe3-3ef0796536e9,f70c1588-d00b-4277-b450-0af3f6feef11,ce577d87-1829-464f-a5b0-142da5198fd0:User 130,DENIED
2026,1月,11,周日,20:27:09,9044C1DC,af93e80c-505a-4f4a-a0e6-81ebd2faa429,4559ddc4-146e-4795-934b-389ea44d10f7,107df285-c666-4fe3-b435-53f3a25e56cf:User 159,DENIED
2026,1月,11,周日,20:27:09,6CD091CB,c562380c-bdd3-4f70-bbfb-a757e48413a7,b85ea175-7378-411e-a070-d9592b52676c,b7285d3d-86d2-4735-ace9-6ba7a4f41ac0:User 10,DENIED
2026,1月,11,周日,20:27:09,DF4E17A7,9620bf95-f2fc-481f-9a3b-db9d43dfadf1,850c8962-9f45-4aa4-9f24-0111562de84b,13dcdbfa-03e3-4ae3-bc33-4e188a225860:User 193,DENIED
2026,1月,11,周日,20:27:09,073D154B,9ca441b2-b1a1-4920-ba5c-6dbfa867e3e8,cdc6f9a1-a7c1-4db8-a639-497a80d2f94b,040dd8e5-ec5c-484a-8b6a-5b318e22bc46:User 108,DENIED
2026,1月,11,周日,20:27:09,AA1B2884,641f008a-67f7-4eb0-8dc5-9db82e0f2a65,7cca50aa-de0d-4292-babb-80ab0f12add2,dc8f0c7b-d444-4b44-84ec-634493337fce:User 111,DENIED
2026,1月,11,周日,20:27:09,AE3F7738,729ef629-44a5-4f46-aef4-a30288c414db,2ce55221-e6ac-4e68-a139-89c65c486551,b68efa35-cc49-4a80-a9c4-c8da5392a145:User 122,DENIED
2026,1月,11,周日,20:27:09,9DC3FE7B,59306181-f165-4645-8b4c-2bfed7a96f64,d7c26892-d2d2-4ad1-b74b-456664459590,2a124bd4-b6ae-4aa7-a618-ee436160ec6a:User 68,DENIED
2026,1月,11,周日,20:27:09,6E3CCB5C,c54729aa-fce2-4e14-badc-5f7fbfa1de49,8af984fb-ae86-4385-8e7e-b9b56beaf03f,4407037a-4c60-4596-83c8-600ec230148b:User 142,DENIED
2026,1月,11,周日,20:27:09,B5C83EED,be9c74f9-b0e5-4618-9e09-8b65355b062e,93141aef-f0e8-4064-80da-ceb24fa6efa1,5bb29d73-f6c9-40fd-9e59-1e245f89214c:User 112,DENIED
2026,1月,11,周日,20:27:09,DE6235AC,01260115-5e52-42db-ad95-ec77bcd659b8,08a7dff8-aa46-40b0-bd88-7a7c8416c011,913185f2-05d1-405f-9700-d84ab5df2362:User 52,DENIED
2026,1月,11,周日,20:27:09,699075B5,fb3cf09a-dde4-41c0-972d-983e578ac120,b1f6d680-200e-42be-a15e-ca718304cff7,fc785f06-38cb-4cb6-82ef-b9f91c54224f:User 3,DENIED
2026,1月,11,周日,20:27:09,FD51FDDC,79e166cb-e810-4bd7-b3da-8c2063a10654,868714f4-8c61-4b5d-9f10-e22d9b969143,f997143f-55e1-4719-b3fe-ab7ee7df98ec:User 30,DENIED
2026,1月,11,周日,20:27:09,867843A7,89dc19d8-6391-4ce5-ac5f-40e1a0306b5c,9287f79c-a896-4a17-adbe-ae5c1cd8fb29,b1281618-48d9-48a5-9937-0ff94fbd091e:User 15,DENIED
2026,1月,11,周日,20:27:09,57932A8F,16b02378-7e5f-4848-928c-70a50df32db6,c65121ab-12fc-4966-b806-c87dd3b7f076,4baec69a-11de-4ff9-8fcc-e0cae0accbdf:User 60,DENIED
2026,1月,11,周日,20:27:09,B4C3DB06,01260115-5e52-42db-ad95-ec77bcd659b8,08a7dff8-aa46-40b0-bd88-7a7c8416c011,69716518-a2de-4b8a-bd64-ecdce502e7bd:User 2,DENIED
2026,1月,11,周日,20:27:09,F86F57C4,c54729aa-fce2-4e14-badc-5f7fbfa1de49,8af984fb-ae86-4385-8e7e-b9b56beaf03f,cfc43640-73c4-4c45-9663-ac34339418c4:User 84,DENIED
2026,1月,11,周日,20:27:10,31171503,870c05c9-2e70-41a4-bf93-85de484a726a,51af542a-7613-42be-920d-f6a3b455a10b,9332c8f0-8d89-48a7-b23c-a607b3c59635:User 39,DENIED
2026,1月,11,周日,20:27:10,80FBFCDD,5f078c7b-e28e-4f96-8ee4-d2868ba692f9,ad62e913-8354-4349-adc0-2dd51be30df9,b06a469d-42fb-4ba4-8f5b-2590ab842f7c:User 33,DENIED
2026,1月,11,周日,20:27:10,F86F57C4,79e166cb-e810-4bd7-b3da-8c2063a10654,868714f4-8c61-4b5d-9f10-e22d9b969143,cfc43640-73c4-4c45-9663-ac34339418c4:User 84,DENIED
2026,1月,11,周日,20:27:10,AFB85501,65693a88-73e2-4cea-a7a1-f9f66e87e987,46c3835b-f0b7-46f9-a1a8-e60f92cc743a,3fbd2f59-c5b9-44b1-97dc-f91a5f345c63:User 27,DENIED
2026,1月,11,周日,20:27:10,CC77ABC3,e7e0bc70-3e5a-43f9-be48-c4ba0341bdaa,f89fb1b7-1db9-4975-80a5-c3a85f6f4574,8a342194-7f8d-4cc0-96e4-5188201218ec:User 184,DENIED
2026,1月,11,周日,20:27:10,60DA3310,12eba4f8-180f-4727-836c-80337bbfde81,b0591a0f-a5c6-4c92-b893-9d51d8f1a4da,f58874ff-95f9-4277-a959-a87a40a1fc73:User 38,DENIED
2026,1月,11,周日,20:27:10,6D7F7841,65693a88-73e2-4cea-a7a1-f9f66e87e987,46c3835b-f0b7-46f9-a1a8-e60f92cc743a,8c2c2a59-b90d-4e36-ad9b-ba1d05c50600:User 179,DENIED
2026,1月,11,周日,20:27:10,73DF6126,59306181-f165-4645-8b4c-2bfed7a96f64,d7c26892-d2d2-4ad1-b74b-456664459590,f08983d2-07f8-4e0f-bd1e-e6441a486e37:User 183,DENIED
2026,1月,11,周日,20:27:10,16BFFB17,322e4308-8a53-4e5b-88e0-75c295071b97,49c27197-4186-4607-bdc4-b91c1fbfb68b,90cc9266-276d-4df4-a5ba-1f598bc61398:User 18,DENIED
2026,1月,11,周日,20:27:10,C65D213C,79f2879a-de1b-4f95-b5aa-4f3982938ce4,b6ede591-f236-44b5-9607-96f7a84ac0bc,c2be5229-9958-411b-a8d8-efa8a9654fe3:User 26,DENIED
2026,1月,11,周日,20:27:10,0D4DA49E,ba1fffd1-2a67-4cb9-90a1-7228035dbb99,0422e414-4fa9-48ec-a7d9-43200f68b098,ac7653f0-0b71-4aef-99af-e77028e56116:User 78,DENIED
2026,1月,11,周日,20:27:10,ACEF91DE,79f2879a-de1b-4f95-b5aa-4f3982938ce4,b6ede591-f236-44b5-9607-96f7a84ac0bc,852be9cd-dbc0-49a5-9c52-5d2e66518a53:User 32,DENIED
2026,1月,11,周日,20:27:10,F5C50449,debab0d0-af9e-431a-9e80-00a7ace8ca1b,cf9cf014-b802-4795-8649-03a01ee41981,8631bf50-bbe2-4ae3-a0d0-a62374e0fdca:User 10,DENIED
2026,1月,11,周日,20:27:10,CC77ABC3,70ad87f3-147f-4f03-a266-ca45ad21148c,efabfe47-19e8-43db-a45f-5498415d978c,8a342194-7f8d-4cc0-96e4-5188201218ec:User 184,DENIED
2026,1月,11,周日,20:27:10,946F7BE3,5c980ee0-2ea8-4567-a531-5eaa984a1a4a,a2b08738-cba6-4f87-9011-d2897b29cfa4,cc4141ee-bca5-4f59-8595-c446b1b5be92:User 177,DENIED
2026,1月,11,周日,20:27:10,0FEAC152,914ebf41-7847-419d-ae5b-45986f4ee3c8,dc040e2b-56aa-4ba2-9a35-beb305625d9c,a5e74279-ab26-4adf-84b2-ae3c04bffc20:User 188,DENIED
2026,1月,11,周日,20:27:10,97C8ACE0,322e4308-8a53-4e5b-88e0-75c295071b97,49c27197-4186-4607-bdc4-b91c1fbfb68b,96e44c14-681d-4978-91e9-790c6683b071:User 53,DENIED
2026,1月,11,周日,20:27:10,6267CCB1,0be70602-ffb6-4703-b34b-1019cf76e655,8e762bad-5107-4ccb-91e4-20cb7d5cd5aa,e0f703ec-d760-4cf3-9416-e5452a9b1dde:User 151,DENIED
2026,1月,11,周日,20:27:10,10BD57CC,e7e0bc70-3e5a-43f9-be48-c4ba0341bdaa,f89fb1b7-1db9-4975-80a5-c3a85f6f4574,58250765-3f50-46af-98b9-9a501b03a483:User 73,DENIED
2026,1月,11,周日,20:27:10,C4B35DDD,01260115-5e52-42db-ad95-ec77bcd659b8,08a7dff8-aa46-40b0-bd88-7a7c8416c011,cb5ca9ee-2418-46e4-a858-9bc476b24ed7:User 20,DENIED
2026,1月,11,周日,20:27:10,5B1769A9,c562380c-bdd3-4f70-bbfb-a757e48413a7,b85ea175-7378-411e-a070-d9592b52676c,39596ebb-095e-42c4-a1f2-150a2b6ae65b:User 115,DENIED
2026,1月,11,周日,20:27:10,8B447AD6,0be70602-ffb6-4703-b34b-1019cf76e655,8e762bad-5107-4ccb-91e4-20cb7d5cd5aa,99c47a0e-79b2-4222-9578-725634ddc8b7:User 191,DENIED
2026,1月,11,周日,20:27:10,89766678,d5ac040c-b74e-4341-8ef2-eb2cae95c04b,e26a09ae-48de-463f-81b9-bac8f7dba6d4,30ac71de-9a09-4518-af2e-0040da87e35c:User 36,DENIED
2026,1月,11,周日,20:27:10,4D9EB54D,c562380c-bdd3-4f70-bbfb-a757e48413a7,b85ea175-7378-411e-a070-d9592b52676c,4149a46c-0cd5-4b35-82d2-4f32ad1f715b:User 86,DENIED
2026,1月,11,周日,20:27:10,9CAFB481,978f2cda-ac0b-466d-85e6-c0047665e857,444d8a1b-a6c6-4ce2-9b80-bccc31441c5e,09f56a4c-9b3f-424f-b470-66cc394951d2:User 144,DENIED
2026,1月,11,周日,20:27:10,1F7F7028,732ab68f-bbee-4ded-8c9a-1eac02ef4fcf,b75dbdaf-0548-4dd8-ae94-981684ee6a79,acafc380-e877-461b-ad3d-0ce884cc37e3:User 181,DENIED
2026,1月,11,周日,20:27:10,729BC539,870c05c9-2e70-41a4-bf93-85de484a726a,51af542a-7613-42be-920d-f6a3b455a10b,5cba0059-82ce-46ac-8593-532009507aa1:User 48,DENIED
2026,1月,11,周日,20:27:10,53FA4769,16b02378-7e5f-4848-928c-70a50df32db6,c65121ab-12fc-4966-b806-c87dd3b7f076,7aac74ef-3078-46e1-841f-7b1a84c5bad1:User 69,DENIED
2026,1月,11,周日,20:27:10,2A52FD69,89dc19d8-6391-4ce5-ac5f-40e1a0306b5c,9287f79c-a896-4a17-adbe-ae5c1cd8fb29,403919d4-c15f-4953-b2f1-4eb0158895df:User 41,DENIED
2026,1月,11,周日,20:27:10,60DA3310,5f078c7b-e28e-4f96-8ee4-d2868ba692f9,ad62e913-8354-4349-adc0-2dd51be30df9,f58874ff-95f9-4277-a959-a87a40a1fc73:User 38,DENIED
2026,1月,11,周日,20:27:10,266DCB02,db243b05-b592-4199-a64e-3c9ee6e65fbd,8dfdb42d-05ec-4be5-a0f8-18a6420764cb,fe1b073d-1b9b-4c84-8045-44a6f884d752:User 76,DENIED
2026,1月,11,周日,20:27:10,8F4E2B56,d6dea81b-2545-441f-91ce-46d206777f11,ecb54cca-7179-4f82-905b-04bc2c58c746,17ac47de-ce34-453f-bec5-656a59bc149e:User 110,DENIED
2026,1月,11,周日,20:27:10,FD51FDDC,9ca441b2-b1a1-4920-ba5c-6dbfa867e3e8,cdc6f9a1-a7c1-4db8-a639-497a80d2f94b,f997143f-55e1-4719-b3fe-ab7ee7df98ec:User 30,DENIED
2026,1月,11,周日,20:27:10,97D8AD3C,d777dc15-826e-439a-a544-ad16591daa7d,788dd0e0-5b8f-4125-b501-356f2e66f766,5f3ca9d9-1852-4405-8312-35c963c52342:User 44,DENIED
2026,1月,11,周日,20:27:10,97D8AD3C,debab0d0-af9e-431a-9e80-00a7ace8ca1b,cf9cf014-b802-4795-8649-03a01ee41981,5f3ca9d9-1852-4405-8312-35c963c52342:User 44,DENIED
2026,1月,11,周日,20:27:10,0E2DD2FE,20bc60be-dcc6-4639-8666-e33ac7eff0d6,fa28c6a6-7674-417b-b44d-e75b815545c3,d8f1e4e0-34ea-41ff-bb7e-37ed4e703778:User 21,DENIED
2026,1月,11,周日,20:27:10,D8738B2D,d5ac040c-b74e-4341-8ef2-eb2cae95c04b,e26a09ae-48de-463f-81b9-bac8f7dba6d4,114f1a42-9c53-4209-85d7-a462bd450d01:User 196,DENIED
2026,1月,11,周日,20:27:10,E3A0C4C8,f3eef4d7-17e3-4e42-9b9b-aabe03d81560,5953690c-45c9-4f40-b5b3-df067ecf4cab,d355927d-33e7-4611-bdb0-ba3251ca2064:User 51,DENIED
2026,1月,11,周日,20:27:10,AE3F7738,641f008a-67f7-4eb0-8dc5-9db82e0f2a65,7cca50aa-de0d-4292-babb-80ab0f12add2,b68efa35-cc49-4a80-a9c4-c8da5392a145:User 122,DENIED
2026,1月,11,周日,20:27:10,ED814693,621f42d2-6033-4dd5-86bc-3ef95ac4f347,1243ed84-de07-4125-9e0e-719db7e75dbc,1bb2eb2b-9675-4333-a7e8-7b7237b2c790:User 29,DENIED
2026,1月,11,周日,20:27:10,70D23C79,747204d4-1207-4613-b1f6-1123a64d4bae,c7db699a-0fcc-4dd1-93dd-ded492ecc52d,1c03c13e-f18b-4d12-98f9-b227892847ad:User 170,DENIED
2026,1月,11,周日,20:27:10,6255D1D3,fb3cf09a-dde4-41c0-972d-983e578ac120,b1f6d680-200e-42be-a15e-ca718304cff7,92a92ac9-ac89-461a-a5d4-0c54a298af26:User 136,DENIED
2026,1月,11,周日,20:27:10,AFB85501,79e166cb-e810-4bd7-b3da-8c2063a10654,868714f4-8c61-4b5d-9f10-e22d9b969143,3fbd2f59-c5b9-44b1-97dc-f91a5f345c63:User 27,DENIED
2026,1月,11,周日,20:27:10,13DF5D8E,1b66869a-b709-4954-8b97-e7c2bfe17fdc,3a6ee9f2-ec0c-4b6d-90e4-fca4b3cdb3ba,c5086250-7692-43e0-b10b-54952bc27386:User 95,DENIED
2026,1月,11,周日,20:27:10,E3A0C4C8,d5ac040c-b74e-4341-8ef2-eb2cae95c04b,e26a09ae-48de-463f-81b9-bac8f7dba6d4,d355927d-33e7-4611-bdb0-ba3251ca2064:User 51,DENIED
2026,1月,11,周日,20:27:10,ED814693,79e166cb-e810-4bd7-b3da-8c2063a10654,868714f4-8c61-4b5d-9f10-e22d9b969143,1bb2eb2b-9675-4333-a7e8-7b7237b2c790:User 29,DENIED
2026,1月,11,周日,20:27:10,6255D1D3,89dc19d8-6391-4ce5-ac5f-40e1a0306b5c,9287f79c-a896-4a17-adbe-ae5c1cd8fb29,92a92ac9-ac89-461a-a5d4-0c54a298af26:User 136,DENIED
2026,1月,11,周日,20:27:10,AB0813FF,9da65607-0afe-41b0-bbfa-082f65d3c420,0a7b150c-13a9-4c01-bd24-601d9e4546fa,1ffd71b4-0e06-4aa3-bb54-c588f6ca3b4a:User 107,DENIED
2026,1月,11,周日,20:27:10,9CAFB481,79f2879a-de1b-4f95-b5aa-4f3982938ce4,b6ede591-f236-44b5-9607-96f7a84ac0bc,09f56a4c-9b3f-424f-b470-66cc394951d2:User 144,DENIED
2026,1月,11,周日,20:27:10,0E73E9A4,59306181-f165-4645-8b4c-2bfed7a96f64,d7c26892-d2d2-4ad1-b74b-456664459590,763f7d78-2043-442c-ab80-b9ef428cb82f:User 5,DENIED
2026,1月,11,周日,20:27:10,73DF6126,ba1fffd1-2a67-4cb9-90a1-7228035dbb99,0422e414-4fa9-48ec-a7d9-43200f68b098,f08983d2-07f8-4e0f-bd1e-e6441a486e37:User 183,DENIED
2026,1月,11,周日,20:27:10,3315B240,9620bf95-f2fc-481f-9a3b-db9d43dfadf1,850c8962-9f45-4aa4-9f24-0111562de84b,a8a08057-c29f-4101-957c-eb9b6d19d337:User 1,DENIED
2026,1月,11,周日,20:27:10,AC1545C4,5f741446-39a7-4d45-9906-cddcfd4f5658,80e24623-c1fa-4a45-8edf-cbd2377e52a6,30b18901-8263-4bd0-b460-ca51010425d4:User 24,DENIED
2026,1月,11,周日,20:27:10,FA25DC83,70ad87f3-147f-4f03-a266-ca45ad21148c,efabfe47-19e8-43db-a45f-5498415d978c,e402cbd3-0228-4588-a54a-f918251d6f59:User 154,DENIED
2026,1月,11,周日,20:27:10,47F64880,53687c24-f9ea-4921-96c9-23e524e9ab10,813e4e52-5a00-413c-a891-05013da581ff,ca2e8d6d-e4e6-4091-b4f9-eddd20fdd77b:User 116,DENIED
2026,1月,11,周日,20:27:10,2930667D,1b66869a-b709-4954-8b97-e7c2bfe17fdc,3a6ee9f2-ec0c-4b6d-90e4-fca4b3cdb3ba,9126290b-703b-4a59-855a-f6a0ff597d0e:User 30,DENIED
2026,1月,11,周日,20:27:10,001A5DDA,79f2879a-de1b-4f95-b5aa-4f3982938ce4,b6ede591-f236-44b5-9607-96f7a84ac0bc,a63794ba-befd-4756-9345-ddad63c4d2f7:User 143,DENIED
2026,1月,11,周日,20:27:10,729BC539,20bc60be-dcc6-4639-8666-e33ac7eff0d6,fa28c6a6-7674-417b-b44d-e75b815545c3,5cba0059-82ce-46ac-8593-532009507aa1:User 48,DENIED
2026,1月,11,周日,20:27:10,AF232EA0,870c05c9-2e70-41a4-bf93-85de484a726a,51af542a-7613-42be-920d-f6a3b455a10b,aa2d7a8f-b931-49d4-aff7-a8f2635ab0e2:User 39,DENIED
2026,1月,11,周日,20:27:10,DE6235AC,f3eef4d7-17e3-4e42-9b9b-aabe03d81560,5953690c-45c9-4f40-b5b3-df067ecf4cab,913185f2-05d1-405f-9700-d84ab5df2362:User 52,DENIED
2026,1月,11,周日,20:27:10,273DF5BB,59306181-f165-4645-8b4c-2bfed7a96f64,d7c26892-d2d2-4ad1-b74b-456664459590,d75937a2-cd4c-47bd-9ef2-9c2e113bbbbb:User 24,DENIED
2026,1月,11,周日,20:27:10,49CC48E1,debab0d0-af9e-431a-9e80-00a7ace8ca1b,cf9cf014-b802-4795-8649-03a01ee41981,2d57bfc9-0dc7-4d0c-bac9-e7ba2a3d431b:User 168,DENIED
2026,1月,11,周日,20:27:10,0E73E9A4,53687c24-f9ea-4921-96c9-23e524e9ab10,813e4e52-5a00-413c-a891-05013da581ff,763f7d78-2043-442c-ab80-b9ef428cb82f:User 5,DENIED
2026,1月,11,周日,20:27:10,F48814BB,af93e80c-505a-4f4a-a0e6-81ebd2faa429,4559ddc4-146e-4795-934b-389ea44d10f7,e57bb913-0d88-4748-a6c9-bd9cd54db129:User 12,DENIED
2026,1月,11,周日,20:27:10,1A6C8370,d777dc15-826e-439a-a544-ad16591daa7d,788dd0e0-5b8f-4125-b501-356f2e66f766,d9e52338-5b1f-4ace-8235-49bc7467e275:User 163,DENIED
2026,1月,11,周日,20:27:10,AFB85501,ba1fffd1-2a67-4cb9-90a1-7228035dbb99,0422e414-4fa9-48ec-a7d9-43200f68b098,3fbd2f59-c5b9-44b1-97dc-f91a5f345c63:User 27,DENIED
2026,1月,11,周日,20:27:10,A3C30531,0be70602-ffb6-4703-b34b-1019cf76e655,8e762bad-5107-4ccb-91e4-20cb7d5cd5aa,dc0531cf-6327-4df8-81c6-f7413c1e3495:User 7,DENIED
2026,1月,11,周日,20:27:10,02E22861,dff57c19-308d-461c-8dea-13d9a7e54222,13fdec8c-3dd9-4a53-aaab-ca535abe2cb5,1e4ce448-9215-409f-a884-9b3ce4d33005:User 149,DENIED
2026,1月,11,周日,20:27:10,BB8111DA,16b02378-7e5f-4848-928c-70a50df32db6,c65121ab-12fc-4966-b806-c87dd3b7f076,0f0cf15a-ca2e-400c-8c56-a98b71965c1b:User 23,DENIED
2026,1月,11,周日,20:27:10,A46832DD,1b66869a-b709-4954-8b97-e7c2bfe17fdc,3a6ee9f2-ec0c-4b6d-90e4-fca4b3cdb3ba,93fe1c6a-0ae8-40fe-92e9-896b10aaa36f:User 48,DENIED
2026,1月,11,周日,20:27:10,13DF5D8E,d777dc15-826e-439a-a544-ad16591daa7d,788dd0e0-5b8f-4125-b501-356f2e66f766,c5086250-7692-43e0-b10b-54952bc27386:User 95,DENIED
2026,1月,11,周日,20:27:10,BAE96C98,79e166cb-e810-4bd7-b3da-8c2063a10654,868714f4-8c61-4b5d-9f10-e22d9b969143,bf62c1a9-b58f-4d1d-9d7e-d490020ba833:User 198,DENIED
2026,1月,11,周日,20:27:10,073D154B,a3668d39-fb96-48e5-948d-d8d77eb1782f,69089920-6b00-4a9d-8de6-871d47f03e6c,040dd8e5-ec5c-484a-8b6a-5b318e22bc46:User 108,DENIED
2026,1月,11,周日,20:27:10,D1350950,be9c74f9-b0e5-4618-9e09-8b65355b062e,93141aef-f0e8-4064-80da-ceb24fa6efa1,436c83c2-32e3-4cd9-b628-77a832afe607:User 80,DENIED
2026,1月,11,周日,20:27:10,97CF3636,f3eef4d7-17e3-4e42-9b9b-aabe03d81560,5953690c-45c9-4f40-b5b3-df067ecf4cab,d10df370-0e14-458b-89c5-c99c53b2151f:User 5,DENIED
2026,1月,11,周日,20:27:10,0D4DA49E,5f078c7b-e28e-4f96-8ee4-d2868ba692f9,ad62e913-8354-4349-adc0-2dd51be30df9,ac7653f0-0b71-4aef-99af-e77028e56116:User 78,DENIED
2026,1月,11,周日,20:27:10,1E263C86,12eba4f8-180f-4727-836c-80337bbfde81,b0591a0f-a5c6-4c92-b893-9d51d8f1a4da,7cc4267f-4a4b-4653-824c-c514e8f4b4e8:User 40,DENIED
2026,1月,11,周日,20:27:10,49CC48E1,d777dc15-826e-439a-a544-ad16591daa7d,788dd0e0-5b8f-4125-b501-356f2e66f766,2d57bfc9-0dc7-4d0c-bac9-e7ba2a3d431b:User 168,DENIED
2026,1月,11,周日,20:27:10,AC1545C4,729ef629-44a5-4f46-aef4-a30288c414db,2ce55221-e6ac-4e68-a139-89c65c486551,30b18901-8263-4bd0-b460-ca51010425d4:User 24,DENIED
2026,1月,11,周日,20:27:10,13DF5D8E,924693ab-4968-4524-b4b2-be6e548af518,0b14d6c7-f34b-409f-a647-b67d8f795308,c5086250-7692-43e0-b10b-54952bc27386:User 95,DENIED
2026,1月,11,周日,20:27:10,6D7F7841,79f2879a-de1b-4f95-b5aa-4f3982938ce4,b6ede591-f236-44b5-9607-96f7a84ac0bc,8c2c2a59-b90d-4e36-ad9b-ba1d05c50600:User 179,DENIED
2026,1月,11,周日,20:27:10,814FAAAC,978f2cda-ac0b-466d-85e6-c0047665e857,444d8a1b-a6c6-4ce2-9b80-bccc31441c5e,2ed91bb1-4305-4995-953a-b43b4a820515:User 93,DENIED
2026,1月,11,周日,20:27:10,7C36DC53,747204d4-1207-4613-b1f6-1123a64d4bae,c7db699a-0fcc-4dd1-93dd-ded492ecc52d,fcc41e72-fbbe-49ce-bd88-5c8182237945:User 121,DENIED
2026,1月,11,周日,20:27:10,E0E7CABE,be9c74f9-b0e5-4618-9e09-8b65355b062e,93141aef-f0e8-4064-80da-ceb24fa6efa1,83b7105d-517f-4f52-a2fa-8076120cba45:User 19,DENIED
2026,1月,11,周日,20:27:10,7730706B,93ee461f-790a-4449-8527-be0ff2b412bf,8673c600-d01d-4cde-ad5e-94d3ee9d7fd9,ae2aea46-003f-409c-a5c4-989599b8aa09:User 87,DENIED
2026,1月,11,周日,20:27:10,15CF6D6E,4fc60dbb-44c0-4399-ac1a-cfac8d0102c8,715e699d-3040-442f-9f38-68c70a0f67d0,de6506e1-4e6b-4c22-931e-d97d8238fdca:User 162,DENIED
2026,1月,11,周日,20:27:10,3433A538,0be70602-ffb6-4703-b34b-1019cf76e655,8e762bad-5107-4ccb-91e4-20cb7d5cd5aa,b287aaeb-4bae-4bd4-a1a6-311a4c77d7d5:User 58,DENIED
2026,1月,11,周日,20:27:10,D01B0A7E,729ef629-44a5-4f46-aef4-a30288c414db,2ce55221-e6ac-4e68-a139-89c65c486551,e5f888b2-99dd-47f0-9d71-127e04be5884:User 158,DENIED
2026,1月,11,周日,20:27:10,867843A7,9da65607-0afe-41b0-bbfa-082f65d3c420,0a7b150c-13a9-4c01-bd24-601d9e4546fa,b1281618-48d9-48a5-9937-0ff94fbd091e:User 15,DENIED
2026,1月,11,周日,20:27:10,963B9ABC,978f2cda-ac0b-466d-85e6-c0047665e857,444d8a1b-a6c6-4ce2-9b80-bccc31441c5e,ad479688-d621-4a2d-b2e0-bf553330ccaa:User 135,DENIED
2026,1月,11,周日,20:27:10,47F64880,be9c74f9-b0e5-4618-9e09-8b65355b062e,93141aef-f0e8-4064-80da-ceb24fa6efa1,ca2e8d6d-e4e6-4091-b4f9-eddd20fdd77b:User 116,DENIED
2026,1月,11,周日,20:27:10,D060955A,af93e80c-505a-4f4a-a0e6-81ebd2faa429,4559ddc4-146e-4795-934b-389ea44d10f7,17d4ad2d-26d5-4b14-a442-951045dde85e:User 120,DENIED
2026,1月,11,周日,20:27:10,1A9BFEDC,d5ac040c-b74e-4341-8ef2-eb2cae95c04b,e26a09ae-48de-463f-81b9-bac8f7dba6d4,e8184696-361e-4dc5-adff-81aa31795601:User 13,DENIED
2026,1月,11,周日,20:27:10,CB51051E,1b66869a-b709-4954-8b97-e7c2bfe17fdc,3a6ee9f2-ec0c-4b6d-90e4-fca4b3cdb3ba,cc21bafb-9e4c-4db3-a24e-c2fb712d0cec:User 185,DENIED
2026,1月,11,周日,20:27:10,CD09BDCF,65693a88-73e2-4cea-a7a1-f9f66e87e987,46c3835b-f0b7-46f9-a1a8-e60f92cc743a,7187e862-2f09-4700-8f14-20d23954a77b:User 11,DENIED
2026,1月,11,周日,20:27:10,9044C1DC,89dc19d8-6391-4ce5-ac5f-40e1a0306b5c,9287f79c-a896-4a17-adbe-ae5c1cd8fb29,107df285-c666-4fe3-b435-53f3a25e56cf:User 159,DENIED
2026,1月,11,周日,20:27:10,086E3300,621f42d2-6033-4dd5-86bc-3ef95ac4f347,1243ed84-de07-4125-9e0e-719db7e75dbc,e869d877-4d4e-49f1-a0c0-022395b9049f:User 55,DENIED
2026,1月,11,周日,20:27:10,97D8AD3C,65693a88-73e2-4cea-a7a1-f9f66e87e987,46c3835b-f0b7-46f9-a1a8-e60f92cc743a,5f3ca9d9-1852-4405-8312-35c963c52342:User 44,DENIED
2026,1月,11,周日,20:27:10,8F4E2B56,5f741446-39a7-4d45-9906-cddcfd4f5658,80e24623-c1fa-4a45-8edf-cbd2377e52a6,17ac47de-ce34-453f-bec5-656a59bc149e:User 110,DENIED
2026,1月,11,周日,20:27:10,ACEF91DE,be9c74f9-b0e5-4618-9e09-8b65355b062e,93141aef-f0e8-4064-80da-ceb24fa6efa1,852be9cd-dbc0-49a5-9c52-5d2e66518a53:User 32,DENIED
2026,1月,11,周日,20:27:10,797220ED,5c980ee0-2ea8-4567-a531-5eaa984a1a4a,a2b08738-cba6-4f87-9011-d2897b29cfa4,75ee0253-5df1-4bb3-b971-54b15993399f:User 40,DENIED
2026,1月,11,周日,20:27:10,BAE96C98,79e166cb-e810-4bd7-b3da-8c2063a10654,868714f4-8c61-4b5d-9f10-e22d9b969143,bf62c1a9-b58f-4d1d-9d7e-d490020ba833:User 198,DENIED
2026,1月,11,周日,20:27:10,8F4E2B56,747204d4-1207-4613-b1f6-1123a64d4bae,c7db699a-0fcc-4dd1-93dd-ded492ecc52d,17ac47de-ce34-453f-bec5-656a59bc149e:User 110,DENIED
2026,1月,11,周日,20:27:10,98740610,f19a373d-67c4-48ed-bfe3-3ef0796536e9,f70c1588-d00b-4277-b450-0af3f6feef11,6434e8d1-bbed-4058-9cef-60206e7e2d36:User 99,DENIED
2026,1月,11,周日,20:27:10,1A9BFEDC,9620bf95-f2fc-481f-9a3b-db9d43dfadf1,850c8962-9f45-4aa4-9f24-0111562de84b,e8184696-361e-4dc5-adff-81aa31795601:User 13,DENIED
2026,1月,11,周日,20:27:10,AA1B2884,53687c24-f9ea-4921-96c9-23e524e9ab10,813e4e52-5a00-413c-a891-05013da581ff,dc8f0c7b-d444-4b44-84ec-634493337fce:User 111,DENIED
2026,1月,11,周日,20:27:10,7C533D82,20bc60be-dcc6-4639-8666-e33ac7eff0d6,fa28c6a6-7674-417b-b44d-e75b815545c3,6e4db8c8-a39f-41aa-9345-7203a4f75a0d:User 131,DENIED
2026,1月,11,周日,20:27:10,CE67EC7C,914ebf41-7847-419d-ae5b-45986f4ee3c8,dc040e2b-56aa-4ba2-9a35-beb305625d9c,e8d3308e-fc49-47e0-8875-52ff2bb6e2ba:User 8,DENIED
2026,1月,11,周日,20:27:10,D8738B2D,dff57c19-308d-461c-8dea-13d9a7e54222,13fdec8c-3dd9-4a53-aaab-ca535abe2cb5,114f1a42-9c53-4209-85d7-a462bd450d01:User 196,DENIED
2026,1月,11,周日,20:27:10,6D7F7841,79e166cb-e810-4bd7-b3da-8c2063a10654,868714f4-8c61-4b5d-9f10-e22d9b969143,8c2c2a59-b90d-4e36-ad9b-ba1d05c50600:User 179,DENIED
2026,1月,11,周日,20:27:10,70086B31,79f2879a-de1b-4f95-b5aa-4f3982938ce4,b6ede591-f236-44b5-9607-96f7a84ac0bc,26733b01-91f4-4a55-8e2a-d115f6ba576e:User 114,DENIED
2026,1月,11,周日,20:27:10,98740610,d777dc15-826e-439a-a544-ad16591daa7d,788dd0e0-5b8f-4125-b501-356f2e66f766,6434e8d1-bbed-4058-9cef-60206e7e2d36:User 99,DENIED
2026,1月,11,周日,20:27:10,6CD091CB,5c980ee0-2ea8-4567-a531-5eaa984a1a4a,a2b08738-cba6-4f87-9011-d2897b29cfa4,b7285d3d-86d2-4735-ace9-6ba7a4f41ac0:User 10,DENIED
2026,1月,11,周日,20:27:10,AE4EFE33,65693a88-73e2-4cea-a7a1-f9f66e87e987,46c3835b-f0b7-46f9-a1a8-e60f92cc743a,ca76d9e5-4400-4b91-88f3-9b78ae8672df:User 141,DENIED
2026,1月,11,周日,20:27:10,855078EF,732ab68f-bbee-4ded-8c9a-1eac02ef4fcf,b75dbdaf-0548-4dd8-ae94-981684ee6a79,ae64ef71-8f08-459e-b0b8-4a594f0e37ce:User 36,DENIED
2026,1月,11,周日,20:27:10,BAE96C98,d5ac040c-b74e-4341-8ef2-eb2cae95c04b,e26a09ae-48de-463f-81b9-bac8f7dba6d4,bf62c1a9-b58f-4d1d-9d7e-d490020ba833:User 198,DENIED
2026,1月,11,周日,20:27:10,CE67EC7C,fb3cf09a-dde4-41c0-972d-983e578ac120,b1f6d680-200e-42be-a15e-ca718304cff7,e8d3308e-fc49-47e0-8875-52ff2bb6e2ba:User 8,DENIED
2026,1月,11,周日,20:27:10,40B866BE,20bc60be-dcc6-4639-8666-e33ac7eff0d6,fa28c6a6-7674-417b-b44d-e75b815545c3,b63ff382-2aa6-412a-a66a-b59e9710d9cf:User 127,DENIED
2026,1月,11,周日,20:27:10,8B447AD6,5f078c7b-e28e-4f96-8ee4-d2868ba692f9,ad62e913-8354-4349-adc0-2dd51be30df9,99c47a0e-79b2-4222-9578-725634ddc8b7:User 191,DENIED
2026,1月,11,周日,20:27:10,33869623,f3eef4d7-17e3-4e42-9b9b-aabe03d81560,5953690c-45c9-4f40-b5b3-df067ecf4cab,c2d550d0-9217-4e86-a04d-ec93eadf634a:User 59,DENIED
2026,1月,11,周日,20:27:10,1F7F7028,e7e0bc70-3e5a-43f9-be48-c4ba0341bdaa,f89fb1b7-1db9-4975-80a5-c3a85f6f4574,acafc380-e877-461b-ad3d-0ce884cc37e3:User 181,DENIED
2026,1月,11,周日,20:27:10,9044C1DC,fb3cf09a-dde4-41c0-972d-983e578ac120,b1f6d680-200e-42be-a15e-ca718304cff7,107df285-c666-4fe3-b435-53f3a25e56cf:User 159,DENIED
2026,1月,11,周日,20:27:10,2F5E89E9,ba1fffd1-2a67-4cb9-90a1-7228035dbb99,0422e414-4fa9-48ec-a7d9-43200f68b098,a7599f54-5360-4aef-bd47-9e083bc1c3cf:User 25,DENIED
2026,1月,11,周日,20:27:10,531960E8,bd6e0c72-d0ea-4b60-ac0a-f371cfce9fcd,7bfe268b-3120-4387-ad55-4e08de557456,14dad223-2e0a-416d-8d9c-7fca0f4d96be:User 14,DENIED
2026,1月,11,周日,20:27:10,432432A7,59306181-f165-4645-8b4c-2bfed7a96f64,d7c26892-d2d2-4ad1-b74b-456664459590,3a0cea6b-b22c-442e-ba9d-331dd1e0ba4b:User 44,DENIED
2026,1月,11,周日,20:27:10,E084A602,c562380c-bdd3-4f70-bbfb-a757e48413a7,b85ea175-7378-411e-a070-d9592b52676c,5026299c-147b-47cd-b489-f61dd66da97e:User 92,DENIED
2026,1月,11,周日,20:27:10,2930667D,ba1fffd1-2a67-4cb9-90a1-7228035dbb99,0422e414-4fa9-48ec-a7d9-43200f68b098,9126290b-703b-4a59-855a-f6a0ff597d0e:User 30,DENIED
2026,1月,11,周日,20:27:10,56D599B0,5f741446-39a7-4d45-9906-cddcfd4f5658,80e24623-c1fa-4a45-8edf-cbd2377e52a6,82dadda4-4101-4cb8-809e-96f099892135:User 37,DENIED
2026,1月,11,周日,20:27:10,7730706B,bd6e0c72-d0ea-4b60-ac0a-f371cfce9fcd,7bfe268b-3120-4387-ad55-4e08de557456,ae2aea46-003f-409c-a5c4-989599b8aa09:User 87,DENIED
2026,1月,11,周日,20:27:10,1B89633E,db243b05-b592-4199-a64e-3c9ee6e65fbd,8dfdb42d-05ec-4be5-a0f8-18a6420764cb,4d0e41fd-85d6-44d1-8efc-f67d052b281c:User 41,DENIED
2026,1月,11,周日,20:27:10,F6D08966,93ee461f-790a-4449-8527-be0ff2b412bf,8673c600-d01d-4cde-ad5e-94d3ee9d7fd9,ec40dbfe-da85-4c41-9936-839e6691b4c8:User 103,DENIED
2026,1月,11,周日,20:27:10,1BA4FA66,f4cf5168-8a65-4f89-9ee7-89b2310c43ce,782d47f0-3c55-4edb-a1b1-285f046ddfa7,89b557db-edfd-4511-923a-2e0a66371fe6:User 33,DENIED
2026,1月,11,周日,20:27:10,FA25DC83,01260115-5e52-42db-ad95-ec77bcd659b8,08a7dff8-aa46-40b0-bd88-7a7c8416c011,e402cbd3-0228-4588-a54a-f918251d6f59:User 154,DENIED
2026,1月,11,周日,20:27:10,B81092E8,5c980ee0-2ea8-4567-a531-5eaa984a1a4a,a2b08738-cba6-4f87-9011-d2897b29cfa4,13a4388b-4bad-4d78-9ef4-ece11a53e246:User 138,DENIED
2026,1月,11,周日,20:27:10,AAE34986,5c980ee0-2ea8-4567-a531-5eaa984a1a4a,a2b08738-cba6-4f87-9011-d2897b29cfa4,6ae05510-4677-4374-b2f2-febb44adb823:User 71,DENIED
2026,1月,11,周日,20:27:10,476605A4,20bc60be-dcc6-4639-8666-e33ac7eff0d6,fa28c6a6-7674-417b-b44d-e75b815545c3,02cb5fac-986c-4f62-842a-63b1c3f708c8:User 2,DENIED
2026,1月,11,周日,20:27:10,BF43D708,bd6e0c72-d0ea-4b60-ac0a-f371cfce9fcd,7bfe268b-3120-4387-ad55-4e08de557456,4f7c8c0e-fa40-4a3d-990e-e99d97c4bd62:User 106,DENIED
2026,1月,11,周日,20:27:10,16BFFB17,297874e0-a56b-4ce9-b02b-30504ec46f4c,87583732-aff9-43ab-81be-ea7312152eb0,90cc9266-276d-4df4-a5ba-1f598bc61398:User 18,DENIED
2026,1月,11,周日,20:27:10,DEB1E280,732ab68f-bbee-4ded-8c9a-1eac02ef4fcf,b75dbdaf-0548-4dd8-ae94-981684ee6a79,0bb5c108-67fa-4176-9fad-5d1d64b293a7:User 155,DENIED
2026,1月,11,周日,20:27:10,C627B25D,db243b05-b592-4199-a64e-3c9ee6e65fbd,8dfdb42d-05ec-4be5-a0f8-18a6420764cb,9d5e9fe2-c55b-4885-9d1f-b045e670f677:User 195,DENIED
2026,1月,11,周日,20:27:10,BF100359,297874e0-a56b-4ce9-b02b-30504ec46f4c,87583732-aff9-43ab-81be-ea7312152eb0,696a5b7f-e60b-47d2-8720-78f5e4af1047:User 89,DENIED
2026,1月,11,周日,20:27:10,5B1769A9,89dc19d8-6391-4ce5-ac5f-40e1a0306b5c,9287f79c-a896-4a17-adbe-ae5c1cd8fb29,39596ebb-095e-42c4-a1f2-150a2b6ae65b:User 115,DENIED
2026,1月,11,周日,20:27:10,2F28ACA5,f4cf5168-8a65-4f89-9ee7-89b2310c43ce,782d47f0-3c55-4edb-a1b1-285f046ddfa7,c762222f-1528-44d7-9622-d3c445ed4e29:User 180,DENIED
2026,1月,11,周日,20:27:10,8FAA49A8,fb3cf09a-dde4-41c0-972d-983e578ac120,b1f6d680-200e-42be-a15e-ca718304cff7,7b65001d-d151-436e-a4bd-9633ecc50844:User 166,DENIED
2026,1月,11,周日,20:27:10,295A7F4E,f3eef4d7-17e3-4e42-9b9b-aabe03d81560,5953690c-45c9-4f40-b5b3-df067ecf4cab,0660673f-f290-4094-88d5-9c6eea451e83:User 190,DENIED
2026,1月,11,周日,20:27:10,38C54819,d777dc15-826e-439a-a544-ad16591daa7d,788dd0e0-5b8f-4125-b501-356f2e66f766,9d502ca4-e3bc-4000-83bd-dde84b77a006:User 49,DENIED
2026,1月,11,周日,20:27:10,0C82E829,4fc60dbb-44c0-4399-ac1a-cfac8d0102c8,715e699d-3040-442f-9f38-68c70a0f67d0,494b3dcf-368e-419d-838c-69bd3b8ad687:User 186,DENIED
2026,1月,11,周日,20:27:10,8345EC1C,5c980ee0-2ea8-4567-a531-5eaa984a1a4a,a2b08738-cba6-4f87-9011-d2897b29cfa4,0c85194c-5b53-4155-9ac4-f8d4fc386204:User 171,DENIED
2026,1月,11,周日,20:27:10,073D154B,732ab68f-bbee-4ded-8c9a-1eac02ef4fcf,b75dbdaf-0548-4dd8-ae94-981684ee6a79,040dd8e5-ec5c-484a-8b6a-5b318e22bc46:User 108,DENIED
2026,1月,11,周日,20:27:10,BACB8EDD,debab0d0-af9e-431a-9e80-00a7ace8ca1b,cf9cf014-b802-4795-8649-03a01ee41981,d44a48d0-bdea-4613-9931-280703e6d79b:User 145,DENIED
2026,1月,11,周日,20:27:10,266DCB02,0be70602-ffb6-4703-b34b-1019cf76e655,8e762bad-5107-4ccb-91e4-20cb7d5cd5aa,fe1b073d-1b9b-4c84-8045-44a6f884d752:User 76,DENIED
2026,1月,11,周日,20:27:10,531960E8,16b02378-7e5f-4848-928c-70a50df32db6,c65121ab-12fc-4966-b806-c87dd3b7f076,14dad223-2e0a-416d-8d9c-7fca0f4d96be:User 14,DENIED
2026,1月,11,周日,20:27:10,0267D8BC,d6dea81b-2545-441f-91ce-46d206777f11,ecb54cca-7179-4f82-905b-04bc2c58c746,4e36b971-92d3-44c1-bfc3-bb33ba0dec05:User 35,DENIED
2026,1月,11,周日,20:27:10,6ADA9637,5f078c7b-e28e-4f96-8ee4-d2868ba692f9,ad62e913-8354-4349-adc0-2dd51be30df9,a9729d54-1ae2-4d71-a4c9-ce6383348205:User 161,DENIED
2026,1月,11,周日,20:27:10,814FAAAC,5c980ee0-2ea8-4567-a531-5eaa984a1a4a,a2b08738-cba6-4f87-9011-d2897b29cfa4,2ed91bb1-4305-4995-953a-b43b4a820515:User 93,DENIED
2026,1月,11,周日,20:27:10,1329FEAA,a3668d39-fb96-48e5-948d-d8d77eb1782f,69089920-6b00-4a9d-8de6-871d47f03e6c,ce577d87-1829-464f-a5b0-142da5198fd0:User 130,DENIED
2026,1月,11,周日,20:27:10,17D3257C,924693ab-4968-4524-b4b2-be6e548af518,0b14d6c7-f34b-409f-a647-b67d8f795308,f76f196b-4d0f-47a0-9fdb-e7b7c2d8612f:User 6,DENIED
2026,1月,11,周日,20:27:10,FC068ECA,5c980ee0-2ea8-4567-a531-5eaa984a1a4a,a2b08738-cba6-4f87-9011-d2897b29cfa4,02d43794-55da-476b-9568-a07081154b5e:User 75,DENIED
2026,1月,11,周日,20:27:10,FD8EEC6E,fb3cf09a-dde4-41c0-972d-983e578ac120,b1f6d680-200e-42be-a15e-ca718304cff7,272c62c6-8acb-41a1-98f9-bb4a79c895ec:User 50,DENIED
2026,1月,11,周日,20:27:10,61AE91D8,c562380c-bdd3-4f70-bbfb-a757e48413a7,b85ea175-7378-411e-a070-d9592b52676c,781b41c7-deb0-480d-86e6-e5868815fc39:User 14,DENIED
2026,1月,11,周日,20:27:10,1F7F7028,d777dc15-826e-439a-a544-ad16591daa7d,788dd0e0-5b8f-4125-b501-356f2e66f766,acafc380-e877-461b-ad3d-0ce884cc37e3:User 181,DENIED
2026,1月,11,周日,20:27:10,C11B3181,af93e80c-505a-4f4a-a0e6-81ebd2faa429,4559ddc4-146e-4795-934b-389ea44d10f7,5e84a79c-0540-4ccd-ac63-23d95893ebe4:User 187,DENIED
2026,1月,11,周日,20:27:10,295A7F4E,20bc60be-dcc6-4639-8666-e33ac7eff0d6,fa28c6a6-7674-417b-b44d-e75b815545c3,0660673f-f290-4094-88d5-9c6eea451e83:User 190,DENIED
2026,1月,11,周日,20:27:10,97D8AD3C,641f008a-67f7-4eb0-8dc5-9db82e0f2a65,7cca50aa-de0d-4292-babb-80ab0f12add2,5f3ca9d9-1852-4405-8312-35c963c52342:User 44,DENIED
2026,1月,11,周日,20:27:10,69F6436F,322e4308-8a53-4e5b-88e0-75c295071b97,49c27197-4186-4607-bdc4-b91c1fbfb68b,b8bd3746-aaca-448f-afbc-4a7a41db4275:User 146,DENIED
2026,1月,11,周日,20:27:10,6E3CCB5C,4fc60dbb-44c0-4399-ac1a-cfac8d0102c8,715e699d-3040-442f-9f38-68c70a0f67d0,4407037a-4c60-4596-83c8-600ec230148b:User 142,DENIED
2026,1月,11,周日,20:27:10,C19B86AF,978f2cda-ac0b-466d-85e6-c0047665e857,444d8a1b-a6c6-4ce2-9b80-bccc31441c5e,f9e008d4-1cb7-4dfe-a184-5e336d1ba1f4:User 85,DENIED
2026,1月,11,周日,20:27:10,1FE66774,5c980ee0-2ea8-4567-a531-5eaa984a1a4a,a2b08738-cba6-4f87-9011-d2897b29cfa4,7146ac90-31d0-4e24-a783-c9af12b34dea:User 42,DENIED
2026,1月,11,周日,20:27:10,0D4DA49E,89dc19d8-6391-4ce5-ac5f-40e1a0306b5c,9287f79c-a896-4a17-adbe-ae5c1cd8fb29,ac7653f0-0b71-4aef-99af-e77028e56116:User 78,DENIED
2026,1月,11,周日,20:27:10,1EB043B2,9620bf95-f2fc-481f-9a3b-db9d43dfadf1,850c8962-9f45-4aa4-9f24-0111562de84b,bdc8263d-9b28-4e80-add0-88455ff47d24:User 67,DENIED
2026,1月,11,周日,20:27:10,CB51051E,c54729aa-fce2-4e14-badc-5f7fbfa1de49,8af984fb-ae86-4385-8e7e-b9b56beaf03f,cc21bafb-9e4c-4db3-a24e-c2fb712d0cec:User 185,DENIED
2026,1月,11,周日,20:27:10,D01B0A7E,c562380c-bdd3-4f70-bbfb-a757e48413a7,b85ea175-7378-411e-a070-d9592b52676c,e5f888b2-99dd-47f0-9d71-127e04be5884:User 158,DENIED
2026,1月,11,周日,20:27:10,6267CCB1,79f2879a-de1b-4f95-b5aa-4f3982938ce4,b6ede591-f236-44b5-9607-96f7a84ac0bc,e0f703ec-d760-4cf3-9416-e5452a9b1dde:User 151,DENIED
2026,1月,11,周日,20:27:10,B927669E,1b66869a-b709-4954-8b97-e7c2bfe17fdc,3a6ee9f2-ec0c-4b6d-90e4-fca4b3cdb3ba,0907fe91-884b-4ef4-9424-d8426abde257:User 32,DENIED
2026,1月,11,周日,20:27:10,D060955A,914ebf41-7847-419d-ae5b-45986f4ee3c8,dc040e2b-56aa-4ba2-9a35-beb305625d9c,17d4ad2d-26d5-4b14-a442-951045dde85e:User 120,DENIED
2026,1月,11,周日,20:27:10,64D6C16F,79f2879a-de1b-4f95-b5aa-4f3982938ce4,b6ede591-f236-44b5-9607-96f7a84ac0bc,f6cacc04-0dc0-4896-8ff6-878f9e855de0:User 94,DENIED
2026,1月,11,周日,20:27:10,02CF2966,a3668d39-fb96-48e5-948d-d8d77eb1782f,69089920-6b00-4a9d-8de6-871d47f03e6c,dfe922b2-a231-49f5-8ff6-4f7bab7f77f7:User 31,DENIED
2026,1月,11,周日,20:27:10,1FE66774,641f008a-67f7-4eb0-8dc5-9db82e0f2a65,7cca50aa-de0d-4292-babb-80ab0f12add2,7146ac90-31d0-4e24-a783-c9af12b34dea:User 42,DENIED
2026,1月,11,周日,20:27:10,60A21C77,79e166cb-e810-4bd7-b3da-8c2063a10654,868714f4-8c61-4b5d-9f10-e22d9b969143,c20df8e0-b742-4c25-a0ed-5d2887da9a74:User 43,DENIED
2026,1月,11,周日,20:27:10,16BFFB17,79f2879a-de1b-4f95-b5aa-4f3982938ce4,b6ede591-f236-44b5-9607-96f7a84ac0bc,90cc9266-276d-4df4-a5ba-1f598bc61398:User 18,DENIED
2026,1月,11,周日,20:27:10,2A52FD69,d6dea81b-2545-441f-91ce-46d206777f11,ecb54cca-7179-4f82-905b-04bc2c58c746,403919d4-c15f-4953-b2f1-4eb0158895df:User 41,DENIED
2026,1月,11,周日,20:27:10,7AAC34BF,59306181-f165-4645-8b4c-2bfed7a96f64,d7c26892-d2d2-4ad1-b74b-456664459590,6552874b-8d15-46d1-a4eb-e80646ac51ce:User 38,DENIED
2026,1月,11,周日,20:27:10,946F7BE3,fb3cf09a-dde4-41c0-972d-983e578ac120,b1f6d680-200e-42be-a15e-ca718304cff7,cc4141ee-bca5-4f59-8595-c446b1b5be92:User 177,DENIED
2026,1月,11,周日,20:27:10,1EB043B2,01260115-5e52-42db-ad95-ec77bcd659b8,08a7dff8-aa46-40b0-bd88-7a7c8416c011,bdc8263d-9b28-4e80-add0-88455ff47d24:User 67,DENIED
2026,1月,11,周日,20:27:10,476605A4,0be70602-ffb6-4703-b34b-1019cf76e655,8e762bad-5107-4ccb-91e4-20cb7d5cd5aa,02cb5fac-986c-4f62-842a-63b1c3f708c8:User 2,DENIED
2026,1月,11,周日,20:27:10,46439497,79f2879a-de1b-4f95-b5aa-4f3982938ce4,b6ede591-f236-44b5-9607-96f7a84ac0bc,93dbc7a8-8cff-465b-8874-abbdb4dd71f6:User 132,DENIED
2026,1月,11,周日,20:27:10,CE9A6D59,9620bf95-f2fc-481f-9a3b-db9d43dfadf1,850c8962-9f45-4aa4-9f24-0111562de84b,9efb4220-ec85-4de1-8bb0-c71a9e11fcdf:User 19,DENIED
2026,1月,11,周日,20:27:10,8345EC1C,c562380c-bdd3-4f70-bbfb-a757e48413a7,b85ea175-7378-411e-a070-d9592b52676c,0c85194c-5b53-4155-9ac4-f8d4fc386204:User 171,DENIED
2026,1月,11,周日,20:27:10,C8DCA45B,79f2879a-de1b-4f95-b5aa-4f3982938ce4,b6ede591-f236-44b5-9607-96f7a84ac0bc,c9f21181-88bb-4194-a272-33ce233537ac:User 26,DENIED
2026,1月,11,周日,20:27:10,D01762E7,5f741446-39a7-4d45-9906-cddcfd4f5658,80e24623-c1fa-4a45-8edf-cbd2377e52a6,09b07d8d-d580-4acc-84b1-370236a788ed:User 22,DENIED
2026,1月,11,周日,20:27:10,868552F6,9620bf95-f2fc-481f-9a3b-db9d43dfadf1,850c8962-9f45-4aa4-9f24-0111562de84b,483f80a9-94d1-49ac-9c9e-4779af19ee3f:User 96,DENIED
2026,1月,11,周日,20:27:10,A79086D3,729ef629-44a5-4f46-aef4-a30288c414db,2ce55221-e6ac-4e68-a139-89c65c486551,1ed1377f-7dbb-4d8f-86aa-2eebceadee2b:User 164,DENIED
2026,1月,11,周日,20:27:10,7CC6112F,59306181-f165-4645-8b4c-2bfed7a96f64,d7c26892-d2d2-4ad1-b74b-456664459590,fb30d9c2-1403-45f2-894a-78dbc8536890:User 34,DENIED
2026,1月,11,周日,20:27:10,2930667D,d777dc15-826e-439a-a544-ad16591daa7d,788dd0e0-5b8f-4125-b501-356f2e66f766,9126290b-703b-4a59-855a-f6a0ff597d0e:User 30,DENIED
2026,1月,11,周日,20:27:10,4F3982D5,fb3cf09a-dde4-41c0-972d-983e578ac120,b1f6d680-200e-42be-a15e-ca718304cff7,da0b10a1-38a5-435b-8364-f7e53e67d500:User 90,DENIED
2026,1月,11,周日,20:27:10,B116165E,5f741446-39a7-4d45-9906-cddcfd4f5658,80e24623-c1fa-4a45-8edf-cbd2377e52a6,4f42d81f-72c9-49d4-b1bb-a23511ab043b:User 173,DENIED
2026,1月,11,周日,20:27:10,F90AFD2C,747204d4-1207-4613-b1f6-1123a64d4bae,c7db699a-0fcc-4dd1-93dd-ded492ecc52d,6d164f8c-56f5-4503-82f9-d15b02f897f9:User 169,DENIED
2026,1月,11,周日,20:27:10,7A83F4EA,ba1fffd1-2a67-4cb9-90a1-7228035dbb99,0422e414-4fa9-48ec-a7d9-43200f68b098,d8115d85-4701-4462-9119-ddeff4a2e015:User 47,DENIED
2026,1月,11,周日,20:27:10,7A83F4EA,70ad87f3-147f-4f03-a266-ca45ad21148c,efabfe47-19e8-43db-a45f-5498415d978c,d8115d85-4701-4462-9119-ddeff4a2e015:User 47,DENIED
2026,1月,11,周日,20:27:10,B00FD960,621f42d2-6033-4dd5-86bc-3ef95ac4f347,1243ed84-de07-4125-9e0e-719db7e75dbc,0ef0ca5c-e68a-431f-832f-edec67e2821f:User 6,DENIED
2026,1月,11,周日,20:27:11,D85AA816,12eba4f8-180f-4727-836c-80337bbfde81,b0591a0f-a5c6-4c92-b893-9d51d8f1a4da,40dbda3d-3778-48c5-bfea-fac01d37a5bd:User 64,DENIED
2026,1月,11,周日,20:27:11,E402A6B9,53687c24-f9ea-4921-96c9-23e524e9ab10,813e4e52-5a00-413c-a891-05013da581ff,89ee785a-57c2-438c-9fa2-f51a0a125948:User 100,DENIED
2026,1月,11,周日,20:27:11,EA75E185,641f008a-67f7-4eb0-8dc5-9db82e0f2a65,7cca50aa-de0d-4292-babb-80ab0f12add2,55d0c6d8-8d73-4314-b94c-10c66cdcfcef:User 178,DENIED
2026,1月,11,周日,20:27:11,EB24E709,ba1fffd1-2a67-4cb9-90a1-7228035dbb99,0422e414-4fa9-48ec-a7d9-43200f68b098,13b82b32-091c-42a7-a253-606c5f66f4b3:User 8,DENIED
2026,1月,11,周日,20:27:11,70086B31,322e4308-8a53-4e5b-88e0-75c295071b97,49c27197-4186-4607-bdc4-b91c1fbfb68b,26733b01-91f4-4a55-8e2a-d115f6ba576e:User 114,DENIED
2026,1月,11,周日,20:27:11,38C54819,5c980ee0-2ea8-4567-a531-5eaa984a1a4a,a2b08738-cba6-4f87-9011-d2897b29cfa4,9d502ca4-e3bc-4000-83bd-dde84b77a006:User 49,DENIED
2026,1月,11,周日,20:27:11,4F3982D5,914ebf41-7847-419d-ae5b-45986f4ee3c8,dc040e2b-56aa-4ba2-9a35-beb305625d9c,da0b10a1-38a5-435b-8364-f7e53e67d500:User 90,DENIED
2026,1月,11,周日,20:27:11,B9286695,52693879-01fa-45f0-9fca-666e027b53f1,4163061f-41ab-4dfb-bfc7-a334ed885086,67fb6e63-b37a-4cb9-b8a3-1a09de7b301c:User 102,DENIED
2026,1月,11,周日,20:27:11,D85AA816,16b02378-7e5f-4848-928c-70a50df32db6,c65121ab-12fc-4966-b806-c87dd3b7f076,40dbda3d-3778-48c5-bfea-fac01d37a5bd:User 64,DENIED
2026,1月,11,周日,20:27:11,8B447AD6,9ca441b2-b1a1-4920-ba5c-6dbfa867e3e8,cdc6f9a1-a7c1-4db8-a639-497a80d2f94b,99c47a0e-79b2-4222-9578-725634ddc8b7:User 191,DENIED
2026,1月,11,周日,20:27:11,0D4DA49E,9da65607-0afe-41b0-bbfa-082f65d3c420,0a7b150c-13a9-4c01-bd24-601d9e4546fa,ac7653f0-0b71-4aef-99af-e77028e56116:User 78,DENIED
2026,1月,11,周日,20:27:11,57932A8F,c562380c-bdd3-4f70-bbfb-a757e48413a7,b85ea175-7378-411e-a070-d9592b52676c,4baec69a-11de-4ff9-8fcc-e0cae0accbdf:User 60,DENIED
2026,1月,11,周日,20:27:11,2F5E89E9,e7e0bc70-3e5a-43f9-be48-c4ba0341bdaa,f89fb1b7-1db9-4975-80a5-c3a85f6f4574,a7599f54-5360-4aef-bd47-9e083bc1c3cf:User 25,DENIED
2026,1月,11,周日,20:27:11,324296E8,5f078c7b-e28e-4f96-8ee4-d2868ba692f9,ad62e913-8354-4349-adc0-2dd51be30df9,3da28cb6-8ddf-4090-af58-5363df288dcb:User 104,DENIED
2026,1月,11,周日,20:27:11,67D9DCB3,732ab68f-bbee-4ded-8c9a-1eac02ef4fcf,b75dbdaf-0548-4dd8-ae94-981684ee6a79,34df1631-219a-4117-8fa4-8418e10e3e7f:User 128,DENIED
2026,1月,11,周日,20:27:11,0577FAB4,9da65607-0afe-41b0-bbfa-082f65d3c420,0a7b150c-13a9-4c01-bd24-601d9e4546fa,00c641a2-fd9b-48b3-a24d-7e010ea0a7b6:User 70,DENIED
2026,1月,11,周日,20:27:11,D060955A,732ab68f-bbee-4ded-8c9a-1eac02ef4fcf,b75dbdaf-0548-4dd8-ae94-981684ee6a79,17d4ad2d-26d5-4b14-a442-951045dde85e:User 120,DENIED
2026,1月,11,周日,20:27:11,D0034527,870c05c9-2e70-41a4-bf93-85de484a726a,51af542a-7613-42be-920d-f6a3b455a10b,861d17fe-c423-4b70-98b9-17f909ca5a89:User 101,DENIED
2026,1月,11,周日,20:27:11,C627B25D,c562380c-bdd3-4f70-bbfb-a757e48413a7,b85ea175-7378-411e-a070-d9592b52676c,9d5e9fe2-c55b-4885-9d1f-b045e670f677:User 195,DENIED
2026,1月,11,周日,20:27:11,4F3982D5,5f741446-39a7-4d45-9906-cddcfd4f5658,80e24623-c1fa-4a45-8edf-cbd2377e52a6,da0b10a1-38a5-435b-8364-f7e53e67d500:User 90,DENIED
2026,1月,11,周日,20:27:11,B116165E,d5ac040c-b74e-4341-8ef2-eb2cae95c04b,e26a09ae-48de-463f-81b9-bac8f7dba6d4,4f42d81f-72c9-49d4-b1bb-a23511ab043b:User 173,DENIED
2026,1月,11,周日,20:27:11,38707C1A,297874e0-a56b-4ce9-b02b-30504ec46f4c,87583732-aff9-43ab-81be-ea7312152eb0,bd89d26e-0292-40c7-8234-4a258202c129:User 34,DENIED
2026,1月,11,周日,20:27:11,CD09BDCF,d777dc15-826e-439a-a544-ad16591daa7d,788dd0e0-5b8f-4125-b501-356f2e66f766,7187e862-2f09-4700-8f14-20d23954a77b:User 11,DENIED
2026,1月,11,周日,20:27:11,9DC3FE7B,d5ac040c-b74e-4341-8ef2-eb2cae95c04b,e26a09ae-48de-463f-81b9-bac8f7dba6d4,2a124bd4-b6ae-4aa7-a618-ee436160ec6a:User 68,DENIED
2026,1月,11,周日,20:27:11,64B36B6E,52693879-01fa-45f0-9fca-666e027b53f1,4163061f-41ab-4dfb-bfc7-a334ed885086,4034ffc9-3b05-4ae3-9cb4-12823a52589b:User 148,DENIED
2026,1月,11,周日,20:27:11,814FAAAC,53687c24-f9ea-4921-96c9-23e524e9ab10,813e4e52-5a00-413c-a891-05013da581ff,2ed91bb1-4305-4995-953a-b43b4a820515:User 93,DENIED
2026,1月,11,周日,20:27:11,7C533D82,5c980ee0-2ea8-4567-a531-5eaa984a1a4a,a2b08738-cba6-4f87-9011-d2897b29cfa4,6e4db8c8-a39f-41aa-9345-7203a4f75a0d:User 131,DENIED
2026,1月,11,周日,20:27:11,31171503,79f2879a-de1b-4f95-b5aa-4f3982938ce4,b6ede591-f236-44b5-9607-96f7a84ac0bc,9332c8f0-8d89-48a7-b23c-a607b3c59635:User 39,DENIED
2026,1月,11,周日,20:27:11,C11B3181,d6dea81b-2545-441f-91ce-46d206777f11,ecb54cca-7179-4f82-905b-04bc2c58c746,5e84a79c-0540-4ccd-ac63-23d95893ebe4:User 187,DENIED
2026,1月,11,周日,20:27:11,3433A538,5f078c7b-e28e-4f96-8ee4-d2868ba692f9,ad62e913-8354-4349-adc0-2dd51be30df9,b287aaeb-4bae-4bd4-a1a6-311a4c77d7d5:User 58,DENIED
2026,1月,11,周日,20:27:11,476605A4,f19a373d-67c4-48ed-bfe3-3ef0796536e9,f70c1588-d00b-4277-b450-0af3f6feef11,02cb5fac-986c-4f62-842a-63b1c3f708c8:User 2,DENIED
2026,1月,11,周日,20:27:11,855078EF,297874e0-a56b-4ce9-b02b-30504ec46f4c,87583732-aff9-43ab-81be-ea7312152eb0,ae64ef71-8f08-459e-b0b8-4a594f0e37ce:User 36,DENIED
2026,1月,11,周日,20:27:11,CB51051E,79e166cb-e810-4bd7-b3da-8c2063a10654,868714f4-8c61-4b5d-9f10-e22d9b969143,cc21bafb-9e4c-4db3-a24e-c2fb712d0cec:User 185,DENIED
2026,1月,11,周日,20:27:11,16BFFB17,f19a373d-67c4-48ed-bfe3-3ef0796536e9,f70c1588-d00b-4277-b450-0af3f6feef11,90cc9266-276d-4df4-a5ba-1f598bc61398:User 18,DENIED
2026,1月,11,周日,20:27:11,6DA5DC5B,52693879-01fa-45f0-9fca-666e027b53f1,4163061f-41ab-4dfb-bfc7-a334ed885086,22e98270-910d-4593-8abe-ee9661dfcde9:User 167,DENIED
2026,1月,11,周日,20:27:11,25FB24D1,f3eef4d7-17e3-4e42-9b9b-aabe03d81560,5953690c-45c9-4f40-b5b3-df067ecf4cab,8c284b9e-1b43-485d-b781-eef32469232d:User 182,DENIED
2026,1月,11,周日,20:27:11,D060955A,1b66869a-b709-4954-8b97-e7c2bfe17fdc,3a6ee9f2-ec0c-4b6d-90e4-fca4b3cdb3ba,17d4ad2d-26d5-4b14-a442-951045dde85e:User 120,DENIED
2026,1月,11,周日,20:27:11,4F3982D5,729ef629-44a5-4f46-aef4-a30288c414db,2ce55221-e6ac-4e68-a139-89c65c486551,da0b10a1-38a5-435b-8364-f7e53e67d500:User 90,DENIED
2026,1月,11,周日,20:27:11,47F64880,89dc19d8-6391-4ce5-ac5f-40e1a0306b5c,9287f79c-a896-4a17-adbe-ae5c1cd8fb29,ca2e8d6d-e4e6-4091-b4f9-eddd20fdd77b:User 116,DENIED
2026,1月,11,周日,20:27:11,2930667D,d5ac040c-b74e-4341-8ef2-eb2cae95c04b,e26a09ae-48de-463f-81b9-bac8f7dba6d4,9126290b-703b-4a59-855a-f6a0ff597d0e:User 30,DENIED
2026,1月,11,周日,20:27:11,CEA9B78B,c562380c-bdd3-4f70-bbfb-a757e48413a7,b85ea175-7378-411e-a070-d9592b52676c,7db90e78-568e-4f55-a4f1-49128f68c697:User 82,DENIED
2026,1月,11,周日,20:27:11,6D7F7841,89dc19d8-6391-4ce5-ac5f-40e1a0306b5c,9287f79c-a896-4a17-adbe-ae5c1cd8fb29,8c2c2a59-b90d-4e36-ad9b-ba1d05c50600:User 179,DENIED
2026,1月,11,周日,20:27:11,6255D1D3,e7e0bc70-3e5a-43f9-be48-c4ba0341bdaa,f89fb1b7-1db9-4975-80a5-c3a85f6f4574,92a92ac9-ac89-461a-a5d4-0c54a298af26:User 136,DENIED
2026,1月,11,周日,20:27:11,DA778815,914ebf41-7847-419d-ae5b-45986f4ee3c8,dc040e2b-56aa-4ba2-9a35-beb305625d9c,7d623ab5-c21d-4eb8-990e-c100c2a4db94:User 16,DENIED
2026,1月,11,周日,20:27:11,BACB8EDD,65693a88-73e2-4cea-a7a1-f9f66e87e987,46c3835b-f0b7-46f9-a1a8-e60f92cc743a,d44a48d0-bdea-4613-9931-280703e6d79b:User 145,DENIED
2026,1月,11,周日,20:27:11,FD8EEC6E,5f078c7b-e28e-4f96-8ee4-d2868ba692f9,ad62e913-8354-4349-adc0-2dd51be30df9,272c62c6-8acb-41a1-98f9-bb4a79c895ec:User 50,DENIED
2026,1月,11,周日,20:27:11,BF100359,621f42d2-6033-4dd5-86bc-3ef95ac4f347,1243ed84-de07-4125-9e0e-719db7e75dbc,696a5b7f-e60b-47d2-8720-78f5e4af1047:User 89,DENIED
2026,1月,11,周日,20:27:11,67D9DCB3,db243b05-b592-4199-a64e-3c9ee6e65fbd,8dfdb42d-05ec-4be5-a0f8-18a6420764cb,34df1631-219a-4117-8fa4-8418e10e3e7f:User 128,DENIED
2026,1月,11,周日,20:27:11,5CC70470,fb3cf09a-dde4-41c0-972d-983e578ac120,b1f6d680-200e-42be-a15e-ca718304cff7,9fc1a5d1-0be6-4a0a-80f5-e5d86ff87ae7:User 172,DENIED
2026,1月,11,周日,20:27:11,E402A6B9,4fc60dbb-44c0-4399-ac1a-cfac8d0102c8,715e699d-3040-442f-9f38-68c70a0f67d0,89ee785a-57c2-438c-9fa2-f51a0a125948:User 100,DENIED
2026,1月,11,周日,20:27:11,70D23C79,c54729aa-fce2-4e14-badc-5f7fbfa1de49,8af984fb-ae86-4385-8e7e-b9b56beaf03f,1c03c13e-f18b-4d12-98f9-b227892847ad:User 170,DENIED
2026,1月,11,周日,20:27:11,6E3CCB5C,1b66869a-b709-4954-8b97-e7c2bfe17fdc,3a6ee9f2-ec0c-4b6d-90e4-fca4b3cdb3ba,4407037a-4c60-4596-83c8-600ec230148b:User 142,DENIED
2026,1月,11,周日,20:27:11,0267D8BC,d777dc15-826e-439a-a544-ad16591daa7d,788dd0e0-5b8f-4125-b501-356f2e66f766,4e36b971-92d3-44c1-bfc3-bb33ba0dec05:User 35,DENIED
2026,1月,11,周日,20:27:11,AA1B2884,c562380c-bdd3-4f70-bbfb-a757e48413a7,b85ea175-7378-411e-a070-d9592b52676c,dc8f0c7b-d444-4b44-84ec-634493337fce:User 111,DENIED
2026,1月,11,周日,20:27:11,648AAE4A,79f2879a-de1b-4f95-b5aa-4f3982938ce4,b6ede591-f236-44b5-9607-96f7a84ac0bc,cfd2e3b6-e4d1-43df-b68f-30c66c041e2f:User 109,DENIED
2026,1月,11,周日,20:27:11,C65D213C,c562380c-bdd3-4f70-bbfb-a757e48413a7,b85ea175-7378-411e-a070-d9592b52676c,c2be5229-9958-411b-a8d8-efa8a9654fe3:User 26,DENIED
2026,1月,11,周日,20:27:11,0930626F,01260115-5e52-42db-ad95-ec77bcd659b8,08a7dff8-aa46-40b0-bd88-7a7c8416c011,046cc824-12d0-454b-8e66-1709a4ef97a9:User 28,DENIED
2026,1月,11,周日,20:27:11,706CA1E2,12eba4f8-180f-4727-836c-80337bbfde81,b0591a0f-a5c6-4c92-b893-9d51d8f1a4da,fdcfce63-9871-449f-92d5-a5b98a283b36:User 147,DENIED
2026,1月,11,周日,20:27:11,A9D8C3D4,db243b05-b592-4199-a64e-3c9ee6e65fbd,8dfdb42d-05ec-4be5-a0f8-18a6420764cb,9e479f4c-9bf4-4e74-9ad6-9becbf08a60e:User 129,DENIED
2026,1月,11,周日,20:27:11,D060955A,af93e80c-505a-4f4a-a0e6-81ebd2faa429,4559ddc4-146e-4795-934b-389ea44d10f7,17d4ad2d-26d5-4b14-a442-951045dde85e:User 120,DENIED
2026,1月,11,周日,20:27:11,38707C1A,9da65607-0afe-41b0-bbfa-082f65d3c420,0a7b150c-13a9-4c01-bd24-601d9e4546fa,bd89d26e-0292-40c7-8234-4a258202c129:User 34,DENIED
2026,1月,11,周日,20:27:11,FA25DC83,322e4308-8a53-4e5b-88e0-75c295071b97,49c27197-4186-4607-bdc4-b91c1fbfb68b,e402cbd3-0228-4588-a54a-f918251d6f59:User 154,DENIED
2026,1月,11,周日,20:27:11,32DB0D3A,297874e0-a56b-4ce9-b02b-30504ec46f4c,87583732-aff9-43ab-81be-ea7312152eb0,42f77996-1313-4c2d-b7bd-09102d3e87ce:User 175,DENIED
2026,1月,11,周日,20:27:11,8B447AD6,01260115-5e52-42db-ad95-ec77bcd659b8,08a7dff8-aa46-40b0-bd88-7a7c8416c011,99c47a0e-79b2-4222-9578-725634ddc8b7:User 191,DENIED
2026,1月,11,周日,20:27:11,97D8AD3C,621f42d2-6033-4dd5-86bc-3ef95ac4f347,1243ed84-de07-4125-9e0e-719db7e75dbc,5f3ca9d9-1852-4405-8312-35c963c52342:User 44,DENIED
2026,1月,11,周日,20:27:11,D1350950,db243b05-b592-4199-a64e-3c9ee6e65fbd,8dfdb42d-05ec-4be5-a0f8-18a6420764cb,436c83c2-32e3-4cd9-b628-77a832afe607:User 80,DENIED
2026,1月,11,周日,20:27:11,0930626F,c562380c-bdd3-4f70-bbfb-a757e48413a7,b85ea175-7378-411e-a070-d9592b52676c,046cc824-12d0-454b-8e66-1709a4ef97a9:User 28,DENIED
2026,1月,11,周日,20:27:11,7A83F4EA,59306181-f165-4645-8b4c-2bfed7a96f64,d7c26892-d2d2-4ad1-b74b-456664459590,d8115d85-4701-4462-9119-ddeff4a2e015:User 47,DENIED
2026,1月,11,周日,20:27:11,DD40D232,70ad87f3-147f-4f03-a266-ca45ad21148c,efabfe47-19e8-43db-a45f-5498415d978c,a90c7076-f938-4a20-924a-44c22bce753e:User 61,DENIED
2026,1月,11,周日,20:27:11,80FBFCDD,f19a373d-67c4-48ed-bfe3-3ef0796536e9,f70c1588-d00b-4277-b450-0af3f6feef11,b06a469d-42fb-4ba4-8f5b-2590ab842f7c:User 33,DENIED
2026,1月,11,周日,20:27:11,B9E78EF0,01260115-5e52-42db-ad95-ec77bcd659b8,08a7dff8-aa46-40b0-bd88-7a7c8416c011,cfd3a6c3-c232-4e29-ba0e-35b711164699:User 134,DENIED
2026,1月,11,周日,20:27:11,B23ABBB2,dff57c19-308d-461c-8dea-13d9a7e54222,13fdec8c-3dd9-4a53-aaab-ca535abe2cb5,1689d69e-2b18-4419-8dd9-a3a8910b2235:User 11,DENIED
2026,1月,11,周日,20:27:11,35AF238D,5f078c7b-e28e-4f96-8ee4-d2868ba692f9,ad62e913-8354-4349-adc0-2dd51be30df9,9c4ab1f8-250a-4970-bf4f-a50e221e7400:User 4,DENIED
2026,1月,11,周日,20:27:11,B6F766FB,9ca441b2-b1a1-4920-ba5c-6dbfa867e3e8,cdc6f9a1-a7c1-4db8-a639-497a80d2f94b,bb37418a-373d-45b1-be5e-ef1d6f220782:User 192,DENIED
2026,1月,11,周日,20:27:11,D526D0C2,dff57c19-308d-461c-8dea-13d9a7e54222,13fdec8c-3dd9-4a53-aaab-ca535abe2cb5,6938592c-9b26-43de-b03c-bd6166d2ae3e:User 117,DENIED
2026,1月,11,周日,20:27:11,6ADA9637,9da65607-0afe-41b0-bbfa-082f65d3c420,0a7b150c-13a9-4c01-bd24-601d9e4546fa,a9729d54-1ae2-4d71-a4c9-ce6383348205:User 161,DENIED
2026,1月,11,周日,20:27:11,0022BFC1,70ad87f3-147f-4f03-a266-ca45ad21148c,efabfe47-19e8-43db-a45f-5498415d978c,a4f31604-eddd-4774-bf27-36124059f8a2:User 12,DENIED
2026,1月,11,周日,20:27:11,25FB24D1,9ca441b2-b1a1-4920-ba5c-6dbfa867e3e8,cdc6f9a1-a7c1-4db8-a639-497a80d2f94b,8c284b9e-1b43-485d-b781-eef32469232d:User 182,DENIED
2026,1月,11,周日,20:27:11,E69FFE02,f3eef4d7-17e3-4e42-9b9b-aabe03d81560,5953690c-45c9-4f40-b5b3-df067ecf4cab,d619e61f-c079-4656-b928-37c72cf7eee6:User 97,DENIED
2026,1月,11,周日,20:27:11,867843A7,db243b05-b592-4199-a64e-3c9ee6e65fbd,8dfdb42d-05ec-4be5-a0f8-18a6420764cb,b1281618-48d9-48a5-9937-0ff94fbd091e:User 15,DENIED
2026,1月,11,周日,20:27:11,69F6436F,89dc19d8-6391-4ce5-ac5f-40e1a0306b5c,9287f79c-a896-4a17-adbe-ae5c1cd8fb29,b8bd3746-aaca-448f-afbc-4a7a41db4275:User 146,DENIED
2026,1月,11,周日,20:27:11,E823B1B5,c562380c-bdd3-4f70-bbfb-a757e48413a7,b85ea175-7378-411e-a070-d9592b52676c,2b0aeb7c-3f54-48f1-bf4c-f2e10f5b002f:User 1,DENIED
2026,1月,11,周日,20:27:11,0577FAB4,e7e0bc70-3e5a-43f9-be48-c4ba0341bdaa,f89fb1b7-1db9-4975-80a5-c3a85f6f4574,00c641a2-fd9b-48b3-a24d-7e010ea0a7b6:User 70,DENIED
2026,1月,11,周日,20:27:11,BB8111DA,978f2cda-ac0b-466d-85e6-c0047665e857,444d8a1b-a6c6-4ce2-9b80-bccc31441c5e,0f0cf15a-ca2e-400c-8c56-a98b71965c1b:User 23,DENIED
2026,1月,11,周日,20:27:11,7FA174B4,924693ab-4968-4524-b4b2-be6e548af518,0b14d6c7-f34b-409f-a647-b67d8f795308,74267ca7-0750-4ecf-b2a1-82d532678ed0:User 156,DENIED
2026,1月,11,周日,20:27:11,BF100359,322e4308-8a53-4e5b-88e0-75c295071b97,49c27197-4186-4607-bdc4-b91c1fbfb68b,696a5b7f-e60b-47d2-8720-78f5e4af1047:User 89,DENIED
2026,1月,11,周日,20:27:11,578EF3A0,bd6e0c72-d0ea-4b60-ac0a-f371cfce9fcd,7bfe268b-3120-4387-ad55-4e08de557456,465e15e0-481b-46cd-b1dc-6d7558d6c291:User 27,DENIED
2026,1月,11,周日,20:27:11,EB24E709,65693a88-73e2-4cea-a7a1-f9f66e87e987,46c3835b-f0b7-46f9-a1a8-e60f92cc743a,13b82b32-091c-42a7-a253-606c5f66f4b3:User 8,DENIED
2026,1月,11,周日,20:27:11,D01762E7,1b66869a-b709-4954-8b97-e7c2bfe17fdc,3a6ee9f2-ec0c-4b6d-90e4-fca4b3cdb3ba,09b07d8d-d580-4acc-84b1-370236a788ed:User 22,DENIED
2026,1月,11,周日,20:27:11,2F5E89E9,9ca441b2-b1a1-4920-ba5c-6dbfa867e3e8,cdc6f9a1-a7c1-4db8-a639-497a80d2f94b,a7599f54-5360-4aef-bd47-9e083bc1c3cf:User 25,DENIED
2026,1月,11,周日,20:27:11,618F82E6,59306181-f165-4645-8b4c-2bfed7a96f64,d7c26892-d2d2-4ad1-b74b-456664459590,c2579e01-2ae1-486b-9a0c-55fea27f3a93:User 124,DENIED
2026,1月,11,周日,20:27:11,729BC539,f19a373d-67c4-48ed-bfe3-3ef0796536e9,f70c1588-d00b-4277-b450-0af3f6feef11,5cba0059-82ce-46ac-8593-532009507aa1:User 48,DENIED
2026,1月,11,周日,20:27:11,C48156E5,16b02378-7e5f-4848-928c-70a50df32db6,c65121ab-12fc-4966-b806-c87dd3b7f076,629af980-0eec-4ea4-88de-cbbec17d1909:User 9,DENIED
2026,1月,11,周日,20:27:11,320867A8,732ab68f-bbee-4ded-8c9a-1eac02ef4fcf,b75dbdaf-0548-4dd8-ae94-981684ee6a79,def8f79e-6344-4b26-be6f-43d1696f9f0a:User 46,DENIED
2026,1月,11,周日,20:27:11,3E787EAE,a3668d39-fb96-48e5-948d-d8d77eb1782f,69089920-6b00-4a9d-8de6-871d47f03e6c,6204f451-af18-423a-8eec-177b1e6b0cc7:User 113,DENIED
2026,1月,11,周日,20:27:11,AA32C9A3,870c05c9-2e70-41a4-bf93-85de484a726a,51af542a-7613-42be-920d-f6a3b455a10b,af5af381-379e-46b8-8b81-fdb2c77dd07c:User 50,DENIED
2026,1月,11,周日,20:27:11,946F7BE3,f3eef4d7-17e3-4e42-9b9b-aabe03d81560,5953690c-45c9-4f40-b5b3-df067ecf4cab,cc4141ee-bca5-4f59-8595-c446b1b5be92:User 177,DENIED
2026,1月,11,周日,20:27:11,AC1545C4,a3668d39-fb96-48e5-948d-d8d77eb1782f,69089920-6b00-4a9d-8de6-871d47f03e6c,30b18901-8263-4bd0-b460-ca51010425d4:User 24,DENIED
2026,1月,11,周日,20:27:11,F90AFD2C,9620bf95-f2fc-481f-9a3b-db9d43dfadf1,850c8962-9f45-4aa4-9f24-0111562de84b,6d164f8c-56f5-4503-82f9-d15b02f897f9:User 169,DENIED
2026,1月,11,周日,20:27:11,086E3300,5f078c7b-e28e-4f96-8ee4-d2868ba692f9,ad62e913-8354-4349-adc0-2dd51be30df9,e869d877-4d4e-49f1-a0c0-022395b9049f:User 55,DENIED
2026,1月,11,周日,20:27:11,578EF3A0,d5ac040c-b74e-4341-8ef2-eb2cae95c04b,e26a09ae-48de-463f-81b9-bac8f7dba6d4,465e15e0-481b-46cd-b1dc-6d7558d6c291:User 27,DENIED
2026,1月,11,周日,20:27:11,67D9DCB3,53687c24-f9ea-4921-96c9-23e524e9ab10,813e4e52-5a00-413c-a891-05013da581ff,34df1631-219a-4117-8fa4-8418e10e3e7f:User 128,DENIED
2026,1月,11,周日,20:27:11,F48814BB,1b66869a-b709-4954-8b97-e7c2bfe17fdc,3a6ee9f2-ec0c-4b6d-90e4-fca4b3cdb3ba,e57bb913-0d88-4748-a6c9-bd9cd54db129:User 12,DENIED
2026,1月,11,周日,20:27:11,6F42EB0E,c54729aa-fce2-4e14-badc-5f7fbfa1de49,8af984fb-ae86-4385-8e7e-b9b56beaf03f,3ec889e4-c3e3-43be-8f91-1f3e04347838:User 83,DENIED
2026,1月,11,周日,20:27:11,53FA4769,af93e80c-505a-4f4a-a0e6-81ebd2faa429,4559ddc4-146e-4795-934b-389ea44d10f7,7aac74ef-3078-46e1-841f-7b1a84c5bad1:User 69,DENIED
2026,1月,11,周日,20:27:11,4EAB30D6,914ebf41-7847-419d-ae5b-45986f4ee3c8,dc040e2b-56aa-4ba2-9a35-beb305625d9c,a46155a8-5e53-49b7-a5f9-040b9c117fde:User 13,DENIED
2026,1月,11,周日,20:27:11,797220ED,db243b05-b592-4199-a64e-3c9ee6e65fbd,8dfdb42d-05ec-4be5-a0f8-18a6420764cb,75ee0253-5df1-4bb3-b971-54b15993399f:User 40,DENIED
2026,1月,11,周日,20:27:11,073D154B,a3668d39-fb96-48e5-948d-d8d77eb1782f,69089920-6b00-4a9d-8de6-871d47f03e6c,040dd8e5-ec5c-484a-8b6a-5b318e22bc46:User 108,DENIED
2026,1月,11,周日,20:27:11,F5C50449,5f078c7b-e28e-4f96-8ee4-d2868ba692f9,ad62e913-8354-4349-adc0-2dd51be30df9,8631bf50-bbe2-4ae3-a0d0-a62374e0fdca:User 10,DENIED
2026,1月,11,周日,20:27:11,D1350950,16b02378-7e5f-4848-928c-70a50df32db6,c65121ab-12fc-4966-b806-c87dd3b7f076,436c83c2-32e3-4cd9-b628-77a832afe607:User 80,DENIED
2026,1月,11,周日,20:27:11,61AE91D8,c562380c-bdd3-4f70-bbfb-a757e48413a7,b85ea175-7378-411e-a070-d9592b52676c,781b41c7-deb0-480d-86e6-e5868815fc39:User 14,DENIED
2026,1月,11,周日,20:27:11,FA25DC83,20bc60be-dcc6-4639-8666-e33ac7eff0d6,fa28c6a6-7674-417b-b44d-e75b815545c3,e402cbd3-0228-4588-a54a-f918251d6f59:User 154,DENIED
2026,1月,11,周日,20:27:11,6E3CCB5C,ba1fffd1-2a67-4cb9-90a1-7228035dbb99,0422e414-4fa9-48ec-a7d9-43200f68b098,4407037a-4c60-4596-83c8-600ec230148b:User 142,DENIED
2026,1月,11,周日,20:27:11,292208D4,c562380c-bdd3-4f70-bbfb-a757e48413a7,b85ea175-7378-411e-a070-d9592b52676c,b4b79259-6847-4905-954f-607056f6f425:User 29,DENIED
2026,1月,11,周日,20:27:11,A46832DD,4fc60dbb-44c0-4399-ac1a-cfac8d0102c8,715e699d-3040-442f-9f38-68c70a0f67d0,93fe1c6a-0ae8-40fe-92e9-896b10aaa36f:User 48,DENIED
2026,1月,11,周日,20:27:11,8345EC1C,79e166cb-e810-4bd7-b3da-8c2063a10654,868714f4-8c61-4b5d-9f10-e22d9b969143,0c85194c-5b53-4155-9ac4-f8d4fc386204:User 171,DENIED
2026,1月,11,周日,20:27:11,2F5E89E9,1b66869a-b709-4954-8b97-e7c2bfe17fdc,3a6ee9f2-ec0c-4b6d-90e4-fca4b3cdb3ba,a7599f54-5360-4aef-bd47-9e083bc1c3cf:User 25,DENIED
2026,1月,11,周日,20:27:11,D85AA816,db243b05-b592-4199-a64e-3c9ee6e65fbd,8dfdb42d-05ec-4be5-a0f8-18a6420764cb,40dbda3d-3778-48c5-bfea-fac01d37a5bd:User 64,DENIED
2026,1月,11,周日,20:27:11,DAA5A378,20bc60be-dcc6-4639-8666-e33ac7eff0d6,fa28c6a6-7674-417b-b44d-e75b815545c3,2fa2cc85-a79b-4a2e-b9bb-9fe02fd1ad55:User 7,DENIED
2026,1月,11,周日,20:27:11,320867A8,79e166cb-e810-4bd7-b3da-8c2063a10654,868714f4-8c61-4b5d-9f10-e22d9b969143,def8f79e-6344-4b26-be6f-43d1696f9f0a:User 46,DENIED
2026,1月,11,周日,20:27:11,0265E8BE,f4cf5168-8a65-4f89-9ee7-89b2310c43ce,782d47f0-3c55-4edb-a1b1-285f046ddfa7,6b4edd6a-a02c-4b9f-8801-5e960b40a1f4:User 3,DENIED
2026,1月,11,周日,20:27:11,E084A602,65693a88-73e2-4cea-a7a1-f9f66e87e987,46c3835b-f0b7-46f9-a1a8-e60f92cc743a,5026299c-147b-47cd-b489-f61dd66da97e:User 92,DENIED
2026,1月,11,周日,20:27:11,3AAF89F2,914ebf41-7847-419d-ae5b-45986f4ee3c8,dc040e2b-56aa-4ba2-9a35-beb305625d9c,029d5206-3c93-495b-a838-9fd384a2516a:User 46,DENIED
2026,1月,11,周日,20:27:11,0FEAC152,ba1fffd1-2a67-4cb9-90a1-7228035dbb99,0422e414-4fa9-48ec-a7d9-43200f68b098,a5e74279-ab26-4adf-84b2-ae3c04bffc20:User 188,DENIED
2026,1月,11,周日,20:27:11,447F6094,79e166cb-e810-4bd7-b3da-8c2063a10654,868714f4-8c61-4b5d-9f10-e22d9b969143,d4c31766-f19f-4d16-b333-f4e8a5001082:User 20,DENIED
2026,1月,11,周日,20:27:11,549FB451,be9c74f9-b0e5-4618-9e09-8b65355b062e,93141aef-f0e8-4064-80da-ceb24fa6efa1,b2669d45-f8e7-4ca8-b635-d80c82b973e0:User 133,DENIED
2026,1月,11,周日,20:27:11,E823B1B5,d777dc15-826e-439a-a544-ad16591daa7d,788dd0e0-5b8f-4125-b501-356f2e66f766,2b0aeb7c-3f54-48f1-bf4c-f2e10f5b002f:User 1,DENIED
2026,1月,11,周日,20:27:11,5A058B39,729ef629-44a5-4f46-aef4-a30288c414db,2ce55221-e6ac-4e68-a139-89c65c486551,83c55190-73ab-49a3-badf-9788f70038a8:User 91,DENIED
2026,1月,11,周日,20:27:11,7FA174B4,e7e0bc70-3e5a-43f9-be48-c4ba0341bdaa,f89fb1b7-1db9-4975-80a5-c3a85f6f4574,74267ca7-0750-4ecf-b2a1-82d532678ed0:User 156,DENIED
2026,1月,11,周日,20:27:11,729BC539,53687c24-f9ea-4921-96c9-23e524e9ab10,813e4e52-5a00-413c-a891-05013da581ff,5cba0059-82ce-46ac-8593-532009507aa1:User 48,DENIED
2026,1月,11,周日,20:27:11,E084A602,870c05c9-2e70-41a4-bf93-85de484a726a,51af542a-7613-42be-920d-f6a3b455a10b,5026299c-147b-47cd-b489-f61dd66da97e:User 92,DENIED
2026,1月,11,周日,20:27:11,CC77ABC3,732ab68f-bbee-4ded-8c9a-1eac02ef4fcf,b75dbdaf-0548-4dd8-ae94-981684ee6a79,8a342194-7f8d-4cc0-96e4-5188201218ec:User 184,DENIED
2026,1月,11,周日,20:27:11,073D154B,16b02378-7e5f-4848-928c-70a50df32db6,c65121ab-12fc-4966-b806-c87dd3b7f076,040dd8e5-ec5c-484a-8b6a-5b318e22bc46:User 108,DENIED
2026,1月,11,周日,20:27:11,DE842453,5f741446-39a7-4d45-9906-cddcfd4f5658,80e24623-c1fa-4a45-8edf-cbd2377e52a6,fcbaa7a2-cd83-4e9e-96a9-47d14060eb1e:User 197,DENIED
2026,1月,11,周日,20:27:11,98740610,9620bf95-f2fc-481f-9a3b-db9d43dfadf1,850c8962-9f45-4aa4-9f24-0111562de84b,6434e8d1-bbed-4058-9cef-60206e7e2d36:User 99,DENIED
2026,1月,11,周日,20:27:11,648AAE4A,16b02378-7e5f-4848-928c-70a50df32db6,c65121ab-12fc-4966-b806-c87dd3b7f076,cfd2e3b6-e4d1-43df-b68f-30c66c041e2f:User 109,DENIED
2026,1月,11,周日,20:27:11,10BD57CC,79e166cb-e810-4bd7-b3da-8c2063a10654,868714f4-8c61-4b5d-9f10-e22d9b969143,58250765-3f50-46af-98b9-9a501b03a483:User 73,DENIED
2026,1月,11,周日,20:27:11,0265E8BE,db243b05-b592-4199-a64e-3c9ee6e65fbd,8dfdb42d-05ec-4be5-a0f8-18a6420764cb,6b4edd6a-a02c-4b9f-8801-5e960b40a1f4:User 3,DENIED
2026,1月,11,周日,20:27:11,79DCDAFC,d5ac040c-b74e-4341-8ef2-eb2cae95c04b,e26a09ae-48de-463f-81b9-bac8f7dba6d4,dce203b0-b39b-4487-a9dd-8804acdbf34b:User 28,DENIED
2026,1月,11,周日,20:27:11,E3A0C4C8,be9c74f9-b0e5-4618-9e09-8b65355b062e,93141aef-f0e8-4064-80da-ceb24fa6efa1,d355927d-33e7-4611-bdb0-ba3251ca2064:User 51,DENIED
2026,1月,11,周日,20:27:11,64D6C16F,70ad87f3-147f-4f03-a266-ca45ad21148c,efabfe47-19e8-43db-a45f-5498415d978c,f6cacc04-0dc0-4896-8ff6-878f9e855de0:User 94,DENIED
2026,1月,11,周日,20:27:11,70D23C79,fb3cf09a-dde4-41c0-972d-983e578ac120,b1f6d680-200e-42be-a15e-ca718304cff7,1c03c13e-f18b-4d12-98f9-b227892847ad:User 170,DENIED
2026,1月,11,周日,20:27:11,40B866BE,db243b05-b592-4199-a64e-3c9ee6e65fbd,8dfdb42d-05ec-4be5-a0f8-18a6420764cb,b63ff382-2aa6-412a-a66a-b59e9710d9cf:User 127,DENIED
2026,1月,11,周日,20:27:11,5CC70470,641f008a-67f7-4eb0-8dc5-9db82e0f2a65,7cca50aa-de0d-4292-babb-80ab0f12add2,9fc1a5d1-0be6-4a0a-80f5-e5d86ff87ae7:User 172,DENIED
2026,1月,11,周日,20:27:11,0FEAC152,be9c74f9-b0e5-4618-9e09-8b65355b062e,93141aef-f0e8-4064-80da-ceb24fa6efa1,a5e74279-ab26-4adf-84b2-ae3c04bffc20:User 188,DENIED
2026,1月,11,周日,20:27:11,73DF6126,0be70602-ffb6-4703-b34b-1019cf76e655,8e762bad-5107-4ccb-91e4-20cb7d5cd5aa,f08983d2-07f8-4e0f-bd1e-e6441a486e37:User 183,DENIED
2026,1月,11,周日,20:27:11,324296E8,924693ab-4968-4524-b4b2-be6e548af518,0b14d6c7-f34b-409f-a647-b67d8f795308,3da28cb6-8ddf-4090-af58-5363df288dcb:User 104,DENIED
2026,1月,11,周日,20:27:11,BAE96C98,dff57c19-308d-461c-8dea-13d9a7e54222,13fdec8c-3dd9-4a53-aaab-ca535abe2cb5,bf62c1a9-b58f-4d1d-9d7e-d490020ba833:User 198,DENIED
2026,1月,11,周日,20:27:11,0022BFC1,ba1fffd1-2a67-4cb9-90a1-7228035dbb99,0422e414-4fa9-48ec-a7d9-43200f68b098,a4f31604-eddd-4774-bf27-36124059f8a2:User 12,DENIED
2026,1月,11,周日,20:27:11,7C36DC53,fb3cf09a-dde4-41c0-972d-983e578ac120,b1f6d680-200e-42be-a15e-ca718304cff7,fcc41e72-fbbe-49ce-bd88-5c8182237945:User 121,DENIED
2026,1月,11,周日,20:27:11,5B1769A9,641f008a-67f7-4eb0-8dc5-9db82e0f2a65,7cca50aa-de0d-4292-babb-80ab0f12add2,39596ebb-095e-42c4-a1f2-150a2b6ae65b:User 115,DENIED
2026,1月,11,周日,20:27:11,324296E8,20bc60be-dcc6-4639-8666-e33ac7eff0d6,fa28c6a6-7674-417b-b44d-e75b815545c3,3da28cb6-8ddf-4090-af58-5363df288dcb:User 104,DENIED
2026,1月,11,周日,20:27:11,8345EC1C,924693ab-4968-4524-b4b2-be6e548af518,0b14d6c7-f34b-409f-a647-b67d8f795308,0c85194c-5b53-4155-9ac4-f8d4fc386204:User 171,DENIED
2026,1月,11,周日,20:27:11,549FB451,d5ac040c-b74e-4341-8ef2-eb2cae95c04b,e26a09ae-48de-463f-81b9-bac8f7dba6d4,b2669d45-f8e7-4ca8-b635-d80c82b973e0:User 133,DENIED
2026,1月,11,周日,20:27:11,38707C1A,c54729aa-fce2-4e14-badc-5f7fbfa1de49,8af984fb-ae86-4385-8e7e-b9b56beaf03f,bd89d26e-0292-40c7-8234-4a258202c129:User 34,DENIED
2026,1月,11,周日,20:27:11,001A5DDA,e7e0bc70-3e5a-43f9-be48-c4ba0341bdaa,f89fb1b7-1db9-4975-80a5-c3a85f6f4574,a63794ba-befd-4756-9345-ddad63c4d2f7:User 143,DENIED
2026,1月,11,周日,20:27:11,0577FAB4,641f008a-67f7-4eb0-8dc5-9db82e0f2a65,7cca50aa-de0d-4292-babb-80ab0f12add2,00c641a2-fd9b-48b3-a24d-7e010ea0a7b6:User 70,DENIED
2026,1月,11,周日,20:27:11,AAE34986,d5ac040c-b74e-4341-8ef2-eb2cae95c04b,e26a09ae-48de-463f-81b9-bac8f7dba6d4,6ae05510-4677-4374-b2f2-febb44adb823:User 71,DENIED
2026,1月,11,周日,20:27:11,CD09BDCF,a3668d39-fb96-48e5-948d-d8d77eb1782f,69089920-6b00-4a9d-8de6-871d47f03e6c,7187e862-2f09-4700-8f14-20d23954a77b:User 11,DENIED
2026,1月,11,周日,20:27:11,415464E9,5f078c7b-e28e-4f96-8ee4-d2868ba692f9,ad62e913-8354-4349-adc0-2dd51be30df9,8f6b04ec-4e07-4053-ab08-032403ea4fdd:User 140,DENIED
2026,1月,11,周日,20:27:11,67D9DCB3,d5ac040c-b74e-4341-8ef2-eb2cae95c04b,e26a09ae-48de-463f-81b9-bac8f7dba6d4,34df1631-219a-4117-8fa4-8418e10e3e7f:User 128,DENIED
2026,1月,11,周日,20:27:11,1FE66774,5c980ee0-2ea8-4567-a531-5eaa984a1a4a,a2b08738-cba6-4f87-9011-d2897b29cfa4,7146ac90-31d0-4e24-a783-c9af12b34dea:User 42,DENIED
2026,1月,11,周日,20:27:11,64B36B6E,79e166cb-e810-4bd7-b3da-8c2063a10654,868714f4-8c61-4b5d-9f10-e22d9b969143,4034ffc9-3b05-4ae3-9cb4-12823a52589b:User 148,DENIED
2026,1月,11,周日,20:27:11,80FBFCDD,297874e0-a56b-4ce9-b02b-30504ec46f4c,87583732-aff9-43ab-81be-ea7312152eb0,b06a469d-42fb-4ba4-8f5b-2590ab842f7c:User 33,DENIED
2026,1月,11,周日,20:27:11,FAA7017A,1b66869a-b709-4954-8b97-e7c2bfe17fdc,3a6ee9f2-ec0c-4b6d-90e4-fca4b3cdb3ba,543c3609-3d67-498e-91f2-c8e7dc4b0e30:User 22,DENIED
2026,1月,11,周日,20:27:11,A3C30531,1b66869a-b709-4954-8b97-e7c2bfe17fdc,3a6ee9f2-ec0c-4b6d-90e4-fca4b3cdb3ba,dc0531cf-6327-4df8-81c6-f7413c1e3495:User 7,DENIED
2026,1月,11,周日,20:27:11,0577FAB4,70ad87f3-147f-4f03-a266-ca45ad21148c,efabfe47-19e8-43db-a45f-5498415d978c,00c641a2-fd9b-48b3-a24d-7e010ea0a7b6:User 70,DENIED
2026,1月,11,周日,20:27:11,1A9BFEDC,bd6e0c72-d0ea-4b60-ac0a-f371cfce9fcd,7bfe268b-3120-4387-ad55-4e08de557456,e8184696-361e-4dc5-adff-81aa31795601:User 13,DENIED
2026,1月,11,周日,20:27:11,789D2BEB,53687c24-f9ea-4921-96c9-23e524e9ab10,813e4e52-5a00-413c-a891-05013da581ff,d62fdb41-08d5-4e6d-9b09-5ee4c8db54b5:User 79,DENIED
2026,1月,11,周日,20:27:11,CC77ABC3,924693ab-4968-4524-b4b2-be6e548af518,0b14d6c7-f34b-409f-a647-b67d8f795308,8a342194-7f8d-4cc0-96e4-5188201218ec:User 184,DENIED
2026,1月,11,周日,20:27:11,67D9DCB3,5f741446-39a7-4d45-9906-cddcfd4f5658,80e24623-c1fa-4a45-8edf-cbd2377e52a6,34df1631-219a-4117-8fa4-8418e10e3e7f:User 128,DENIED
2026,1月,11,周日,20:27:11,80FBFCDD,f4cf5168-8a65-4f89-9ee7-89b2310c43ce,782d47f0-3c55-4edb-a1b1-285f046ddfa7,b06a469d-42fb-4ba4-8f5b-2590ab842f7c:User 33,DENIED
2026,1月,11,周日,20:27:11,C48156E5,0be70602-ffb6-4703-b34b-1019cf76e655,8e762bad-5107-4ccb-91e4-20cb7d5cd5aa,629af980-0eec-4ea4-88de-cbbec17d1909:User 9,DENIED
2026,1月,11,周日,20:27:11,47F64880,c54729aa-fce2-4e14-badc-5f7fbfa1de49,8af984fb-ae86-4385-8e7e-b9b56beaf03f,ca2e8d6d-e4e6-4091-b4f9-eddd20fdd77b:User 116,DENIED
2026,1月,11,周日,20:27:11,31171503,1b66869a-b709-4954-8b97-e7c2bfe17fdc,3a6ee9f2-ec0c-4b6d-90e4-fca4b3cdb3ba,9332c8f0-8d89-48a7-b23c-a607b3c59635:User 39,DENIED
2026,1月,11,周日,20:27:11,53D81431,89dc19d8-6391-4ce5-ac5f-40e1a0306b5c,9287f79c-a896-4a17-adbe-ae5c1cd8fb29,e10dd997-b967-4837-952d-7e5d5dbf0859:User 16,DENIED
2026,1月,11,周日,20:27:11,0022BFC1,16b02378-7e5f-4848-928c-70a50df32db6,c65121ab-12fc-4966-b806-c87dd3b7f076,a4f31604-eddd-4774-bf27-36124059f8a2:User 12,DENIED
2026,1月,11,周日,20:27:11,47F64880,1b66869a-b709-4954-8b97-e7c2bfe17fdc,3a6ee9f2-ec0c-4b6d-90e4-fca4b3cdb3ba,ca2e8d6d-e4e6-4091-b4f9-eddd20fdd77b:User 116,DENIED
2026,1月,11,周日,20:27:11,D9208A7E,be9c74f9-b0e5-4618-9e09-8b65355b062e,93141aef-f0e8-4064-80da-ceb24fa6efa1,00c1ab23-367e-487a-bb8c-af068f22c396:User 119,DENIED
2026,1月,11,周日,20:27:11,E0E7CABE,d5ac040c-b74e-4341-8ef2-eb2cae95c04b,e26a09ae-48de-463f-81b9-bac8f7dba6d4,83b7105d-517f-4f52-a2fa-8076120cba45:User 19,DENIED
2026,1月,11,周日,20:27:11,7DB77A37,d777dc15-826e-439a-a544-ad16591daa7d,788dd0e0-5b8f-4125-b501-356f2e66f766,83968731-74cc-4baf-990d-000f2f4a074b:User 18,DENIED
2026,1月,11,周日,20:27:11,D111582B,0be70602-ffb6-4703-b34b-1019cf76e655,8e762bad-5107-4ccb-91e4-20cb7d5cd5aa,f56d7dc9-1e04-4505-a4bb-e80a9e8d5908:User 123,DENIED
2026,1月,11,周日,20:27:11,6DA5DC5B,5f741446-39a7-4d45-9906-cddcfd4f5658,80e24623-c1fa-4a45-8edf-cbd2377e52a6,22e98270-910d-4593-8abe-ee9661dfcde9:User 167,DENIED
2026,1月,11,周日,20:27:11,D9208A7E,9ca441b2-b1a1-4920-ba5c-6dbfa867e3e8,cdc6f9a1-a7c1-4db8-a639-497a80d2f94b,00c1ab23-367e-487a-bb8c-af068f22c396:User 119,DENIED
2026,1月,11,周日,20:27:11,041A000C,12eba4f8-180f-4727-836c-80337bbfde81,b0591a0f-a5c6-4c92-b893-9d51d8f1a4da,e96c82f3-b87a-4f17-81b7-0e2b6c4a031c:User 174,DENIED
2026,1月,11,周日,20:27:11,C11B3181,1b66869a-b709-4954-8b97-e7c2bfe17fdc,3a6ee9f2-ec0c-4b6d-90e4-fca4b3cdb3ba,5e84a79c-0540-4ccd-ac63-23d95893ebe4:User 187,DENIED
2026,1月,11,周日,20:27:11,2930667D,d777dc15-826e-439a-a544-ad16591daa7d,788dd0e0-5b8f-4125-b501-356f2e66f766,9126290b-703b-4a59-855a-f6a0ff597d0e:User 30,DENIED
2026,1月,11,周日,20:27:11,931E3C47,bd6e0c72-d0ea-4b60-ac0a-f371cfce9fcd,7bfe268b-3120-4387-ad55-4e08de557456,be44d290-38d7-4bed-b1fa-d71abaa502e1:User 15,DENIED
2026,1月,11,周日,20:27:11,7FA174B4,e7e0bc70-3e5a-43f9-be48-c4ba0341bdaa,f89fb1b7-1db9-4975-80a5-c3a85f6f4574,74267ca7-0750-4ecf-b2a1-82d532678ed0:User 156,DENIED
2026,1月,11,周日,20:27:11,DE842453,53687c24-f9ea-4921-96c9-23e524e9ab10,813e4e52-5a00-413c-a891-05013da581ff,fcbaa7a2-cd83-4e9e-96a9-47d14060eb1e:User 197,DENIED
2026,1月,11,周日,20:27:11,8F4E2B56,fb3cf09a-dde4-41c0-972d-983e578ac120,b1f6d680-200e-42be-a15e-ca718304cff7,17ac47de-ce34-453f-bec5-656a59bc149e:User 110,DENIED
2026,1月,11,周日,20:27:11,432432A7,79e166cb-e810-4bd7-b3da-8c2063a10654,868714f4-8c61-4b5d-9f10-e22d9b969143,3a0cea6b-b22c-442e-ba9d-331dd1e0ba4b:User 44,DENIED
2026,1月,11,周日,20:27:11,7730706B,f4cf5168-8a65-4f89-9ee7-89b2310c43ce,782d47f0-3c55-4edb-a1b1-285f046ddfa7,ae2aea46-003f-409c-a5c4-989599b8aa09:User 87,DENIED
2026,1月,11,周日,20:27:11,D85AA816,870c05c9-2e70-41a4-bf93-85de484a726a,51af542a-7613-42be-920d-f6a3b455a10b,40dbda3d-3778-48c5-bfea-fac01d37a5bd:User 64,DENIED
2026,1月,11,周日,20:27:11,3315B240,01260115-5e52-42db-ad95-ec77bcd659b8,08a7dff8-aa46-40b0-bd88-7a7c8416c011,a8a08057-c29f-4101-957c-eb9b6d19d337:User 1,DENIED
2026,1月,11,周日,20:27:11,B9E78EF0,ba1fffd1-2a67-4cb9-90a1-7228035dbb99,0422e414-4fa9-48ec-a7d9-43200f68b098,cfd3a6c3-c232-4e29-ba0e-35b711164699:User 134,DENIED
2026,1月,11,周日,20:27:11,1A6C8370,53687c24-f9ea-4921-96c9-23e524e9ab10,813e4e52-5a00-413c-a891-05013da581ff,d9e52338-5b1f-4ace-8235-49bc7467e275:User 163,DENIED
2026,1月,11,周日,20:27:11,3E787EAE,f3eef4d7-17e3-4e42-9b9b-aabe03d81560,5953690c-45c9-4f40-b5b3-df067ecf4cab,6204f451-af18-423a-8eec-177b1e6b0cc7:User 113,DENIED
2026,1月,11,周日,20:27:11,40FDA30B,d6dea81b-2545-441f-91ce-46d206777f11,ecb54cca-7179-4f82-905b-04bc2c58c746,0c9a4ffa-7d98-493a-884d-bf353d18ff1c:User 56,DENIED
2026,1月,11,周日,20:27:11,6E3CCB5C,db243b05-b592-4199-a64e-3c9ee6e65fbd,8dfdb42d-05ec-4be5-a0f8-18a6420764cb,4407037a-4c60-4596-83c8-600ec230148b:User 142,DENIED
2026,1月,11,周日,20:27:12,9DC3FE7B,729ef629-44a5-4f46-aef4-a30288c414db,2ce55221-e6ac-4e68-a139-89c65c486551,2a124bd4-b6ae-4aa7-a618-ee436160ec6a:User 68,DENIED
2026,1月,11,周日,20:27:12,AE3F7738,924693ab-4968-4524-b4b2-be6e548af518,0b14d6c7-f34b-409f-a647-b67d8f795308,b68efa35-cc49-4a80-a9c4-c8da5392a145:User 122,DENIED
2026,1月,11,周日,20:27:12,40FDA30B,01260115-5e52-42db-ad95-ec77bcd659b8,08a7dff8-aa46-40b0-bd88-7a7c8416c011,0c9a4ffa-7d98-493a-884d-bf353d18ff1c:User 56,DENIED
2026,1月,11,周日,20:27:12,B927669E,9620bf95-f2fc-481f-9a3b-db9d43dfadf1,850c8962-9f45-4aa4-9f24-0111562de84b,0907fe91-884b-4ef4-9424-d8426abde257:User 32,DENIED
2026,1月,11,周日,20:27:12,797220ED,ba1fffd1-2a67-4cb9-90a1-7228035dbb99,0422e414-4fa9-48ec-a7d9-43200f68b098,75ee0253-5df1-4bb3-b971-54b15993399f:User 40,DENIED
2026,1月,11,周日,20:27:12,2A52FD69,9ca441b2-b1a1-4920-ba5c-6dbfa867e3e8,cdc6f9a1-a7c1-4db8-a639-497a80d2f94b,403919d4-c15f-4953-b2f1-4eb0158895df:User 41,DENIED
2026,1月,11,周日,20:27:12,D1350950,dff57c19-308d-461c-8dea-13d9a7e54222,13fdec8c-3dd9-4a53-aaab-ca535abe2cb5,436c83c2-32e3-4cd9-b628-77a832afe607:User 80,DENIED
2026,1月,11,周日,20:27:12,C11B3181,c54729aa-fce2-4e14-badc-5f7fbfa1de49,8af984fb-ae86-4385-8e7e-b9b56beaf03f,5e84a79c-0540-4ccd-ac63-23d95893ebe4:User 187,DENIED
2026,1月,11,周日,20:27:12,CB51051E,debab0d0-af9e-431a-9e80-00a7ace8ca1b,cf9cf014-b802-4795-8649-03a01ee41981,cc21bafb-9e4c-4db3-a24e-c2fb712d0cec:User 185,DENIED
2026,1月,11,周日,20:27:12,1E54360A,93ee461f-790a-4449-8527-be0ff2b412bf,8673c600-d01d-4cde-ad5e-94d3ee9d7fd9,44af10c7-bb6e-450e-98b9-e543b5b7cd85:User 189,DENIED
2026,1月,11,周日,20:27:12,618F82E6,e7e0bc70-3e5a-43f9-be48-c4ba0341bdaa,f89fb1b7-1db9-4975-80a5-c3a85f6f4574,c2579e01-2ae1-486b-9a0c-55fea27f3a93:User 124,DENIED
2026,1月,11,周日,20:27:12,46439497,f19a373d-67c4-48ed-bfe3-3ef0796536e9,f70c1588-d00b-4277-b450-0af3f6feef11,93dbc7a8-8cff-465b-8874-abbdb4dd71f6:User 132,DENIED
2026,1月,11,周日,20:27:12,6ADA9637,70ad87f3-147f-4f03-a266-ca45ad21148c,efabfe47-19e8-43db-a45f-5498415d978c,a9729d54-1ae2-4d71-a4c9-ce6383348205:User 161,DENIED
2026,1月,11,周日,20:27:12,273DF5BB,79f2879a-de1b-4f95-b5aa-4f3982938ce4,b6ede591-f236-44b5-9607-96f7a84ac0bc,d75937a2-cd4c-47bd-9ef2-9c2e113bbbbb:User 24,DENIED
2026,1月,11,周日,20:27:12,073D154B,be9c74f9-b0e5-4618-9e09-8b65355b062e,93141aef-f0e8-4064-80da-ceb24fa6efa1,040dd8e5-ec5c-484a-8b6a-5b318e22bc46:User 108,DENIED
2026,1月,11,周日,20:27:12,0C82E829,be9c74f9-b0e5-4618-9e09-8b65355b062e,93141aef-f0e8-4064-80da-ceb24fa6efa1,494b3dcf-368e-419d-838c-69bd3b8ad687:User 186,DENIED
2026,1月,11,周日,20:27:12,814FAAAC,9da65607-0afe-41b0-bbfa-082f65d3c420,0a7b150c-13a9-4c01-bd24-601d9e4546fa,2ed91bb1-4305-4995-953a-b43b4a820515:User 93,DENIED
2026,1月,11,周日,20:27:12,5C526355,297874e0-a56b-4ce9-b02b-30504ec46f4c,87583732-aff9-43ab-81be-ea7312152eb0,c252766c-8c45-4f1b-b27b-733facde7877:User 45,DENIED
2026,1月,11,周日,20:27:12,4D9EB54D,af93e80c-505a-4f4a-a0e6-81ebd2faa429,4559ddc4-146e-4795-934b-389ea44d10f7,4149a46c-0cd5-4b35-82d2-4f32ad1f715b:User 86,DENIED
2026,1月,11,周日,20:27:12,2F5E89E9,5f078c7b-e28e-4f96-8ee4-d2868ba692f9,ad62e913-8354-4349-adc0-2dd51be30df9,a7599f54-5360-4aef-bd47-9e083bc1c3cf:User 25,DENIED
2026,1月,11,周日,20:27:12,5C526355,52693879-01fa-45f0-9fca-666e027b53f1,4163061f-41ab-4dfb-bfc7-a334ed885086,c252766c-8c45-4f1b-b27b-733facde7877:User 45,DENIED
2026,1月,11,周日,20:27:12,C11B3181,a3668d39-fb96-48e5-948d-d8d77eb1782f,69089920-6b00-4a9d-8de6-871d47f03e6c,5e84a79c-0540-4ccd-ac63-23d95893ebe4:User 187,DENIED
2026,1月,11,周日,20:27:12,7859C1BD,978f2cda-ac0b-466d-85e6-c0047665e857,444d8a1b-a6c6-4ce2-9b80-bccc31441c5e,e39e9811-4bfa-4c58-85ef-2bd0fa68056b:User 152,DENIED
2026,1月,11,周日,20:27:12,D060955A,20bc60be-dcc6-4639-8666-e33ac7eff0d6,fa28c6a6-7674-417b-b44d-e75b815545c3,17d4ad2d-26d5-4b14-a442-951045dde85e:User 120,DENIED
2026,1月,11,周日,20:27:12,04C7D5C6,924693ab-4968-4524-b4b2-be6e548af518,0b14d6c7-f34b-409f-a647-b67d8f795308,afa2067e-0689-481d-90e1-8687db58674c:User 137,DENIED
2026,1月,11,周日,20:27:12,67D9DCB3,f19a373d-67c4-48ed-bfe3-3ef0796536e9,f70c1588-d00b-4277-b450-0af3f6feef11,34df1631-219a-4117-8fa4-8418e10e3e7f:User 128,DENIED
2026,1月,11,周日,20:27:12,F90AFD2C,641f008a-67f7-4eb0-8dc5-9db82e0f2a65,7cca50aa-de0d-4292-babb-80ab0f12add2,6d164f8c-56f5-4503-82f9-d15b02f897f9:User 169,DENIED
2026,1月,11,周日,20:27:12,B4C3DB06,f3eef4d7-17e3-4e42-9b9b-aabe03d81560,5953690c-45c9-4f40-b5b3-df067ecf4cab,69716518-a2de-4b8a-bd64-ecdce502e7bd:User 2,DENIED
2026,1月,11,周日,20:27:12,8661F24F,65693a88-73e2-4cea-a7a1-f9f66e87e987,46c3835b-f0b7-46f9-a1a8-e60f92cc743a,213f8fa9-e6fa-46bb-82a1-1c459f2c5882:User 81,DENIED
2026,1月,11,周日,20:27:12,32DB0D3A,924693ab-4968-4524-b4b2-be6e548af518,0b14d6c7-f34b-409f-a647-b67d8f795308,42f77996-1313-4c2d-b7bd-09102d3e87ce:User 175,DENIED
2026,1月,11,周日,20:27:12,6D7F7841,621f42d2-6033-4dd5-86bc-3ef95ac4f347,1243ed84-de07-4125-9e0e-719db7e75dbc,8c2c2a59-b90d-4e36-ad9b-ba1d05c50600:User 179,DENIED
2026,1月,11,周日,20:27:12,BB8111DA,79f2879a-de1b-4f95-b5aa-4f3982938ce4,b6ede591-f236-44b5-9607-96f7a84ac0bc,0f0cf15a-ca2e-400c-8c56-a98b71965c1b:User 23,DENIED
2026,1月,11,周日,20:27:12,1B89633E,debab0d0-af9e-431a-9e80-00a7ace8ca1b,cf9cf014-b802-4795-8649-03a01ee41981,4d0e41fd-85d6-44d1-8efc-f67d052b281c:User 41,DENIED
2026,1月,11,周日,20:27:12,F6D08966,89dc19d8-6391-4ce5-ac5f-40e1a0306b5c,9287f79c-a896-4a17-adbe-ae5c1cd8fb29,ec40dbfe-da85-4c41-9936-839e6691b4c8:User 103,DENIED
2026,1月,11,周日,20:27:12,867843A7,5c980ee0-2ea8-4567-a531-5eaa984a1a4a,a2b08738-cba6-4f87-9011-d2897b29cfa4,b1281618-48d9-48a5-9937-0ff94fbd091e:User 15,DENIED
2026,1月,11,周日,20:27:12,5B1769A9,be9c74f9-b0e5-4618-9e09-8b65355b062e,93141aef-f0e8-4064-80da-ceb24fa6efa1,39596ebb-095e-42c4-a1f2-150a2b6ae65b:User 115,DENIED
2026,1月,11,周日,20:27:12,64D6C16F,79e166cb-e810-4bd7-b3da-8c2063a10654,868714f4-8c61-4b5d-9f10-e22d9b969143,f6cacc04-0dc0-4896-8ff6-878f9e855de0:User 94,DENIED
2026,1月,11,周日,20:27:12,273DF5BB,d5ac040c-b74e-4341-8ef2-eb2cae95c04b,e26a09ae-48de-463f-81b9-bac8f7dba6d4,d75937a2-cd4c-47bd-9ef2-9c2e113bbbbb:User 24,DENIED
2026,1月,11,周日,20:27:12,3AAF89F2,f19a373d-67c4-48ed-bfe3-3ef0796536e9,f70c1588-d00b-4277-b450-0af3f6feef11,029d5206-3c93-495b-a838-9fd384a2516a:User 46,DENIED
2026,1月,11,周日,20:27:12,2A4C5DE7,79e166cb-e810-4bd7-b3da-8c2063a10654,868714f4-8c61-4b5d-9f10-e22d9b969143,3226c816-4a97-4409-aff8-f6fbe94f4b11:User 194,DENIED
2026,1月,11,周日,20:27:12,2A4C5DE7,f3eef4d7-17e3-4e42-9b9b-aabe03d81560,5953690c-45c9-4f40-b5b3-df067ecf4cab,3226c816-4a97-4409-aff8-f6fbe94f4b11:User 194,DENIED
2026,1月,11,周日,20:27:12,7859C1BD,5c980ee0-2ea8-4567-a531-5eaa984a1a4a,a2b08738-cba6-4f87-9011-d2897b29cfa4,e39e9811-4bfa-4c58-85ef-2bd0fa68056b:User 152,DENIED
2026,1月,11,周日,20:27:12,25FB24D1,89dc19d8-6391-4ce5-ac5f-40e1a0306b5c,9287f79c-a896-4a17-adbe-ae5c1cd8fb29,8c284b9e-1b43-485d-b781-eef32469232d:User 182,DENIED
2026,1月,11,周日,20:27:12,073D154B,89dc19d8-6391-4ce5-ac5f-40e1a0306b5c,9287f79c-a896-4a17-adbe-ae5c1cd8fb29,040dd8e5-ec5c-484a-8b6a-5b318e22bc46:User 108,DENIED
2026,1月,11,周日,20:27:12,40FDA30B,1b66869a-b709-4954-8b97-e7c2bfe17fdc,3a6ee9f2-ec0c-4b6d-90e4-fca4b3cdb3ba,0c9a4ffa-7d98-493a-884d-bf353d18ff1c:User 56,DENIED
2026,1月,11,周日,20:27:12,DE6235AC,d6dea81b-2545-441f-91ce-46d206777f11,ecb54cca-7179-4f82-905b-04bc2c58c746,913185f2-05d1-405f-9700-d84ab5df2362:User 52,DENIED
2026,1月,11,周日,20:27:12,9CAFB481,59306181-f165-4645-8b4c-2bfed7a96f64,d7c26892-d2d2-4ad1-b74b-456664459590,09f56a4c-9b3f-424f-b470-66cc394951d2:User 144,DENIED
2026,1月,11,周日,20:27:12,27733E41,621f42d2-6033-4dd5-86bc-3ef95ac4f347,1243ed84-de07-4125-9e0e-719db7e75dbc,4380bdb4-896f-489e-a791-a2f2898ac3d8:User 37,DENIED
2026,1月,11,周日,20:27:12,699075B5,924693ab-4968-4524-b4b2-be6e548af518,0b14d6c7-f34b-409f-a647-b67d8f795308,fc785f06-38cb-4cb6-82ef-b9f91c54224f:User 3,DENIED
2026,1月,11,周日,20:27:12,6ADA9637,641f008a-67f7-4eb0-8dc5-9db82e0f2a65,7cca50aa-de0d-4292-babb-80ab0f12add2,a9729d54-1ae2-4d71-a4c9-ce6383348205:User 161,DENIED
2026,1月,11,周日,20:27:12,A3C30531,c54729aa-fce2-4e14-badc-5f7fbfa1de49,8af984fb-ae86-4385-8e7e-b9b56beaf03f,dc0531cf-6327-4df8-81c6-f7413c1e3495:User 7,DENIED
2026,1月,11,周日,20:27:12,FD8EEC6E,729ef629-44a5-4f46-aef4-a30288c414db,2ce55221-e6ac-4e68-a139-89c65c486551,272c62c6-8acb-41a1-98f9-bb4a79c895ec:User 50,DENIED
2026,1月,11,周日,20:27:12,02E22861,65693a88-73e2-4cea-a7a1-f9f66e87e987,46c3835b-f0b7-46f9-a1a8-e60f92cc743a,1e4ce448-9215-409f-a884-9b3ce4d33005:User 149,DENIED
2026,1月,11,周日,20:27:12,40B866BE,f4cf5168-8a65-4f89-9ee7-89b2310c43ce,782d47f0-3c55-4edb-a1b1-285f046ddfa7,b63ff382-2aa6-412a-a66a-b59e9710d9cf:User 127,DENIED
2026,1月,11,周日,20:27:12,70086B31,d6dea81b-2545-441f-91ce-46d206777f11,ecb54cca-7179-4f82-905b-04bc2c58c746,26733b01-91f4-4a55-8e2a-d115f6ba576e:User 114,DENIED
2026,1月,11,周日,20:27:12,D111582B,870c05c9-2e70-41a4-bf93-85de484a726a,51af542a-7613-42be-920d-f6a3b455a10b,f56d7dc9-1e04-4505-a4bb-e80a9e8d5908:User 123,DENIED
2026,1月,11,周日,20:27:12,D8738B2D,20bc60be-dcc6-4639-8666-e33ac7eff0d6,fa28c6a6-7674-417b-b44d-e75b815545c3,114f1a42-9c53-4209-85d7-a462bd450d01:User 196,DENIED
2026,1月,11,周日,20:27:12,40B866BE,bd6e0c72-d0ea-4b60-ac0a-f371cfce9fcd,7bfe268b-3120-4387-ad55-4e08de557456,b63ff382-2aa6-412a-a66a-b59e9710d9cf:User 127,DENIED
2026,1月,11,周日,20:27:12,392C3F12,5f078c7b-e28e-4f96-8ee4-d2868ba692f9,ad62e913-8354-4349-adc0-2dd51be30df9,df8d387c-8732-416d-9f11-3acb1284418c:User 63,DENIED
2026,1月,11,周日,20:27:12,BACB8EDD,db243b05-b592-4199-a64e-3c9ee6e65fbd,8dfdb42d-05ec-4be5-a0f8-18a6420764cb,d44a48d0-bdea-4613-9931-280703e6d79b:User 145,DENIED
2026,1月,11,周日,20:27:12,4F3982D5,bd6e0c72-d0ea-4b60-ac0a-f371cfce9fcd,7bfe268b-3120-4387-ad55-4e08de557456,da0b10a1-38a5-435b-8364-f7e53e67d500:User 90,DENIED
2026,1月,11,周日,20:27:12,578EF3A0,ba1fffd1-2a67-4cb9-90a1-7228035dbb99,0422e414-4fa9-48ec-a7d9-43200f68b098,465e15e0-481b-46cd-b1dc-6d7558d6c291:User 27,DENIED
2026,1月,11,周日,20:27:12,BAE96C98,c54729aa-fce2-4e14-badc-5f7fbfa1de49,8af984fb-ae86-4385-8e7e-b9b56beaf03f,bf62c1a9-b58f-4d1d-9d7e-d490020ba833:User 198,DENIED
2026,1月,11,周日,20:27:12,432432A7,be9c74f9-b0e5-4618-9e09-8b65355b062e,93141aef-f0e8-4064-80da-ceb24fa6efa1,3a0cea6b-b22c-442e-ba9d-331dd1e0ba4b:User 44,DENIED
2026,1月,11,周日,20:27:12,16BFFB17,a3668d39-fb96-48e5-948d-d8d77eb1782f,69089920-6b00-4a9d-8de6-871d47f03e6c,90cc9266-276d-4df4-a5ba-1f598bc61398:User 18,DENIED
2026,1月,11,周日,20:27:12,49CC48E1,5f078c7b-e28e-4f96-8ee4-d2868ba692f9,ad62e913-8354-4349-adc0-2dd51be30df9,2d57bfc9-0dc7-4d0c-bac9-e7ba2a3d431b:User 168,DENIED
2026,1月,11,周日,20:27:12,F86EE8B3,870c05c9-2e70-41a4-bf93-85de484a726a,51af542a-7613-42be-920d-f6a3b455a10b,ea2de7f9-7a1d-4db6-bfb8-7918491e9c64:User 42,DENIED
2026,1月,11,周日,20:27:12,25FB24D1,d777dc15-826e-439a-a544-ad16591daa7d,788dd0e0-5b8f-4125-b501-356f2e66f766,8c284b9e-1b43-485d-b781-eef32469232d:User 182,DENIED
2026,1月,11,周日,20:27:12,AF232EA0,d5ac040c-b74e-4341-8ef2-eb2cae95c04b,e26a09ae-48de-463f-81b9-bac8f7dba6d4,aa2d7a8f-b931-49d4-aff7-a8f2635ab0e2:User 39,DENIED
2026,1月,11,周日,20:27:12,44BA4236,20bc60be-dcc6-4639-8666-e33ac7eff0d6,fa28c6a6-7674-417b-b44d-e75b815545c3,ec9981c5-8049-4647-964d-8ace566d95f8:User 35,DENIED
2026,1月,11,周日,20:27:12,56D599B0,93ee461f-790a-4449-8527-be0ff2b412bf,8673c600-d01d-4cde-ad5e-94d3ee9d7fd9,82dadda4-4101-4cb8-809e-96f099892135:User 37,DENIED
2026,1月,11,周日,20:27:12,FD51FDDC,db243b05-b592-4199-a64e-3c9ee6e65fbd,8dfdb42d-05ec-4be5-a0f8-18a6420764cb,f997143f-55e1-4719-b3fe-ab7ee7df98ec:User 30,DENIED
2026,1月,11,周日,20:27:12,8B447AD6,af93e80c-505a-4f4a-a0e6-81ebd2faa429,4559ddc4-146e-4795-934b-389ea44d10f7,99c47a0e-79b2-4222-9578-725634ddc8b7:User 191,DENIED
2026,1月,11,周日,20:27:12,60DA3310,322e4308-8a53-4e5b-88e0-75c295071b97,49c27197-4186-4607-bdc4-b91c1fbfb68b,f58874ff-95f9-4277-a959-a87a40a1fc73:User 38,DENIED
2026,1月,11,周日,20:27:12,E084A602,d6dea81b-2545-441f-91ce-46d206777f11,ecb54cca-7179-4f82-905b-04bc2c58c746,5026299c-147b-47cd-b489-f61dd66da97e:User 92,DENIED
2026,1月,11,周日,20:27:12,1BA4FA66,93ee461f-790a-4449-8527-be0ff2b412bf,8673c600-d01d-4cde-ad5e-94d3ee9d7fd9,89b557db-edfd-4511-923a-2e0a66371fe6:User 33,DENIED
2026,1月,11,周日,20:27:12,9044C1DC,db243b05-b592-4199-a64e-3c9ee6e65fbd,8dfdb42d-05ec-4be5-a0f8-18a6420764cb,107df285-c666-4fe3-b435-53f3a25e56cf:User 159,DENIED
2026,1月,11,周日,20:27:12,D9208A7E,bd6e0c72-d0ea-4b60-ac0a-f371cfce9fcd,7bfe268b-3120-4387-ad55-4e08de557456,00c1ab23-367e-487a-bb8c-af068f22c396:User 119,DENIED
2026,1月,11,周日,20:27:12,4D9EB54D,be9c74f9-b0e5-4618-9e09-8b65355b062e,93141aef-f0e8-4064-80da-ceb24fa6efa1,4149a46c-0cd5-4b35-82d2-4f32ad1f715b:User 86,DENIED
2026,1月,11,周日,20:27:12,D526D0C2,c562380c-bdd3-4f70-bbfb-a757e48413a7,b85ea175-7378-411e-a070-d9592b52676c,6938592c-9b26-43de-b03c-bd6166d2ae3e:User 117,DENIED
2026,1月,11,周日,20:27:12,13DF5D8E,924693ab-4968-4524-b4b2-be6e548af518,0b14d6c7-f34b-409f-a647-b67d8f795308,c5086250-7692-43e0-b10b-54952bc27386:User 95,DENIED
2026,1月,11,周日,20:27:12,6DA5DC5B,79f2879a-de1b-4f95-b5aa-4f3982938ce4,b6ede591-f236-44b5-9607-96f7a84ac0bc,22e98270-910d-4593-8abe-ee9661dfcde9:User 167,DENIED
2026,1月,11,周日,20:27:12,CD09BDCF,debab0d0-af9e-431a-9e80-00a7ace8ca1b,cf9cf014-b802-4795-8649-03a01ee41981,7187e862-2f09-4700-8f14-20d23954a77b:User 11,DENIED
2026,1月,11,周日,20:27:12,963B9ABC,9da65607-0afe-41b0-bbfa-082f65d3c420,0a7b150c-13a9-4c01-bd24-601d9e4546fa,ad479688-d621-4a2d-b2e0-bf553330ccaa:User 135,DENIED
2026,1月,11,周日,20:27:12,27733E41,5f078c7b-e28e-4f96-8ee4-d2868ba692f9,ad62e913-8354-4349-adc0-2dd51be30df9,4380bdb4-896f-489e-a791-a2f2898ac3d8:User 37,DENIED
2026,1月,11,周日,20:27:12,073D154B,a3668d39-fb96-48e5-948d-d8d77eb1782f,69089920-6b00-4a9d-8de6-871d47f03e6c,040dd8e5-ec5c-484a-8b6a-5b318e22bc46:User 108,DENIED
2026,1月,11,周日,20:27:12,CD09BDCF,729ef629-44a5-4f46-aef4-a30288c414db,2ce55221-e6ac-4e68-a139-89c65c486551,7187e862-2f09-4700-8f14-20d23954a77b:User 11,DENIED
2026,1月,11,周日,20:27:12,0E2DD2FE,924693ab-4968-4524-b4b2-be6e548af518,0b14d6c7-f34b-409f-a647-b67d8f795308,d8f1e4e0-34ea-41ff-bb7e-37ed4e703778:User 21,DENIED
2026,1月,11,周日,20:27:12,C90EB4BE,70ad87f3-147f-4f03-a266-ca45ad21148c,efabfe47-19e8-43db-a45f-5498415d978c,3bf985e5-7789-4332-a66d-2f3d3e1d1581:User 105,DENIED
2026,1月,11,周日,20:27:12,247F7FCF,4fc60dbb-44c0-4399-ac1a-cfac8d0102c8,715e699d-3040-442f-9f38-68c70a0f67d0,a6b8f169-51f4-4ba0-97e6-b3b16eba45c0:User 72,DENIED
2026,1月,11,周日,20:27:12,D8738B2D,c54729aa-fce2-4e14-badc-5f7fbfa1de49,8af984fb-ae86-4385-8e7e-b9b56beaf03f,114f1a42-9c53-4209-85d7-a462bd450d01:User 196,DENIED
2026,1月,11,周日,20:27:12,9044C1DC,d777dc15-826e-439a-a544-ad16591daa7d,788dd0e0-5b8f-4125-b501-356f2e66f766,107df285-c666-4fe3-b435-53f3a25e56cf:User 159,DENIED
2026,1月,11,周日,20:27:12,867843A7,bd6e0c72-d0ea-4b60-ac0a-f371cfce9fcd,7bfe268b-3120-4387-ad55-4e08de557456,b1281618-48d9-48a5-9937-0ff94fbd091e:User 15,DENIED
2026,1月,11,周日,20:27:12,C11B3181,5f741446-39a7-4d45-9906-cddcfd4f5658,80e24623-c1fa-4a45-8edf-cbd2377e52a6,5e84a79c-0540-4ccd-ac63-23d95893ebe4:User 187,DENIED
2026,1月,11,周日,20:27:12,476605A4,9620bf95-f2fc-481f-9a3b-db9d43dfadf1,850c8962-9f45-4aa4-9f24-0111562de84b,02cb5fac-986c-4f62-842a-63b1c3f708c8:User 2,DENIED
2026,1月,11,周日,20:27:12,C19B86AF,52693879-01fa-45f0-9fca-666e027b53f1,4163061f-41ab-4dfb-bfc7-a334ed885086,f9e008d4-1cb7-4dfe-a184-5e336d1ba1f4:User 85,DENIED
2026,1月,11,周日,20:27:12,F6D08966,79e166cb-e810-4bd7-b3da-8c2063a10654,868714f4-8c61-4b5d-9f10-e22d9b969143,ec40dbfe-da85-4c41-9936-839e6691b4c8:User 103,DENIED
2026,1月,11,周日,20:27:12,46439497,747204d4-1207-4613-b1f6-1123a64d4bae,c7db699a-0fcc-4dd1-93dd-ded492ecc52d,93dbc7a8-8cff-465b-8874-abbdb4dd71f6:User 132,DENIED
2026,1月,11,周日,20:27:12,10BD57CC,e7e0bc70-3e5a-43f9-be48-c4ba0341bdaa,f89fb1b7-1db9-4975-80a5-c3a85f6f4574,58250765-3f50-46af-98b9-9a501b03a483:User 73,DENIED
2026,1月,11,周日,20:27:12,54F84D62,be9c74f9-b0e5-4618-9e09-8b65355b062e,93141aef-f0e8-4064-80da-ceb24fa6efa1,5e37be5f-151c-4e65-9780-5afe2edf6fdc:User 25,DENIED
2026,1月,11,周日,20:27:12,FA25DC83,a3668d39-fb96-48e5-948d-d8d77eb1782f,69089920-6b00-4a9d-8de6-871d47f03e6c,e402cbd3-0228-4588-a54a-f918251d6f59:User 154,DENIED
2026,1月,11,周日,20:27:12,0D4DA49E,5f078c7b-e28e-4f96-8ee4-d2868ba692f9,ad62e913-8354-4349-adc0-2dd51be30df9,ac7653f0-0b71-4aef-99af-e77028e56116:User 78,DENIED
2026,1月,11,周日,20:27:12,E402A6B9,52693879-01fa-45f0-9fca-666e027b53f1,4163061f-41ab-4dfb-bfc7-a334ed885086,89ee785a-57c2-438c-9fa2-f51a0a125948:User 100,DENIED
2026,1月,11,周日,20:27:12,0E2DD2FE,59306181-f165-4645-8b4c-2bfed7a96f64,d7c26892-d2d2-4ad1-b74b-456664459590,d8f1e4e0-34ea-41ff-bb7e-37ed4e703778:User 21,DENIED
2026,1月,11,周日,20:27:12,BACB8EDD,debab0d0-af9e-431a-9e80-00a7ace8ca1b,cf9cf014-b802-4795-8649-03a01ee41981,d44a48d0-bdea-4613-9931-280703e6d79b:User 145,DENIED
2026,1月,11,周日,20:27:12,AF232EA0,621f42d2-6033-4dd5-86bc-3ef95ac4f347,1243ed84-de07-4125-9e0e-719db7e75dbc,aa2d7a8f-b931-49d4-aff7-a8f2635ab0e2:User 39,DENIED
2026,1月,11,周日,20:27:12,15CF6D6E,747204d4-1207-4613-b1f6-1123a64d4bae,c7db699a-0fcc-4dd1-93dd-ded492ecc52d,de6506e1-4e6b-4c22-931e-d97d8238fdca:User 162,DENIED
2026,1月,11,周日,20:27:12,5CC70470,52693879-01fa-45f0-9fca-666e027b53f1,4163061f-41ab-4dfb-bfc7-a334ed885086,9fc1a5d1-0be6-4a0a-80f5-e5d86ff87ae7:User 172,DENIED
2026,1月,11,周日,20:27:12,8FAA49A8,70ad87f3-147f-4f03-a266-ca45ad21148c,efabfe47-19e8-43db-a45f-5498415d978c,7b65001d-d151-436e-a4bd-9633ecc50844:User 166,DENIED
2026,1月,11,周日,20:27:12,ACEF91DE,d777dc15-826e-439a-a544-ad16591daa7d,788dd0e0-5b8f-4125-b501-356f2e66f766,852be9cd-dbc0-49a5-9c52-5d2e66518a53:User 32,DENIED
2026,1月,11,周日,20:27:12,1E263C86,924693ab-4968-4524-b4b2-be6e548af518,0b14d6c7-f34b-409f-a647-b67d8f795308,7cc4267f-4a4b-4653-824c-c514e8f4b4e8:User 40,DENIED
2026,1月,11,周日,20:27:12,266DCB02,9da65607-0afe-41b0-bbfa-082f65d3c420,0a7b150c-13a9-4c01-bd24-601d9e4546fa,fe1b073d-1b9b-4c84-8045-44a6f884d752:User 76,DENIED
2026,1月,11,周日,20:27:12,97CF3636,af93e80c-505a-4f4a-a0e6-81ebd2faa429,4559ddc4-146e-4795-934b-389ea44d10f7,d10df370-0e14-458b-89c5-c99c53b2151f:User 5,DENIED
2026,1月,11,周日,20:27:12,57932A8F,89dc19d8-6391-4ce5-ac5f-40e1a0306b5c,9287f79c-a896-4a17-adbe-ae5c1cd8fb29,4baec69a-11de-4ff9-8fcc-e0cae0accbdf:User 60,DENIED
2026,1月,11,周日,20:27:12,44BA4236,1b66869a-b709-4954-8b97-e7c2bfe17fdc,3a6ee9f2-ec0c-4b6d-90e4-fca4b3cdb3ba,ec9981c5-8049-4647-964d-8ace566d95f8:User 35,DENIED
2026,1月,11,周日,20:27:12,9666DFDD,d5ac040c-b74e-4341-8ef2-eb2cae95c04b,e26a09ae-48de-463f-81b9-bac8f7dba6d4,7dac8f57-5f27-4501-8dd9-34b532bbf26b:User 150,DENIED
2026,1月,11,周日,20:27:12,FAA7017A,732ab68f-bbee-4ded-8c9a-1eac02ef4fcf,b75dbdaf-0548-4dd8-ae94-981684ee6a79,543c3609-3d67-498e-91f2-c8e7dc4b0e30:User 22,DENIED
2026,1月,11,周日,20:27:12,041A000C,5f078c7b-e28e-4f96-8ee4-d2868ba692f9,ad62e913-8354-4349-adc0-2dd51be30df9,e96c82f3-b87a-4f17-81b7-0e2b6c4a031c:User 174,DENIED
2026,1月,11,周日,20:27:12,797220ED,79f2879a-de1b-4f95-b5aa-4f3982938ce4,b6ede591-f236-44b5-9607-96f7a84ac0bc,75ee0253-5df1-4bb3-b971-54b15993399f:User 40,DENIED
2026,1月,11,周日,20:27:12,B4C3DB06,01260115-5e52-42db-ad95-ec77bcd659b8,08a7dff8-aa46-40b0-bd88-7a7c8416c011,69716518-a2de-4b8a-bd64-ecdce502e7bd:User 2,DENIED
2026,1月,11,周日,20:27:12,ED814693,ba1fffd1-2a67-4cb9-90a1-7228035dbb99,0422e414-4fa9-48ec-a7d9-43200f68b098,1bb2eb2b-9675-4333-a7e8-7b7237b2c790:User 29,DENIED
2026,1月,11,周日,20:27:12,CE67EC7C,dff57c19-308d-461c-8dea-13d9a7e54222,13fdec8c-3dd9-4a53-aaab-ca535abe2cb5,e8d3308e-fc49-47e0-8875-52ff2bb6e2ba:User 8,DENIED
2026,1月,11,周日,20:27:12,476605A4,978f2cda-ac0b-466d-85e6-c0047665e857,444d8a1b-a6c6-4ce2-9b80-bccc31441c5e,02cb5fac-986c-4f62-842a-63b1c3f708c8:User 2,DENIED
2026,1月,11,周日,20:27:12,B6F766FB,be9c74f9-b0e5-4618-9e09-8b65355b062e,93141aef-f0e8-4064-80da-ceb24fa6efa1,bb37418a-373d-45b1-be5e-ef1d6f220782:User 192,DENIED
2026,1月,11,周日,20:27:12,6E3CCB5C,70ad87f3-147f-4f03-a266-ca45ad21148c,efabfe47-19e8-43db-a45f-5498415d978c,4407037a-4c60-4596-83c8-600ec230148b:User 142,DENIED
2026,1月,11,周日,20:27:12,FC068ECA,f3eef4d7-17e3-4e42-9b9b-aabe03d81560,5953690c-45c9-4f40-b5b3-df067ecf4cab,02d43794-55da-476b-9568-a07081154b5e:User 75,DENIED
2026,1月,11,周日,20:27:12,E69FFE02,59306181-f165-4645-8b4c-2bfed7a96f64,d7c26892-d2d2-4ad1-b74b-456664459590,d619e61f-c079-4656-b928-37c72cf7eee6:User 97,DENIED
2026,1月,11,周日,20:27:12,531960E8,9620bf95-f2fc-481f-9a3b-db9d43dfadf1,850c8962-9f45-4aa4-9f24-0111562de84b,14dad223-2e0a-416d-8d9c-7fca0f4d96be:User 14,DENIED
2026,1月,11,周日,20:27:12,814FAAAC,1b66869a-b709-4954-8b97-e7c2bfe17fdc,3a6ee9f2-ec0c-4b6d-90e4-fca4b3cdb3ba,2ed91bb1-4305-4995-953a-b43b4a820515:User 93,DENIED
2026,1月,11,周日,20:27:12,6F42EB0E,f19a373d-67c4-48ed-bfe3-3ef0796536e9,f70c1588-d00b-4277-b450-0af3f6feef11,3ec889e4-c3e3-43be-8f91-1f3e04347838:User 83,DENIED
2026,1月,11,周日,20:27:12,33CDA6AD,bd6e0c72-d0ea-4b60-ac0a-f371cfce9fcd,7bfe268b-3120-4387-ad55-4e08de557456,7b4114d2-aaed-43bc-86f2-034e6e36ee86:User 45,DENIED
2026,1月,11,周日,20:27:12,CE67EC7C,79e166cb-e810-4bd7-b3da-8c2063a10654,868714f4-8c61-4b5d-9f10-e22d9b969143,e8d3308e-fc49-47e0-8875-52ff2bb6e2ba:User 8,DENIED
2026,1月,11,周日,20:27:12,292208D4,641f008a-67f7-4eb0-8dc5-9db82e0f2a65,7cca50aa-de0d-4292-babb-80ab0f12add2,b4b79259-6847-4905-954f-607056f6f425:User 29,DENIED
2026,1月,11,周日,20:27:12,6D7F7841,89dc19d8-6391-4ce5-ac5f-40e1a0306b5c,9287f79c-a896-4a17-adbe-ae5c1cd8fb29,8c2c2a59-b90d-4e36-ad9b-ba1d05c50600:User 179,DENIED
2026,1月,11,周日,20:27:12,B6F766FB,641f008a-67f7-4eb0-8dc5-9db82e0f2a65,7cca50aa-de0d-4292-babb-80ab0f12add2,bb37418a-373d-45b1-be5e-ef1d6f220782:User 192,DENIED
2026,1月,11,周日,20:27:12,1329FEAA,79e166cb-e810-4bd7-b3da-8c2063a10654,868714f4-8c61-4b5d-9f10-e22d9b969143,ce577d87-1829-464f-a5b0-142da5198fd0:User 130,DENIED
2026,1月,11,周日,20:27:12,295A7F4E,0be70602-ffb6-4703-b34b-1019cf76e655,8e762bad-5107-4ccb-91e4-20cb7d5cd5aa,0660673f-f290-4094-88d5-9c6eea451e83:User 190,DENIED
2026,1月,11,周日,20:27:12,648AAE4A,fb3cf09a-dde4-41c0-972d-983e578ac120,b1f6d680-200e-42be-a15e-ca718304cff7,cfd2e3b6-e4d1-43df-b68f-30c66c041e2f:User 109,DENIED
2026,1月,11,周日,20:27:12,AE4EFE33,ba1fffd1-2a67-4cb9-90a1-7228035dbb99,0422e414-4fa9-48ec-a7d9-43200f68b098,ca76d9e5-4400-4b91-88f3-9b78ae8672df:User 141,DENIED
2026,1月,11,周日,20:27:12,963B9ABC,c54729aa-fce2-4e14-badc-5f7fbfa1de49,8af984fb-ae86-4385-8e7e-b9b56beaf03f,ad479688-d621-4a2d-b2e0-bf553330ccaa:User 135,DENIED
2026,1月,11,周日,20:27:12,49CC48E1,af93e80c-505a-4f4a-a0e6-81ebd2faa429,4559ddc4-146e-4795-934b-389ea44d10f7,2d57bfc9-0dc7-4d0c-bac9-e7ba2a3d431b:User 168,DENIED
2026,1月,11,周日,20:27:12,073D154B,89dc19d8-6391-4ce5-ac5f-40e1a0306b5c,9287f79c-a896-4a17-adbe-ae5c1cd8fb29,040dd8e5-ec5c-484a-8b6a-5b318e22bc46:User 108,DENIED
2026,1月,11,周日,20:27:12,9F0AFF70,d777dc15-826e-439a-a544-ad16591daa7d,788dd0e0-5b8f-4125-b501-356f2e66f766,850cecb9-7b1e-4f4b-9d38-356a0f540254:User 157,DENIED
2026,1月,11,周日,20:27:12,C48156E5,732ab68f-bbee-4ded-8c9a-1eac02ef4fcf,b75dbdaf-0548-4dd8-ae94-981684ee6a79,629af980-0eec-4ea4-88de-cbbec17d1909:User 9,DENIED
2026,1月,11,周日,20:27:12,80FBFCDD,4fc60dbb-44c0-4399-ac1a-cfac8d0102c8,715e699d-3040-442f-9f38-68c70a0f67d0,b06a469d-42fb-4ba4-8f5b-2590ab842f7c:User 33,DENIED
2026,1月,11,周日,20:27:12,7DB77A37,747204d4-1207-4613-b1f6-1123a64d4bae,c7db699a-0fcc-4dd1-93dd-ded492ecc52d,83968731-74cc-4baf-990d-000f2f4a074b:User 18,DENIED
2026,1月,11,周日,20:27:12,7C533D82,9ca441b2-b1a1-4920-ba5c-6dbfa867e3e8,cdc6f9a1-a7c1-4db8-a639-497a80d2f94b,6e4db8c8-a39f-41aa-9345-7203a4f75a0d:User 131,DENIED
2026,1月,11,周日,20:27:12,ACEF91DE,12eba4f8-180f-4727-836c-80337bbfde81,b0591a0f-a5c6-4c92-b893-9d51d8f1a4da,852be9cd-dbc0-49a5-9c52-5d2e66518a53:User 32,DENIED
2026,1月,11,周日,20:27:12,6255D1D3,747204d4-1207-4613-b1f6-1123a64d4bae,c7db699a-0fcc-4dd1-93dd-ded492ecc52d,92a92ac9-ac89-461a-a5d4-0c54a298af26:User 136,DENIED
2026,1月,11,周日,20:27:12,F86F57C4,79f2879a-de1b-4f95-b5aa-4f3982938ce4,b6ede591-f236-44b5-9607-96f7a84ac0bc,cfc43640-73c4-4c45-9663-ac34339418c4:User 84,DENIED
2026,1月,11,周日,20:27:12,99E67F36,af93e80c-505a-4f4a-a0e6-81ebd2faa429,4559ddc4-146e-4795-934b-389ea44d10f7,363303ee-3cc5-45f4-ae0c-559d3e79c811:User 165,DENIED
2026,1月,11,周日,20:27:12,AE4EFE33,732ab68f-bbee-4ded-8c9a-1eac02ef4fcf,b75dbdaf-0548-4dd8-ae94-981684ee6a79,ca76d9e5-4400-4b91-88f3-9b78ae8672df:User 141,DENIED
2026,1月,11,周日,20:27:12,7CC6112F,70ad87f3-147f-4f03-a266-ca45ad21148c,efabfe47-19e8-43db-a45f-5498415d978c,fb30d9c2-1403-45f2-894a-78dbc8536890:User 34,DENIED
2026,1月,11,周日,20:27:12,DD40D232,fb3cf09a-dde4-41c0-972d-983e578ac120,b1f6d680-200e-42be-a15e-ca718304cff7,a90c7076-f938-4a20-924a-44c22bce753e:User 61,DENIED
2026,1月,11,周日,20:27:12,EB24E709,4fc60dbb-44c0-4399-ac1a-cfac8d0102c8,715e699d-3040-442f-9f38-68c70a0f67d0,13b82b32-091c-42a7-a253-606c5f66f4b3:User 8,DENIED
2026,1月,11,周日,20:27:12,AC1545C4,924693ab-4968-4524-b4b2-be6e548af518,0b14d6c7-f34b-409f-a647-b67d8f795308,30b18901-8263-4bd0-b460-ca51010425d4:User 24,DENIED
2026,1月,11,周日,20:27:12,FA25DC83,c54729aa-fce2-4e14-badc-5f7fbfa1de49,8af984fb-ae86-4385-8e7e-b9b56beaf03f,e402cbd3-0228-4588-a54a-f918251d6f59:User 154,DENIED
2026,1月,11,周日,20:27:12,60A21C77,732ab68f-bbee-4ded-8c9a-1eac02ef4fcf,b75dbdaf-0548-4dd8-ae94-981684ee6a79,c20df8e0-b742-4c25-a0ed-5d2887da9a74:User 43,DENIED
2026,1月,11,周日,20:27:12,B6F766FB,322e4308-8a53-4e5b-88e0-75c295071b97,49c27197-4186-4607-bdc4-b91c1fbfb68b,bb37418a-373d-45b1-be5e-ef1d6f220782:User 192,DENIED
2026,1月,11,周日,20:27:12,3433A538,12eba4f8-180f-4727-836c-80337bbfde81,b0591a0f-a5c6-4c92-b893-9d51d8f1a4da,b287aaeb-4bae-4bd4-a1a6-311a4c77d7d5:User 58,DENIED
2026,1月,11,周日,20:27:12,A4E54B4E,af93e80c-505a-4f4a-a0e6-81ebd2faa429,4559ddc4-146e-4795-934b-389ea44d10f7,8634a79e-74da-462c-96c6-035488f25b3e:User 57,DENIED
2026,1月,11,周日,20:27:12,0BBF12B6,729ef629-44a5-4f46-aef4-a30288c414db,2ce55221-e6ac-4e68-a139-89c65c486551,5373d645-a224-488d-a864-9cc9cb69542e:User 98,DENIED
2026,1月,11,周日,20:27:12,B4C3DB06,af93e80c-505a-4f4a-a0e6-81ebd2faa429,4559ddc4-146e-4795-934b-389ea44d10f7,69716518-a2de-4b8a-bd64-ecdce502e7bd:User 2,DENIED
2026,1月,11,周日,20:27:12,1B89633E,ba1fffd1-2a67-4cb9-90a1-7228035dbb99,0422e414-4fa9-48ec-a7d9-43200f68b098,4d0e41fd-85d6-44d1-8efc-f67d052b281c:User 41,DENIED
2026,1月,11,周日,20:27:12,0D4DA49E,79f2879a-de1b-4f95-b5aa-4f3982938ce4,b6ede591-f236-44b5-9607-96f7a84ac0bc,ac7653f0-0b71-4aef-99af-e77028e56116:User 78,DENIED
2026,1月,11,周日,20:27:12,415464E9,be9c74f9-b0e5-4618-9e09-8b65355b062e,93141aef-f0e8-4064-80da-ceb24fa6efa1,8f6b04ec-4e07-4053-ab08-032403ea4fdd:User 140,DENIED
2026,1月,11,周日,20:27:12,4EF91A5C,621f42d2-6033-4dd5-86bc-3ef95ac4f347,1243ed84-de07-4125-9e0e-719db7e75dbc,f234437c-b964-46b0-a285-d015dbfcd44b:User 47,DENIED
2026,1月,11,周日,20:27:12,7AAC34BF,bd6e0c72-d0ea-4b60-ac0a-f371cfce9fcd,7bfe268b-3120-4387-ad55-4e08de557456,6552874b-8d15-46d1-a4eb-e80646ac51ce:User 38,DENIED
2026,1月,11,周日,20:27:12,D060955A,59306181-f165-4645-8b4c-2bfed7a96f64,d7c26892-d2d2-4ad1-b74b-456664459590,17d4ad2d-26d5-4b14-a442-951045dde85e:User 120,DENIED
2026,1月,11,周日,20:27:12,B5C83EED,12eba4f8-180f-4727-836c-80337bbfde81,b0591a0f-a5c6-4c92-b893-9d51d8f1a4da,5bb29d73-f6c9-40fd-9e59-1e245f89214c:User 112,DENIED
2026,1月,11,周日,20:27:12,B927669E,d777dc15-826e-439a-a544-ad16591daa7d,788dd0e0-5b8f-4125-b501-356f2e66f766,0907fe91-884b-4ef4-9424-d8426abde257:User 32,DENIED
2026,1月,11,周日,20:27:12,66957263,dff57c19-308d-461c-8dea-13d9a7e54222,13fdec8c-3dd9-4a53-aaab-ca535abe2cb5,508a97e1-8bc8-4b9f-9db6-4f1f3ab66f56:User 17,DENIED
2026,1月,11,周日,20:27:12,6D7F7841,dff57c19-308d-461c-8dea-13d9a7e54222,13fdec8c-3dd9-4a53-aaab-ca535abe2cb5,8c2c2a59-b90d-4e36-ad9b-ba1d05c50600:User 179,DENIED
2026,1月,11,周日,20:27:12,61AE91D8,fb3cf09a-dde4-41c0-972d-983e578ac120,b1f6d680-200e-42be-a15e-ca718304cff7,781b41c7-deb0-480d-86e6-e5868815fc39:User 14,DENIED
2026,1月,11,周日,20:27:12,C11B3181,297874e0-a56b-4ce9-b02b-30504ec46f4c,87583732-aff9-43ab-81be-ea7312152eb0,5e84a79c-0540-4ccd-ac63-23d95893ebe4:User 187,DENIED
2026,1月,11,周日,20:27:12,604A4816,89dc19d8-6391-4ce5-ac5f-40e1a0306b5c,9287f79c-a896-4a17-adbe-ae5c1cd8fb29,732b7045-004b-4e3e-94e0-9f2f920297db:User 4,DENIED
2026,1月,11,周日,20:27:12,AF232EA0,01260115-5e52-42db-ad95-ec77bcd659b8,08a7dff8-aa46-40b0-bd88-7a7c8416c011,aa2d7a8f-b931-49d4-aff7-a8f2635ab0e2:User 39,DENIED
2026,1月,11,周日,20:27:12,60DA3310,79f2879a-de1b-4f95-b5aa-4f3982938ce4,b6ede591-f236-44b5-9607-96f7a84ac0bc,f58874ff-95f9-4277-a959-a87a40a1fc73:User 38,DENIED
2026,1月,11,周日,20:27:12,867843A7,89dc19d8-6391-4ce5-ac5f-40e1a0306b5c,9287f79c-a896-4a17-adbe-ae5c1cd8fb29,b1281618-48d9-48a5-9937-0ff94fbd091e:User 15,DENIED
2026,1月,11,周日,20:27:12,0577FAB4,5c980ee0-2ea8-4567-a531-5eaa984a1a4a,a2b08738-cba6-4f87-9011-d2897b29cfa4,00c641a2-fd9b-48b3-a24d-7e010ea0a7b6:User 70,DENIED
2026,1月,11,周日,20:27:12,6E3CCB5C,c562380c-bdd3-4f70-bbfb-a757e48413a7,b85ea175-7378-411e-a070-d9592b52676c,4407037a-4c60-4596-83c8-600ec230148b:User 142,DENIED
2026,1月,11,周日,20:27:12,61AE91D8,870c05c9-2e70-41a4-bf93-85de484a726a,51af542a-7613-42be-920d-f6a3b455a10b,781b41c7-deb0-480d-86e6-e5868815fc39:User 14,DENIED
2026,1月,11,周日,20:27:12,EA75E185,f4cf5168-8a65-4f89-9ee7-89b2310c43ce,782d47f0-3c55-4edb-a1b1-285f046ddfa7,55d0c6d8-8d73-4314-b94c-10c66cdcfcef:User 178,DENIED
2026,1月,11,周日,20:27:12,AAE34986,5f741446-39a7-4d45-9906-cddcfd4f5658,80e24623-c1fa-4a45-8edf-cbd2377e52a6,6ae05510-4677-4374-b2f2-febb44adb823:User 71,DENIED
2026,1月,11,周日,20:27:12,D1350950,debab0d0-af9e-431a-9e80-00a7ace8ca1b,cf9cf014-b802-4795-8649-03a01ee41981,436c83c2-32e3-4cd9-b628-77a832afe607:User 80,DENIED
2026,1月,11,周日,20:27:12,BF100359,914ebf41-7847-419d-ae5b-45986f4ee3c8,dc040e2b-56aa-4ba2-9a35-beb305625d9c,696a5b7f-e60b-47d2-8720-78f5e4af1047:User 89,DENIED
2026,1月,11,周日,20:27:12,F0A9B461,732ab68f-bbee-4ded-8c9a-1eac02ef4fcf,b75dbdaf-0548-4dd8-ae94-981684ee6a79,1b1d381d-2000-4940-a8ff-5216a508963b:User 23,DENIED
2026,1月,11,周日,20:27:12,C90EB4BE,af93e80c-505a-4f4a-a0e6-81ebd2faa429,4559ddc4-146e-4795-934b-389ea44d10f7,3bf985e5-7789-4332-a66d-2f3d3e1d1581:User 105,DENIED
2026,1月,11,周日,20:27:12,0E2DD2FE,f4cf5168-8a65-4f89-9ee7-89b2310c43ce,782d47f0-3c55-4edb-a1b1-285f046ddfa7,d8f1e4e0-34ea-41ff-bb7e-37ed4e703778:User 21,DENIED
2026,1月,11,周日,20:27:12,89766678,978f2cda-ac0b-466d-85e6-c0047665e857,444d8a1b-a6c6-4ce2-9b80-bccc31441c5e,30ac71de-9a09-4518-af2e-0040da87e35c:User 36,DENIED
2026,1月,11,周日,20:27:12,69F6436F,978f2cda-ac0b-466d-85e6-c0047665e857,444d8a1b-a6c6-4ce2-9b80-bccc31441c5e,b8bd3746-aaca-448f-afbc-4a7a41db4275:User 146,DENIED
2026,1月,11,周日,20:27:12,618F82E6,79f2879a-de1b-4f95-b5aa-4f3982938ce4,b6ede591-f236-44b5-9607-96f7a84ac0bc,c2579e01-2ae1-486b-9a0c-55fea27f3a93:User 124,DENIED
2026,1月,11,周日,20:27:12,A4E54B4E,93ee461f-790a-4449-8527-be0ff2b412bf,8673c600-d01d-4cde-ad5e-94d3ee9d7fd9,8634a79e-74da-462c-96c6-035488f25b3e:User 57,DENIED
2026,1月,11,周日,20:27:12,3F62E754,9da65607-0afe-41b0-bbfa-082f65d3c420,0a7b150c-13a9-4c01-bd24-601d9e4546fa,63785577-859c-43e1-89eb-9d2481500a93:User 74,DENIED
2026,1月,11,周日,20:27:12,9CAFB481,db243b05-b592-4199-a64e-3c9ee6e65fbd,8dfdb42d-05ec-4be5-a0f8-18a6420764cb,09f56a4c-9b3f-424f-b470-66cc394951d2:User 144,DENIED
2026,1月,11,周日,20:27:12,38707C1A,747204d4-1207-4613-b1f6-1123a64d4bae,c7db699a-0fcc-4dd1-93dd-ded492ecc52d,bd89d26e-0292-40c7-8234-4a258202c129:User 34,DENIED
2026,1月,11,周日,20:27:12,AFB85501,914ebf41-7847-419d-ae5b-45986f4ee3c8,dc040e2b-56aa-4ba2-9a35-beb305625d9c,3fbd2f59-c5b9-44b1-97dc-f91a5f345c63:User 27,DENIED
2026,1月,11,周日,20:27:12,3E787EAE,c562380c-bdd3-4f70-bbfb-a757e48413a7,b85ea175-7378-411e-a070-d9592b52676c,6204f451-af18-423a-8eec-177b1e6b0cc7:User 113,DENIED
2026,1月,11,周日,20:27:12,D111582B,12eba4f8-180f-4727-836c-80337bbfde81,b0591a0f-a5c6-4c92-b893-9d51d8f1a4da,f56d7dc9-1e04-4505-a4bb-e80a9e8d5908:User 123,DENIED
2026,1月,11,周日,20:27:12,0FEAC152,52693879-01fa-45f0-9fca-666e027b53f1,4163061f-41ab-4dfb-bfc7-a334ed885086,a5e74279-ab26-4adf-84b2-ae3c04bffc20:User 188,DENIED
2026,1月,11,周日,20:27:13,F86EE8B3,d6dea81b-2545-441f-91ce-46d206777f11,ecb54cca-7179-4f82-905b-04bc2c58c746,ea2de7f9-7a1d-4db6-bfb8-7918491e9c64:User 42,DENIED
2026,1月,11,周日,20:27:13,C8DCA45B,12eba4f8-180f-4727-836c-80337bbfde81,b0591a0f-a5c6-4c92-b893-9d51d8f1a4da,c9f21181-88bb-4194-a272-33ce233537ac:User 26,DENIED
2026,1月,11,周日,20:27:13,867843A7,53687c24-f9ea-4921-96c9-23e524e9ab10,813e4e52-5a00-413c-a891-05013da581ff,b1281618-48d9-48a5-9937-0ff94fbd091e:User 15,DENIED
2026,1月,11,周日,20:27:13,AF232EA0,621f42d2-6033-4dd5-86bc-3ef95ac4f347,1243ed84-de07-4125-9e0e-719db7e75dbc,aa2d7a8f-b931-49d4-aff7-a8f2635ab0e2:User 39,DENIED
2026,1月,11,周日,20:27:13,0C82E829,debab0d0-af9e-431a-9e80-00a7ace8ca1b,cf9cf014-b802-4795-8649-03a01ee41981,494b3dcf-368e-419d-838c-69bd3b8ad687:User 186,DENIED
2026,1月,11,周日,20:27:13,DD40D232,89dc19d8-6391-4ce5-ac5f-40e1a0306b5c,9287f79c-a896-4a17-adbe-ae5c1cd8fb29,a90c7076-f938-4a20-924a-44c22bce753e:User 61,DENIED
2026,1月,11,周日,20:27:13,17D3257C,ba1fffd1-2a67-4cb9-90a1-7228035dbb99,0422e414-4fa9-48ec-a7d9-43200f68b098,f76f196b-4d0f-47a0-9fdb-e7b7c2d8612f:User 6,DENIED
2026,1月,11,周日,20:27:13,4F3982D5,5f078c7b-e28e-4f96-8ee4-d2868ba692f9,ad62e913-8354-4349-adc0-2dd51be30df9,da0b10a1-38a5-435b-8364-f7e53e67d500:User 90,DENIED
2026,1月,11,周日,20:27:13,33869623,12eba4f8-180f-4727-836c-80337bbfde81,b0591a0f-a5c6-4c92-b893-9d51d8f1a4da,c2d550d0-9217-4e86-a04d-ec93eadf634a:User 59,DENIED
2026,1月,11,周日,20:27:13,E402A6B9,5c980ee0-2ea8-4567-a531-5eaa984a1a4a,a2b08738-cba6-4f87-9011-d2897b29cfa4,89ee785a-57c2-438c-9fa2-f51a0a125948:User 100,DENIED
2026,1月,11,周日,20:27:13,086E3300,f19a373d-67c4-48ed-bfe3-3ef0796536e9,f70c1588-d00b-4277-b450-0af3f6feef11,e869d877-4d4e-49f1-a0c0-022395b9049f:User 55,DENIED
2026,1月,11,周日,20:27:13,5CC70470,978f2cda-ac0b-466d-85e6-c0047665e857,444d8a1b-a6c6-4ce2-9b80-bccc31441c5e,9fc1a5d1-0be6-4a0a-80f5-e5d86ff87ae7:User 172,DENIED
2026,1月,11,周日,20:27:13,E0E7CABE,52693879-01fa-45f0-9fca-666e027b53f1,4163061f-41ab-4dfb-bfc7-a334ed885086,83b7105d-517f-4f52-a2fa-8076120cba45:User 19,DENIED
2026,1月,11,周日,20:27:13,32DB0D3A,65693a88-73e2-4cea-a7a1-f9f66e87e987,46c3835b-f0b7-46f9-a1a8-e60f92cc743a,42f77996-1313-4c2d-b7bd-09102d3e87ce:User 175,DENIED
2026,1月,11,周日,20:27:13,9F0AFF70,f3eef4d7-17e3-4e42-9b9b-aabe03d81560,5953690c-45c9-4f40-b5b3-df067ecf4cab,850cecb9-7b1e-4f4b-9d38-356a0f540254:User 157,DENIED
2026,1月,11,周日,20:27:13,531960E8,c54729aa-fce2-4e14-badc-5f7fbfa1de49,8af984fb-ae86-4385-8e7e-b9b56beaf03f,14dad223-2e0a-416d-8d9c-7fca0f4d96be:User 14,DENIED
2026,1月,11,周日,20:27:13,E3A0C4C8,732ab68f-bbee-4ded-8c9a-1eac02ef4fcf,b75dbdaf-0548-4dd8-ae94-981684ee6a79,d355927d-33e7-4611-bdb0-ba3251ca2064:User 51,DENIED
2026,1月,11,周日,20:27:13,7CC6112F,9ca441b2-b1a1-4920-ba5c-6dbfa867e3e8,cdc6f9a1-a7c1-4db8-a639-497a80d2f94b,fb30d9c2-1403-45f2-894a-78dbc8536890:User 34,DENIED
2026,1月,11,周日,20:27:13,D060955A,79f2879a-de1b-4f95-b5aa-4f3982938ce4,b6ede591-f236-44b5-9607-96f7a84ac0bc,17d4ad2d-26d5-4b14-a442-951045dde85e:User 120,DENIED
2026,1月,11,周日,20:27:13,0E73E9A4,870c05c9-2e70-41a4-bf93-85de484a726a,51af542a-7613-42be-920d-f6a3b455a10b,763f7d78-2043-442c-ab80-b9ef428cb82f:User 5,DENIED
2026,1月,11,周日,20:27:13,604A4816,621f42d2-6033-4dd5-86bc-3ef95ac4f347,1243ed84-de07-4125-9e0e-719db7e75dbc,732b7045-004b-4e3e-94e0-9f2f920297db:User 4,DENIED
2026,1月,11,周日,20:27:13,0FEAC152,f19a373d-67c4-48ed-bfe3-3ef0796536e9,f70c1588-d00b-4277-b450-0af3f6feef11,a5e74279-ab26-4adf-84b2-ae3c04bffc20:User 188,DENIED
2026,1月,11,周日,20:27:13,1EB043B2,5f078c7b-e28e-4f96-8ee4-d2868ba692f9,ad62e913-8354-4349-adc0-2dd51be30df9,bdc8263d-9b28-4e80-add0-88455ff47d24:User 67,DENIED
2026,1月,11,周日,20:27:13,706CA1E2,4fc60dbb-44c0-4399-ac1a-cfac8d0102c8,715e699d-3040-442f-9f38-68c70a0f67d0,fdcfce63-9871-449f-92d5-a5b98a283b36:User 147,DENIED
2026,1月,11,周日,20:27:13,5A058B39,9ca441b2-b1a1-4920-ba5c-6dbfa867e3e8,cdc6f9a1-a7c1-4db8-a639-497a80d2f94b,83c55190-73ab-49a3-badf-9788f70038a8:User 91,DENIED
2026,1月,11,周日,20:27:13,AC1545C4,a3668d39-fb96-48e5-948d-d8d77eb1782f,69089920-6b00-4a9d-8de6-871d47f03e6c,30b18901-8263-4bd0-b460-ca51010425d4:User 24,DENIED
2026,1月,11,周日,20:27:13,80FBFCDD,c54729aa-fce2-4e14-badc-5f7fbfa1de49,8af984fb-ae86-4385-8e7e-b9b56beaf03f,b06a469d-42fb-4ba4-8f5b-2590ab842f7c:User 33,DENIED
2026,1月,11,周日,20:27:13,DF4E17A7,12eba4f8-180f-4727-836c-80337bbfde81,b0591a0f-a5c6-4c92-b893-9d51d8f1a4da,13dcdbfa-03e3-4ae3-bc33-4e188a225860:User 193,DENIED
2026,1月,11,周日,20:27:13,DAA5A378,db243b05-b592-4199-a64e-3c9ee6e65fbd,8dfdb42d-05ec-4be5-a0f8-18a6420764cb,2fa2cc85-a79b-4a2e-b9bb-9fe02fd1ad55:User 7,DENIED
2026,1月,11,周日,20:27:13,D111582B,f19a373d-67c4-48ed-bfe3-3ef0796536e9,f70c1588-d00b-4277-b450-0af3f6feef11,f56d7dc9-1e04-4505-a4bb-e80a9e8d5908:User 123,DENIED
2026,1月,11,周日,20:27:13,7C36DC53,5c980ee0-2ea8-4567-a531-5eaa984a1a4a,a2b08738-cba6-4f87-9011-d2897b29cfa4,fcc41e72-fbbe-49ce-bd88-5c8182237945:User 121,DENIED
2026,1月,11,周日,20:27:13,EC8C95CF,5c980ee0-2ea8-4567-a531-5eaa984a1a4a,a2b08738-cba6-4f87-9011-d2897b29cfa4,9793e940-0499-416f-ac28-7c1df1a8eee5:User 21,DENIED
2026,1月,11,周日,20:27:13,99E67F36,e7e0bc70-3e5a-43f9-be48-c4ba0341bdaa,f89fb1b7-1db9-4975-80a5-c3a85f6f4574,363303ee-3cc5-45f4-ae0c-559d3e79c811:User 165,DENIED
2026,1月,11,周日,20:27:13,0E2DD2FE,16b02378-7e5f-4848-928c-70a50df32db6,c65121ab-12fc-4966-b806-c87dd3b7f076,d8f1e4e0-34ea-41ff-bb7e-37ed4e703778:User 21,DENIED
2026,1月,11,周日,20:27:13,1B89633E,5f078c7b-e28e-4f96-8ee4-d2868ba692f9,ad62e913-8354-4349-adc0-2dd51be30df9,4d0e41fd-85d6-44d1-8efc-f67d052b281c:User 41,DENIED
2026,1月,11,周日,20:27:13,0022BFC1,52693879-01fa-45f0-9fca-666e027b53f1,4163061f-41ab-4dfb-bfc7-a334ed885086,a4f31604-eddd-4774-bf27-36124059f8a2:User 12,DENIED
2026,1月,11,周日,20:27:13,BF43D708,93ee461f-790a-4449-8527-be0ff2b412bf,8673c600-d01d-4cde-ad5e-94d3ee9d7fd9,4f7c8c0e-fa40-4a3d-990e-e99d97c4bd62:User 106,DENIED
2026,1月,11,周日,20:27:13,1B89633E,af93e80c-505a-4f4a-a0e6-81ebd2faa429,4559ddc4-146e-4795-934b-389ea44d10f7,4d0e41fd-85d6-44d1-8efc-f67d052b281c:User 41,DENIED
2026,1月,11,周日,20:27:13,CE67EC7C,322e4308-8a53-4e5b-88e0-75c295071b97,49c27197-4186-4607-bdc4-b91c1fbfb68b,e8d3308e-fc49-47e0-8875-52ff2bb6e2ba:User 8,DENIED
2026,1月,11,周日,20:27:13,931E3C47,f19a373d-67c4-48ed-bfe3-3ef0796536e9,f70c1588-d00b-4277-b450-0af3f6feef11,be44d290-38d7-4bed-b1fa-d71abaa502e1:User 15,DENIED
2026,1月,11,周日,20:27:13,1EB043B2,f19a373d-67c4-48ed-bfe3-3ef0796536e9,f70c1588-d00b-4277-b450-0af3f6feef11,bdc8263d-9b28-4e80-add0-88455ff47d24:User 67,DENIED
2026,1月,11,周日,20:27:13,868552F6,db243b05-b592-4199-a64e-3c9ee6e65fbd,8dfdb42d-05ec-4be5-a0f8-18a6420764cb,483f80a9-94d1-49ac-9c9e-4779af19ee3f:User 96,DENIED
2026,1月,11,周日,20:27:13,99E67F36,e7e0bc70-3e5a-43f9-be48-c4ba0341bdaa,f89fb1b7-1db9-4975-80a5-c3a85f6f4574,363303ee-3cc5-45f4-ae0c-559d3e79c811:User 165,DENIED
2026,1月,11,周日,20:27:13,531960E8,747204d4-1207-4613-b1f6-1123a64d4bae,c7db699a-0fcc-4dd1-93dd-ded492ecc52d,14dad223-2e0a-416d-8d9c-7fca0f4d96be:User 14,DENIED
2026,1月,11,周日,20:27:13,BAE96C98,4fc60dbb-44c0-4399-ac1a-cfac8d0102c8,715e699d-3040-442f-9f38-68c70a0f67d0,bf62c1a9-b58f-4d1d-9d7e-d490020ba833:User 198,DENIED
2026,1月,11,周日,20:27:13,1E263C86,12eba4f8-180f-4727-836c-80337bbfde81,b0591a0f-a5c6-4c92-b893-9d51d8f1a4da,7cc4267f-4a4b-4653-824c-c514e8f4b4e8:User 40,DENIED
2026,1月,11,周日,20:27:13,7C36DC53,297874e0-a56b-4ce9-b02b-30504ec46f4c,87583732-aff9-43ab-81be-ea7312152eb0,fcc41e72-fbbe-49ce-bd88-5c8182237945:User 121,DENIED
2026,1月,11,周日,20:27:13,FD51FDDC,fb3cf09a-dde4-41c0-972d-983e578ac120,b1f6d680-200e-42be-a15e-ca718304cff7,f997143f-55e1-4719-b3fe-ab7ee7df98ec:User 30,DENIED
2026,1月,11,周日,20:27:13,79DCDAFC,9ca441b2-b1a1-4920-ba5c-6dbfa867e3e8,cdc6f9a1-a7c1-4db8-a639-497a80d2f94b,dce203b0-b39b-4487-a9dd-8804acdbf34b:User 28,DENIED
2026,1月,11,周日,20:27:13,DE842453,70ad87f3-147f-4f03-a266-ca45ad21148c,efabfe47-19e8-43db-a45f-5498415d978c,fcbaa7a2-cd83-4e9e-96a9-47d14060eb1e:User 197,DENIED
2026,1月,11,周日,20:27:13,9F0AFF70,be9c74f9-b0e5-4618-9e09-8b65355b062e,93141aef-f0e8-4064-80da-ceb24fa6efa1,850cecb9-7b1e-4f4b-9d38-356a0f540254:User 157,DENIED
2026,1月,11,周日,20:27:13,67D9DCB3,978f2cda-ac0b-466d-85e6-c0047665e857,444d8a1b-a6c6-4ce2-9b80-bccc31441c5e,34df1631-219a-4117-8fa4-8418e10e3e7f:User 128,DENIED
2026,1月,11,周日,20:27:13,9666DFDD,322e4308-8a53-4e5b-88e0-75c295071b97,49c27197-4186-4607-bdc4-b91c1fbfb68b,7dac8f57-5f27-4501-8dd9-34b532bbf26b:User 150,DENIED
2026,1月,11,周日,20:27:13,AA1B2884,297874e0-a56b-4ce9-b02b-30504ec46f4c,87583732-aff9-43ab-81be-ea7312152eb0,dc8f0c7b-d444-4b44-84ec-634493337fce:User 111,DENIED
2026,1月,11,周日,20:27:13,C48156E5,9620bf95-f2fc-481f-9a3b-db9d43dfadf1,850c8962-9f45-4aa4-9f24-0111562de84b,629af980-0eec-4ea4-88de-cbbec17d1909:User 9,DENIED
2026,1月,11,周日,20:27:13,3E787EAE,79f2879a-de1b-4f95-b5aa-4f3982938ce4,b6ede591-f236-44b5-9607-96f7a84ac0bc,6204f451-af18-423a-8eec-177b1e6b0cc7:User 113,DENIED
2026,1月,11,周日,20:27:13,B23ABBB2,53687c24-f9ea-4921-96c9-23e524e9ab10,813e4e52-5a00-413c-a891-05013da581ff,1689d69e-2b18-4419-8dd9-a3a8910b2235:User 11,DENIED
2026,1月,11,周日,20:27:13,578EF3A0,4fc60dbb-44c0-4399-ac1a-cfac8d0102c8,715e699d-3040-442f-9f38-68c70a0f67d0,465e15e0-481b-46cd-b1dc-6d7558d6c291:User 27,DENIED
2026,1月,11,周日,20:27:13,8F4E2B56,59306181-f165-4645-8b4c-2bfed7a96f64,d7c26892-d2d2-4ad1-b74b-456664459590,17ac47de-ce34-453f-bec5-656a59bc149e:User 110,DENIED
2026,1月,11,周日,20:27:13,DF4E17A7,53687c24-f9ea-4921-96c9-23e524e9ab10,813e4e52-5a00-413c-a891-05013da581ff,13dcdbfa-03e3-4ae3-bc33-4e188a225860:User 193,DENIED
2026,1月,11,周日,20:27:13,AF232EA0,93ee461f-790a-4449-8527-be0ff2b412bf,8673c600-d01d-4cde-ad5e-94d3ee9d7fd9,aa2d7a8f-b931-49d4-aff7-a8f2635ab0e2:User 39,DENIED
2026,1月,11,周日,20:27:13,086E3300,747204d4-1207-4613-b1f6-1123a64d4bae,c7db699a-0fcc-4dd1-93dd-ded492ecc52d,e869d877-4d4e-49f1-a0c0-022395b9049f:User 55,DENIED
2026,1月,11,周日,20:27:13,3433A538,20bc60be-dcc6-4639-8666-e33ac7eff0d6,fa28c6a6-7674-417b-b44d-e75b815545c3,b287aaeb-4bae-4bd4-a1a6-311a4c77d7d5:User 58,DENIED
2026,1月,11,周日,20:27:13,53FA4769,870c05c9-2e70-41a4-bf93-85de484a726a,51af542a-7613-42be-920d-f6a3b455a10b,7aac74ef-3078-46e1-841f-7b1a84c5bad1:User 69,DENIED
2026,1月,11,周日,20:27:13,041A000C,16b02378-7e5f-4848-928c-70a50df32db6,c65121ab-12fc-4966-b806-c87dd3b7f076,e96c82f3-b87a-4f17-81b7-0e2b6c4a031c:User 174,DENIED
2026,1月,11,周日,20:27:13,53FA4769,e7e0bc70-3e5a-43f9-be48-c4ba0341bdaa,f89fb1b7-1db9-4975-80a5-c3a85f6f4574,7aac74ef-3078-46e1-841f-7b1a84c5bad1:User 69,DENIED
2026,1月,11,周日,20:27:13,7DB77A37,d777dc15-826e-439a-a544-ad16591daa7d,788dd0e0-5b8f-4125-b501-356f2e66f766,83968731-74cc-4baf-990d-000f2f4a074b:User 18,DENIED
2026,1月,11,周日,20:27:13,432432A7,4fc60dbb-44c0-4399-ac1a-cfac8d0102c8,715e699d-3040-442f-9f38-68c70a0f67d0,3a0cea6b-b22c-442e-ba9d-331dd1e0ba4b:User 44,DENIED
2026,1月,11,周日,20:27:13,CD09BDCF,5f078c7b-e28e-4f96-8ee4-d2868ba692f9,ad62e913-8354-4349-adc0-2dd51be30df9,7187e862-2f09-4700-8f14-20d23954a77b:User 11,DENIED
2026,1月,11,周日,20:27:13,EB24E709,01260115-5e52-42db-ad95-ec77bcd659b8,08a7dff8-aa46-40b0-bd88-7a7c8416c011,13b82b32-091c-42a7-a253-606c5f66f4b3:User 8,DENIED
2026,1月,11,周日,20:27:13,797220ED,641f008a-67f7-4eb0-8dc5-9db82e0f2a65,7cca50aa-de0d-4292-babb-80ab0f12add2,75ee0253-5df1-4bb3-b971-54b15993399f:User 40,DENIED
2026,1月,11,周日,20:27:13,A46832DD,9ca441b2-b1a1-4920-ba5c-6dbfa867e3e8,cdc6f9a1-a7c1-4db8-a639-497a80d2f94b,93fe1c6a-0ae8-40fe-92e9-896b10aaa36f:User 48,DENIED
2026,1月,11,周日,20:27:13,ED814693,ba1fffd1-2a67-4cb9-90a1-7228035dbb99,0422e414-4fa9-48ec-a7d9-43200f68b098,1bb2eb2b-9675-4333-a7e8-7b7237b2c790:User 29,DENIED
2026,1月,11,周日,20:27:13,FA25DC83,f19a373d-67c4-48ed-bfe3-3ef0796536e9,f70c1588-d00b-4277-b450-0af3f6feef11,e402cbd3-0228-4588-a54a-f918251d6f59:User 154,DENIED
2026,1月,11,周日,20:27:13,1F7F7028,297874e0-a56b-4ce9-b02b-30504ec46f4c,87583732-aff9-43ab-81be-ea7312152eb0,acafc380-e877-461b-ad3d-0ce884cc37e3:User 181,DENIED
2026,1月,11,周日,20:27:13,A9D8C3D4,79f2879a-de1b-4f95-b5aa-4f3982938ce4,b6ede591-f236-44b5-9607-96f7a84ac0bc,9e479f4c-9bf4-4e74-9ad6-9becbf08a60e:User 129,DENIED
2026,1月,11,周日,20:27:13,2A4C5DE7,d5ac040c-b74e-4341-8ef2-eb2cae95c04b,e26a09ae-48de-463f-81b9-bac8f7dba6d4,3226c816-4a97-4409-aff8-f6fbe94f4b11:User 194,DENIED
2026,1月,11,周日,20:27:13,BAE96C98,79e166cb-e810-4bd7-b3da-8c2063a10654,868714f4-8c61-4b5d-9f10-e22d9b969143,bf62c1a9-b58f-4d1d-9d7e-d490020ba833:User 198,DENIED
2026,1月,11,周日,20:27:13,0930626F,01260115-5e52-42db-ad95-ec77bcd659b8,08a7dff8-aa46-40b0-bd88-7a7c8416c011,046cc824-12d0-454b-8e66-1709a4ef97a9:User 28,DENIED
2026,1月,11,周日,20:27:13,1A6C8370,be9c74f9-b0e5-4618-9e09-8b65355b062e,93141aef-f0e8-4064-80da-ceb24fa6efa1,d9e52338-5b1f-4ace-8235-49bc7467e275:User 163,DENIED
2026,1月,11,周日,20:27:13,40FDA30B,f4cf5168-8a65-4f89-9ee7-89b2310c43ce,782d47f0-3c55-4edb-a1b1-285f046ddfa7,0c9a4ffa-7d98-493a-884d-bf353d18ff1c:User 56,DENIED
2026,1月,11,周日,20:27:13,6267CCB1,f4cf5168-8a65-4f89-9ee7-89b2310c43ce,782d47f0-3c55-4edb-a1b1-285f046ddfa7,e0f703ec-d760-4cf3-9416-e5452a9b1dde:User 151,DENIED
2026,1月,11,周日,20:27:13,DF9A6981,52693879-01fa-45f0-9fca-666e027b53f1,4163061f-41ab-4dfb-bfc7-a334ed885086,369db2e0-adad-4bf2-9978-03b900fc82ec:User 43,DENIED
2026,1月,11,周日,20:27:13,9DC3FE7B,747204d4-1207-4613-b1f6-1123a64d4bae,c7db699a-0fcc-4dd1-93dd-ded492ecc52d,2a124bd4-b6ae-4aa7-a618-ee436160ec6a:User 68,DENIED
2026,1月,11,周日,20:27:13,D8738B2D,79f2879a-de1b-4f95-b5aa-4f3982938ce4,b6ede591-f236-44b5-9607-96f7a84ac0bc,114f1a42-9c53-4209-85d7-a462bd450d01:User 196,DENIED
2026,1月,11,周日,20:27:13,A9D8C3D4,322e4308-8a53-4e5b-88e0-75c295071b97,49c27197-4186-4607-bdc4-b91c1fbfb68b,9e479f4c-9bf4-4e74-9ad6-9becbf08a60e:User 129,DENIED
2026,1月,11,周日,20:27:13,E084A602,914ebf41-7847-419d-ae5b-45986f4ee3c8,dc040e2b-56aa-4ba2-9a35-beb305625d9c,5026299c-147b-47cd-b489-f61dd66da97e:User 92,DENIED
2026,1月,11,周日,20:27:13,6ADA9637,5f741446-39a7-4d45-9906-cddcfd4f5658,80e24623-c1fa-4a45-8edf-cbd2377e52a6,a9729d54-1ae2-4d71-a4c9-ce6383348205:User 161,DENIED
2026,1月,11,周日,20:27:13,66957263,be9c74f9-b0e5-4618-9e09-8b65355b062e,93141aef-f0e8-4064-80da-ceb24fa6efa1,508a97e1-8bc8-4b9f-9db6-4f1f3ab66f56:User 17,DENIED
2026,1月,11,周日,20:27:13,8F4E2B56,a3668d39-fb96-48e5-948d-d8d77eb1782f,69089920-6b00-4a9d-8de6-871d47f03e6c,17ac47de-ce34-453f-bec5-656a59bc149e:User 110,DENIED
2026,1月,11,周日,20:27:13,FF39AD48,924693ab-4968-4524-b4b2-be6e548af518,0b14d6c7-f34b-409f-a647-b67d8f795308,59c04b00-e1b6-46cc-a4f8-cd73b8ced2aa:User 153,DENIED
2026,1月,11,周日,20:27:13,53FA4769,af93e80c-505a-4f4a-a0e6-81ebd2faa429,4559ddc4-146e-4795-934b-389ea44d10f7,7aac74ef-3078-46e1-841f-7b1a84c5bad1:User 69,DENIED
2026,1月,11,周日,20:27:13,3B32F6FC,729ef629-44a5-4f46-aef4-a30288c414db,2ce55221-e6ac-4e68-a139-89c65c486551,c60bcccd-a69e-4243-9030-f52199c42ae8:User 49,DENIED
2026,1月,11,周日,20:27:13,FC068ECA,fb3cf09a-dde4-41c0-972d-983e578ac120,b1f6d680-200e-42be-a15e-ca718304cff7,02d43794-55da-476b-9568-a07081154b5e:User 75,DENIED
2026,1月,11,周日,20:27:13,F86F57C4,79e166cb-e810-4bd7-b3da-8c2063a10654,868714f4-8c61-4b5d-9f10-e22d9b969143,cfc43640-73c4-4c45-9663-ac34339418c4:User 84,DENIED
2026,1月,11,周日,20:27:13,9DC3FE7B,4fc60dbb-44c0-4399-ac1a-cfac8d0102c8,715e699d-3040-442f-9f38-68c70a0f67d0,2a124bd4-b6ae-4aa7-a618-ee436160ec6a:User 68,DENIED
2026,1月,11,周日,20:27:13,6C357E84,52693879-01fa-45f0-9fca-666e027b53f1,4163061f-41ab-4dfb-bfc7-a334ed885086,abcc9e33-db9f-42c8-a29c-0d0a9e12ae31:User 199,DENIED
2026,1月,11,周日,20:27:13,60A21C77,5f741446-39a7-4d45-9906-cddcfd4f5658,80e24623-c1fa-4a45-8edf-cbd2377e52a6,c20df8e0-b742-4c25-a0ed-5d2887da9a74:User 43,DENIED
2026,1月,11,周日,20:27:13,3B32F6FC,79e166cb-e810-4bd7-b3da-8c2063a10654,868714f4-8c61-4b5d-9f10-e22d9b969143,c60bcccd-a69e-4243-9030-f52199c42ae8:User 49,DENIED
2026,1月,11,周日,20:27:13,DD40D232,c562380c-bdd3-4f70-bbfb-a757e48413a7,b85ea175-7378-411e-a070-d9592b52676c,a90c7076-f938-4a20-924a-44c22bce753e:User 61,DENIED
2026,1月,11,周日,20:27:13,FD51FDDC,be9c74f9-b0e5-4618-9e09-8b65355b062e,93141aef-f0e8-4064-80da-ceb24fa6efa1,f997143f-55e1-4719-b3fe-ab7ee7df98ec:User 30,DENIED
2026,1月,11,周日,20:27:13,FC068ECA,297874e0-a56b-4ce9-b02b-30504ec46f4c,87583732-aff9-43ab-81be-ea7312152eb0,02d43794-55da-476b-9568-a07081154b5e:User 75,DENIED
2026,1月,11,周日,20:27:13,FF39AD48,4fc60dbb-44c0-4399-ac1a-cfac8d0102c8,715e699d-3040-442f-9f38-68c70a0f67d0,59c04b00-e1b6-46cc-a4f8-cd73b8ced2aa:User 153,DENIED
2026,1月,11,周日,20:27:13,3E787EAE,93ee461f-790a-4449-8527-be0ff2b412bf,8673c600-d01d-4cde-ad5e-94d3ee9d7fd9,6204f451-af18-423a-8eec-177b1e6b0cc7:User 113,DENIED
2026,1月,11,周日,20:27:13,476605A4,5f741446-39a7-4d45-9906-cddcfd4f5658,80e24623-c1fa-4a45-8edf-cbd2377e52a6,02cb5fac-986c-4f62-842a-63b1c3f708c8:User 2,DENIED
2026,1月,11,周日,20:27:13,60DA3310,93ee461f-790a-4449-8527-be0ff2b412bf,8673c600-d01d-4cde-ad5e-94d3ee9d7fd9,f58874ff-95f9-4277-a959-a87a40a1fc73:User 38,DENIED
2026,1月,11,周日,20:27:13,B9E78EF0,914ebf41-7847-419d-ae5b-45986f4ee3c8,dc040e2b-56aa-4ba2-9a35-beb305625d9c,cfd3a6c3-c232-4e29-ba0e-35b711164699:User 134,DENIED
2026,1月,11,周日,20:27:13,1B89633E,af93e80c-505a-4f4a-a0e6-81ebd2faa429,4559ddc4-146e-4795-934b-389ea44d10f7,4d0e41fd-85d6-44d1-8efc-f67d052b281c:User 41,DENIED
2026,1月,11,周日,20:27:13,99E67F36,16b02378-7e5f-4848-928c-70a50df32db6,c65121ab-12fc-4966-b806-c87dd3b7f076,363303ee-3cc5-45f4-ae0c-559d3e79c811:User 165,DENIED
2026,1月,11,周日,20:27:13,1EFC8AAD,89dc19d8-6391-4ce5-ac5f-40e1a0306b5c,9287f79c-a896-4a17-adbe-ae5c1cd8fb29,b55f918c-819f-480b-bbe4-1b9d332ae04c:User 31,DENIED
2026,1月,11,周日,20:27:13,66957263,53687c24-f9ea-4921-96c9-23e524e9ab10,813e4e52-5a00-413c-a891-05013da581ff,508a97e1-8bc8-4b9f-9db6-4f1f3ab66f56:User 17,DENIED
2026,1月,11,周日,20:27:13,946F7BE3,9ca441b2-b1a1-4920-ba5c-6dbfa867e3e8,cdc6f9a1-a7c1-4db8-a639-497a80d2f94b,cc4141ee-bca5-4f59-8595-c446b1b5be92:User 177,DENIED
2026,1月,11,周日,20:27:13,38707C1A,93ee461f-790a-4449-8527-be0ff2b412bf,8673c600-d01d-4cde-ad5e-94d3ee9d7fd9,bd89d26e-0292-40c7-8234-4a258202c129:User 34,DENIED
2026,1月,11,周日,20:27:13,02CF2966,af93e80c-505a-4f4a-a0e6-81ebd2faa429,4559ddc4-146e-4795-934b-389ea44d10f7,dfe922b2-a231-49f5-8ff6-4f7bab7f77f7:User 31,DENIED
2026,1月,11,周日,20:27:13,60DA3310,5f078c7b-e28e-4f96-8ee4-d2868ba692f9,ad62e913-8354-4349-adc0-2dd51be30df9,f58874ff-95f9-4277-a959-a87a40a1fc73:User 38,DENIED
2026,1月,11,周日,20:27:13,AC1545C4,c54729aa-fce2-4e14-badc-5f7fbfa1de49,8af984fb-ae86-4385-8e7e-b9b56beaf03f,30b18901-8263-4bd0-b460-ca51010425d4:User 24,DENIED
2026,1月,11,周日,20:27:13,CD09BDCF,70ad87f3-147f-4f03-a266-ca45ad21148c,efabfe47-19e8-43db-a45f-5498415d978c,7187e862-2f09-4700-8f14-20d23954a77b:User 11,DENIED
2026,1月,11,周日,20:27:13,BFA9EE4E,f19a373d-67c4-48ed-bfe3-3ef0796536e9,f70c1588-d00b-4277-b450-0af3f6feef11,b4cde930-d1ea-4051-bf61-c0c0d6ce810a:User 176,DENIED
2026,1月,11,周日,20:27:13,56D599B0,db243b05-b592-4199-a64e-3c9ee6e65fbd,8dfdb42d-05ec-4be5-a0f8-18a6420764cb,82dadda4-4101-4cb8-809e-96f099892135:User 37,DENIED
2026,1月,11,周日,20:27:13,15CF6D6E,59306181-f165-4645-8b4c-2bfed7a96f64,d7c26892-d2d2-4ad1-b74b-456664459590,de6506e1-4e6b-4c22-931e-d97d8238fdca:User 162,DENIED
2026,1月,11,周日,20:27:13,648AAE4A,e7e0bc70-3e5a-43f9-be48-c4ba0341bdaa,f89fb1b7-1db9-4975-80a5-c3a85f6f4574,cfd2e3b6-e4d1-43df-b68f-30c66c041e2f:User 109,DENIED
2026,1月,11,周日,20:27:13,46439497,1b66869a-b709-4954-8b97-e7c2bfe17fdc,3a6ee9f2-ec0c-4b6d-90e4-fca4b3cdb3ba,93dbc7a8-8cff-465b-8874-abbdb4dd71f6:User 132,DENIED
2026,1月,11,周日,20:27:13,ACEF91DE,70ad87f3-147f-4f03-a266-ca45ad21148c,efabfe47-19e8-43db-a45f-5498415d978c,852be9cd-dbc0-49a5-9c52-5d2e66518a53:User 32,DENIED
2026,1月,11,周日,20:27:13,324296E8,af93e80c-505a-4f4a-a0e6-81ebd2faa429,4559ddc4-146e-4795-934b-389ea44d10f7,3da28cb6-8ddf-4090-af58-5363df288dcb:User 104,DENIED
2026,1月,11,周日,20:27:13,31171503,59306181-f165-4645-8b4c-2bfed7a96f64,d7c26892-d2d2-4ad1-b74b-456664459590,9332c8f0-8d89-48a7-b23c-a607b3c59635:User 39,DENIED
2026,1月,11,周日,20:27:13,38C54819,dff57c19-308d-461c-8dea-13d9a7e54222,13fdec8c-3dd9-4a53-aaab-ca535abe2cb5,9d502ca4-e3bc-4000-83bd-dde84b77a006:User 49,DENIED
2026,1月,11,周日,20:27:13,476605A4,52693879-01fa-45f0-9fca-666e027b53f1,4163061f-41ab-4dfb-bfc7-a334ed885086,02cb5fac-986c-4f62-842a-63b1c3f708c8:User 2,DENIED
2026,1月,11,周日,20:27:13,0C82E829,732ab68f-bbee-4ded-8c9a-1eac02ef4fcf,b75dbdaf-0548-4dd8-ae94-981684ee6a79,494b3dcf-368e-419d-838c-69bd3b8ad687:User 186,DENIED
2026,1月,11,周日,20:27:13,7A83F4EA,16b02378-7e5f-4848-928c-70a50df32db6,c65121ab-12fc-4966-b806-c87dd3b7f076,d8115d85-4701-4462-9119-ddeff4a2e015:User 47,DENIED
2026,1月,11,周日,20:27:13,64B36B6E,978f2cda-ac0b-466d-85e6-c0047665e857,444d8a1b-a6c6-4ce2-9b80-bccc31441c5e,4034ffc9-3b05-4ae3-9cb4-12823a52589b:User 148,DENIED
2026,1月,11,周日,20:27:13,64B36B6E,914ebf41-7847-419d-ae5b-45986f4ee3c8,dc040e2b-56aa-4ba2-9a35-beb305625d9c,4034ffc9-3b05-4ae3-9cb4-12823a52589b:User 148,DENIED
2026,1月,11,周日,20:27:13,C48156E5,297874e0-a56b-4ce9-b02b-30504ec46f4c,87583732-aff9-43ab-81be-ea7312152eb0,629af980-0eec-4ea4-88de-cbbec17d1909:User 9,DENIED
2026,1月,11,周日,20:27:13,0D4DA49E,f4cf5168-8a65-4f89-9ee7-89b2310c43ce,782d47f0-3c55-4edb-a1b1-285f046ddfa7,ac7653f0-0b71-4aef-99af-e77028e56116:User 78,DENIED
2026,1月,11,周日,20:27:13,C19B86AF,c54729aa-fce2-4e14-badc-5f7fbfa1de49,8af984fb-ae86-4385-8e7e-b9b56beaf03f,f9e008d4-1cb7-4dfe-a184-5e336d1ba1f4:User 85,DENIED
2026,1月,11,周日,20:27:13,7C36DC53,ba1fffd1-2a67-4cb9-90a1-7228035dbb99,0422e414-4fa9-48ec-a7d9-43200f68b098,fcc41e72-fbbe-49ce-bd88-5c8182237945:User 121,DENIED
2026,1月,11,周日,20:27:13,4F3982D5,65693a88-73e2-4cea-a7a1-f9f66e87e987,46c3835b-f0b7-46f9-a1a8-e60f92cc743a,da0b10a1-38a5-435b-8364-f7e53e67d500:User 90,DENIED
2026,1月,11,周日,20:27:13,432432A7,ba1fffd1-2a67-4cb9-90a1-7228035dbb99,0422e414-4fa9-48ec-a7d9-43200f68b098,3a0cea6b-b22c-442e-ba9d-331dd1e0ba4b:User 44,DENIED
2026,1月,11,周日,20:27:13,9CAFB481,d6dea81b-2545-441f-91ce-46d206777f11,ecb54cca-7179-4f82-905b-04bc2c58c746,09f56a4c-9b3f-424f-b470-66cc394951d2:User 144,DENIED
2026,1月,11,周日,20:27:13,70086B31,5c980ee0-2ea8-4567-a531-5eaa984a1a4a,a2b08738-cba6-4f87-9011-d2897b29cfa4,26733b01-91f4-4a55-8e2a-d115f6ba576e:User 114,DENIED
2026,1月,11,周日,20:27:13,8F4E2B56,297874e0-a56b-4ce9-b02b-30504ec46f4c,87583732-aff9-43ab-81be-ea7312152eb0,17ac47de-ce34-453f-bec5-656a59bc149e:User 110,DENIED
2026,1月,11,周日,20:27:13,1BA4FA66,db243b05-b592-4199-a64e-3c9ee6e65fbd,8dfdb42d-05ec-4be5-a0f8-18a6420764cb,89b557db-edfd-4511-923a-2e0a66371fe6:User 33,DENIED
2026,1月,11,周日,20:27:13,B9286695,924693ab-4968-4524-b4b2-be6e548af518,0b14d6c7-f34b-409f-a647-b67d8f795308,67fb6e63-b37a-4cb9-b8a3-1a09de7b301c:User 102,DENIED
2026,1月,11,周日,20:27:13,E3A0C4C8,641f008a-67f7-4eb0-8dc5-9db82e0f2a65,7cca50aa-de0d-4292-babb-80ab0f12add2,d355927d-33e7-4611-bdb0-ba3251ca2064:User 51,DENIED
2026,1月,11,周日,20:27:13,DA778815,12eba4f8-180f-4727-836c-80337bbfde81,b0591a0f-a5c6-4c92-b893-9d51d8f1a4da,7d623ab5-c21d-4eb8-990e-c100c2a4db94:User 16,DENIED
2026,1月,11,周日,20:27:13,CE9A6D59,e7e0bc70-3e5a-43f9-be48-c4ba0341bdaa,f89fb1b7-1db9-4975-80a5-c3a85f6f4574,9efb4220-ec85-4de1-8bb0-c71a9e11fcdf:User 19,DENIED
2026,1月,11,周日,20:27:13,D01762E7,20bc60be-dcc6-4639-8666-e33ac7eff0d6,fa28c6a6-7674-417b-b44d-e75b815545c3,09b07d8d-d580-4acc-84b1-370236a788ed:User 22,DENIED
2026,1月,11,周日,20:27:13,E823B1B5,732ab68f-bbee-4ded-8c9a-1eac02ef4fcf,b75dbdaf-0548-4dd8-ae94-981684ee6a79,2b0aeb7c-3f54-48f1-bf4c-f2e10f5b002f:User 1,DENIED
2026,1月,11,周日,20:27:13,931E3C47,5f078c7b-e28e-4f96-8ee4-d2868ba692f9,ad62e913-8354-4349-adc0-2dd51be30df9,be44d290-38d7-4bed-b1fa-d71abaa502e1:User 15,DENIED
2026,1月,11,周日,20:27:13,35AF238D,914ebf41-7847-419d-ae5b-45986f4ee3c8,dc040e2b-56aa-4ba2-9a35-beb305625d9c,9c4ab1f8-250a-4970-bf4f-a50e221e7400:User 4,DENIED
2026,1月,11,周日,20:27:13,04C7D5C6,be9c74f9-b0e5-4618-9e09-8b65355b062e,93141aef-f0e8-4064-80da-ceb24fa6efa1,afa2067e-0689-481d-90e1-8687db58674c:User 137,DENIED
2026,1月,11,周日,20:27:13,5B1769A9,59306181-f165-4645-8b4c-2bfed7a96f64,d7c26892-d2d2-4ad1-b74b-456664459590,39596ebb-095e-42c4-a1f2-150a2b6ae65b:User 115,DENIED
2026,1月,11,周日,20:27:13,AC1545C4,53687c24-f9ea-4921-96c9-23e524e9ab10,813e4e52-5a00-413c-a891-05013da581ff,30b18901-8263-4bd0-b460-ca51010425d4:User 24,DENIED
2026,1月,11,周日,20:27:13,648AAE4A,12eba4f8-180f-4727-836c-80337bbfde81,b0591a0f-a5c6-4c92-b893-9d51d8f1a4da,cfd2e3b6-e4d1-43df-b68f-30c66c041e2f:User 109,DENIED
2026,1月,11,周日,20:27:13,10BD57CC,70ad87f3-147f-4f03-a266-ca45ad21148c,efabfe47-19e8-43db-a45f-5498415d978c,58250765-3f50-46af-98b9-9a501b03a483:User 73,DENIED
2026,1月,11,周日,20:27:13,EA75E185,322e4308-8a53-4e5b-88e0-75c295071b97,49c27197-4186-4607-bdc4-b91c1fbfb68b,55d0c6d8-8d73-4314-b94c-10c66cdcfcef:User 178,DENIED
2026,1月,11,周日,20:27:13,7730706B,93ee461f-790a-4449-8527-be0ff2b412bf,8673c600-d01d-4cde-ad5e-94d3ee9d7fd9,ae2aea46-003f-409c-a5c4-989599b8aa09:User 87,DENIED
2026,1月,11,周日,20:27:13,89766678,f3eef4d7-17e3-4e42-9b9b-aabe03d81560,5953690c-45c9-4f40-b5b3-df067ecf4cab,30ac71de-9a09-4518-af2e-0040da87e35c:User 36,DENIED
2026,1月,11,周日,20:27:13,13DF5D8E,5c980ee0-2ea8-4567-a531-5eaa984a1a4a,a2b08738-cba6-4f87-9011-d2897b29cfa4,c5086250-7692-43e0-b10b-54952bc27386:User 95,DENIED
2026,1月,11,周日,20:27:13,7C533D82,732ab68f-bbee-4ded-8c9a-1eac02ef4fcf,b75dbdaf-0548-4dd8-ae94-981684ee6a79,6e4db8c8-a39f-41aa-9345-7203a4f75a0d:User 131,DENIED
2026,1月,11,周日,20:27:13,54F84D62,c562380c-bdd3-4f70-bbfb-a757e48413a7,b85ea175-7378-411e-a070-d9592b52676c,5e37be5f-151c-4e65-9780-5afe2edf6fdc:User 25,DENIED
2026,1月,11,周日,20:27:13,4D9EB54D,52693879-01fa-45f0-9fca-666e027b53f1,4163061f-41ab-4dfb-bfc7-a334ed885086,4149a46c-0cd5-4b35-82d2-4f32ad1f715b:User 86,DENIED
2026,1月,11,周日,20:27:13,8FAA49A8,732ab68f-bbee-4ded-8c9a-1eac02ef4fcf,b75dbdaf-0548-4dd8-ae94-981684ee6a79,7b65001d-d151-436e-a4bd-9633ecc50844:User 166,DENIED
2026,1月,11,周日,20:27:13,C48156E5,870c05c9-2e70-41a4-bf93-85de484a726a,51af542a-7613-42be-920d-f6a3b455a10b,629af980-0eec-4ea4-88de-cbbec17d1909:User 9,DENIED
2026,1月,11,周日,20:27:13,A79086D3,297874e0-a56b-4ce9-b02b-30504ec46f4c,87583732-aff9-43ab-81be-ea7312152eb0,1ed1377f-7dbb-4d8f-86aa-2eebceadee2b:User 164,DENIED
2026,1月,11,周日,20:27:13,6255D1D3,f19a373d-67c4-48ed-bfe3-3ef0796536e9,f70c1588-d00b-4277-b450-0af3f6feef11,92a92ac9-ac89-461a-a5d4-0c54a298af26:User 136,DENIED
2026,1月,11,周日,20:27:13,B00FD960,01260115-5e52-42db-ad95-ec77bcd659b8,08a7dff8-aa46-40b0-bd88-7a7c8416c011,0ef0ca5c-e68a-431f-832f-edec67e2821f:User 6,DENIED
2026,1月,11,周日,20:27:13,35AF238D,debab0d0-af9e-431a-9e80-00a7ace8ca1b,cf9cf014-b802-4795-8649-03a01ee41981,9c4ab1f8-250a-4970-bf4f-a50e221e7400:User 4,DENIED
2026,1月,11,周日,20:27:13,1B89633E,f3eef4d7-17e3-4e42-9b9b-aabe03d81560,5953690c-45c9-4f40-b5b3-df067ecf4cab,4d0e41fd-85d6-44d1-8efc-f67d052b281c:User 41,DENIED
2026,1月,11,周日,20:27:13,320867A8,322e4308-8a53-4e5b-88e0-75c295071b97,49c27197-4186-4607-bdc4-b91c1fbfb68b,def8f79e-6344-4b26-be6f-43d1696f9f0a:User 46,DENIED
2026,1月,11,周日,20:27:13,04C7D5C6,12eba4f8-180f-4727-836c-80337bbfde81,b0591a0f-a5c6-4c92-b893-9d51d8f1a4da,afa2067e-0689-481d-90e1-8687db58674c:User 137,DENIED
2026,1月,11,周日,20:27:13,618F82E6,79f2879a-de1b-4f95-b5aa-4f3982938ce4,b6ede591-f236-44b5-9607-96f7a84ac0bc,c2579e01-2ae1-486b-9a0c-55fea27f3a93:User 124,DENIED
2026,1月,11,周日,20:27:13,7A83F4EA,79e166cb-e810-4bd7-b3da-8c2063a10654,868714f4-8c61-4b5d-9f10-e22d9b969143,d8115d85-4701-4462-9119-ddeff4a2e015:User 47,DENIED
2026,1月,11,周日,20:27:13,1E54360A,a3668d39-fb96-48e5-948d-d8d77eb1782f,69089920-6b00-4a9d-8de6-871d47f03e6c,44af10c7-bb6e-450e-98b9-e543b5b7cd85:User 189,DENIED
2026,1月,11,周日,20:27:13,02CF2966,9da65607-0afe-41b0-bbfa-082f65d3c420,0a7b150c-13a9-4c01-bd24-601d9e4546fa,dfe922b2-a231-49f5-8ff6-4f7bab7f77f7:User 31,DENIED
2026,1月,11,周日,20:27:13,6F42EB0E,16b02378-7e5f-4848-928c-70a50df32db6,c65121ab-12fc-4966-b806-c87dd3b7f076,3ec889e4-c3e3-43be-8f91-1f3e04347838:User 83,DENIED
2026,1月,11,周日,20:27:13,706CA1E2,9da65607-0afe-41b0-bbfa-082f65d3c420,0a7b150c-13a9-4c01-bd24-601d9e4546fa,fdcfce63-9871-449f-92d5-a5b98a283b36:User 147,DENIED
2026,1月,11,周日,20:27:13,53D81431,e7e0bc70-3e5a-43f9-be48-c4ba0341bdaa,f89fb1b7-1db9-4975-80a5-c3a85f6f4574,e10dd997-b967-4837-952d-7e5d5dbf0859:User 16,DENIED
2026,1月,11,周日,20:27:13,AC1545C4,747204d4-1207-4613-b1f6-1123a64d4bae,c7db699a-0fcc-4dd1-93dd-ded492ecc52d,30b18901-8263-4bd0-b460-ca51010425d4:User 24,DENIED
2026,1月,11,周日,20:27:13,AF232EA0,c562380c-bdd3-4f70-bbfb-a757e48413a7,b85ea175-7378-411e-a070-d9592b52676c,aa2d7a8f-b931-49d4-aff7-a8f2635ab0e2:User 39,DENIED
2026,1月,11,周日,20:27:13,89766678,79e166cb-e810-4bd7-b3da-8c2063a10654,868714f4-8c61-4b5d-9f10-e22d9b969143,30ac71de-9a09-4518-af2e-0040da87e35c:User 36,DENIED
2026,1月,11,周日,20:27:13,3AAF89F2,9ca441b2-b1a1-4920-ba5c-6dbfa867e3e8,cdc6f9a1-a7c1-4db8-a639-497a80d2f94b,029d5206-3c93-495b-a838-9fd384a2516a:User 46,DENIED
2026,1月,11,周日,20:27:13,02CF2966,20bc60be-dcc6-4639-8666-e33ac7eff0d6,fa28c6a6-7674-417b-b44d-e75b815545c3,dfe922b2-a231-49f5-8ff6-4f7bab7f77f7:User 31,DENIED
2026,1月,11,周日,20:27:13,BB8111DA,621f42d2-6033-4dd5-86bc-3ef95ac4f347,1243ed84-de07-4125-9e0e-719db7e75dbc,0f0cf15a-ca2e-400c-8c56-a98b71965c1b:User 23,DENIED
2026,1月,11,周日,20:27:13,BDD7712A,5c980ee0-2ea8-4567-a531-5eaa984a1a4a,a2b08738-cba6-4f87-9011-d2897b29cfa4,ba649cf7-68a0-4874-a0fa-6f56044d50e6:User 160,DENIED
2026,1月,11,周日,20:27:13,5B1769A9,db243b05-b592-4199-a64e-3c9ee6e65fbd,8dfdb42d-05ec-4be5-a0f8-18a6420764cb,39596ebb-095e-42c4-a1f2-150a2b6ae65b:User 115,DENIED
2026,1月,11,周日,20:27:13,432432A7,f3eef4d7-17e3-4e42-9b9b-aabe03d81560,5953690c-45c9-4f40-b5b3-df067ecf4cab,3a0cea6b-b22c-442e-ba9d-331dd1e0ba4b:User 44,DENIED
2026,1月,11,周日,20:27:13,7859C1BD,53687c24-f9ea-4921-96c9-23e524e9ab10,813e4e52-5a00-413c-a891-05013da581ff,e39e9811-4bfa-4c58-85ef-2bd0fa68056b:User 152,DENIED
2026,1月,11,周日,20:27:13,0E2DD2FE,01260115-5e52-42db-ad95-ec77bcd659b8,08a7dff8-aa46-40b0-bd88-7a7c8416c011,d8f1e4e0-34ea-41ff-bb7e-37ed4e703778:User 21,DENIED
2026,1月,11,周日,20:27:13,E084A602,978f2cda-ac0b-466d-85e6-c0047665e857,444d8a1b-a6c6-4ce2-9b80-bccc31441c5e,5026299c-147b-47cd-b489-f61dd66da97e:User 92,DENIED
2026,1月,11,周日,20:27:13,DD40D232,621f42d2-6033-4dd5-86bc-3ef95ac4f347,1243ed84-de07-4125-9e0e-719db7e75dbc,a90c7076-f938-4a20-924a-44c22bce753e:User 61,DENIED
2026,1月,11,周日,20:27:13,4B03872F,914ebf41-7847-419d-ae5b-45986f4ee3c8,dc040e2b-56aa-4ba2-9a35-beb305625d9c,ee2210dd-4b21-4e2e-ae07-dabff1e4a702:User 88,DENIED
2026,1月,11,周日,20:27:13,99E67F36,c562380c-bdd3-4f70-bbfb-a757e48413a7,b85ea175-7378-411e-a070-d9592b52676c,363303ee-3cc5-45f4-ae0c-559d3e79c811:User 165,DENIED
2026,1月,11,周日,20:27:13,BACB8EDD,59306181-f165-4645-8b4c-2bfed7a96f64,d7c26892-d2d2-4ad1-b74b-456664459590,d44a48d0-bdea-4613-9931-280703e6d79b:User 145,DENIED
2026,1月,11,周日,20:27:13,476605A4,53687c24-f9ea-4921-96c9-23e524e9ab10,813e4e52-5a00-413c-a891-05013da581ff,02cb5fac-986c-4f62-842a-63b1c3f708c8:User 2,DENIED
2026,1月,11,周日,20:27:13,1E54360A,d6dea81b-2545-441f-91ce-46d206777f11,ecb54cca-7179-4f82-905b-04bc2c58c746,44af10c7-bb6e-450e-98b9-e543b5b7cd85:User 189,DENIED
2026,1月,11,周日,20:27:13,3AAF89F2,0be70602-ffb6-4703-b34b-1019cf76e655,8e762bad-5107-4ccb-91e4-20cb7d5cd5aa,029d5206-3c93-495b-a838-9fd384a2516a:User 46,DENIED
2026,1月,11,周日,20:27:13,F86EE8B3,79e166cb-e810-4bd7-b3da-8c2063a10654,868714f4-8c61-4b5d-9f10-e22d9b969143,ea2de7f9-7a1d-4db6-bfb8-7918491e9c64:User 42,DENIED
2026,1月,11,周日,20:27:13,B00FD960,9620bf95-f2fc-481f-9a3b-db9d43dfadf1,850c8962-9f45-4aa4-9f24-0111562de84b,0ef0ca5c-e68a-431f-832f-edec67e2821f:User 6,DENIED
2026,1月,11,周日,20:27:13,60A21C77,297874e0-a56b-4ce9-b02b-30504ec46f4c,87583732-aff9-43ab-81be-ea7312152eb0,c20df8e0-b742-4c25-a0ed-5d2887da9a74:User 43,DENIED
2026,1月,11,周日,20:27:13,273DF5BB,bd6e0c72-d0ea-4b60-ac0a-f371cfce9fcd,7bfe268b-3120-4387-ad55-4e08de557456,d75937a2-cd4c-47bd-9ef2-9c2e113bbbbb:User 24,DENIED
2026,1月,11,周日,20:27:14,35AF238D,debab0d0-af9e-431a-9e80-00a7ace8ca1b,cf9cf014-b802-4795-8649-03a01ee41981,9c4ab1f8-250a-4970-bf4f-a50e221e7400:User 4,DENIED
2026,1月,11,周日,20:27:14,4EAB30D6,dff57c19-308d-461c-8dea-13d9a7e54222,13fdec8c-3dd9-4a53-aaab-ca535abe2cb5,a46155a8-5e53-49b7-a5f9-040b9c117fde:User 13,DENIED
2026,1月,11,周日,20:27:14,A46832DD,d777dc15-826e-439a-a544-ad16591daa7d,788dd0e0-5b8f-4125-b501-356f2e66f766,93fe1c6a-0ae8-40fe-92e9-896b10aaa36f:User 48,DENIED
2026,1月,11,周日,20:27:14,001A5DDA,732ab68f-bbee-4ded-8c9a-1eac02ef4fcf,b75dbdaf-0548-4dd8-ae94-981684ee6a79,a63794ba-befd-4756-9345-ddad63c4d2f7:User 143,DENIED
2026,1月,11,周日,20:27:14,F48814BB,debab0d0-af9e-431a-9e80-00a7ace8ca1b,cf9cf014-b802-4795-8649-03a01ee41981,e57bb913-0d88-4748-a6c9-bd9cd54db129:User 12,DENIED
2026,1月,11,周日,20:27:14,706CA1E2,af93e80c-505a-4f4a-a0e6-81ebd2faa429,4559ddc4-146e-4795-934b-389ea44d10f7,fdcfce63-9871-449f-92d5-a5b98a283b36:User 147,DENIED
2026,1月,11,周日,20:27:14,25FB24D1,59306181-f165-4645-8b4c-2bfed7a96f64,d7c26892-d2d2-4ad1-b74b-456664459590,8c284b9e-1b43-485d-b781-eef32469232d:User 182,DENIED
2026,1月,11,周日,20:27:14,10BD57CC,12eba4f8-180f-4727-836c-80337bbfde81,b0591a0f-a5c6-4c92-b893-9d51d8f1a4da,58250765-3f50-46af-98b9-9a501b03a483:User 73,DENIED
2026,1月,11,周日,20:27:14,64B36B6E,01260115-5e52-42db-ad95-ec77bcd659b8,08a7dff8-aa46-40b0-bd88-7a7c8416c011,4034ffc9-3b05-4ae3-9cb4-12823a52589b:User 148,DENIED
2026,1月,11,周日,20:27:14,F0A9B461,65693a88-73e2-4cea-a7a1-f9f66e87e987,46c3835b-f0b7-46f9-a1a8-e60f92cc743a,1b1d381d-2000-4940-a8ff-5216a508963b:User 23,DENIED
2026,1月,11,周日,20:27:14,57932A8F,924693ab-4968-4524-b4b2-be6e548af518,0b14d6c7-f34b-409f-a647-b67d8f795308,4baec69a-11de-4ff9-8fcc-e0cae0accbdf:User 60,DENIED
2026,1月,11,周日,20:27:14,CE67EC7C,f3eef4d7-17e3-4e42-9b9b-aabe03d81560,5953690c-45c9-4f40-b5b3-df067ecf4cab,e8d3308e-fc49-47e0-8875-52ff2bb6e2ba:User 8,DENIED
2026,1月,11,周日,20:27:14,A79086D3,20bc60be-dcc6-4639-8666-e33ac7eff0d6,fa28c6a6-7674-417b-b44d-e75b815545c3,1ed1377f-7dbb-4d8f-86aa-2eebceadee2b:User 164,DENIED
2026,1月,11,周日,20:27:14,6267CCB1,732ab68f-bbee-4ded-8c9a-1eac02ef4fcf,b75dbdaf-0548-4dd8-ae94-981684ee6a79,e0f703ec-d760-4cf3-9416-e5452a9b1dde:User 151,DENIED
2026,1月,11,周日,20:27:14,9DC3FE7B,621f42d2-6033-4dd5-86bc-3ef95ac4f347,1243ed84-de07-4125-9e0e-719db7e75dbc,2a124bd4-b6ae-4aa7-a618-ee436160ec6a:User 68,DENIED
2026,1月,11,周日,20:27:14,47F64880,16b02378-7e5f-4848-928c-70a50df32db6,c65121ab-12fc-4966-b806-c87dd3b7f076,ca2e8d6d-e4e6-4091-b4f9-eddd20fdd77b:User 116,DENIED
2026,1月,11,周日,20:27:14,0267D8BC,747204d4-1207-4613-b1f6-1123a64d4bae,c7db699a-0fcc-4dd1-93dd-ded492ecc52d,4e36b971-92d3-44c1-bfc3-bb33ba0dec05:User 35,DENIED
2026,1月,11,周日,20:27:14,1B89633E,70ad87f3-147f-4f03-a266-ca45ad21148c,efabfe47-19e8-43db-a45f-5498415d978c,4d0e41fd-85d6-44d1-8efc-f67d052b281c:User 41,DENIED
2026,1月,11,周日,20:27:14,648AAE4A,641f008a-67f7-4eb0-8dc5-9db82e0f2a65,7cca50aa-de0d-4292-babb-80ab0f12add2,cfd2e3b6-e4d1-43df-b68f-30c66c041e2f:User 109,DENIED
2026,1月,11,周日,20:27:14,E2F68E84,db243b05-b592-4199-a64e-3c9ee6e65fbd,8dfdb42d-05ec-4be5-a0f8-18a6420764cb,d7b8daaa-8e70-42b2-b365-5e2265a29687:User 126,DENIED
2026,1月,11,周日,20:27:14,392C3F12,9620bf95-f2fc-481f-9a3b-db9d43dfadf1,850c8962-9f45-4aa4-9f24-0111562de84b,df8d387c-8732-416d-9f11-3acb1284418c:User 63,DENIED
2026,1月,11,周日,20:27:14,963B9ABC,5f078c7b-e28e-4f96-8ee4-d2868ba692f9,ad62e913-8354-4349-adc0-2dd51be30df9,ad479688-d621-4a2d-b2e0-bf553330ccaa:User 135,DENIED
2026,1月,11,周日,20:27:14,64D6C16F,debab0d0-af9e-431a-9e80-00a7ace8ca1b,cf9cf014-b802-4795-8649-03a01ee41981,f6cacc04-0dc0-4896-8ff6-878f9e855de0:User 94,DENIED
2026,1月,11,周日,20:27:14,001A5DDA,870c05c9-2e70-41a4-bf93-85de484a726a,51af542a-7613-42be-920d-f6a3b455a10b,a63794ba-befd-4756-9345-ddad63c4d2f7:User 143,DENIED
2026,1月,11,周日,20:27:14,BF100359,20bc60be-dcc6-4639-8666-e33ac7eff0d6,fa28c6a6-7674-417b-b44d-e75b815545c3,696a5b7f-e60b-47d2-8720-78f5e4af1047:User 89,DENIED
2026,1月,11,周日,20:27:14,80FBFCDD,747204d4-1207-4613-b1f6-1123a64d4bae,c7db699a-0fcc-4dd1-93dd-ded492ecc52d,b06a469d-42fb-4ba4-8f5b-2590ab842f7c:User 33,DENIED
2026,1月,11,周日,20:27:14,0577FAB4,bd6e0c72-d0ea-4b60-ac0a-f371cfce9fcd,7bfe268b-3120-4387-ad55-4e08de557456,00c641a2-fd9b-48b3-a24d-7e010ea0a7b6:User 70,DENIED
2026,1月,11,周日,20:27:14,C11B3181,c562380c-bdd3-4f70-bbfb-a757e48413a7,b85ea175-7378-411e-a070-d9592b52676c,5e84a79c-0540-4ccd-ac63-23d95893ebe4:User 187,DENIED
2026,1月,11,周日,20:27:14,1FE66774,0be70602-ffb6-4703-b34b-1019cf76e655,8e762bad-5107-4ccb-91e4-20cb7d5cd5aa,7146ac90-31d0-4e24-a783-c9af12b34dea:User 42,DENIED
2026,1月,11,周日,20:27:14,BF100359,297874e0-a56b-4ce9-b02b-30504ec46f4c,87583732-aff9-43ab-81be-ea7312152eb0,696a5b7f-e60b-47d2-8720-78f5e4af1047:User 89,DENIED
2026,1月,11,周日,20:27:14,931E3C47,f19a373d-67c4-48ed-bfe3-3ef0796536e9,f70c1588-d00b-4277-b450-0af3f6feef11,be44d290-38d7-4bed-b1fa-d71abaa502e1:User 15,DENIED
2026,1月,11,周日,20:27:14,B5C83EED,ba1fffd1-2a67-4cb9-90a1-7228035dbb99,0422e414-4fa9-48ec-a7d9-43200f68b098,5bb29d73-f6c9-40fd-9e59-1e245f89214c:User 112,DENIED
2026,1月,11,周日,20:27:14,1A6C8370,89dc19d8-6391-4ce5-ac5f-40e1a0306b5c,9287f79c-a896-4a17-adbe-ae5c1cd8fb29,d9e52338-5b1f-4ace-8235-49bc7467e275:User 163,DENIED
2026,1月,11,周日,20:27:14,61AE91D8,9620bf95-f2fc-481f-9a3b-db9d43dfadf1,850c8962-9f45-4aa4-9f24-0111562de84b,781b41c7-deb0-480d-86e6-e5868815fc39:User 14,DENIED
2026,1月,11,周日,20:27:14,C65D213C,f19a373d-67c4-48ed-bfe3-3ef0796536e9,f70c1588-d00b-4277-b450-0af3f6feef11,c2be5229-9958-411b-a8d8-efa8a9654fe3:User 26,DENIED
2026,1月,11,周日,20:27:14,ACEF91DE,978f2cda-ac0b-466d-85e6-c0047665e857,444d8a1b-a6c6-4ce2-9b80-bccc31441c5e,852be9cd-dbc0-49a5-9c52-5d2e66518a53:User 32,DENIED
2026,1月,11,周日,20:27:14,BF100359,dff57c19-308d-461c-8dea-13d9a7e54222,13fdec8c-3dd9-4a53-aaab-ca535abe2cb5,696a5b7f-e60b-47d2-8720-78f5e4af1047:User 89,DENIED
2026,1月,11,周日,20:27:14,E084A602,f4cf5168-8a65-4f89-9ee7-89b2310c43ce,782d47f0-3c55-4edb-a1b1-285f046ddfa7,5026299c-147b-47cd-b489-f61dd66da97e:User 92,DENIED
2026,1月,11,周日,20:27:14,B4C3DB06,870c05c9-2e70-41a4-bf93-85de484a726a,51af542a-7613-42be-920d-f6a3b455a10b,69716518-a2de-4b8a-bd64-ecdce502e7bd:User 2,DENIED
2026,1月,11,周日,20:27:14,A3C30531,debab0d0-af9e-431a-9e80-00a7ace8ca1b,cf9cf014-b802-4795-8649-03a01ee41981,dc0531cf-6327-4df8-81c6-f7413c1e3495:User 7,DENIED
2026,1月,11,周日,20:27:14,295A7F4E,641f008a-67f7-4eb0-8dc5-9db82e0f2a65,7cca50aa-de0d-4292-babb-80ab0f12add2,0660673f-f290-4094-88d5-9c6eea451e83:User 190,DENIED
2026,1月,11,周日,20:27:14,61AE91D8,65693a88-73e2-4cea-a7a1-f9f66e87e987,46c3835b-f0b7-46f9-a1a8-e60f92cc743a,781b41c7-deb0-480d-86e6-e5868815fc39:User 14,DENIED
2026,1月,11,周日,20:27:14,7A83F4EA,70ad87f3-147f-4f03-a266-ca45ad21148c,efabfe47-19e8-43db-a45f-5498415d978c,d8115d85-4701-4462-9119-ddeff4a2e015:User 47,DENIED
2026,1月,11,周日,20:27:14,D01B0A7E,322e4308-8a53-4e5b-88e0-75c295071b97,49c27197-4186-4607-bdc4-b91c1fbfb68b,e5f888b2-99dd-47f0-9d71-127e04be5884:User 158,DENIED
2026,1月,11,周日,20:27:14,DAA5A378,debab0d0-af9e-431a-9e80-00a7ace8ca1b,cf9cf014-b802-4795-8649-03a01ee41981,2fa2cc85-a79b-4a2e-b9bb-9fe02fd1ad55:User 7,DENIED
2026,1月,11,周日,20:27:14,C11B3181,59306181-f165-4645-8b4c-2bfed7a96f64,d7c26892-d2d2-4ad1-b74b-456664459590,5e84a79c-0540-4ccd-ac63-23d95893ebe4:User 187,DENIED
2026,1月,11,周日,20:27:14,1BA4FA66,c562380c-bdd3-4f70-bbfb-a757e48413a7,b85ea175-7378-411e-a070-d9592b52676c,89b557db-edfd-4511-923a-2e0a66371fe6:User 33,DENIED
2026,1月,11,周日,20:27:14,44BA4236,59306181-f165-4645-8b4c-2bfed7a96f64,d7c26892-d2d2-4ad1-b74b-456664459590,ec9981c5-8049-4647-964d-8ace566d95f8:User 35,DENIED
2026,1月,11,周日,20:27:14,4EAB30D6,924693ab-4968-4524-b4b2-be6e548af518,0b14d6c7-f34b-409f-a647-b67d8f795308,a46155a8-5e53-49b7-a5f9-040b9c117fde:User 13,DENIED
2026,1月,11,周日,20:27:14,E3A0C4C8,297874e0-a56b-4ce9-b02b-30504ec46f4c,87583732-aff9-43ab-81be-ea7312152eb0,d355927d-33e7-4611-bdb0-ba3251ca2064:User 51,DENIED
2026,1月,11,周日,20:27:14,BFBEC9D4,be9c74f9-b0e5-4618-9e09-8b65355b062e,93141aef-f0e8-4064-80da-ceb24fa6efa1,a67bc504-2168-4beb-b168-90728a93b957:User 65,DENIED
2026,1月,11,周日,20:27:14,6ADA9637,debab0d0-af9e-431a-9e80-00a7ace8ca1b,cf9cf014-b802-4795-8649-03a01ee41981,a9729d54-1ae2-4d71-a4c9-ce6383348205:User 161,DENIED
2026,1月,11,周日,20:27:14,7CC6112F,89dc19d8-6391-4ce5-ac5f-40e1a0306b5c,9287f79c-a896-4a17-adbe-ae5c1cd8fb29,fb30d9c2-1403-45f2-894a-78dbc8536890:User 34,DENIED
2026,1月,11,周日,20:27:14,7FA174B4,d6dea81b-2545-441f-91ce-46d206777f11,ecb54cca-7179-4f82-905b-04bc2c58c746,74267ca7-0750-4ecf-b2a1-82d532678ed0:User 156,DENIED
2026,1月,11,周日,20:27:14,1A9BFEDC,621f42d2-6033-4dd5-86bc-3ef95ac4f347,1243ed84-de07-4125-9e0e-719db7e75dbc,e8184696-361e-4dc5-adff-81aa31795601:User 13,DENIED
2026,1月,11,周日,20:27:14,CD09BDCF,d777dc15-826e-439a-a544-ad16591daa7d,788dd0e0-5b8f-4125-b501-356f2e66f766,7187e862-2f09-4700-8f14-20d23954a77b:User 11,DENIED
2026,1月,11,周日,20:27:14,963B9ABC,f3eef4d7-17e3-4e42-9b9b-aabe03d81560,5953690c-45c9-4f40-b5b3-df067ecf4cab,ad479688-d621-4a2d-b2e0-bf553330ccaa:User 135,DENIED
2026,1月,11,周日,20:27:14,4B03872F,d777dc15-826e-439a-a544-ad16591daa7d,788dd0e0-5b8f-4125-b501-356f2e66f766,ee2210dd-4b21-4e2e-ae07-dabff1e4a702:User 88,DENIED
2026,1月,11,周日,20:27:14,5C526355,322e4308-8a53-4e5b-88e0-75c295071b97,49c27197-4186-4607-bdc4-b91c1fbfb68b,c252766c-8c45-4f1b-b27b-733facde7877:User 45,DENIED
2026,1月,11,周日,20:27:14,432432A7,db243b05-b592-4199-a64e-3c9ee6e65fbd,8dfdb42d-05ec-4be5-a0f8-18a6420764cb,3a0cea6b-b22c-442e-ba9d-331dd1e0ba4b:User 44,DENIED
2026,1月,11,周日,20:27:14,EB24E709,bd6e0c72-d0ea-4b60-ac0a-f371cfce9fcd,7bfe268b-3120-4387-ad55-4e08de557456,13b82b32-091c-42a7-a253-606c5f66f4b3:User 8,DENIED
2026,1月,11,周日,20:27:14,53FA4769,978f2cda-ac0b-466d-85e6-c0047665e857,444d8a1b-a6c6-4ce2-9b80-bccc31441c5e,7aac74ef-3078-46e1-841f-7b1a84c5bad1:User 69,DENIED
2026,1月,11,周日,20:27:14,7C533D82,5c980ee0-2ea8-4567-a531-5eaa984a1a4a,a2b08738-cba6-4f87-9011-d2897b29cfa4,6e4db8c8-a39f-41aa-9345-7203a4f75a0d:User 131,DENIED
2026,1月,11,周日,20:27:14,7DB77A37,322e4308-8a53-4e5b-88e0-75c295071b97,49c27197-4186-4607-bdc4-b91c1fbfb68b,83968731-74cc-4baf-990d-000f2f4a074b:User 18,DENIED
2026,1月,11,周日,20:27:14,0C82E829,322e4308-8a53-4e5b-88e0-75c295071b97,49c27197-4186-4607-bdc4-b91c1fbfb68b,494b3dcf-368e-419d-838c-69bd3b8ad687:User 186,DENIED
2026,1月,11,周日,20:27:14,CE67EC7C,f3eef4d7-17e3-4e42-9b9b-aabe03d81560,5953690c-45c9-4f40-b5b3-df067ecf4cab,e8d3308e-fc49-47e0-8875-52ff2bb6e2ba:User 8,DENIED
2026,1月,11,周日,20:27:14,1F7F7028,9620bf95-f2fc-481f-9a3b-db9d43dfadf1,850c8962-9f45-4aa4-9f24-0111562de84b,acafc380-e877-461b-ad3d-0ce884cc37e3:User 181,DENIED
2026,1月,11,周日,20:27:14,69F6436F,729ef629-44a5-4f46-aef4-a30288c414db,2ce55221-e6ac-4e68-a139-89c65c486551,b8bd3746-aaca-448f-afbc-4a7a41db4275:User 146,DENIED
2026,1月,11,周日,20:27:14,5A058B39,f19a373d-67c4-48ed-bfe3-3ef0796536e9,f70c1588-d00b-4277-b450-0af3f6feef11,83c55190-73ab-49a3-badf-9788f70038a8:User 91,DENIED
2026,1月,11,周日,20:27:14,6E3CCB5C,dff57c19-308d-461c-8dea-13d9a7e54222,13fdec8c-3dd9-4a53-aaab-ca535abe2cb5,4407037a-4c60-4596-83c8-600ec230148b:User 142,DENIED
2026,1月,11,周日,20:27:14,ED814693,59306181-f165-4645-8b4c-2bfed7a96f64,d7c26892-d2d2-4ad1-b74b-456664459590,1bb2eb2b-9675-4333-a7e8-7b7237b2c790:User 29,DENIED
2026,1月,11,周日,20:27:14,699075B5,debab0d0-af9e-431a-9e80-00a7ace8ca1b,cf9cf014-b802-4795-8649-03a01ee41981,fc785f06-38cb-4cb6-82ef-b9f91c54224f:User 3,DENIED
2026,1月,11,周日,20:27:14,0577FAB4,f19a373d-67c4-48ed-bfe3-3ef0796536e9,f70c1588-d00b-4277-b450-0af3f6feef11,00c641a2-fd9b-48b3-a24d-7e010ea0a7b6:User 70,DENIED
2026,1月,11,周日,20:27:14,292208D4,debab0d0-af9e-431a-9e80-00a7ace8ca1b,cf9cf014-b802-4795-8649-03a01ee41981,b4b79259-6847-4905-954f-607056f6f425:User 29,DENIED
2026,1月,11,周日,20:27:14,8345EC1C,5f741446-39a7-4d45-9906-cddcfd4f5658,80e24623-c1fa-4a45-8edf-cbd2377e52a6,0c85194c-5b53-4155-9ac4-f8d4fc386204:User 171,DENIED
2026,1月,11,周日,20:27:14,618F82E6,747204d4-1207-4613-b1f6-1123a64d4bae,c7db699a-0fcc-4dd1-93dd-ded492ecc52d,c2579e01-2ae1-486b-9a0c-55fea27f3a93:User 124,DENIED
2026,1月,11,周日,20:27:14,D526D0C2,d777dc15-826e-439a-a544-ad16591daa7d,788dd0e0-5b8f-4125-b501-356f2e66f766,6938592c-9b26-43de-b03c-bd6166d2ae3e:User 117,DENIED
2026,1月,11,周日,20:27:14,E0E7CABE,732ab68f-bbee-4ded-8c9a-1eac02ef4fcf,b75dbdaf-0548-4dd8-ae94-981684ee6a79,83b7105d-517f-4f52-a2fa-8076120cba45:User 19,DENIED
2026,1月,11,周日,20:27:14,A4E54B4E,d5ac040c-b74e-4341-8ef2-eb2cae95c04b,e26a09ae-48de-463f-81b9-bac8f7dba6d4,8634a79e-74da-462c-96c6-035488f25b3e:User 57,DENIED
2026,1月,11,周日,20:27:14,6C357E84,89dc19d8-6391-4ce5-ac5f-40e1a0306b5c,9287f79c-a896-4a17-adbe-ae5c1cd8fb29,abcc9e33-db9f-42c8-a29c-0d0a9e12ae31:User 199,DENIED
2026,1月,11,周日,20:27:14,D0034527,9ca441b2-b1a1-4920-ba5c-6dbfa867e3e8,cdc6f9a1-a7c1-4db8-a639-497a80d2f94b,861d17fe-c423-4b70-98b9-17f909ca5a89:User 101,DENIED
2026,1月,11,周日,20:27:14,FD8EEC6E,747204d4-1207-4613-b1f6-1123a64d4bae,c7db699a-0fcc-4dd1-93dd-ded492ecc52d,272c62c6-8acb-41a1-98f9-bb4a79c895ec:User 50,DENIED
2026,1月,11,周日,20:27:14,C8DCA45B,9ca441b2-b1a1-4920-ba5c-6dbfa867e3e8,cdc6f9a1-a7c1-4db8-a639-497a80d2f94b,c9f21181-88bb-4194-a272-33ce233537ac:User 26,DENIED
2026,1月,11,周日,20:27:14,07E46A1F,9ca441b2-b1a1-4920-ba5c-6dbfa867e3e8,cdc6f9a1-a7c1-4db8-a639-497a80d2f94b,46c1940c-387a-4c2c-90c2-5aba4205612c:User 62,DENIED
2026,1月,11,周日,20:27:14,FD8EEC6E,01260115-5e52-42db-ad95-ec77bcd659b8,08a7dff8-aa46-40b0-bd88-7a7c8416c011,272c62c6-8acb-41a1-98f9-bb4a79c895ec:User 50,DENIED
2026,1月,11,周日,20:27:14,8661F24F,be9c74f9-b0e5-4618-9e09-8b65355b062e,93141aef-f0e8-4064-80da-ceb24fa6efa1,213f8fa9-e6fa-46bb-82a1-1c459f2c5882:User 81,DENIED
2026,1月,11,周日,20:27:14,476605A4,70ad87f3-147f-4f03-a266-ca45ad21148c,efabfe47-19e8-43db-a45f-5498415d978c,02cb5fac-986c-4f62-842a-63b1c3f708c8:User 2,DENIED
2026,1月,11,周日,20:27:14,AE3F7738,729ef629-44a5-4f46-aef4-a30288c414db,2ce55221-e6ac-4e68-a139-89c65c486551,b68efa35-cc49-4a80-a9c4-c8da5392a145:User 122,DENIED
2026,1月,11,周日,20:27:14,CE67EC7C,9620bf95-f2fc-481f-9a3b-db9d43dfadf1,850c8962-9f45-4aa4-9f24-0111562de84b,e8d3308e-fc49-47e0-8875-52ff2bb6e2ba:User 8,DENIED
2026,1月,11,周日,20:27:14,69F6436F,c54729aa-fce2-4e14-badc-5f7fbfa1de49,8af984fb-ae86-4385-8e7e-b9b56beaf03f,b8bd3746-aaca-448f-afbc-4a7a41db4275:User 146,DENIED
2026,1月,11,周日,20:27:14,D1350950,641f008a-67f7-4eb0-8dc5-9db82e0f2a65,7cca50aa-de0d-4292-babb-80ab0f12add2,436c83c2-32e3-4cd9-b628-77a832afe607:User 80,DENIED
2026,1月,11,周日,20:27:14,74F047BA,debab0d0-af9e-431a-9e80-00a7ace8ca1b,cf9cf014-b802-4795-8649-03a01ee41981,e4a318cd-db78-4eed-a72a-0403159e4d8c:User 9,DENIED
2026,1月,11,周日,20:27:14,BB8111DA,747204d4-1207-4613-b1f6-1123a64d4bae,c7db699a-0fcc-4dd1-93dd-ded492ecc52d,0f0cf15a-ca2e-400c-8c56-a98b71965c1b:User 23,DENIED
2026,1月,11,周日,20:27:14,DE0F97DE,89dc19d8-6391-4ce5-ac5f-40e1a0306b5c,9287f79c-a896-4a17-adbe-ae5c1cd8fb29,134604c5-3a32-4d00-b2be-f2c5045160e6:User 66,DENIED
2026,1月,11,周日,20:27:14,AAE34986,641f008a-67f7-4eb0-8dc5-9db82e0f2a65,7cca50aa-de0d-4292-babb-80ab0f12add2,6ae05510-4677-4374-b2f2-febb44adb823:User 71,DENIED
2026,1月,11,周日,20:27:14,0FEAC152,9620bf95-f2fc-481f-9a3b-db9d43dfadf1,850c8962-9f45-4aa4-9f24-0111562de84b,a5e74279-ab26-4adf-84b2-ae3c04bffc20:User 188,DENIED
2026,1月,11,周日,20:27:14,0930626F,747204d4-1207-4613-b1f6-1123a64d4bae,c7db699a-0fcc-4dd1-93dd-ded492ecc52d,046cc824-12d0-454b-8e66-1709a4ef97a9:User 28,DENIED
2026,1月,11,周日,20:27:14,AA1B2884,dff57c19-308d-461c-8dea-13d9a7e54222,13fdec8c-3dd9-4a53-aaab-ca535abe2cb5,dc8f0c7b-d444-4b44-84ec-634493337fce:User 111,DENIED
2026,1月,11,周日,20:27:14,64B36B6E,5f741446-39a7-4d45-9906-cddcfd4f5658,80e24623-c1fa-4a45-8edf-cbd2377e52a6,4034ffc9-3b05-4ae3-9cb4-12823a52589b:User 148,DENIED
2026,1月,11,周日,20:27:14,247F7FCF,641f008a-67f7-4eb0-8dc5-9db82e0f2a65,7cca50aa-de0d-4292-babb-80ab0f12add2,a6b8f169-51f4-4ba0-97e6-b3b16eba45c0:User 72,DENIED
2026,1月,11,周日,20:27:14,66957263,79f2879a-de1b-4f95-b5aa-4f3982938ce4,b6ede591-f236-44b5-9607-96f7a84ac0bc,508a97e1-8bc8-4b9f-9db6-4f1f3ab66f56:User 17,DENIED
2026,1月,11,周日,20:27:14,247F7FCF,20bc60be-dcc6-4639-8666-e33ac7eff0d6,fa28c6a6-7674-417b-b44d-e75b815545c3,a6b8f169-51f4-4ba0-97e6-b3b16eba45c0:User 72,DENIED
2026,1月,11,周日,20:27:14,38C54819,5c980ee0-2ea8-4567-a531-5eaa984a1a4a,a2b08738-cba6-4f87-9011-d2897b29cfa4,9d502ca4-e3bc-4000-83bd-dde84b77a006:User 49,DENIED
2026,1月,11,周日,20:27:14,DE0F97DE,f3eef4d7-17e3-4e42-9b9b-aabe03d81560,5953690c-45c9-4f40-b5b3-df067ecf4cab,134604c5-3a32-4d00-b2be-f2c5045160e6:User 66,DENIED
2026,1月,11,周日,20:27:14,38C54819,641f008a-67f7-4eb0-8dc5-9db82e0f2a65,7cca50aa-de0d-4292-babb-80ab0f12add2,9d502ca4-e3bc-4000-83bd-dde84b77a006:User 49,DENIED
2026,1月,11,周日,20:27:14,F5C50449,0be70602-ffb6-4703-b34b-1019cf76e655,8e762bad-5107-4ccb-91e4-20cb7d5cd5aa,8631bf50-bbe2-4ae3-a0d0-a62374e0fdca:User 10,DENIED
2026,1月,11,周日,20:27:14,CD09BDCF,978f2cda-ac0b-466d-85e6-c0047665e857,444d8a1b-a6c6-4ce2-9b80-bccc31441c5e,7187e862-2f09-4700-8f14-20d23954a77b:User 11,DENIED
2026,1月,11,周日,20:27:14,789D2BEB,12eba4f8-180f-4727-836c-80337bbfde81,b0591a0f-a5c6-4c92-b893-9d51d8f1a4da,d62fdb41-08d5-4e6d-9b09-5ee4c8db54b5:User 79,DENIED
2026,1月,11,周日,20:27:14,737AE353,d6dea81b-2545-441f-91ce-46d206777f11,ecb54cca-7179-4f82-905b-04bc2c58c746,203f6c39-1896-4998-b000-15a5a129d542:User 125,DENIED
2026,1月,11,周日,20:27:14,C90EB4BE,729ef629-44a5-4f46-aef4-a30288c414db,2ce55221-e6ac-4e68-a139-89c65c486551,3bf985e5-7789-4332-a66d-2f3d3e1d1581:User 105,DENIED
2026,1月,11,周日,20:27:14,9F0AFF70,5c980ee0-2ea8-4567-a531-5eaa984a1a4a,a2b08738-cba6-4f87-9011-d2897b29cfa4,850cecb9-7b1e-4f4b-9d38-356a0f540254:User 157,DENIED
2026,1月,11,周日,20:27:14,1F7F7028,732ab68f-bbee-4ded-8c9a-1eac02ef4fcf,b75dbdaf-0548-4dd8-ae94-981684ee6a79,acafc380-e877-461b-ad3d-0ce884cc37e3:User 181,DENIED
2026,1月,11,周日,20:27:14,C65D213C,914ebf41-7847-419d-ae5b-45986f4ee3c8,dc040e2b-56aa-4ba2-9a35-beb305625d9c,c2be5229-9958-411b-a8d8-efa8a9654fe3:User 26,DENIED
2026,1月,11,周日,20:27:14,1A6C8370,93ee461f-790a-4449-8527-be0ff2b412bf,8673c600-d01d-4cde-ad5e-94d3ee9d7fd9,d9e52338-5b1f-4ace-8235-49bc7467e275:User 163,DENIED
2026,1月,11,周日,20:27:14,1FE66774,dff57c19-308d-461c-8dea-13d9a7e54222,13fdec8c-3dd9-4a53-aaab-ca535abe2cb5,7146ac90-31d0-4e24-a783-c9af12b34dea:User 42,DENIED
2026,1月,11,周日,20:27:14,8F4E2B56,f19a373d-67c4-48ed-bfe3-3ef0796536e9,f70c1588-d00b-4277-b450-0af3f6feef11,17ac47de-ce34-453f-bec5-656a59bc149e:User 110,DENIED
2026,1月,11,周日,20:27:14,E823B1B5,af93e80c-505a-4f4a-a0e6-81ebd2faa429,4559ddc4-146e-4795-934b-389ea44d10f7,2b0aeb7c-3f54-48f1-bf4c-f2e10f5b002f:User 1,DENIED
2026,1月,11,周日,20:27:14,D9208A7E,f19a373d-67c4-48ed-bfe3-3ef0796536e9,f70c1588-d00b-4277-b450-0af3f6feef11,00c1ab23-367e-487a-bb8c-af068f22c396:User 119,DENIED
2026,1月,11,周日,20:27:14,6D7F7841,52693879-01fa-45f0-9fca-666e027b53f1,4163061f-41ab-4dfb-bfc7-a334ed885086,8c2c2a59-b90d-4e36-ad9b-ba1d05c50600:User 179,DENIED
2026,1月,11,周日,20:27:14,041A000C,e7e0bc70-3e5a-43f9-be48-c4ba0341bdaa,f89fb1b7-1db9-4975-80a5-c3a85f6f4574,e96c82f3-b87a-4f17-81b7-0e2b6c4a031c:User 174,DENIED
2026,1月,11,周日,20:27:14,60DA3310,870c05c9-2e70-41a4-bf93-85de484a726a,51af542a-7613-42be-920d-f6a3b455a10b,f58874ff-95f9-4277-a959-a87a40a1fc73:User 38,DENIED
2026,1月,11,周日,20:27:14,AA32C9A3,ba1fffd1-2a67-4cb9-90a1-7228035dbb99,0422e414-4fa9-48ec-a7d9-43200f68b098,af5af381-379e-46b8-8b81-fdb2c77dd07c:User 50,DENIED
2026,1月,11,周日,20:27:14,CEA9B78B,870c05c9-2e70-41a4-bf93-85de484a726a,51af542a-7613-42be-920d-f6a3b455a10b,7db90e78-568e-4f55-a4f1-49128f68c697:User 82,DENIED
2026,1月,11,周日,20:27:14,AA32C9A3,79e166cb-e810-4bd7-b3da-8c2063a10654,868714f4-8c61-4b5d-9f10-e22d9b969143,af5af381-379e-46b8-8b81-fdb2c77dd07c:User 50,DENIED
2026,1月,11,周日,20:27:14,6ADA9637,621f42d2-6033-4dd5-86bc-3ef95ac4f347,1243ed84-de07-4125-9e0e-719db7e75dbc,a9729d54-1ae2-4d71-a4c9-ce6383348205:User 161,DENIED
2026,1月,11,周日,20:27:14,10BD57CC,f19a373d-67c4-48ed-bfe3-3ef0796536e9,f70c1588-d00b-4277-b450-0af3f6feef11,58250765-3f50-46af-98b9-9a501b03a483:User 73,DENIED
2026,1月,11,周日,20:27:14,8B447AD6,debab0d0-af9e-431a-9e80-00a7ace8ca1b,cf9cf014-b802-4795-8649-03a01ee41981,99c47a0e-79b2-4222-9578-725634ddc8b7:User 191,DENIED
2026,1月,11,周日,20:27:14,FD51FDDC,5f741446-39a7-4d45-9906-cddcfd4f5658,80e24623-c1fa-4a45-8edf-cbd2377e52a6,f997143f-55e1-4719-b3fe-ab7ee7df98ec:User 30,DENIED
2026,1月,11,周日,20:27:14,C65D213C,53687c24-f9ea-4921-96c9-23e524e9ab10,813e4e52-5a00-413c-a891-05013da581ff,c2be5229-9958-411b-a8d8-efa8a9654fe3:User 26,DENIED
2026,1月,11,周日,20:27:14,FF39AD48,93ee461f-790a-4449-8527-be0ff2b412bf,8673c600-d01d-4cde-ad5e-94d3ee9d7fd9,59c04b00-e1b6-46cc-a4f8-cd73b8ced2aa:User 153,DENIED
2026,1月,11,周日,20:27:14,8FAA49A8,914ebf41-7847-419d-ae5b-45986f4ee3c8,dc040e2b-56aa-4ba2-9a35-beb305625d9c,7b65001d-d151-436e-a4bd-9633ecc50844:User 166,DENIED
2026,1月,11,周日,20:27:14,07E46A1F,9620bf95-f2fc-481f-9a3b-db9d43dfadf1,850c8962-9f45-4aa4-9f24-0111562de84b,46c1940c-387a-4c2c-90c2-5aba4205612c:User 62,DENIED
2026,1月,11,周日,20:27:14,1A6C8370,e7e0bc70-3e5a-43f9-be48-c4ba0341bdaa,f89fb1b7-1db9-4975-80a5-c3a85f6f4574,d9e52338-5b1f-4ace-8235-49bc7467e275:User 163,DENIED
2026,1月,11,周日,20:27:14,89F3F5C5,79e166cb-e810-4bd7-b3da-8c2063a10654,868714f4-8c61-4b5d-9f10-e22d9b969143,03d2c3f3-a80c-42b9-96da-33c1d982aa8c:User 77,DENIED
2026,1月,11,周日,20:27:14,737AE353,c562380c-bdd3-4f70-bbfb-a757e48413a7,b85ea175-7378-411e-a070-d9592b52676c,203f6c39-1896-4998-b000-15a5a129d542:User 125,DENIED
2026,1月,11,周日,20:27:14,3433A538,5c980ee0-2ea8-4567-a531-5eaa984a1a4a,a2b08738-cba6-4f87-9011-d2897b29cfa4,b287aaeb-4bae-4bd4-a1a6-311a4c77d7d5:User 58,DENIED
2026,1月,11,周日,20:27:14,1E54360A,53687c24-f9ea-4921-96c9-23e524e9ab10,813e4e52-5a00-413c-a891-05013da581ff,44af10c7-bb6e-450e-98b9-e543b5b7cd85:User 189,DENIED
2026,1月,11,周日,20:27:14,0022BFC1,d5ac040c-b74e-4341-8ef2-eb2cae95c04b,e26a09ae-48de-463f-81b9-bac8f7dba6d4,a4f31604-eddd-4774-bf27-36124059f8a2:User 12,DENIED
2026,1月,11,周日,20:27:14,15CF6D6E,af93e80c-505a-4f4a-a0e6-81ebd2faa429,4559ddc4-146e-4795-934b-389ea44d10f7,de6506e1-4e6b-4c22-931e-d97d8238fdca:User 162,DENIED
2026,1月,11,周日,20:27:14,02E22861,79f2879a-de1b-4f95-b5aa-4f3982938ce4,b6ede591-f236-44b5-9607-96f7a84ac0bc,1e4ce448-9215-409f-a884-9b3ce4d33005:User 149,DENIED
2026,1月,11,周日,20:27:14,38C54819,dff57c19-308d-461c-8dea-13d9a7e54222,13fdec8c-3dd9-4a53-aaab-ca535abe2cb5,9d502ca4-e3bc-4000-83bd-dde84b77a006:User 49,DENIED
2026,1月,11,周日,20:27:14,DF4E17A7,79f2879a-de1b-4f95-b5aa-4f3982938ce4,b6ede591-f236-44b5-9607-96f7a84ac0bc,13dcdbfa-03e3-4ae3-bc33-4e188a225860:User 193,DENIED
2026,1月,11,周日,20:27:14,74F047BA,01260115-5e52-42db-ad95-ec77bcd659b8,08a7dff8-aa46-40b0-bd88-7a7c8416c011,e4a318cd-db78-4eed-a72a-0403159e4d8c:User 9,DENIED
2026,1月,11,周日,20:27:14,6267CCB1,1b66869a-b709-4954-8b97-e7c2bfe17fdc,3a6ee9f2-ec0c-4b6d-90e4-fca4b3cdb3ba,e0f703ec-d760-4cf3-9416-e5452a9b1dde:User 151,DENIED
2026,1月,11,周日,20:27:14,17D3257C,641f008a-67f7-4eb0-8dc5-9db82e0f2a65,7cca50aa-de0d-4292-babb-80ab0f12add2,f76f196b-4d0f-47a0-9fdb-e7b7c2d8612f:User 6,DENIED
2026,1月,11,周日,20:27:14,8B447AD6,ba1fffd1-2a67-4cb9-90a1-7228035dbb99,0422e414-4fa9-48ec-a7d9-43200f68b098,99c47a0e-79b2-4222-9578-725634ddc8b7:User 191,DENIED
2026,1月,11,周日,20:27:14,F86F57C4,52693879-01fa-45f0-9fca-666e027b53f1,4163061f-41ab-4dfb-bfc7-a334ed885086,cfc43640-73c4-4c45-9663-ac34339418c4:User 84,DENIED
2026,1月,11,周日,20:27:14,BB8111DA,978f2cda-ac0b-466d-85e6-c0047665e857,444d8a1b-a6c6-4ce2-9b80-bccc31441c5e,0f0cf15a-ca2e-400c-8c56-a98b71965c1b:User 23,DENIED
2026,1月,11,周日,20:27:14,0930626F,debab0d0-af9e-431a-9e80-00a7ace8ca1b,cf9cf014-b802-4795-8649-03a01ee41981,046cc824-12d0-454b-8e66-1709a4ef97a9:User 28,DENIED
2026,1月,11,周日,20:27:14,C90EB4BE,5f741446-39a7-4d45-9906-cddcfd4f5658,80e24623-c1fa-4a45-8edf-cbd2377e52a6,3bf985e5-7789-4332-a66d-2f3d3e1d1581:User 105,DENIED
2026,1月,11,周日,20:27:14,BF100359,924693ab-4968-4524-b4b2-be6e548af518,0b14d6c7-f34b-409f-a647-b67d8f795308,696a5b7f-e60b-47d2-8720-78f5e4af1047:User 89,DENIED
2026,1月,11,周日,20:27:14,79DCDAFC,59306181-f165-4645-8b4c-2bfed7a96f64,d7c26892-d2d2-4ad1-b74b-456664459590,dce203b0-b39b-4487-a9dd-8804acdbf34b:User 28,DENIED
2026,1月,11,周日,20:27:14,F48814BB,93ee461f-790a-4449-8527-be0ff2b412bf,8673c600-d01d-4cde-ad5e-94d3ee9d7fd9,e57bb913-0d88-4748-a6c9-bd9cd54db129:User 12,DENIED
2026,1月,11,周日,20:27:14,E823B1B5,0be70602-ffb6-4703-b34b-1019cf76e655,8e762bad-5107-4ccb-91e4-20cb7d5cd5aa,2b0aeb7c-3f54-48f1-bf4c-f2e10f5b002f:User 1,DENIED
2026,1月,11,周日,20:27:14,35AF238D,20bc60be-dcc6-4639-8666-e33ac7eff0d6,fa28c6a6-7674-417b-b44d-e75b815545c3,9c4ab1f8-250a-4970-bf4f-a50e221e7400:User 4,DENIED
2026,1月,11,周日,20:27:14,13DF5D8E,621f42d2-6033-4dd5-86bc-3ef95ac4f347,1243ed84-de07-4125-9e0e-719db7e75dbc,c5086250-7692-43e0-b10b-54952bc27386:User 95,DENIED
2026,1月,11,周日,20:27:14,53FA4769,bd6e0c72-d0ea-4b60-ac0a-f371cfce9fcd,7bfe268b-3120-4387-ad55-4e08de557456,7aac74ef-3078-46e1-841f-7b1a84c5bad1:User 69,DENIED
2026,1月,11,周日,20:27:14,49CC48E1,d777dc15-826e-439a-a544-ad16591daa7d,788dd0e0-5b8f-4125-b501-356f2e66f766,2d57bfc9-0dc7-4d0c-bac9-e7ba2a3d431b:User 168,DENIED
2026,1月,11,周日,20:27:14,3EAE07DF,870c05c9-2e70-41a4-bf93-85de484a726a,51af542a-7613-42be-920d-f6a3b455a10b,fe9cce66-91ae-4941-b19a-46d1db5f23c4:User 54,DENIED
2026,1月,11,周日,20:27:14,B9286695,db243b05-b592-4199-a64e-3c9ee6e65fbd,8dfdb42d-05ec-4be5-a0f8-18a6420764cb,67fb6e63-b37a-4cb9-b8a3-1a09de7b301c:User 102,DENIED
2026,1月,11,周日,20:27:14,B00FD960,db243b05-b592-4199-a64e-3c9ee6e65fbd,8dfdb42d-05ec-4be5-a0f8-18a6420764cb,0ef0ca5c-e68a-431f-832f-edec67e2821f:User 6,DENIED
2026,1月,11,周日,20:27:14,9666DFDD,e7e0bc70-3e5a-43f9-be48-c4ba0341bdaa,f89fb1b7-1db9-4975-80a5-c3a85f6f4574,7dac8f57-5f27-4501-8dd9-34b532bbf26b:User 150,DENIED
2026,1月,11,周日,20:27:14,7CC6112F,01260115-5e52-42db-ad95-ec77bcd659b8,08a7dff8-aa46-40b0-bd88-7a7c8416c011,fb30d9c2-1403-45f2-894a-78dbc8536890:User 34,DENIED
2026,1月,11,周日,20:27:14,0BBF12B6,641f008a-67f7-4eb0-8dc5-9db82e0f2a65,7cca50aa-de0d-4292-babb-80ab0f12add2,5373d645-a224-488d-a864-9cc9cb69542e:User 98,DENIED
2026,1月,11,周日,20:27:14,64D6C16F,c54729aa-fce2-4e14-badc-5f7fbfa1de49,8af984fb-ae86-4385-8e7e-b9b56beaf03f,f6cacc04-0dc0-4896-8ff6-878f9e855de0:User 94,DENIED
2026,1月,11,周日,20:27:14,0BBF12B6,641f008a-67f7-4eb0-8dc5-9db82e0f2a65,7cca50aa-de0d-4292-babb-80ab0f12add2,5373d645-a224-488d-a864-9cc9cb69542e:User 98,DENIED
2026,1月,11,周日,20:27:14,C19B86AF,be9c74f9-b0e5-4618-9e09-8b65355b062e,93141aef-f0e8-4064-80da-ceb24fa6efa1,f9e008d4-1cb7-4dfe-a184-5e336d1ba1f4:User 85,DENIED
2026,1月,11,周日,20:27:14,70086B31,ba1fffd1-2a67-4cb9-90a1-7228035dbb99,0422e414-4fa9-48ec-a7d9-43200f68b098,26733b01-91f4-4a55-8e2a-d115f6ba576e:User 114,DENIED
2026,1月,11,周日,20:27:14,54F84D62,fb3cf09a-dde4-41c0-972d-983e578ac120,b1f6d680-200e-42be-a15e-ca718304cff7,5e37be5f-151c-4e65-9780-5afe2edf6fdc:User 25,DENIED
2026,1月,11,周日,20:27:14,79DCDAFC,16b02378-7e5f-4848-928c-70a50df32db6,c65121ab-12fc-4966-b806-c87dd3b7f076,dce203b0-b39b-4487-a9dd-8804acdbf34b:User 28,DENIED
2026,1月,11,周日,20:27:14,DD40D232,af93e80c-505a-4f4a-a0e6-81ebd2faa429,4559ddc4-146e-4795-934b-389ea44d10f7,a90c7076-f938-4a20-924a-44c22bce753e:User 61,DENIED
2026,1月,11,周日,20:27:14,DA778815,af93e80c-505a-4f4a-a0e6-81ebd2faa429,4559ddc4-146e-4795-934b-389ea44d10f7,7d623ab5-c21d-4eb8-990e-c100c2a4db94:User 16,DENIED
2026,1月,11,周日,20:27:14,70086B31,5c980ee0-2ea8-4567-a531-5eaa984a1a4a,a2b08738-cba6-4f87-9011-d2897b29cfa4,26733b01-91f4-4a55-8e2a-d115f6ba576e:User 114,DENIED
2026,1月,11,周日,20:27:14,C627B25D,fb3cf09a-dde4-41c0-972d-983e578ac120,b1f6d680-200e-42be-a15e-ca718304cff7,9d5e9fe2-c55b-4885-9d1f-b045e670f677:User 195,DENIED
2026,1月,11,周日,20:27:14,33CDA6AD,5f078c7b-e28e-4f96-8ee4-d2868ba692f9,ad62e913-8354-4349-adc0-2dd51be30df9,7b4114d2-aaed-43bc-86f2-034e6e36ee86:User 45,DENIED
2026,1月,11,周日,20:27:14,61AE91D8,d5ac040c-b74e-4341-8ef2-eb2cae95c04b,e26a09ae-48de-463f-81b9-bac8f7dba6d4,781b41c7-deb0-480d-86e6-e5868815fc39:User 14,DENIED
2026,1月,11,周日,20:27:14,07E46A1F,d6dea81b-2545-441f-91ce-46d206777f11,ecb54cca-7179-4f82-905b-04bc2c58c746,46c1940c-387a-4c2c-90c2-5aba4205612c:User 62,DENIED
2026,1月,11,周日,20:27:14,295A7F4E,924693ab-4968-4524-b4b2-be6e548af518,0b14d6c7-f34b-409f-a647-b67d8f795308,0660673f-f290-4094-88d5-9c6eea451e83:User 190,DENIED
2026,1月,11,周日,20:27:14,A9D8C3D4,59306181-f165-4645-8b4c-2bfed7a96f64,d7c26892-d2d2-4ad1-b74b-456664459590,9e479f4c-9bf4-4e74-9ad6-9becbf08a60e:User 129,DENIED
2026,1月,11,周日,20:27:14,E084A602,5f078c7b-e28e-4f96-8ee4-d2868ba692f9,ad62e913-8354-4349-adc0-2dd51be30df9,5026299c-147b-47cd-b489-f61dd66da97e:User 92,DENIED
2026,1月,11,周日,20:27:14,BF100359,f4cf5168-8a65-4f89-9ee7-89b2310c43ce,782d47f0-3c55-4edb-a1b1-285f046ddfa7,696a5b7f-e60b-47d2-8720-78f5e4af1047:User 89,DENIED
2026,1月,11,周日,20:27:14,DAA5A378,9620bf95-f2fc-481f-9a3b-db9d43dfadf1,850c8962-9f45-4aa4-9f24-0111562de84b,2fa2cc85-a79b-4a2e-b9bb-9fe02fd1ad55:User 7,DENIED
2026,1月,11,周日,20:27:14,0022BFC1,f4cf5168-8a65-4f89-9ee7-89b2310c43ce,782d47f0-3c55-4edb-a1b1-285f046ddfa7,a4f31604-eddd-4774-bf27-36124059f8a2:User 12,DENIED
2026,1月,11,周日,20:27:14,B6F766FB,914ebf41-7847-419d-ae5b-45986f4ee3c8,dc040e2b-56aa-4ba2-9a35-beb305625d9c,bb37418a-373d-45b1-be5e-ef1d6f220782:User 192,DENIED
2026,1月,11,周日,20:27:14,3E787EAE,79e166cb-e810-4bd7-b3da-8c2063a10654,868714f4-8c61-4b5d-9f10-e22d9b969143,6204f451-af18-423a-8eec-177b1e6b0cc7:User 113,DENIED
2026,1月,11,周日,20:27:14,3F62E754,79e166cb-e810-4bd7-b3da-8c2063a10654,868714f4-8c61-4b5d-9f10-e22d9b969143,63785577-859c-43e1-89eb-9d2481500a93:User 74,DENIED
2026,1月,11,周日,20:27:14,2930667D,ba1fffd1-2a67-4cb9-90a1-7228035dbb99,0422e414-4fa9-48ec-a7d9-43200f68b098,9126290b-703b-4a59-855a-f6a0ff597d0e:User 30,DENIED
2026,1月,11,周日,20:27:14,A4E54B4E,5c980ee0-2ea8-4567-a531-5eaa984a1a4a,a2b08738-cba6-4f87-9011-d2897b29cfa4,8634a79e-74da-462c-96c6-035488f25b3e:User 57,DENIED
2026,1月,11,周日,20:27:14,31171503,c562380c-bdd3-4f70-bbfb-a757e48413a7,b85ea175-7378-411e-a070-d9592b52676c,9332c8f0-8d89-48a7-b23c-a607b3c59635:User 39,DENIED
2026,1月,11,周日,20:27:14,F6D08966,ba1fffd1-2a67-4cb9-90a1-7228035dbb99,0422e414-4fa9-48ec-a7d9-43200f68b098,ec40dbfe-da85-4c41-9936-839e6691b4c8:User 103,DENIED
2026,1月,11,周日,20:27:14,A9D8C3D4,01260115-5e52-42db-ad95-ec77bcd659b8,08a7dff8-aa46-40b0-bd88-7a7c8416c011,9e479f4c-9bf4-4e74-9ad6-9becbf08a60e:User 129,DENIED
2026,1月,11,周日,20:27:14,1E54360A,5f078c7b-e28e-4f96-8ee4-d2868ba692f9,ad62e913-8354-4349-adc0-2dd51be30df9,44af10c7-bb6e-450e-98b9-e543b5b7cd85:User 189,DENIED
2026,1月,11,周日,20:27:14,80FBFCDD,bd6e0c72-d0ea-4b60-ac0a-f371cfce9fcd,7bfe268b-3120-4387-ad55-4e08de557456,b06a469d-42fb-4ba4-8f5b-2590ab842f7c:User 33,DENIED
2026,1月,11,周日,20:27:14,5C526355,12eba4f8-180f-4727-836c-80337bbfde81,b0591a0f-a5c6-4c92-b893-9d51d8f1a4da,c252766c-8c45-4f1b-b27b-733facde7877:User 45,DENIED
2026,1月,11,周日,20:27:14,B116165E,1b66869a-b709-4954-8b97-e7c2bfe17fdc,3a6ee9f2-ec0c-4b6d-90e4-fca4b3cdb3ba,4f42d81f-72c9-49d4-b1bb-a23511ab043b:User 173,DENIED
2026,1月,11,周日,20:27:14,AC1545C4,5f078c7b-e28e-4f96-8ee4-d2868ba692f9,ad62e913-8354-4349-adc0-2dd51be30df9,30b18901-8263-4bd0-b460-ca51010425d4:User 24,DENIED
2026,1月,11,周日,20:27:14,8F4E2B56,e7e0bc70-3e5a-43f9-be48-c4ba0341bdaa,f89fb1b7-1db9-4975-80a5-c3a85f6f4574,17ac47de-ce34-453f-bec5-656a59bc149e:User 110,DENIED
2026,1月,11,周日,20:27:14,02CF2966,16b02378-7e5f-4848-928c-70a50df32db6,c65121ab-12fc-4966-b806-c87dd3b7f076,dfe922b2-a231-49f5-8ff6-4f7bab7f77f7:User 31,DENIED
2026,1月,11,周日,20:27:14,AB0813FF,ba1fffd1-2a67-4cb9-90a1-7228035dbb99,0422e414-4fa9-48ec-a7d9-43200f68b098,1ffd71b4-0e06-4aa3-bb54-c588f6ca3b4a:User 107,DENIED
2026,1月,11,周日,20:27:14,AAE34986,0be70602-ffb6-4703-b34b-1019cf76e655,8e762bad-5107-4ccb-91e4-20cb7d5cd5aa,6ae05510-4677-4374-b2f2-febb44adb823:User 71,DENIED
2026,1月,11,周日,20:27:15,6267CCB1,79f2879a-de1b-4f95-b5aa-4f3982938ce4,b6ede591-f236-44b5-9607-96f7a84ac0bc,e0f703ec-d760-4cf3-9416-e5452a9b1dde:User 151,DENIED
2026,1月,11,周日,20:27:15,BFA9EE4E,db243b05-b592-4199-a64e-3c9ee6e65fbd,8dfdb42d-05ec-4be5-a0f8-18a6420764cb,b4cde930-d1ea-4051-bf61-c0c0d6ce810a:User 176,DENIED
2026,1月,11,周日,20:27:15,0E73E9A4,1b66869a-b709-4954-8b97-e7c2bfe17fdc,3a6ee9f2-ec0c-4b6d-90e4-fca4b3cdb3ba,763f7d78-2043-442c-ab80-b9ef428cb82f:User 5,DENIED
2026,1月,11,周日,20:27:15,C4B35DDD,a3668d39-fb96-48e5-948d-d8d77eb1782f,69089920-6b00-4a9d-8de6-871d47f03e6c,cb5ca9ee-2418-46e4-a858-9bc476b24ed7:User 20,DENIED
2026,1月,11,周日,20:27:15,5C526355,16b02378-7e5f-4848-928c-70a50df32db6,c65121ab-12fc-4966-b806-c87dd3b7f076,c252766c-8c45-4f1b-b27b-733facde7877:User 45,DENIED
2026,1月,11,周日,20:27:15,E0E7CABE,5f741446-39a7-4d45-9906-cddcfd4f5658,80e24623-c1fa-4a45-8edf-cbd2377e52a6,83b7105d-517f-4f52-a2fa-8076120cba45:User 19,DENIED
2026,1月,11,周日,20:27:15,324296E8,d6dea81b-2545-441f-91ce-46d206777f11,ecb54cca-7179-4f82-905b-04bc2c58c746,3da28cb6-8ddf-4090-af58-5363df288dcb:User 104,DENIED
2026,1月,11,周日,20:27:15,B9286695,621f42d2-6033-4dd5-86bc-3ef95ac4f347,1243ed84-de07-4125-9e0e-719db7e75dbc,67fb6e63-b37a-4cb9-b8a3-1a09de7b301c:User 102,DENIED
2026,1月,11,周日,20:27:15,FD8EEC6E,f4cf5168-8a65-4f89-9ee7-89b2310c43ce,782d47f0-3c55-4edb-a1b1-285f046ddfa7,272c62c6-8acb-41a1-98f9-bb4a79c895ec:User 50,DENIED
2026,1月,11,周日,20:27:15,46439497,0be70602-ffb6-4703-b34b-1019cf76e655,8e762bad-5107-4ccb-91e4-20cb7d5cd5aa,93dbc7a8-8cff-465b-8874-abbdb4dd71f6:User 132,DENIED
2026,1月,11,周日,20:27:15,295A7F4E,16b02378-7e5f-4848-928c-70a50df32db6,c65121ab-12fc-4966-b806-c87dd3b7f076,0660673f-f290-4094-88d5-9c6eea451e83:User 190,DENIED
2026,1月,11,周日,20:27:15,3F62E754,729ef629-44a5-4f46-aef4-a30288c414db,2ce55221-e6ac-4e68-a139-89c65c486551,63785577-859c-43e1-89eb-9d2481500a93:User 74,DENIED
2026,1月,11,周日,20:27:15,A3C30531,79f2879a-de1b-4f95-b5aa-4f3982938ce4,b6ede591-f236-44b5-9607-96f7a84ac0bc,dc0531cf-6327-4df8-81c6-f7413c1e3495:User 7,DENIED
2026,1月,11,周日,20:27:15,7C533D82,9ca441b2-b1a1-4920-ba5c-6dbfa867e3e8,cdc6f9a1-a7c1-4db8-a639-497a80d2f94b,6e4db8c8-a39f-41aa-9345-7203a4f75a0d:User 131,DENIED
2026,1月,11,周日,20:27:15,CE67EC7C,5f078c7b-e28e-4f96-8ee4-d2868ba692f9,ad62e913-8354-4349-adc0-2dd51be30df9,e8d3308e-fc49-47e0-8875-52ff2bb6e2ba:User 8,DENIED
2026,1月,11,周日,20:27:15,57932A8F,a3668d39-fb96-48e5-948d-d8d77eb1782f,69089920-6b00-4a9d-8de6-871d47f03e6c,4baec69a-11de-4ff9-8fcc-e0cae0accbdf:User 60,DENIED
2026,1月,11,周日,20:27:15,47F64880,f19a373d-67c4-48ed-bfe3-3ef0796536e9,f70c1588-d00b-4277-b450-0af3f6feef11,ca2e8d6d-e4e6-4091-b4f9-eddd20fdd77b:User 116,DENIED
2026,1月,11,周日,20:27:15,16BFFB17,5f741446-39a7-4d45-9906-cddcfd4f5658,80e24623-c1fa-4a45-8edf-cbd2377e52a6,90cc9266-276d-4df4-a5ba-1f598bc61398:User 18,DENIED
2026,1月,11,周日,20:27:15,27733E41,be9c74f9-b0e5-4618-9e09-8b65355b062e,93141aef-f0e8-4064-80da-ceb24fa6efa1,4380bdb4-896f-489e-a791-a2f2898ac3d8:User 37,DENIED
2026,1月,11,周日,20:27:15,1EB043B2,9620bf95-f2fc-481f-9a3b-db9d43dfadf1,850c8962-9f45-4aa4-9f24-0111562de84b,bdc8263d-9b28-4e80-add0-88455ff47d24:User 67,DENIED
2026,1月,11,周日,20:27:15,6F42EB0E,5c980ee0-2ea8-4567-a531-5eaa984a1a4a,a2b08738-cba6-4f87-9011-d2897b29cfa4,3ec889e4-c3e3-43be-8f91-1f3e04347838:User 83,DENIED
2026,1月,11,周日,20:27:15,DAA5A378,d5ac040c-b74e-4341-8ef2-eb2cae95c04b,e26a09ae-48de-463f-81b9-bac8f7dba6d4,2fa2cc85-a79b-4a2e-b9bb-9fe02fd1ad55:User 7,DENIED
2026,1月,11,周日,20:27:15,A9D8C3D4,70ad87f3-147f-4f03-a266-ca45ad21148c,efabfe47-19e8-43db-a45f-5498415d978c,9e479f4c-9bf4-4e74-9ad6-9becbf08a60e:User 129,DENIED
2026,1月,11,周日,20:27:15,DEB1E280,f3eef4d7-17e3-4e42-9b9b-aabe03d81560,5953690c-45c9-4f40-b5b3-df067ecf4cab,0bb5c108-67fa-4176-9fad-5d1d64b293a7:User 155,DENIED
2026,1月,11,周日,20:27:15,E0E7CABE,5f078c7b-e28e-4f96-8ee4-d2868ba692f9,ad62e913-8354-4349-adc0-2dd51be30df9,83b7105d-517f-4f52-a2fa-8076120cba45:User 19,DENIED
2026,1月,11,周日,20:27:15,0E73E9A4,debab0d0-af9e-431a-9e80-00a7ace8ca1b,cf9cf014-b802-4795-8649-03a01ee41981,763f7d78-2043-442c-ab80-b9ef428cb82f:User 5,DENIED
2026,1月,11,周日,20:27:15,FC068ECA,93ee461f-790a-4449-8527-be0ff2b412bf,8673c600-d01d-4cde-ad5e-94d3ee9d7fd9,02d43794-55da-476b-9568-a07081154b5e:User 75,DENIED
2026,1月,11,周日,20:27:15,9044C1DC,debab0d0-af9e-431a-9e80-00a7ace8ca1b,cf9cf014-b802-4795-8649-03a01ee41981,107df285-c666-4fe3-b435-53f3a25e56cf:User 159,DENIED
2026,1月,11,周日,20:27:15,D85AA816,bd6e0c72-d0ea-4b60-ac0a-f371cfce9fcd,7bfe268b-3120-4387-ad55-4e08de557456,40dbda3d-3778-48c5-bfea-fac01d37a5bd:User 64,DENIED
2026,1月,11,周日,20:27:15,DF4E17A7,d6dea81b-2545-441f-91ce-46d206777f11,ecb54cca-7179-4f82-905b-04bc2c58c746,13dcdbfa-03e3-4ae3-bc33-4e188a225860:User 193,DENIED
2026,1月,11,周日,20:27:15,27733E41,d777dc15-826e-439a-a544-ad16591daa7d,788dd0e0-5b8f-4125-b501-356f2e66f766,4380bdb4-896f-489e-a791-a2f2898ac3d8:User 37,DENIED
2026,1月,11,周日,20:27:15,292208D4,d5ac040c-b74e-4341-8ef2-eb2cae95c04b,e26a09ae-48de-463f-81b9-bac8f7dba6d4,b4b79259-6847-4905-954f-607056f6f425:User 29,DENIED
2026,1月,11,周日,20:27:15,38707C1A,79f2879a-de1b-4f95-b5aa-4f3982938ce4,b6ede591-f236-44b5-9607-96f7a84ac0bc,bd89d26e-0292-40c7-8234-4a258202c129:User 34,DENIED
2026,1月,11,周日,20:27:15,447F6094,16b02378-7e5f-4848-928c-70a50df32db6,c65121ab-12fc-4966-b806-c87dd3b7f076,d4c31766-f19f-4d16-b333-f4e8a5001082:User 20,DENIED
2026,1月,11,周日,20:27:15,814FAAAC,5f741446-39a7-4d45-9906-cddcfd4f5658,80e24623-c1fa-4a45-8edf-cbd2377e52a6,2ed91bb1-4305-4995-953a-b43b4a820515:User 93,DENIED
2026,1月,11,周日,20:27:15,C48156E5,bd6e0c72-d0ea-4b60-ac0a-f371cfce9fcd,7bfe268b-3120-4387-ad55-4e08de557456,629af980-0eec-4ea4-88de-cbbec17d1909:User 9,DENIED
2026,1月,11,周日,20:27:15,25FB24D1,641f008a-67f7-4eb0-8dc5-9db82e0f2a65,7cca50aa-de0d-4292-babb-80ab0f12add2,8c284b9e-1b43-485d-b781-eef32469232d:User 182,DENIED
2026,1月,11,周日,20:27:15,4EAB30D6,79e166cb-e810-4bd7-b3da-8c2063a10654,868714f4-8c61-4b5d-9f10-e22d9b969143,a46155a8-5e53-49b7-a5f9-040b9c117fde:User 13,DENIED
2026,1月,11,周日,20:27:15,073D154B,bd6e0c72-d0ea-4b60-ac0a-f371cfce9fcd,7bfe268b-3120-4387-ad55-4e08de557456,040dd8e5-ec5c-484a-8b6a-5b318e22bc46:User 108,DENIED
2026,1月,11,周日,20:27:15,8F4E2B56,70ad87f3-147f-4f03-a266-ca45ad21148c,efabfe47-19e8-43db-a45f-5498415d978c,17ac47de-ce34-453f-bec5-656a59bc149e:User 110,DENIED
2026,1月,11,周日,20:27:15,40FDA30B,641f008a-67f7-4eb0-8dc5-9db82e0f2a65,7cca50aa-de0d-4292-babb-80ab0f12add2,0c9a4ffa-7d98-493a-884d-bf353d18ff1c:User 56,DENIED
2026,1月,11,周日,20:27:15,07E46A1F,c54729aa-fce2-4e14-badc-5f7fbfa1de49,8af984fb-ae86-4385-8e7e-b9b56beaf03f,46c1940c-387a-4c2c-90c2-5aba4205612c:User 62,DENIED
2026,1月,11,周日,20:27:15,706CA1E2,4fc60dbb-44c0-4399-ac1a-cfac8d0102c8,715e699d-3040-442f-9f38-68c70a0f67d0,fdcfce63-9871-449f-92d5-a5b98a283b36:User 147,DENIED
2026,1月,11,周日,20:27:15,D111582B,53687c24-f9ea-4921-96c9-23e524e9ab10,813e4e52-5a00-413c-a891-05013da581ff,f56d7dc9-1e04-4505-a4bb-e80a9e8d5908:User 123,DENIED
2026,1月,11,周日,20:27:15,74F047BA,af93e80c-505a-4f4a-a0e6-81ebd2faa429,4559ddc4-146e-4795-934b-389ea44d10f7,e4a318cd-db78-4eed-a72a-0403159e4d8c:User 9,DENIED
2026,1月,11,周日,20:27:15,789D2BEB,5f078c7b-e28e-4f96-8ee4-d2868ba692f9,ad62e913-8354-4349-adc0-2dd51be30df9,d62fdb41-08d5-4e6d-9b09-5ee4c8db54b5:User 79,DENIED
2026,1月,11,周日,20:27:15,6C357E84,20bc60be-dcc6-4639-8666-e33ac7eff0d6,fa28c6a6-7674-417b-b44d-e75b815545c3,abcc9e33-db9f-42c8-a29c-0d0a9e12ae31:User 199,DENIED
2026,1月,11,周日,20:27:15,7DB77A37,729ef629-44a5-4f46-aef4-a30288c414db,2ce55221-e6ac-4e68-a139-89c65c486551,83968731-74cc-4baf-990d-000f2f4a074b:User 18,DENIED
2026,1月,11,周日,20:27:15,789D2BEB,621f42d2-6033-4dd5-86bc-3ef95ac4f347,1243ed84-de07-4125-9e0e-719db7e75dbc,d62fdb41-08d5-4e6d-9b09-5ee4c8db54b5:User 79,DENIED
2026,1月,11,周日,20:27:15,38707C1A,729ef629-44a5-4f46-aef4-a30288c414db,2ce55221-e6ac-4e68-a139-89c65c486551,bd89d26e-0292-40c7-8234-4a258202c129:User 34,DENIED
2026,1月,11,周日,20:27:15,BFA9EE4E,747204d4-1207-4613-b1f6-1123a64d4bae,c7db699a-0fcc-4dd1-93dd-ded492ecc52d,b4cde930-d1ea-4051-bf61-c0c0d6ce810a:User 176,DENIED
2026,1月,11,周日,20:27:15,70D23C79,01260115-5e52-42db-ad95-ec77bcd659b8,08a7dff8-aa46-40b0-bd88-7a7c8416c011,1c03c13e-f18b-4d12-98f9-b227892847ad:User 170,DENIED
2026,1月,11,周日,20:27:15,B4C3DB06,20bc60be-dcc6-4639-8666-e33ac7eff0d6,fa28c6a6-7674-417b-b44d-e75b815545c3,69716518-a2de-4b8a-bd64-ecdce502e7bd:User 2,DENIED
2026,1月,11,周日,20:27:15,5A058B39,debab0d0-af9e-431a-9e80-00a7ace8ca1b,cf9cf014-b802-4795-8649-03a01ee41981,83c55190-73ab-49a3-badf-9788f70038a8:User 91,DENIED
2026,1月,11,周日,20:27:15,D0034527,fb3cf09a-dde4-41c0-972d-983e578ac120,b1f6d680-200e-42be-a15e-ca718304cff7,861d17fe-c423-4b70-98b9-17f909ca5a89:User 101,DENIED
2026,1月,11,周日,20:27:15,2A52FD69,f3eef4d7-17e3-4e42-9b9b-aabe03d81560,5953690c-45c9-4f40-b5b3-df067ecf4cab,403919d4-c15f-4953-b2f1-4eb0158895df:User 41,DENIED
2026,1月,11,周日,20:27:15,4B03872F,5f741446-39a7-4d45-9906-cddcfd4f5658,80e24623-c1fa-4a45-8edf-cbd2377e52a6,ee2210dd-4b21-4e2e-ae07-dabff1e4a702:User 88,DENIED
2026,1月,11,周日,20:27:15,8661F24F,621f42d2-6033-4dd5-86bc-3ef95ac4f347,1243ed84-de07-4125-9e0e-719db7e75dbc,213f8fa9-e6fa-46bb-82a1-1c459f2c5882:User 81,DENIED
2026,1月,11,周日,20:27:15,B81092E8,978f2cda-ac0b-466d-85e6-c0047665e857,444d8a1b-a6c6-4ce2-9b80-bccc31441c5e,13a4388b-4bad-4d78-9ef4-ece11a53e246:User 138,DENIED
2026,1月,11,周日,20:27:15,8F4E2B56,914ebf41-7847-419d-ae5b-45986f4ee3c8,dc040e2b-56aa-4ba2-9a35-beb305625d9c,17ac47de-ce34-453f-bec5-656a59bc149e:User 110,DENIED
2026,1月,11,周日,20:27:15,6CD091CB,79e166cb-e810-4bd7-b3da-8c2063a10654,868714f4-8c61-4b5d-9f10-e22d9b969143,b7285d3d-86d2-4735-ace9-6ba7a4f41ac0:User 10,DENIED
2026,1月,11,周日,20:27:15,02CF2966,12eba4f8-180f-4727-836c-80337bbfde81,b0591a0f-a5c6-4c92-b893-9d51d8f1a4da,dfe922b2-a231-49f5-8ff6-4f7bab7f77f7:User 31,DENIED
2026,1月,11,周日,20:27:15,A3C30531,79f2879a-de1b-4f95-b5aa-4f3982938ce4,b6ede591-f236-44b5-9607-96f7a84ac0bc,dc0531cf-6327-4df8-81c6-f7413c1e3495:User 7,DENIED
2026,1月,11,周日,20:27:15,FAA7017A,5c980ee0-2ea8-4567-a531-5eaa984a1a4a,a2b08738-cba6-4f87-9011-d2897b29cfa4,543c3609-3d67-498e-91f2-c8e7dc4b0e30:User 22,DENIED
2026,1月,11,周日,20:27:15,D01762E7,70ad87f3-147f-4f03-a266-ca45ad21148c,efabfe47-19e8-43db-a45f-5498415d978c,09b07d8d-d580-4acc-84b1-370236a788ed:User 22,DENIED
2026,1月,11,周日,20:27:15,CE9A6D59,d777dc15-826e-439a-a544-ad16591daa7d,788dd0e0-5b8f-4125-b501-356f2e66f766,9efb4220-ec85-4de1-8bb0-c71a9e11fcdf:User 19,DENIED
2026,1月,11,周日,20:27:15,DEB1E280,53687c24-f9ea-4921-96c9-23e524e9ab10,813e4e52-5a00-413c-a891-05013da581ff,0bb5c108-67fa-4176-9fad-5d1d64b293a7:User 155,DENIED
2026,1月,11,周日,20:27:15,33CDA6AD,e7e0bc70-3e5a-43f9-be48-c4ba0341bdaa,f89fb1b7-1db9-4975-80a5-c3a85f6f4574,7b4114d2-aaed-43bc-86f2-034e6e36ee86:User 45,DENIED
2026,1月,11,周日,20:27:15,D111582B,a3668d39-fb96-48e5-948d-d8d77eb1782f,69089920-6b00-4a9d-8de6-871d47f03e6c,f56d7dc9-1e04-4505-a4bb-e80a9e8d5908:User 123,DENIED
2026,1月,11,周日,20:27:15,64D6C16F,729ef629-44a5-4f46-aef4-a30288c414db,2ce55221-e6ac-4e68-a139-89c65c486551,f6cacc04-0dc0-4896-8ff6-878f9e855de0:User 94,DENIED
2026,1月,11,周日,20:27:15,D8738B2D,01260115-5e52-42db-ad95-ec77bcd659b8,08a7dff8-aa46-40b0-bd88-7a7c8416c011,114f1a42-9c53-4209-85d7-a462bd450d01:User 196,DENIED
2026,1月,11,周日,20:27:15,D526D0C2,914ebf41-7847-419d-ae5b-45986f4ee3c8,dc040e2b-56aa-4ba2-9a35-beb305625d9c,6938592c-9b26-43de-b03c-bd6166d2ae3e:User 117,DENIED
2026,1月,11,周日,20:27:15,1EFC8AAD,f4cf5168-8a65-4f89-9ee7-89b2310c43ce,782d47f0-3c55-4edb-a1b1-285f046ddfa7,b55f918c-819f-480b-bbe4-1b9d332ae04c:User 31,DENIED
2026,1月,11,周日,20:27:15,2F5E89E9,f4cf5168-8a65-4f89-9ee7-89b2310c43ce,782d47f0-3c55-4edb-a1b1-285f046ddfa7,a7599f54-5360-4aef-bd47-9e083bc1c3cf:User 25,DENIED
2026,1月,11,周日,20:27:15,392C3F12,79e166cb-e810-4bd7-b3da-8c2063a10654,868714f4-8c61-4b5d-9f10-e22d9b969143,df8d387c-8732-416d-9f11-3acb1284418c:User 63,DENIED
2026,1月,11,周日,20:27:15,DF4E17A7,732ab68f-bbee-4ded-8c9a-1eac02ef4fcf,b75dbdaf-0548-4dd8-ae94-981684ee6a79,13dcdbfa-03e3-4ae3-bc33-4e188a225860:User 193,DENIED
2026,1月,11,周日,20:27:15,266DCB02,d777dc15-826e-439a-a544-ad16591daa7d,788dd0e0-5b8f-4125-b501-356f2e66f766,fe1b073d-1b9b-4c84-8045-44a6f884d752:User 76,DENIED
2026,1月,11,周日,20:27:15,1BA4FA66,924693ab-4968-4524-b4b2-be6e548af518,0b14d6c7-f34b-409f-a647-b67d8f795308,89b557db-edfd-4511-923a-2e0a66371fe6:User 33,DENIED
2026,1月,11,周日,20:27:15,3AAF89F2,f3eef4d7-17e3-4e42-9b9b-aabe03d81560,5953690c-45c9-4f40-b5b3-df067ecf4cab,029d5206-3c93-495b-a838-9fd384a2516a:User 46,DENIED
2026,1月,11,周日,20:27:15,295A7F4E,f4cf5168-8a65-4f89-9ee7-89b2310c43ce,782d47f0-3c55-4edb-a1b1-285f046ddfa7,0660673f-f290-4094-88d5-9c6eea451e83:User 190,DENIED
2026,1月,11,周日,20:27:15,DE6235AC,9ca441b2-b1a1-4920-ba5c-6dbfa867e3e8,cdc6f9a1-a7c1-4db8-a639-497a80d2f94b,913185f2-05d1-405f-9700-d84ab5df2362:User 52,DENIED
2026,1月,11,周日,20:27:15,54F84D62,12eba4f8-180f-4727-836c-80337bbfde81,b0591a0f-a5c6-4c92-b893-9d51d8f1a4da,5e37be5f-151c-4e65-9780-5afe2edf6fdc:User 25,DENIED
2026,1月,11,周日,20:27:15,6CD091CB,fb3cf09a-dde4-41c0-972d-983e578ac120,b1f6d680-200e-42be-a15e-ca718304cff7,b7285d3d-86d2-4735-ace9-6ba7a4f41ac0:User 10,DENIED
2026,1月,11,周日,20:27:15,699075B5,1b66869a-b709-4954-8b97-e7c2bfe17fdc,3a6ee9f2-ec0c-4b6d-90e4-fca4b3cdb3ba,fc785f06-38cb-4cb6-82ef-b9f91c54224f:User 3,DENIED
2026,1月,11,周日,20:27:15,F90AFD2C,af93e80c-505a-4f4a-a0e6-81ebd2faa429,4559ddc4-146e-4795-934b-389ea44d10f7,6d164f8c-56f5-4503-82f9-d15b02f897f9:User 169,DENIED
2026,1月,11,周日,20:27:15,BF43D708,297874e0-a56b-4ce9-b02b-30504ec46f4c,87583732-aff9-43ab-81be-ea7312152eb0,4f7c8c0e-fa40-4a3d-990e-e99d97c4bd62:User 106,DENIED
2026,1月,11,周日,20:27:15,7AAC34BF,870c05c9-2e70-41a4-bf93-85de484a726a,51af542a-7613-42be-920d-f6a3b455a10b,6552874b-8d15-46d1-a4eb-e80646ac51ce:User 38,DENIED
2026,1月,11,周日,20:27:15,8345EC1C,fb3cf09a-dde4-41c0-972d-983e578ac120,b1f6d680-200e-42be-a15e-ca718304cff7,0c85194c-5b53-4155-9ac4-f8d4fc386204:User 171,DENIED
2026,1月,11,周日,20:27:15,DE842453,ba1fffd1-2a67-4cb9-90a1-7228035dbb99,0422e414-4fa9-48ec-a7d9-43200f68b098,fcbaa7a2-cd83-4e9e-96a9-47d14060eb1e:User 197,DENIED
2026,1月,11,周日,20:27:15,0930626F,9ca441b2-b1a1-4920-ba5c-6dbfa867e3e8,cdc6f9a1-a7c1-4db8-a639-497a80d2f94b,046cc824-12d0-454b-8e66-1709a4ef97a9:User 28,DENIED
2026,1月,11,周日,20:27:15,17D3257C,e7e0bc70-3e5a-43f9-be48-c4ba0341bdaa,f89fb1b7-1db9-4975-80a5-c3a85f6f4574,f76f196b-4d0f-47a0-9fdb-e7b7c2d8612f:User 6,DENIED
2026,1月,11,周日,20:27:15,46439497,79f2879a-de1b-4f95-b5aa-4f3982938ce4,b6ede591-f236-44b5-9607-96f7a84ac0bc,93dbc7a8-8cff-465b-8874-abbdb4dd71f6:User 132,DENIED
2026,1月,11,周日,20:27:15,3E787EAE,52693879-01fa-45f0-9fca-666e027b53f1,4163061f-41ab-4dfb-bfc7-a334ed885086,6204f451-af18-423a-8eec-177b1e6b0cc7:User 113,DENIED
2026,1月,11,周日,20:27:15,3433A538,ba1fffd1-2a67-4cb9-90a1-7228035dbb99,0422e414-4fa9-48ec-a7d9-43200f68b098,b287aaeb-4bae-4bd4-a1a6-311a4c77d7d5:User 58,DENIED
2026,1月,11,周日,20:27:15,EA75E185,d6dea81b-2545-441f-91ce-46d206777f11,ecb54cca-7179-4f82-905b-04bc2c58c746,55d0c6d8-8d73-4314-b94c-10c66cdcfcef:User 178,DENIED
2026,1月,11,周日,20:27:15,AA1B2884,a3668d39-fb96-48e5-948d-d8d77eb1782f,69089920-6b00-4a9d-8de6-871d47f03e6c,dc8f0c7b-d444-4b44-84ec-634493337fce:User 111,DENIED
2026,1月,11,周日,20:27:15,97CF3636,641f008a-67f7-4eb0-8dc5-9db82e0f2a65,7cca50aa-de0d-4292-babb-80ab0f12add2,d10df370-0e14-458b-89c5-c99c53b2151f:User 5,DENIED
2026,1月,11,周日,20:27:15,AB0813FF,79e166cb-e810-4bd7-b3da-8c2063a10654,868714f4-8c61-4b5d-9f10-e22d9b969143,1ffd71b4-0e06-4aa3-bb54-c588f6ca3b4a:User 107,DENIED
2026,1月,11,周日,20:27:15,C19B86AF,65693a88-73e2-4cea-a7a1-f9f66e87e987,46c3835b-f0b7-46f9-a1a8-e60f92cc743a,f9e008d4-1cb7-4dfe-a184-5e336d1ba1f4:User 85,DENIED
2026,1月,11,周日,20:27:15,D526D0C2,d6dea81b-2545-441f-91ce-46d206777f11,ecb54cca-7179-4f82-905b-04bc2c58c746,6938592c-9b26-43de-b03c-bd6166d2ae3e:User 117,DENIED
2026,1月,11,周日,20:27:15,F86F57C4,297874e0-a56b-4ce9-b02b-30504ec46f4c,87583732-aff9-43ab-81be-ea7312152eb0,cfc43640-73c4-4c45-9663-ac34339418c4:User 84,DENIED
2026,1月,11,周日,20:27:15,10BD57CC,01260115-5e52-42db-ad95-ec77bcd659b8,08a7dff8-aa46-40b0-bd88-7a7c8416c011,58250765-3f50-46af-98b9-9a501b03a483:User 73,DENIED
2026,1月,11,周日,20:27:15,3E787EAE,db243b05-b592-4199-a64e-3c9ee6e65fbd,8dfdb42d-05ec-4be5-a0f8-18a6420764cb,6204f451-af18-423a-8eec-177b1e6b0cc7:User 113,DENIED
2026,1月,11,周日,20:27:15,DAA5A378,d6dea81b-2545-441f-91ce-46d206777f11,ecb54cca-7179-4f82-905b-04bc2c58c746,2fa2cc85-a79b-4a2e-b9bb-9fe02fd1ad55:User 7,DENIED
2026,1月,11,周日,20:27:15,70D23C79,af93e80c-505a-4f4a-a0e6-81ebd2faa429,4559ddc4-146e-4795-934b-389ea44d10f7,1c03c13e-f18b-4d12-98f9-b227892847ad:User 170,DENIED
2026,1月,11,周日,20:27:15,699075B5,20bc60be-dcc6-4639-8666-e33ac7eff0d6,fa28c6a6-7674-417b-b44d-e75b815545c3,fc785f06-38cb-4cb6-82ef-b9f91c54224f:User 3,DENIED
2026,1月,11,周日,20:27:15,CC77ABC3,f4cf5168-8a65-4f89-9ee7-89b2310c43ce,782d47f0-3c55-4edb-a1b1-285f046ddfa7,8a342194-7f8d-4cc0-96e4-5188201218ec:User 184,DENIED
2026,1月,11,周日,20:27:15,7CC6112F,5f078c7b-e28e-4f96-8ee4-d2868ba692f9,ad62e913-8354-4349-adc0-2dd51be30df9,fb30d9c2-1403-45f2-894a-78dbc8536890:User 34,DENIED
2026,1月,11,周日,20:27:15,0E2DD2FE,621f42d2-6033-4dd5-86bc-3ef95ac4f347,1243ed84-de07-4125-9e0e-719db7e75dbc,d8f1e4e0-34ea-41ff-bb7e-37ed4e703778:User 21,DENIED
2026,1月,11,周日,20:27:15,8F4E2B56,729ef629-44a5-4f46-aef4-a30288c414db,2ce55221-e6ac-4e68-a139-89c65c486551,17ac47de-ce34-453f-bec5-656a59bc149e:User 110,DENIED
2026,1月,11,周日,20:27:15,70086B31,89dc19d8-6391-4ce5-ac5f-40e1a0306b5c,9287f79c-a896-4a17-adbe-ae5c1cd8fb29,26733b01-91f4-4a55-8e2a-d115f6ba576e:User 114,DENIED
2026,1月,11,周日,20:27:15,C627B25D,be9c74f9-b0e5-4618-9e09-8b65355b062e,93141aef-f0e8-4064-80da-ceb24fa6efa1,9d5e9fe2-c55b-4885-9d1f-b045e670f677:User 195,DENIED
2026,1月,11,周日,20:27:15,9ABEC77A,db243b05-b592-4199-a64e-3c9ee6e65fbd,8dfdb42d-05ec-4be5-a0f8-18a6420764cb,c678f79a-6bb6-47f2-98e7-84f53a2987da:User 118,DENIED
2026,1月,11,周日,20:27:15,9044C1DC,e7e0bc70-3e5a-43f9-be48-c4ba0341bdaa,f89fb1b7-1db9-4975-80a5-c3a85f6f4574,107df285-c666-4fe3-b435-53f3a25e56cf:User 159,DENIED
2026,1月,11,周日,20:27:15,5CC70470,dff57c19-308d-461c-8dea-13d9a7e54222,13fdec8c-3dd9-4a53-aaab-ca535abe2cb5,9fc1a5d1-0be6-4a0a-80f5-e5d86ff87ae7:User 172,DENIED
2026,1月,11,周日,20:27:15,1329FEAA,89dc19d8-6391-4ce5-ac5f-40e1a0306b5c,9287f79c-a896-4a17-adbe-ae5c1cd8fb29,ce577d87-1829-464f-a5b0-142da5198fd0:User 130,DENIED
2026,1月,11,周日,20:27:15,BFBEC9D4,12eba4f8-180f-4727-836c-80337bbfde81,b0591a0f-a5c6-4c92-b893-9d51d8f1a4da,a67bc504-2168-4beb-b168-90728a93b957:User 65,DENIED
2026,1月,11,周日,20:27:15,B00FD960,f19a373d-67c4-48ed-bfe3-3ef0796536e9,f70c1588-d00b-4277-b450-0af3f6feef11,0ef0ca5c-e68a-431f-832f-edec67e2821f:User 6,DENIED
2026,1月,11,周日,20:27:15,0E73E9A4,914ebf41-7847-419d-ae5b-45986f4ee3c8,dc040e2b-56aa-4ba2-9a35-beb305625d9c,763f7d78-2043-442c-ab80-b9ef428cb82f:User 5,DENIED
2026,1月,11,周日,20:27:15,38707C1A,621f42d2-6033-4dd5-86bc-3ef95ac4f347,1243ed84-de07-4125-9e0e-719db7e75dbc,bd89d26e-0292-40c7-8234-4a258202c129:User 34,DENIED
2026,1月,11,周日,20:27:15,1A6C8370,59306181-f165-4645-8b4c-2bfed7a96f64,d7c26892-d2d2-4ad1-b74b-456664459590,d9e52338-5b1f-4ace-8235-49bc7467e275:User 163,DENIED
2026,1月,11,周日,20:27:15,F48814BB,5c980ee0-2ea8-4567-a531-5eaa984a1a4a,a2b08738-cba6-4f87-9011-d2897b29cfa4,e57bb913-0d88-4748-a6c9-bd9cd54db129:User 12,DENIED
2026,1月,11,周日,20:27:15,3E787EAE,729ef629-44a5-4f46-aef4-a30288c414db,2ce55221-e6ac-4e68-a139-89c65c486551,6204f451-af18-423a-8eec-177b1e6b0cc7:User 113,DENIED
2026,1月,11,周日,20:27:15,A9D8C3D4,9da65607-0afe-41b0-bbfa-082f65d3c420,0a7b150c-13a9-4c01-bd24-601d9e4546fa,9e479f4c-9bf4-4e74-9ad6-9becbf08a60e:User 129,DENIED
2026,1月,11,周日,20:27:15,0E73E9A4,9da65607-0afe-41b0-bbfa-082f65d3c420,0a7b150c-13a9-4c01-bd24-601d9e4546fa,763f7d78-2043-442c-ab80-b9ef428cb82f:User 5,DENIED
2026,1月,11,周日,20:27:15,C90EB4BE,0be70602-ffb6-4703-b34b-1019cf76e655,8e762bad-5107-4ccb-91e4-20cb7d5cd5aa,3bf985e5-7789-4332-a66d-2f3d3e1d1581:User 105,DENIED
2026,1月,11,周日,20:27:15,1EB043B2,79e166cb-e810-4bd7-b3da-8c2063a10654,868714f4-8c61-4b5d-9f10-e22d9b969143,bdc8263d-9b28-4e80-add0-88455ff47d24:User 67,DENIED
2026,1月,11,周日,20:27:15,64B36B6E,732ab68f-bbee-4ded-8c9a-1eac02ef4fcf,b75dbdaf-0548-4dd8-ae94-981684ee6a79,4034ffc9-3b05-4ae3-9cb4-12823a52589b:User 148,DENIED
2026,1月,11,周日,20:27:15,E084A602,be9c74f9-b0e5-4618-9e09-8b65355b062e,93141aef-f0e8-4064-80da-ceb24fa6efa1,5026299c-147b-47cd-b489-f61dd66da97e:User 92,DENIED
2026,1月,11,周日,20:27:15,38C54819,5f078c7b-e28e-4f96-8ee4-d2868ba692f9,ad62e913-8354-4349-adc0-2dd51be30df9,9d502ca4-e3bc-4000-83bd-dde84b77a006:User 49,DENIED
2026,1月,11,周日,20:27:15,40B866BE,d5ac040c-b74e-4341-8ef2-eb2cae95c04b,e26a09ae-48de-463f-81b9-bac8f7dba6d4,b63ff382-2aa6-412a-a66a-b59e9710d9cf:User 127,DENIED
2026,1月,11,周日,20:27:15,B81092E8,52693879-01fa-45f0-9fca-666e027b53f1,4163061f-41ab-4dfb-bfc7-a334ed885086,13a4388b-4bad-4d78-9ef4-ece11a53e246:User 138,DENIED
2026,1月,11,周日,20:27:15,931E3C47,65693a88-73e2-4cea-a7a1-f9f66e87e987,46c3835b-f0b7-46f9-a1a8-e60f92cc743a,be44d290-38d7-4bed-b1fa-d71abaa502e1:User 15,DENIED
2026,1月,11,周日,20:27:15,FD8EEC6E,01260115-5e52-42db-ad95-ec77bcd659b8,08a7dff8-aa46-40b0-bd88-7a7c8416c011,272c62c6-8acb-41a1-98f9-bb4a79c895ec:User 50,DENIED
2026,1月,11,周日,20:27:15,0265E8BE,747204d4-1207-4613-b1f6-1123a64d4bae,c7db699a-0fcc-4dd1-93dd-ded492ecc52d,6b4edd6a-a02c-4b9f-8801-5e960b40a1f4:User 3,DENIED
2026,1月,11,周日,20:27:15,531960E8,53687c24-f9ea-4921-96c9-23e524e9ab10,813e4e52-5a00-413c-a891-05013da581ff,14dad223-2e0a-416d-8d9c-7fca0f4d96be:User 14,DENIED
2026,1月,11,周日,20:27:15,B116165E,70ad87f3-147f-4f03-a266-ca45ad21148c,efabfe47-19e8-43db-a45f-5498415d978c,4f42d81f-72c9-49d4-b1bb-a23511ab043b:User 173,DENIED
2026,1月,11,周日,20:27:15,0C82E829,732ab68f-bbee-4ded-8c9a-1eac02ef4fcf,b75dbdaf-0548-4dd8-ae94-981684ee6a79,494b3dcf-368e-419d-838c-69bd3b8ad687:User 186,DENIED
2026,1月,11,周日,20:27:15,35AF238D,af93e80c-505a-4f4a-a0e6-81ebd2faa429,4559ddc4-146e-4795-934b-389ea44d10f7,9c4ab1f8-250a-4970-bf4f-a50e221e7400:User 4,DENIED
2026,1月,11,周日,20:27:15,963B9ABC,dff57c19-308d-461c-8dea-13d9a7e54222,13fdec8c-3dd9-4a53-aaab-ca535abe2cb5,ad479688-d621-4a2d-b2e0-bf553330ccaa:User 135,DENIED
2026,1月,11,周日,20:27:15,10BD57CC,dff57c19-308d-461c-8dea-13d9a7e54222,13fdec8c-3dd9-4a53-aaab-ca535abe2cb5,58250765-3f50-46af-98b9-9a501b03a483:User 73,DENIED
2026,1月,11,周日,20:27:15,0E2DD2FE,79f2879a-de1b-4f95-b5aa-4f3982938ce4,b6ede591-f236-44b5-9607-96f7a84ac0bc,d8f1e4e0-34ea-41ff-bb7e-37ed4e703778:User 21,DENIED
2026,1月,11,周日,20:27:15,292208D4,be9c74f9-b0e5-4618-9e09-8b65355b062e,93141aef-f0e8-4064-80da-ceb24fa6efa1,b4b79259-6847-4905-954f-607056f6f425:User 29,DENIED
2026,1月,11,周日,20:27:15,0D4DA49E,d777dc15-826e-439a-a544-ad16591daa7d,788dd0e0-5b8f-4125-b501-356f2e66f766,ac7653f0-0b71-4aef-99af-e77028e56116:User 78,DENIED
2026,1月,11,周日,20:27:15,CC77ABC3,be9c74f9-b0e5-4618-9e09-8b65355b062e,93141aef-f0e8-4064-80da-ceb24fa6efa1,8a342194-7f8d-4cc0-96e4-5188201218ec:User 184,DENIED
2026,1月,11,周日,20:27:15,33CDA6AD,0be70602-ffb6-4703-b34b-1019cf76e655,8e762bad-5107-4ccb-91e4-20cb7d5cd5aa,7b4114d2-aaed-43bc-86f2-034e6e36ee86:User 45,DENIED
2026,1月,11,周日,20:27:15,D0034527,5f078c7b-e28e-4f96-8ee4-d2868ba692f9,ad62e913-8354-4349-adc0-2dd51be30df9,861d17fe-c423-4b70-98b9-17f909ca5a89:User 101,DENIED
2026,1月,11,周日,20:27:15,A4E54B4E,53687c24-f9ea-4921-96c9-23e524e9ab10,813e4e52-5a00-413c-a891-05013da581ff,8634a79e-74da-462c-96c6-035488f25b3e:User 57,DENIED
2026,1月,11,周日,20:27:15,3433A538,12eba4f8-180f-4727-836c-80337bbfde81,b0591a0f-a5c6-4c92-b893-9d51d8f1a4da,b287aaeb-4bae-4bd4-a1a6-311a4c77d7d5:User 58,DENIED
2026,1月,11,周日,20:27:15,DA778815,870c05c9-2e70-41a4-bf93-85de484a726a,51af542a-7613-42be-920d-f6a3b455a10b,7d623ab5-c21d-4eb8-990e-c100c2a4db94:User 16,DENIED
2026,1月,11,周日,20:27:15,39BD6FDE,297874e0-a56b-4ce9-b02b-30504ec46f4c,87583732-aff9-43ab-81be-ea7312152eb0,10d921e2-7d1c-43a9-9f79-749b0061ad64:User 17,DENIED
2026,1月,11,周日,20:27:15,40B866BE,01260115-5e52-42db-ad95-ec77bcd659b8,08a7dff8-aa46-40b0-bd88-7a7c8416c011,b63ff382-2aa6-412a-a66a-b59e9710d9cf:User 127,DENIED
2026,1月,11,周日,20:27:15,266DCB02,db243b05-b592-4199-a64e-3c9ee6e65fbd,8dfdb42d-05ec-4be5-a0f8-18a6420764cb,fe1b073d-1b9b-4c84-8045-44a6f884d752:User 76,DENIED
2026,1月,11,周日,20:27:15,F0A9B461,f19a373d-67c4-48ed-bfe3-3ef0796536e9,f70c1588-d00b-4277-b450-0af3f6feef11,1b1d381d-2000-4940-a8ff-5216a508963b:User 23,DENIED
2026,1月,11,周日,20:27:15,963B9ABC,e7e0bc70-3e5a-43f9-be48-c4ba0341bdaa,f89fb1b7-1db9-4975-80a5-c3a85f6f4574,ad479688-d621-4a2d-b2e0-bf553330ccaa:User 135,DENIED
2026,1月,11,周日,20:27:15,855078EF,59306181-f165-4645-8b4c-2bfed7a96f64,d7c26892-d2d2-4ad1-b74b-456664459590,ae64ef71-8f08-459e-b0b8-4a594f0e37ce:User 36,DENIED
2026,1月,11,周日,20:27:15,531960E8,621f42d2-6033-4dd5-86bc-3ef95ac4f347,1243ed84-de07-4125-9e0e-719db7e75dbc,14dad223-2e0a-416d-8d9c-7fca0f4d96be:User 14,DENIED
2026,1月,11,周日,20:27:15,266DCB02,70ad87f3-147f-4f03-a266-ca45ad21148c,efabfe47-19e8-43db-a45f-5498415d978c,fe1b073d-1b9b-4c84-8045-44a6f884d752:User 76,DENIED
2026,1月,11,周日,20:27:15,7859C1BD,1b66869a-b709-4954-8b97-e7c2bfe17fdc,3a6ee9f2-ec0c-4b6d-90e4-fca4b3cdb3ba,e39e9811-4bfa-4c58-85ef-2bd0fa68056b:User 152,DENIED
2026,1月,11,周日,20:27:15,814FAAAC,729ef629-44a5-4f46-aef4-a30288c414db,2ce55221-e6ac-4e68-a139-89c65c486551,2ed91bb1-4305-4995-953a-b43b4a820515:User 93,DENIED
2026,1月,11,周日,20:27:15,295A7F4E,4fc60dbb-44c0-4399-ac1a-cfac8d0102c8,715e699d-3040-442f-9f38-68c70a0f67d0,0660673f-f290-4094-88d5-9c6eea451e83:User 190,DENIED
2026,1月,11,周日,20:27:15,D8738B2D,e7e0bc70-3e5a-43f9-be48-c4ba0341bdaa,f89fb1b7-1db9-4975-80a5-c3a85f6f4574,114f1a42-9c53-4209-85d7-a462bd450d01:User 196,DENIED
2026,1月,11,周日,20:27:15,B116165E,924693ab-4968-4524-b4b2-be6e548af518,0b14d6c7-f34b-409f-a647-b67d8f795308,4f42d81f-72c9-49d4-b1bb-a23511ab043b:User 173,DENIED
2026,1月,11,周日,20:27:15,1B89633E,f3eef4d7-17e3-4e42-9b9b-aabe03d81560,5953690c-45c9-4f40-b5b3-df067ecf4cab,4d0e41fd-85d6-44d1-8efc-f67d052b281c:User 41,DENIED
2026,1月,11,周日,20:27:15,867843A7,89dc19d8-6391-4ce5-ac5f-40e1a0306b5c,9287f79c-a896-4a17-adbe-ae5c1cd8fb29,b1281618-48d9-48a5-9937-0ff94fbd091e:User 15,DENIED
2026,1月,11,周日,20:27:15,8345EC1C,924693ab-4968-4524-b4b2-be6e548af518,0b14d6c7-f34b-409f-a647-b67d8f795308,0c85194c-5b53-4155-9ac4-f8d4fc386204:User 171,DENIED
2026,1月,11,周日,20:27:15,F86EE8B3,d777dc15-826e-439a-a544-ad16591daa7d,788dd0e0-5b8f-4125-b501-356f2e66f766,ea2de7f9-7a1d-4db6-bfb8-7918491e9c64:User 42,DENIED
2026,1月,11,周日,20:27:15,1B89633E,debab0d0-af9e-431a-9e80-00a7ace8ca1b,cf9cf014-b802-4795-8649-03a01ee41981,4d0e41fd-85d6-44d1-8efc-f67d052b281c:User 41,DENIED
2026,1月,11,周日,20:27:15,8FAA49A8,59306181-f165-4645-8b4c-2bfed7a96f64,d7c26892-d2d2-4ad1-b74b-456664459590,7b65001d-d151-436e-a4bd-9633ecc50844:User 166,DENIED
2026,1月,11,周日,20:27:15,57932A8F,c562380c-bdd3-4f70-bbfb-a757e48413a7,b85ea175-7378-411e-a070-d9592b52676c,4baec69a-11de-4ff9-8fcc-e0cae0accbdf:User 60,DENIED
2026,1月,11,周日,20:27:15,4EAB30D6,d5ac040c-b74e-4341-8ef2-eb2cae95c04b,e26a09ae-48de-463f-81b9-bac8f7dba6d4,a46155a8-5e53-49b7-a5f9-040b9c117fde:User 13,DENIED
2026,1月,11,周日,20:27:15,F0A9B461,16b02378-7e5f-4848-928c-70a50df32db6,c65121ab-12fc-4966-b806-c87dd3b7f076,1b1d381d-2000-4940-a8ff-5216a508963b:User 23,DENIED
2026,1月,11,周日,20:27:15,EB24E709,89dc19d8-6391-4ce5-ac5f-40e1a0306b5c,9287f79c-a896-4a17-adbe-ae5c1cd8fb29,13b82b32-091c-42a7-a253-606c5f66f4b3:User 8,DENIED
2026,1月,11,周日,20:27:15,54F84D62,a3668d39-fb96-48e5-948d-d8d77eb1782f,69089920-6b00-4a9d-8de6-871d47f03e6c,5e37be5f-151c-4e65-9780-5afe2edf6fdc:User 25,DENIED
2026,1月,11,周日,20:27:15,618F82E6,9da65607-0afe-41b0-bbfa-082f65d3c420,0a7b150c-13a9-4c01-bd24-601d9e4546fa,c2579e01-2ae1-486b-9a0c-55fea27f3a93:User 124,DENIED
2026,1月,11,周日,20:27:15,DE0F97DE,621f42d2-6033-4dd5-86bc-3ef95ac4f347,1243ed84-de07-4125-9e0e-719db7e75dbc,134604c5-3a32-4d00-b2be-f2c5045160e6:User 66,DENIED
2026,1月,11,周日,20:27:15,FF39AD48,924693ab-4968-4524-b4b2-be6e548af518,0b14d6c7-f34b-409f-a647-b67d8f795308,59c04b00-e1b6-46cc-a4f8-cd73b8ced2aa:User 153,DENIED
2026,1月,11,周日,20:27:15,7730706B,59306181-f165-4645-8b4c-2bfed7a96f64,d7c26892-d2d2-4ad1-b74b-456664459590,ae2aea46-003f-409c-a5c4-989599b8aa09:User 87,DENIED
2026,1月,11,周日,20:27:15,F0A9B461,297874e0-a56b-4ce9-b02b-30504ec46f4c,87583732-aff9-43ab-81be-ea7312152eb0,1b1d381d-2000-4940-a8ff-5216a508963b:User 23,DENIED
2026,1月,11,周日,20:27:15,60DA3310,9da65607-0afe-41b0-bbfa-082f65d3c420,0a7b150c-13a9-4c01-bd24-601d9e4546fa,f58874ff-95f9-4277-a959-a87a40a1fc73:User 38,DENIED
2026,1月,11,周日,20:27:15,0022BFC1,db243b05-b592-4199-a64e-3c9ee6e65fbd,8dfdb42d-05ec-4be5-a0f8-18a6420764cb,a4f31604-eddd-4774-bf27-36124059f8a2:User 12,DENIED
2026,1月,11,周日,20:27:15,66957263,f3eef4d7-17e3-4e42-9b9b-aabe03d81560,5953690c-45c9-4f40-b5b3-df067ecf4cab,508a97e1-8bc8-4b9f-9db6-4f1f3ab66f56:User 17,DENIED
2026,1月,11,周日,20:27:15,A4E54B4E,db243b05-b592-4199-a64e-3c9ee6e65fbd,8dfdb42d-05ec-4be5-a0f8-18a6420764cb,8634a79e-74da-462c-96c6-035488f25b3e:User 57,DENIED
2026,1月,11,周日,20:27:15,963B9ABC,978f2cda-ac0b-466d-85e6-c0047665e857,444d8a1b-a6c6-4ce2-9b80-bccc31441c5e,ad479688-d621-4a2d-b2e0-bf553330ccaa:User 135,DENIED
2026,1月,11,周日,20:27:15,4D9EB54D,5c980ee0-2ea8-4567-a531-5eaa984a1a4a,a2b08738-cba6-4f87-9011-d2897b29cfa4,4149a46c-0cd5-4b35-82d2-4f32ad1f715b:User 86,DENIED
2026,1月,11,周日,20:27:15,CC77ABC3,978f2cda-ac0b-466d-85e6-c0047665e857,444d8a1b-a6c6-4ce2-9b80-bccc31441c5e,8a342194-7f8d-4cc0-96e4-5188201218ec:User 184,DENIED
2026,1月,11,周日,20:27:15,02CF2966,747204d4-1207-4613-b1f6-1123a64d4bae,c7db699a-0fcc-4dd1-93dd-ded492ecc52d,dfe922b2-a231-49f5-8ff6-4f7bab7f77f7:User 31,DENIED
2026,1月,11,周日,20:27:15,273DF5BB,59306181-f165-4645-8b4c-2bfed7a96f64,d7c26892-d2d2-4ad1-b74b-456664459590,d75937a2-cd4c-47bd-9ef2-9c2e113bbbbb:User 24,DENIED
2026,1月,11,周日,20:27:15,1A6C8370,4fc60dbb-44c0-4399-ac1a-cfac8d0102c8,715e699d-3040-442f-9f38-68c70a0f67d0,d9e52338-5b1f-4ace-8235-49bc7467e275:User 163,DENIED
2026,1月,11,周日,20:27:15,868552F6,729ef629-44a5-4f46-aef4-a30288c414db,2ce55221-e6ac-4e68-a139-89c65c486551,483f80a9-94d1-49ac-9c9e-4779af19ee3f:User 96,DENIED
2026,1月,11,周日,20:27:15,6ADA9637,c54729aa-fce2-4e14-badc-5f7fbfa1de49,8af984fb-ae86-4385-8e7e-b9b56beaf03f,a9729d54-1ae2-4d71-a4c9-ce6383348205:User 161,DENIED
2026,1月,11,周日,20:27:15,0FEAC152,9620bf95-f2fc-481f-9a3b-db9d43dfadf1,850c8962-9f45-4aa4-9f24-0111562de84b,a5e74279-ab26-4adf-84b2-ae3c04bffc20:User 188,DENIED
2026,1月,11,周日,20:27:15,70D23C79,9ca441b2-b1a1-4920-ba5c-6dbfa867e3e8,cdc6f9a1-a7c1-4db8-a639-497a80d2f94b,1c03c13e-f18b-4d12-98f9-b227892847ad:User 170,DENIED
2026,1月,11,周日,20:27:15,0E2DD2FE,f19a373d-67c4-48ed-bfe3-3ef0796536e9,f70c1588-d00b-4277-b450-0af3f6feef11,d8f1e4e0-34ea-41ff-bb7e-37ed4e703778:User 21,DENIED
2026,1月,11,周日,20:27:15,7859C1BD,af93e80c-505a-4f4a-a0e6-81ebd2faa429,4559ddc4-146e-4795-934b-389ea44d10f7,e39e9811-4bfa-4c58-85ef-2bd0fa68056b:User 152,DENIED
2026,1月,11,周日,20:27:15,3315B240,db243b05-b592-4199-a64e-3c9ee6e65fbd,8dfdb42d-05ec-4be5-a0f8-18a6420764cb,a8a08057-c29f-4101-957c-eb9b6d19d337:User 1,DENIED
2026,1月,11,周日,20:27:15,9666DFDD,e7e0bc70-3e5a-43f9-be48-c4ba0341bdaa,f89fb1b7-1db9-4975-80a5-c3a85f6f4574,7dac8f57-5f27-4501-8dd9-34b532bbf26b:User 150,DENIED
2026,1月,11,周日,20:27:15,BF100359,914ebf41-7847-419d-ae5b-45986f4ee3c8,dc040e2b-56aa-4ba2-9a35-beb305625d9c,696a5b7f-e60b-47d2-8720-78f5e4af1047:User 89,DENIED
2026,1月,11,周日,20:27:15,1FE66774,53687c24-f9ea-4921-96c9-23e524e9ab10,813e4e52-5a00-413c-a891-05013da581ff,7146ac90-31d0-4e24-a783-c9af12b34dea:User 42,DENIED
2026,1月,11,周日,20:27:15,432432A7,f19a373d-67c4-48ed-bfe3-3ef0796536e9,f70c1588-d00b-4277-b450-0af3f6feef11,3a0cea6b-b22c-442e-ba9d-331dd1e0ba4b:User 44,DENIED
2026,1月,11,周日,20:27:16,B927669E,be9c74f9-b0e5-4618-9e09-8b65355b062e,93141aef-f0e8-4064-80da-ceb24fa6efa1,0907fe91-884b-4ef4-9424-d8426abde257:User 32,DENIED
2026,1月,11,周日,20:27:16,3B32F6FC,c562380c-bdd3-4f70-bbfb-a757e48413a7,b85ea175-7378-411e-a070-d9592b52676c,c60bcccd-a69e-4243-9030-f52199c42ae8:User 49,DENIED
2026,1月,11,周日,20:27:16,10BD57CC,bd6e0c72-d0ea-4b60-ac0a-f371cfce9fcd,7bfe268b-3120-4387-ad55-4e08de557456,58250765-3f50-46af-98b9-9a501b03a483:User 73,DENIED
2026,1月,11,周日,20:27:16,49CC48E1,79e166cb-e810-4bd7-b3da-8c2063a10654,868714f4-8c61-4b5d-9f10-e22d9b969143,2d57bfc9-0dc7-4d0c-bac9-e7ba2a3d431b:User 168,DENIED
2026,1月,11,周日,20:27:16,7CC6112F,79f2879a-de1b-4f95-b5aa-4f3982938ce4,b6ede591-f236-44b5-9607-96f7a84ac0bc,fb30d9c2-1403-45f2-894a-78dbc8536890:User 34,DENIED
2026,1月,11,周日,20:27:16,7CC6112F,d777dc15-826e-439a-a544-ad16591daa7d,788dd0e0-5b8f-4125-b501-356f2e66f766,fb30d9c2-1403-45f2-894a-78dbc8536890:User 34,DENIED
2026,1月,11,周日,20:27:16,3F62E754,e7e0bc70-3e5a-43f9-be48-c4ba0341bdaa,f89fb1b7-1db9-4975-80a5-c3a85f6f4574,63785577-859c-43e1-89eb-9d2481500a93:User 74,DENIED
2026,1月,11,周日,20:27:16,33869623,db243b05-b592-4199-a64e-3c9ee6e65fbd,8dfdb42d-05ec-4be5-a0f8-18a6420764cb,c2d550d0-9217-4e86-a04d-ec93eadf634a:User 59,DENIED
2026,1月,11,周日,20:27:16,7730706B,dff57c19-308d-461c-8dea-13d9a7e54222,13fdec8c-3dd9-4a53-aaab-ca535abe2cb5,ae2aea46-003f-409c-a5c4-989599b8aa09:User 87,DENIED
2026,1月,11,周日,20:27:16,B927669E,01260115-5e52-42db-ad95-ec77bcd659b8,08a7dff8-aa46-40b0-bd88-7a7c8416c011,0907fe91-884b-4ef4-9424-d8426abde257:User 32,DENIED
2026,1月,11,周日,20:27:16,DE6235AC,db243b05-b592-4199-a64e-3c9ee6e65fbd,8dfdb42d-05ec-4be5-a0f8-18a6420764cb,913185f2-05d1-405f-9700-d84ab5df2362:User 52,DENIED
2026,1月,11,周日,20:27:16,618F82E6,af93e80c-505a-4f4a-a0e6-81ebd2faa429,4559ddc4-146e-4795-934b-389ea44d10f7,c2579e01-2ae1-486b-9a0c-55fea27f3a93:User 124,DENIED
2026,1月,11,周日,20:27:16,0577FAB4,bd6e0c72-d0ea-4b60-ac0a-f371cfce9fcd,7bfe268b-3120-4387-ad55-4e08de557456,00c641a2-fd9b-48b3-a24d-7e010ea0a7b6:User 70,DENIED
2026,1月,11,周日,20:27:16,4F3982D5,e7e0bc70-3e5a-43f9-be48-c4ba0341bdaa,f89fb1b7-1db9-4975-80a5-c3a85f6f4574,da0b10a1-38a5-435b-8364-f7e53e67d500:User 90,DENIED
2026,1月,11,周日,20:27:16,DE0F97DE,93ee461f-790a-4449-8527-be0ff2b412bf,8673c600-d01d-4cde-ad5e-94d3ee9d7fd9,134604c5-3a32-4d00-b2be-f2c5045160e6:User 66,DENIED
2026,1月,11,周日,20:27:16,1FE66774,a3668d39-fb96-48e5-948d-d8d77eb1782f,69089920-6b00-4a9d-8de6-871d47f03e6c,7146ac90-31d0-4e24-a783-c9af12b34dea:User 42,DENIED
2026,1月,11,周日,20:27:16,70086B31,d777dc15-826e-439a-a544-ad16591daa7d,788dd0e0-5b8f-4125-b501-356f2e66f766,26733b01-91f4-4a55-8e2a-d115f6ba576e:User 114,DENIED
2026,1月,11,周日,20:27:16,5B1769A9,747204d4-1207-4613-b1f6-1123a64d4bae,c7db699a-0fcc-4dd1-93dd-ded492ecc52d,39596ebb-095e-42c4-a1f2-150a2b6ae65b:User 115,DENIED
2026,1月,11,周日,20:27:16,0022BFC1,641f008a-67f7-4eb0-8dc5-9db82e0f2a65,7cca50aa-de0d-4292-babb-80ab0f12add2,a4f31604-eddd-4774-bf27-36124059f8a2:User 12,DENIED
2026,1月,11,周日,20:27:16,789D2BEB,70ad87f3-147f-4f03-a266-ca45ad21148c,efabfe47-19e8-43db-a45f-5498415d978c,d62fdb41-08d5-4e6d-9b09-5ee4c8db54b5:User 79,DENIED
2026,1月,11,周日,20:27:16,44BA4236,1b66869a-b709-4954-8b97-e7c2bfe17fdc,3a6ee9f2-ec0c-4b6d-90e4-fca4b3cdb3ba,ec9981c5-8049-4647-964d-8ace566d95f8:User 35,DENIED
2026,1月,11,周日,20:27:16,46439497,c562380c-bdd3-4f70-bbfb-a757e48413a7,b85ea175-7378-411e-a070-d9592b52676c,93dbc7a8-8cff-465b-8874-abbdb4dd71f6:User 132,DENIED
2026,1月,11,周日,20:27:16,0265E8BE,59306181-f165-4645-8b4c-2bfed7a96f64,d7c26892-d2d2-4ad1-b74b-456664459590,6b4edd6a-a02c-4b9f-8801-5e960b40a1f4:User 3,DENIED
2026,1月,11,周日,20:27:16,46439497,1b66869a-b709-4954-8b97-e7c2bfe17fdc,3a6ee9f2-ec0c-4b6d-90e4-fca4b3cdb3ba,93dbc7a8-8cff-465b-8874-abbdb4dd71f6:User 132,DENIED
2026,1月,11,周日,20:27:16,7FA174B4,641f008a-67f7-4eb0-8dc5-9db82e0f2a65,7cca50aa-de0d-4292-babb-80ab0f12add2,74267ca7-0750-4ecf-b2a1-82d532678ed0:User 156,DENIED
2026,1月,11,周日,20:27:16,3E787EAE,db243b05-b592-4199-a64e-3c9ee6e65fbd,8dfdb42d-05ec-4be5-a0f8-18a6420764cb,6204f451-af18-423a-8eec-177b1e6b0cc7:User 113,DENIED
2026,1月,11,周日,20:27:16,DE0F97DE,20bc60be-dcc6-4639-8666-e33ac7eff0d6,fa28c6a6-7674-417b-b44d-e75b815545c3,134604c5-3a32-4d00-b2be-f2c5045160e6:User 66,DENIED
2026,1月,11,周日,20:27:16,7DB77A37,be9c74f9-b0e5-4618-9e09-8b65355b062e,93141aef-f0e8-4064-80da-ceb24fa6efa1,83968731-74cc-4baf-990d-000f2f4a074b:User 18,DENIED
2026,1月,11,周日,20:27:16,3AAF89F2,9ca441b2-b1a1-4920-ba5c-6dbfa867e3e8,cdc6f9a1-a7c1-4db8-a639-497a80d2f94b,029d5206-3c93-495b-a838-9fd384a2516a:User 46,DENIED
2026,1月,11,周日,20:27:16,476605A4,4fc60dbb-44c0-4399-ac1a-cfac8d0102c8,715e699d-3040-442f-9f38-68c70a0f67d0,02cb5fac-986c-4f62-842a-63b1c3f708c8:User 2,DENIED
2026,1月,11,周日,20:27:16,EA75E185,621f42d2-6033-4dd5-86bc-3ef95ac4f347,1243ed84-de07-4125-9e0e-719db7e75dbc,55d0c6d8-8d73-4314-b94c-10c66cdcfcef:User 178,DENIED
2026,1月,11,周日,20:27:16,70086B31,af93e80c-505a-4f4a-a0e6-81ebd2faa429,4559ddc4-146e-4795-934b-389ea44d10f7,26733b01-91f4-4a55-8e2a-d115f6ba576e:User 114,DENIED
2026,1月,11,周日,20:27:16,79DCDAFC,12eba4f8-180f-4727-836c-80337bbfde81,b0591a0f-a5c6-4c92-b893-9d51d8f1a4da,dce203b0-b39b-4487-a9dd-8804acdbf34b:User 28,DENIED
2026,1月,11,周日,20:27:16,0D4DA49E,4fc60dbb-44c0-4399-ac1a-cfac8d0102c8,715e699d-3040-442f-9f38-68c70a0f67d0,ac7653f0-0b71-4aef-99af-e77028e56116:User 78,DENIED
2026,1月,11,周日,20:27:16,AA1B2884,be9c74f9-b0e5-4618-9e09-8b65355b062e,93141aef-f0e8-4064-80da-ceb24fa6efa1,dc8f0c7b-d444-4b44-84ec-634493337fce:User 111,DENIED
2026,1月,11,周日,20:27:16,DE0F97DE,924693ab-4968-4524-b4b2-be6e548af518,0b14d6c7-f34b-409f-a647-b67d8f795308,134604c5-3a32-4d00-b2be-f2c5045160e6:User 66,DENIED
2026,1月,11,周日,20:27:16,266DCB02,ba1fffd1-2a67-4cb9-90a1-7228035dbb99,0422e414-4fa9-48ec-a7d9-43200f68b098,fe1b073d-1b9b-4c84-8045-44a6f884d752:User 76,DENIED
2026,1月,11,周日,20:27:16,AA32C9A3,f4cf5168-8a65-4f89-9ee7-89b2310c43ce,782d47f0-3c55-4edb-a1b1-285f046ddfa7,af5af381-379e-46b8-8b81-fdb2c77dd07c:User 50,DENIED
2026,1月,11,周日,20:27:16,DF4E17A7,12eba4f8-180f-4727-836c-80337bbfde81,b0591a0f-a5c6-4c92-b893-9d51d8f1a4da,13dcdbfa-03e3-4ae3-bc33-4e188a225860:User 193,DENIED
2026,1月,11,周日,20:27:16,266DCB02,65693a88-73e2-4cea-a7a1-f9f66e87e987,46c3835b-f0b7-46f9-a1a8-e60f92cc743a,fe1b073d-1b9b-4c84-8045-44a6f884d752:User 76,DENIED
2026,1月,11,周日,20:27:16,0022BFC1,f3eef4d7-17e3-4e42-9b9b-aabe03d81560,5953690c-45c9-4f40-b5b3-df067ecf4cab,a4f31604-eddd-4774-bf27-36124059f8a2:User 12,DENIED
2026,1月,11,周日,20:27:16,963B9ABC,89dc19d8-6391-4ce5-ac5f-40e1a0306b5c,9287f79c-a896-4a17-adbe-ae5c1cd8fb29,ad479688-d621-4a2d-b2e0-bf553330ccaa:User 135,DENIED
2026,1月,11,周日,20:27:16,DE6235AC,70ad87f3-147f-4f03-a266-ca45ad21148c,efabfe47-19e8-43db-a45f-5498415d978c,913185f2-05d1-405f-9700-d84ab5df2362:User 52,DENIED
2026,1月,11,周日,20:27:16,ED814693,bd6e0c72-d0ea-4b60-ac0a-f371cfce9fcd,7bfe268b-3120-4387-ad55-4e08de557456,1bb2eb2b-9675-4333-a7e8-7b7237b2c790:User 29,DENIED
2026,1月,11,周日,20:27:16,5CC70470,af93e80c-505a-4f4a-a0e6-81ebd2faa429,4559ddc4-146e-4795-934b-389ea44d10f7,9fc1a5d1-0be6-4a0a-80f5-e5d86ff87ae7:User 172,DENIED
2026,1月,11,周日,20:27:16,AAE34986,d5ac040c-b74e-4341-8ef2-eb2cae95c04b,e26a09ae-48de-463f-81b9-bac8f7dba6d4,6ae05510-4677-4374-b2f2-febb44adb823:User 71,DENIED
2026,1月,11,周日,20:27:16,931E3C47,747204d4-1207-4613-b1f6-1123a64d4bae,c7db699a-0fcc-4dd1-93dd-ded492ecc52d,be44d290-38d7-4bed-b1fa-d71abaa502e1:User 15,DENIED
2026,1月,11,周日,20:27:16,CC77ABC3,914ebf41-7847-419d-ae5b-45986f4ee3c8,dc040e2b-56aa-4ba2-9a35-beb305625d9c,8a342194-7f8d-4cc0-96e4-5188201218ec:User 184,DENIED
2026,1月,11,周日,20:27:16,60A21C77,d6dea81b-2545-441f-91ce-46d206777f11,ecb54cca-7179-4f82-905b-04bc2c58c746,c20df8e0-b742-4c25-a0ed-5d2887da9a74:User 43,DENIED
2026,1月,11,周日,20:27:16,7C533D82,c562380c-bdd3-4f70-bbfb-a757e48413a7,b85ea175-7378-411e-a070-d9592b52676c,6e4db8c8-a39f-41aa-9345-7203a4f75a0d:User 131,DENIED
2026,1月,11,周日,20:27:16,FA25DC83,79f2879a-de1b-4f95-b5aa-4f3982938ce4,b6ede591-f236-44b5-9607-96f7a84ac0bc,e402cbd3-0228-4588-a54a-f918251d6f59:User 154,DENIED
2026,1月,11,周日,20:27:16,4F3982D5,870c05c9-2e70-41a4-bf93-85de484a726a,51af542a-7613-42be-920d-f6a3b455a10b,da0b10a1-38a5-435b-8364-f7e53e67d500:User 90,DENIED
2026,1月,11,周日,20:27:16,B5C83EED,9da65607-0afe-41b0-bbfa-082f65d3c420,0a7b150c-13a9-4c01-bd24-601d9e4546fa,5bb29d73-f6c9-40fd-9e59-1e245f89214c:User 112,DENIED
2026,1月,11,周日,20:27:16,814FAAAC,79f2879a-de1b-4f95-b5aa-4f3982938ce4,b6ede591-f236-44b5-9607-96f7a84ac0bc,2ed91bb1-4305-4995-953a-b43b4a820515:User 93,DENIED
2026,1月,11,周日,20:27:16,73DF6126,12eba4f8-180f-4727-836c-80337bbfde81,b0591a0f-a5c6-4c92-b893-9d51d8f1a4da,f08983d2-07f8-4e0f-bd1e-e6441a486e37:User 183,DENIED
2026,1月,11,周日,20:27:16,3315B240,d777dc15-826e-439a-a544-ad16591daa7d,788dd0e0-5b8f-4125-b501-356f2e66f766,a8a08057-c29f-4101-957c-eb9b6d19d337:User 1,DENIED
2026,1月,11,周日,20:27:16,FD51FDDC,c54729aa-fce2-4e14-badc-5f7fbfa1de49,8af984fb-ae86-4385-8e7e-b9b56beaf03f,f997143f-55e1-4719-b3fe-ab7ee7df98ec:User 30,DENIED
2026,1月,11,周日,20:27:16,868552F6,db243b05-b592-4199-a64e-3c9ee6e65fbd,8dfdb42d-05ec-4be5-a0f8-18a6420764cb,483f80a9-94d1-49ac-9c9e-4779af19ee3f:User 96,DENIED
2026,1月,11,周日,20:27:16,C11B3181,641f008a-67f7-4eb0-8dc5-9db82e0f2a65,7cca50aa-de0d-4292-babb-80ab0f12add2,5e84a79c-0540-4ccd-ac63-23d95893ebe4:User 187,DENIED
2026,1月,11,周日,20:27:16,648AAE4A,5f741446-39a7-4d45-9906-cddcfd4f5658,80e24623-c1fa-4a45-8edf-cbd2377e52a6,cfd2e3b6-e4d1-43df-b68f-30c66c041e2f:User 109,DENIED
2026,1月,11,周日,20:27:16,9CAFB481,52693879-01fa-45f0-9fca-666e027b53f1,4163061f-41ab-4dfb-bfc7-a334ed885086,09f56a4c-9b3f-424f-b470-66cc394951d2:User 144,DENIED
2026,1月,11,周日,20:27:16,931E3C47,747204d4-1207-4613-b1f6-1123a64d4bae,c7db699a-0fcc-4dd1-93dd-ded492ecc52d,be44d290-38d7-4bed-b1fa-d71abaa502e1:User 15,DENIED
2026,1月,11,周日,20:27:16,B4C3DB06,f4cf5168-8a65-4f89-9ee7-89b2310c43ce,782d47f0-3c55-4edb-a1b1-285f046ddfa7,69716518-a2de-4b8a-bd64-ecdce502e7bd:User 2,DENIED
2026,1月,11,周日,20:27:16,868552F6,fb3cf09a-dde4-41c0-972d-983e578ac120,b1f6d680-200e-42be-a15e-ca718304cff7,483f80a9-94d1-49ac-9c9e-4779af19ee3f:User 96,DENIED
2026,1月,11,周日,20:27:16,8661F24F,ba1fffd1-2a67-4cb9-90a1-7228035dbb99,0422e414-4fa9-48ec-a7d9-43200f68b098,213f8fa9-e6fa-46bb-82a1-1c459f2c5882:User 81,DENIED
2026,1月,11,周日,20:27:16,9DC3FE7B,52693879-01fa-45f0-9fca-666e027b53f1,4163061f-41ab-4dfb-bfc7-a334ed885086,2a124bd4-b6ae-4aa7-a618-ee436160ec6a:User 68,DENIED
2026,1月,11,周日,20:27:16,320867A8,f4cf5168-8a65-4f89-9ee7-89b2310c43ce,782d47f0-3c55-4edb-a1b1-285f046ddfa7,def8f79e-6344-4b26-be6f-43d1696f9f0a:User 46,DENIED
2026,1月,11,周日,20:27:16,B00FD960,641f008a-67f7-4eb0-8dc5-9db82e0f2a65,7cca50aa-de0d-4292-babb-80ab0f12add2,0ef0ca5c-e68a-431f-832f-edec67e2821f:User 6,DENIED
2026,1月,11,周日,20:27:16,AA32C9A3,bd6e0c72-d0ea-4b60-ac0a-f371cfce9fcd,7bfe268b-3120-4387-ad55-4e08de557456,af5af381-379e-46b8-8b81-fdb2c77dd07c:User 50,DENIED
2026,1月,11,周日,20:27:16,9ABEC77A,59306181-f165-4645-8b4c-2bfed7a96f64,d7c26892-d2d2-4ad1-b74b-456664459590,c678f79a-6bb6-47f2-98e7-84f53a2987da:User 118,DENIED
2026,1月,11,周日,20:27:16,49CC48E1,12eba4f8-180f-4727-836c-80337bbfde81,b0591a0f-a5c6-4c92-b893-9d51d8f1a4da,2d57bfc9-0dc7-4d0c-bac9-e7ba2a3d431b:User 168,DENIED
2026,1月,11,周日,20:27:16,3315B240,16b02378-7e5f-4848-928c-70a50df32db6,c65121ab-12fc-4966-b806-c87dd3b7f076,a8a08057-c29f-4101-957c-eb9b6d19d337:User 1,DENIED
2026,1月,11,周日,20:27:16,A3C30531,c562380c-bdd3-4f70-bbfb-a757e48413a7,b85ea175-7378-411e-a070-d9592b52676c,dc0531cf-6327-4df8-81c6-f7413c1e3495:User 7,DENIED
2026,1月,11,周日,20:27:16,DE0F97DE,641f008a-67f7-4eb0-8dc5-9db82e0f2a65,7cca50aa-de0d-4292-babb-80ab0f12add2,134604c5-3a32-4d00-b2be-f2c5045160e6:User 66,DENIED
2026,1月,11,周日,20:27:16,FAA7017A,d6dea81b-2545-441f-91ce-46d206777f11,ecb54cca-7179-4f82-905b-04bc2c58c746,543c3609-3d67-498e-91f2-c8e7dc4b0e30:User 22,DENIED
2026,1月,11,周日,20:27:16,001A5DDA,af93e80c-505a-4f4a-a0e6-81ebd2faa429,4559ddc4-146e-4795-934b-389ea44d10f7,a63794ba-befd-4756-9345-ddad63c4d2f7:User 143,DENIED
2026,1月,11,周日,20:27:16,FF39AD48,621f42d2-6033-4dd5-86bc-3ef95ac4f347,1243ed84-de07-4125-9e0e-719db7e75dbc,59c04b00-e1b6-46cc-a4f8-cd73b8ced2aa:User 153,DENIED
2026,1月,11,周日,20:27:16,797220ED,732ab68f-bbee-4ded-8c9a-1eac02ef4fcf,b75dbdaf-0548-4dd8-ae94-981684ee6a79,75ee0253-5df1-4bb3-b971-54b15993399f:User 40,DENIED
2026,1月,11,周日,20:27:16,BAE96C98,9da65607-0afe-41b0-bbfa-082f65d3c420,0a7b150c-13a9-4c01-bd24-601d9e4546fa,bf62c1a9-b58f-4d1d-9d7e-d490020ba833:User 198,DENIED
2026,1月,11,周日,20:27:16,868552F6,ba1fffd1-2a67-4cb9-90a1-7228035dbb99,0422e414-4fa9-48ec-a7d9-43200f68b098,483f80a9-94d1-49ac-9c9e-4779af19ee3f:User 96,DENIED
2026,1月,11,周日,20:27:16,604A4816,20bc60be-dcc6-4639-8666-e33ac7eff0d6,fa28c6a6-7674-417b-b44d-e75b815545c3,732b7045-004b-4e3e-94e0-9f2f920297db:User 4,DENIED
2026,1月,11,周日,20:27:16,C11B3181,9620bf95-f2fc-481f-9a3b-db9d43dfadf1,850c8962-9f45-4aa4-9f24-0111562de84b,5e84a79c-0540-4ccd-ac63-23d95893ebe4:User 187,DENIED
2026,1月,11,周日,20:27:16,AFB85501,fb3cf09a-dde4-41c0-972d-983e578ac120,b1f6d680-200e-42be-a15e-ca718304cff7,3fbd2f59-c5b9-44b1-97dc-f91a5f345c63:User 27,DENIED
2026,1月,11,周日,20:27:16,247F7FCF,d777dc15-826e-439a-a544-ad16591daa7d,788dd0e0-5b8f-4125-b501-356f2e66f766,a6b8f169-51f4-4ba0-97e6-b3b16eba45c0:User 72,DENIED
2026,1月,11,周日,20:27:16,D85AA816,53687c24-f9ea-4921-96c9-23e524e9ab10,813e4e52-5a00-413c-a891-05013da581ff,40dbda3d-3778-48c5-bfea-fac01d37a5bd:User 64,DENIED
2026,1月,11,周日,20:27:16,7FA174B4,a3668d39-fb96-48e5-948d-d8d77eb1782f,69089920-6b00-4a9d-8de6-871d47f03e6c,74267ca7-0750-4ecf-b2a1-82d532678ed0:User 156,DENIED
2026,1月,11,周日,20:27:16,FF39AD48,dff57c19-308d-461c-8dea-13d9a7e54222,13fdec8c-3dd9-4a53-aaab-ca535abe2cb5,59c04b00-e1b6-46cc-a4f8-cd73b8ced2aa:User 153,DENIED
2026,1月,11,周日,20:27:16,476605A4,79e166cb-e810-4bd7-b3da-8c2063a10654,868714f4-8c61-4b5d-9f10-e22d9b969143,02cb5fac-986c-4f62-842a-63b1c3f708c8:User 2,DENIED
2026,1月,11,周日,20:27:16,946F7BE3,732ab68f-bbee-4ded-8c9a-1eac02ef4fcf,b75dbdaf-0548-4dd8-ae94-981684ee6a79,cc4141ee-bca5-4f59-8595-c446b1b5be92:User 177,DENIED
2026,1月,11,周日,20:27:16,70086B31,16b02378-7e5f-4848-928c-70a50df32db6,c65121ab-12fc-4966-b806-c87dd3b7f076,26733b01-91f4-4a55-8e2a-d115f6ba576e:User 114,DENIED
2026,1月,11,周日,20:27:16,3F62E754,914ebf41-7847-419d-ae5b-45986f4ee3c8,dc040e2b-56aa-4ba2-9a35-beb305625d9c,63785577-859c-43e1-89eb-9d2481500a93:User 74,DENIED
2026,1月,11,周日,20:27:16,4D9EB54D,59306181-f165-4645-8b4c-2bfed7a96f64,d7c26892-d2d2-4ad1-b74b-456664459590,4149a46c-0cd5-4b35-82d2-4f32ad1f715b:User 86,DENIED
2026,1月,11,周日,20:27:16,6267CCB1,f4cf5168-8a65-4f89-9ee7-89b2310c43ce,782d47f0-3c55-4edb-a1b1-285f046ddfa7,e0f703ec-d760-4cf3-9416-e5452a9b1dde:User 151,DENIED
2026,1月,11,周日,20:27:16,DAA5A378,c54729aa-fce2-4e14-badc-5f7fbfa1de49,8af984fb-ae86-4385-8e7e-b9b56beaf03f,2fa2cc85-a79b-4a2e-b9bb-9fe02fd1ad55:User 7,DENIED
2026,1月,11,周日,20:27:16,6C357E84,12eba4f8-180f-4727-836c-80337bbfde81,b0591a0f-a5c6-4c92-b893-9d51d8f1a4da,abcc9e33-db9f-42c8-a29c-0d0a9e12ae31:User 199,DENIED
2026,1月,11,周日,20:27:16,6D7F7841,dff57c19-308d-461c-8dea-13d9a7e54222,13fdec8c-3dd9-4a53-aaab-ca535abe2cb5,8c2c2a59-b90d-4e36-ad9b-ba1d05c50600:User 179,DENIED
2026,1月,11,周日,20:27:16,B927669E,9620bf95-f2fc-481f-9a3b-db9d43dfadf1,850c8962-9f45-4aa4-9f24-0111562de84b,0907fe91-884b-4ef4-9424-d8426abde257:User 32,DENIED
2026,1月,11,周日,20:27:16,2A52FD69,c562380c-bdd3-4f70-bbfb-a757e48413a7,b85ea175-7378-411e-a070-d9592b52676c,403919d4-c15f-4953-b2f1-4eb0158895df:User 41,DENIED
2026,1月,11,周日,20:27:16,867843A7,dff57c19-308d-461c-8dea-13d9a7e54222,13fdec8c-3dd9-4a53-aaab-ca535abe2cb5,b1281618-48d9-48a5-9937-0ff94fbd091e:User 15,DENIED
2026,1月,11,周日,20:27:16,07E46A1F,870c05c9-2e70-41a4-bf93-85de484a726a,51af542a-7613-42be-920d-f6a3b455a10b,46c1940c-387a-4c2c-90c2-5aba4205612c:User 62,DENIED
2026,1月,11,周日,20:27:16,25FB24D1,924693ab-4968-4524-b4b2-be6e548af518,0b14d6c7-f34b-409f-a647-b67d8f795308,8c284b9e-1b43-485d-b781-eef32469232d:User 182,DENIED
2026,1月,11,周日,20:27:16,0265E8BE,924693ab-4968-4524-b4b2-be6e548af518,0b14d6c7-f34b-409f-a647-b67d8f795308,6b4edd6a-a02c-4b9f-8801-5e960b40a1f4:User 3,DENIED
2026,1月,11,周日,20:27:16,D0034527,5f741446-39a7-4d45-9906-cddcfd4f5658,80e24623-c1fa-4a45-8edf-cbd2377e52a6,861d17fe-c423-4b70-98b9-17f909ca5a89:User 101,DENIED
2026,1月,11,周日,20:27:16,578EF3A0,f19a373d-67c4-48ed-bfe3-3ef0796536e9,f70c1588-d00b-4277-b450-0af3f6feef11,465e15e0-481b-46cd-b1dc-6d7558d6c291:User 27,DENIED
2026,1月,11,周日,20:27:16,B116165E,4fc60dbb-44c0-4399-ac1a-cfac8d0102c8,715e699d-3040-442f-9f38-68c70a0f67d0,4f42d81f-72c9-49d4-b1bb-a23511ab043b:User 173,DENIED
2026,1月,11,周日,20:27:16,E0E7CABE,dff57c19-308d-461c-8dea-13d9a7e54222,13fdec8c-3dd9-4a53-aaab-ca535abe2cb5,83b7105d-517f-4f52-a2fa-8076120cba45:User 19,DENIED
2026,1月,11,周日,20:27:16,3E787EAE,c562380c-bdd3-4f70-bbfb-a757e48413a7,b85ea175-7378-411e-a070-d9592b52676c,6204f451-af18-423a-8eec-177b1e6b0cc7:User 113,DENIED
2026,1月,11,周日,20:27:16,531960E8,5f078c7b-e28e-4f96-8ee4-d2868ba692f9,ad62e913-8354-4349-adc0-2dd51be30df9,14dad223-2e0a-416d-8d9c-7fca0f4d96be:User 14,DENIED
2026,1月,11,周日,20:27:16,476605A4,79f2879a-de1b-4f95-b5aa-4f3982938ce4,b6ede591-f236-44b5-9607-96f7a84ac0bc,02cb5fac-986c-4f62-842a-63b1c3f708c8:User 2,DENIED
2026,1月,11,周日,20:27:16,F5C50449,16b02378-7e5f-4848-928c-70a50df32db6,c65121ab-12fc-4966-b806-c87dd3b7f076,8631bf50-bbe2-4ae3-a0d0-a62374e0fdca:User 10,DENIED
2026,1月,11,周日,20:27:16,8FAA49A8,debab0d0-af9e-431a-9e80-00a7ace8ca1b,cf9cf014-b802-4795-8649-03a01ee41981,7b65001d-d151-436e-a4bd-9633ecc50844:User 166,DENIED
2026,1月,11,周日,20:27:16,E2F68E84,9ca441b2-b1a1-4920-ba5c-6dbfa867e3e8,cdc6f9a1-a7c1-4db8-a639-497a80d2f94b,d7b8daaa-8e70-42b2-b365-5e2265a29687:User 126,DENIED
2026,1月,11,周日,20:27:16,33CDA6AD,dff57c19-308d-461c-8dea-13d9a7e54222,13fdec8c-3dd9-4a53-aaab-ca535abe2cb5,7b4114d2-aaed-43bc-86f2-034e6e36ee86:User 45,DENIED
2026,1月,11,周日,20:27:16,BF43D708,0be70602-ffb6-4703-b34b-1019cf76e655,8e762bad-5107-4ccb-91e4-20cb7d5cd5aa,4f7c8c0e-fa40-4a3d-990e-e99d97c4bd62:User 106,DENIED
2026,1月,11,周日,20:27:16,5A058B39,d777dc15-826e-439a-a544-ad16591daa7d,788dd0e0-5b8f-4125-b501-356f2e66f766,83c55190-73ab-49a3-badf-9788f70038a8:User 91,DENIED
2026,1月,11,周日,20:27:16,7C533D82,4fc60dbb-44c0-4399-ac1a-cfac8d0102c8,715e699d-3040-442f-9f38-68c70a0f67d0,6e4db8c8-a39f-41aa-9345-7203a4f75a0d:User 131,DENIED
2026,1月,11,周日,20:27:16,A46832DD,bd6e0c72-d0ea-4b60-ac0a-f371cfce9fcd,7bfe268b-3120-4387-ad55-4e08de557456,93fe1c6a-0ae8-40fe-92e9-896b10aaa36f:User 48,DENIED
2026,1月,11,周日,20:27:16,B6F766FB,747204d4-1207-4613-b1f6-1123a64d4bae,c7db699a-0fcc-4dd1-93dd-ded492ecc52d,bb37418a-373d-45b1-be5e-ef1d6f220782:User 192,DENIED
2026,1月,11,周日,20:27:16,DE6235AC,93ee461f-790a-4449-8527-be0ff2b412bf,8673c600-d01d-4cde-ad5e-94d3ee9d7fd9,913185f2-05d1-405f-9700-d84ab5df2362:User 52,DENIED
2026,1月,11,周日,20:27:16,B5C83EED,732ab68f-bbee-4ded-8c9a-1eac02ef4fcf,b75dbdaf-0548-4dd8-ae94-981684ee6a79,5bb29d73-f6c9-40fd-9e59-1e245f89214c:User 112,DENIED
2026,1月,11,周日,20:27:16,54F84D62,20bc60be-dcc6-4639-8666-e33ac7eff0d6,fa28c6a6-7674-417b-b44d-e75b815545c3,5e37be5f-151c-4e65-9780-5afe2edf6fdc:User 25,DENIED
2026,1月,11,周日,20:27:16,D111582B,dff57c19-308d-461c-8dea-13d9a7e54222,13fdec8c-3dd9-4a53-aaab-ca535abe2cb5,f56d7dc9-1e04-4505-a4bb-e80a9e8d5908:User 123,DENIED
2026,1月,11,周日,20:27:16,7C533D82,0be70602-ffb6-4703-b34b-1019cf76e655,8e762bad-5107-4ccb-91e4-20cb7d5cd5aa,6e4db8c8-a39f-41aa-9345-7203a4f75a0d:User 131,DENIED
2026,1月,11,周日,20:27:16,AFB85501,d777dc15-826e-439a-a544-ad16591daa7d,788dd0e0-5b8f-4125-b501-356f2e66f766,3fbd2f59-c5b9-44b1-97dc-f91a5f345c63:User 27,DENIED
2026,1月,11,周日,20:27:16,AE3F7738,c562380c-bdd3-4f70-bbfb-a757e48413a7,b85ea175-7378-411e-a070-d9592b52676c,b68efa35-cc49-4a80-a9c4-c8da5392a145:User 122,DENIED
2026,1月,11,周日,20:27:16,07E46A1F,732ab68f-bbee-4ded-8c9a-1eac02ef4fcf,b75dbdaf-0548-4dd8-ae94-981684ee6a79,46c1940c-387a-4c2c-90c2-5aba4205612c:User 62,DENIED
2026,1月,11,周日,20:27:16,40B866BE,d5ac040c-b74e-4341-8ef2-eb2cae95c04b,e26a09ae-48de-463f-81b9-bac8f7dba6d4,b63ff382-2aa6-412a-a66a-b59e9710d9cf:User 127,DENIED
2026,1月,11,周日,20:27:16,6ADA9637,5c980ee0-2ea8-4567-a531-5eaa984a1a4a,a2b08738-cba6-4f87-9011-d2897b29cfa4,a9729d54-1ae2-4d71-a4c9-ce6383348205:User 161,DENIED
2026,1月,11,周日,20:27:16,17D3257C,1b66869a-b709-4954-8b97-e7c2bfe17fdc,3a6ee9f2-ec0c-4b6d-90e4-fca4b3cdb3ba,f76f196b-4d0f-47a0-9fdb-e7b7c2d8612f:User 6,DENIED
2026,1月,11,周日,20:27:16,64D6C16F,914ebf41-7847-419d-ae5b-45986f4ee3c8,dc040e2b-56aa-4ba2-9a35-beb305625d9c,f6cacc04-0dc0-4896-8ff6-878f9e855de0:User 94,DENIED
2026,1月,11,周日,20:27:16,1BA4FA66,79e166cb-e810-4bd7-b3da-8c2063a10654,868714f4-8c61-4b5d-9f10-e22d9b969143,89b557db-edfd-4511-923a-2e0a66371fe6:User 33,DENIED
2026,1月,11,周日,20:27:16,E2F68E84,5f078c7b-e28e-4f96-8ee4-d2868ba692f9,ad62e913-8354-4349-adc0-2dd51be30df9,d7b8daaa-8e70-42b2-b365-5e2265a29687:User 126,DENIED
2026,1月,11,周日,20:27:16,7859C1BD,914ebf41-7847-419d-ae5b-45986f4ee3c8,dc040e2b-56aa-4ba2-9a35-beb305625d9c,e39e9811-4bfa-4c58-85ef-2bd0fa68056b:User 152,DENIED
2026,1月,11,周日,20:27:16,F90AFD2C,5c980ee0-2ea8-4567-a531-5eaa984a1a4a,a2b08738-cba6-4f87-9011-d2897b29cfa4,6d164f8c-56f5-4503-82f9-d15b02f897f9:User 169,DENIED
2026,1月,11,周日,20:27:16,447F6094,9da65607-0afe-41b0-bbfa-082f65d3c420,0a7b150c-13a9-4c01-bd24-601d9e4546fa,d4c31766-f19f-4d16-b333-f4e8a5001082:User 20,DENIED
2026,1月,11,周日,20:27:16,648AAE4A,914ebf41-7847-419d-ae5b-45986f4ee3c8,dc040e2b-56aa-4ba2-9a35-beb305625d9c,cfd2e3b6-e4d1-43df-b68f-30c66c041e2f:User 109,DENIED
2026,1月,11,周日,20:27:16,D0034527,d5ac040c-b74e-4341-8ef2-eb2cae95c04b,e26a09ae-48de-463f-81b9-bac8f7dba6d4,861d17fe-c423-4b70-98b9-17f909ca5a89:User 101,DENIED
2026,1月,11,周日,20:27:16,3B32F6FC,bd6e0c72-d0ea-4b60-ac0a-f371cfce9fcd,7bfe268b-3120-4387-ad55-4e08de557456,c60bcccd-a69e-4243-9030-f52199c42ae8:User 49,DENIED
2026,1月,11,周日,20:27:16,D9208A7E,bd6e0c72-d0ea-4b60-ac0a-f371cfce9fcd,7bfe268b-3120-4387-ad55-4e08de557456,00c1ab23-367e-487a-bb8c-af068f22c396:User 119,DENIED
2026,1月,11,周日,20:27:16,789D2BEB,729ef629-44a5-4f46-aef4-a30288c414db,2ce55221-e6ac-4e68-a139-89c65c486551,d62fdb41-08d5-4e6d-9b09-5ee4c8db54b5:User 79,DENIED
2026,1月,11,周日,20:27:16,AF232EA0,ba1fffd1-2a67-4cb9-90a1-7228035dbb99,0422e414-4fa9-48ec-a7d9-43200f68b098,aa2d7a8f-b931-49d4-aff7-a8f2635ab0e2:User 39,DENIED
2026,1月,11,周日,20:27:16,33CDA6AD,c54729aa-fce2-4e14-badc-5f7fbfa1de49,8af984fb-ae86-4385-8e7e-b9b56beaf03f,7b4114d2-aaed-43bc-86f2-034e6e36ee86:User 45,DENIED
2026,1月,11,周日,20:27:16,DEB1E280,53687c24-f9ea-4921-96c9-23e524e9ab10,813e4e52-5a00-413c-a891-05013da581ff,0bb5c108-67fa-4176-9fad-5d1d64b293a7:User 155,DENIED
2026,1月,11,周日,20:27:16,2930667D,732ab68f-bbee-4ded-8c9a-1eac02ef4fcf,b75dbdaf-0548-4dd8-ae94-981684ee6a79,9126290b-703b-4a59-855a-f6a0ff597d0e:User 30,DENIED
2026,1月,11,周日,20:27:16,44BA4236,621f42d2-6033-4dd5-86bc-3ef95ac4f347,1243ed84-de07-4125-9e0e-719db7e75dbc,ec9981c5-8049-4647-964d-8ace566d95f8:User 35,DENIED
2026,1月,11,周日,20:27:16,9DC3FE7B,dff57c19-308d-461c-8dea-13d9a7e54222,13fdec8c-3dd9-4a53-aaab-ca535abe2cb5,2a124bd4-b6ae-4aa7-a618-ee436160ec6a:User 68,DENIED
2026,1月,11,周日,20:27:16,9666DFDD,d5ac040c-b74e-4341-8ef2-eb2cae95c04b,e26a09ae-48de-463f-81b9-bac8f7dba6d4,7dac8f57-5f27-4501-8dd9-34b532bbf26b:User 150,DENIED
2026,1月,11,周日,20:27:16,247F7FCF,9620bf95-f2fc-481f-9a3b-db9d43dfadf1,850c8962-9f45-4aa4-9f24-0111562de84b,a6b8f169-51f4-4ba0-97e6-b3b16eba45c0:User 72,DENIED
2026,1月,11,周日,20:27:16,292208D4,747204d4-1207-4613-b1f6-1123a64d4bae,c7db699a-0fcc-4dd1-93dd-ded492ecc52d,b4b79259-6847-4905-954f-607056f6f425:User 29,DENIED
2026,1月,11,周日,20:27:16,C90EB4BE,bd6e0c72-d0ea-4b60-ac0a-f371cfce9fcd,7bfe268b-3120-4387-ad55-4e08de557456,3bf985e5-7789-4332-a66d-2f3d3e1d1581:User 105,DENIED
2026,1月,11,周日,20:27:16,3B32F6FC,d5ac040c-b74e-4341-8ef2-eb2cae95c04b,e26a09ae-48de-463f-81b9-bac8f7dba6d4,c60bcccd-a69e-4243-9030-f52199c42ae8:User 49,DENIED
2026,1月,11,周日,20:27:16,D0034527,af93e80c-505a-4f4a-a0e6-81ebd2faa429,4559ddc4-146e-4795-934b-389ea44d10f7,861d17fe-c423-4b70-98b9-17f909ca5a89:User 101,DENIED
2026,1月,11,周日,20:27:16,F6D08966,dff57c19-308d-461c-8dea-13d9a7e54222,13fdec8c-3dd9-4a53-aaab-ca535abe2cb5,ec40dbfe-da85-4c41-9936-839e6691b4c8:User 103,DENIED
2026,1月,11,周日,20:27:16,ACEF91DE,c54729aa-fce2-4e14-badc-5f7fbfa1de49,8af984fb-ae86-4385-8e7e-b9b56beaf03f,852be9cd-dbc0-49a5-9c52-5d2e66518a53:User 32,DENIED
2026,1月,11,周日,20:27:16,604A4816,debab0d0-af9e-431a-9e80-00a7ace8ca1b,cf9cf014-b802-4795-8649-03a01ee41981,732b7045-004b-4e3e-94e0-9f2f920297db:User 4,DENIED
2026,1月,11,周日,20:27:16,DF4E17A7,bd6e0c72-d0ea-4b60-ac0a-f371cfce9fcd,7bfe268b-3120-4387-ad55-4e08de557456,13dcdbfa-03e3-4ae3-bc33-4e188a225860:User 193,DENIED
2026,1月,11,周日,20:27:16,0022BFC1,9620bf95-f2fc-481f-9a3b-db9d43dfadf1,850c8962-9f45-4aa4-9f24-0111562de84b,a4f31604-eddd-4774-bf27-36124059f8a2:User 12,DENIED
2026,1月,11,周日,20:27:16,40FDA30B,e7e0bc70-3e5a-43f9-be48-c4ba0341bdaa,f89fb1b7-1db9-4975-80a5-c3a85f6f4574,0c9a4ffa-7d98-493a-884d-bf353d18ff1c:User 56,DENIED
2026,1月,11,周日,20:27:16,07E46A1F,f19a373d-67c4-48ed-bfe3-3ef0796536e9,f70c1588-d00b-4277-b450-0af3f6feef11,46c1940c-387a-4c2c-90c2-5aba4205612c:User 62,DENIED
2026,1月,11,周日,20:27:16,4EAB30D6,12eba4f8-180f-4727-836c-80337bbfde81,b0591a0f-a5c6-4c92-b893-9d51d8f1a4da,a46155a8-5e53-49b7-a5f9-040b9c117fde:User 13,DENIED
2026,1月,11,周日,20:27:16,DAA5A378,f4cf5168-8a65-4f89-9ee7-89b2310c43ce,782d47f0-3c55-4edb-a1b1-285f046ddfa7,2fa2cc85-a79b-4a2e-b9bb-9fe02fd1ad55:User 7,DENIED
2026,1月,11,周日,20:27:16,02E22861,93ee461f-790a-4449-8527-be0ff2b412bf,8673c600-d01d-4cde-ad5e-94d3ee9d7fd9,1e4ce448-9215-409f-a884-9b3ce4d33005:User 149,DENIED
2026,1月,11,周日,20:27:16,1B89633E,f3eef4d7-17e3-4e42-9b9b-aabe03d81560,5953690c-45c9-4f40-b5b3-df067ecf4cab,4d0e41fd-85d6-44d1-8efc-f67d052b281c:User 41,DENIED
2026,1月,11,周日,20:27:16,4EF91A5C,5f078c7b-e28e-4f96-8ee4-d2868ba692f9,ad62e913-8354-4349-adc0-2dd51be30df9,f234437c-b964-46b0-a285-d015dbfcd44b:User 47,DENIED
2026,1月,11,周日,20:27:16,E3A0C4C8,dff57c19-308d-461c-8dea-13d9a7e54222,13fdec8c-3dd9-4a53-aaab-ca535abe2cb5,d355927d-33e7-4611-bdb0-ba3251ca2064:User 51,DENIED
2026,1月,11,周日,20:27:16,13DF5D8E,0be70602-ffb6-4703-b34b-1019cf76e655,8e762bad-5107-4ccb-91e4-20cb7d5cd5aa,c5086250-7692-43e0-b10b-54952bc27386:User 95,DENIED
2026,1月,11,周日,20:27:16,D85AA816,65693a88-73e2-4cea-a7a1-f9f66e87e987,46c3835b-f0b7-46f9-a1a8-e60f92cc743a,40dbda3d-3778-48c5-bfea-fac01d37a5bd:User 64,DENIED
2026,1月,11,周日,20:27:16,33869623,732ab68f-bbee-4ded-8c9a-1eac02ef4fcf,b75dbdaf-0548-4dd8-ae94-981684ee6a79,c2d550d0-9217-4e86-a04d-ec93eadf634a:User 59,DENIED
2026,1月,11,周日,20:27:16,7DB77A37,914ebf41-7847-419d-ae5b-45986f4ee3c8,dc040e2b-56aa-4ba2-9a35-beb305625d9c,83968731-74cc-4baf-990d-000f2f4a074b:User 18,DENIED
2026,1月,11,周日,20:27:16,7730706B,9ca441b2-b1a1-4920-ba5c-6dbfa867e3e8,cdc6f9a1-a7c1-4db8-a639-497a80d2f94b,ae2aea46-003f-409c-a5c4-989599b8aa09:User 87,DENIED
2026,1月,11,周日,20:27:16,1A9BFEDC,621f42d2-6033-4dd5-86bc-3ef95ac4f347,1243ed84-de07-4125-9e0e-719db7e75dbc,e8184696-361e-4dc5-adff-81aa31795601:User 13,DENIED
2026,1月,11,周日,20:27:16,6F42EB0E,be9c74f9-b0e5-4618-9e09-8b65355b062e,93141aef-f0e8-4064-80da-ceb24fa6efa1,3ec889e4-c3e3-43be-8f91-1f3e04347838:User 83,DENIED
2026,1月,11,周日,20:27:16,7CC6112F,be9c74f9-b0e5-4618-9e09-8b65355b062e,93141aef-f0e8-4064-80da-ceb24fa6efa1,fb30d9c2-1403-45f2-894a-78dbc8536890:User 34,DENIED
2026,1月,11,周日,20:27:16,247F7FCF,0be70602-ffb6-4703-b34b-1019cf76e655,8e762bad-5107-4ccb-91e4-20cb7d5cd5aa,a6b8f169-51f4-4ba0-97e6-b3b16eba45c0:User 72,DENIED
2026,1月,11,周日,20:27:16,BAE96C98,dff57c19-308d-461c-8dea-13d9a7e54222,13fdec8c-3dd9-4a53-aaab-ca535abe2cb5,bf62c1a9-b58f-4d1d-9d7e-d490020ba833:User 198,DENIED
2026,1月,11,周日,20:27:16,53D81431,be9c74f9-b0e5-4618-9e09-8b65355b062e,93141aef-f0e8-4064-80da-ceb24fa6efa1,e10dd997-b967-4837-952d-7e5d5dbf0859:User 16,DENIED
2026,1月,11,周日,20:27:16,648AAE4A,9da65607-0afe-41b0-bbfa-082f65d3c420,0a7b150c-13a9-4c01-bd24-601d9e4546fa,cfd2e3b6-e4d1-43df-b68f-30c66c041e2f:User 109,DENIED
2026,1月,11,周日,20:27:16,7730706B,53687c24-f9ea-4921-96c9-23e524e9ab10,813e4e52-5a00-413c-a891-05013da581ff,ae2aea46-003f-409c-a5c4-989599b8aa09:User 87,DENIED
2026,1月,11,周日,20:27:16,C627B25D,5f741446-39a7-4d45-9906-cddcfd4f5658,80e24623-c1fa-4a45-8edf-cbd2377e52a6,9d5e9fe2-c55b-4885-9d1f-b045e670f677:User 195,DENIED
2026,1月,11,周日,20:27:16,B5C83EED,af93e80c-505a-4f4a-a0e6-81ebd2faa429,4559ddc4-146e-4795-934b-389ea44d10f7,5bb29d73-f6c9-40fd-9e59-1e245f89214c:User 112,DENIED
2026,1月,11,周日,20:27:16,2F5E89E9,ba1fffd1-2a67-4cb9-90a1-7228035dbb99,0422e414-4fa9-48ec-a7d9-43200f68b098,a7599f54-5360-4aef-bd47-9e083bc1c3cf:User 25,DENIED
2026,1月,11,周日,20:27:16,814FAAAC,621f42d2-6033-4dd5-86bc-3ef95ac4f347,1243ed84-de07-4125-9e0e-719db7e75dbc,2ed91bb1-4305-4995-953a-b43b4a820515:User 93,DENIED
2026,1月,11,周日,20:27:16,7FA174B4,c54729aa-fce2-4e14-badc-5f7fbfa1de49,8af984fb-ae86-4385-8e7e-b9b56beaf03f,74267ca7-0750-4ecf-b2a1-82d532678ed0:User 156,DENIED
2026,1月,11,周日,20:27:16,13DF5D8E,621f42d2-6033-4dd5-86bc-3ef95ac4f347,1243ed84-de07-4125-9e0e-719db7e75dbc,c5086250-7692-43e0-b10b-54952bc27386:User 95,DENIED
2026,1月,11,周日,20:27:16,4EAB30D6,870c05c9-2e70-41a4-bf93-85de484a726a,51af542a-7613-42be-920d-f6a3b455a10b,a46155a8-5e53-49b7-a5f9-040b9c117fde:User 13,DENIED
2026,1月,11,周日,20:27:16,25FB24D1,297874e0-a56b-4ce9-b02b-30504ec46f4c,87583732-aff9-43ab-81be-ea7312152eb0,8c284b9e-1b43-485d-b781-eef32469232d:User 182,DENIED
2026,1月,11,周日,20:27:16,64B36B6E,f3eef4d7-17e3-4e42-9b9b-aabe03d81560,5953690c-45c9-4f40-b5b3-df067ecf4cab,4034ffc9-3b05-4ae3-9cb4-12823a52589b:User 148,DENIED
2026,1月,11,周日,20:27:16,A9D8C3D4,747204d4-1207-4613-b1f6-1123a64d4bae,c7db699a-0fcc-4dd1-93dd-ded492ecc52d,9e479f4c-9bf4-4e74-9ad6-9becbf08a60e:User 129,DENIED
2026,1月,11,周日,20:27:16,38707C1A,16b02378-7e5f-4848-928c-70a50df32db6,c65121ab-12fc-4966-b806-c87dd3b7f076,bd89d26e-0292-40c7-8234-4a258202c129:User 34,DENIED
2026,1月,11,周日,20:27:16,17D3257C,9da65607-0afe-41b0-bbfa-082f65d3c420,0a7b150c-13a9-4c01-bd24-601d9e4546fa,f76f196b-4d0f-47a0-9fdb-e7b7c2d8612f:User 6,DENIED
2026,1月,11,周日,20:27:16,8FAA49A8,621f42d2-6033-4dd5-86bc-3ef95ac4f347,1243ed84-de07-4125-9e0e-719db7e75dbc,7b65001d-d151-436e-a4bd-9633ecc50844:User 166,DENIED
2026,1月,11,周日,20:27:16,737AE353,f4cf5168-8a65-4f89-9ee7-89b2310c43ce,782d47f0-3c55-4edb-a1b1-285f046ddfa7,203f6c39-1896-4998-b000-15a5a129d542:User 125,DENIED
2026,1月,11,周日,20:27:16,295A7F4E,59306181-f165-4645-8b4c-2bfed7a96f64,d7c26892-d2d2-4ad1-b74b-456664459590,0660673f-f290-4094-88d5-9c6eea451e83:User 190,DENIED
2026,1月,11,周日,20:27:16,F86F57C4,297874e0-a56b-4ce9-b02b-30504ec46f4c,87583732-aff9-43ab-81be-ea7312152eb0,cfc43640-73c4-4c45-9663-ac34339418c4:User 84,DENIED
2026,1月,11,周日,20:27:16,D526D0C2,f4cf5168-8a65-4f89-9ee7-89b2310c43ce,782d47f0-3c55-4edb-a1b1-285f046ddfa7,6938592c-9b26-43de-b03c-bd6166d2ae3e:User 117,DENIED
2026,1月,11,周日,20:27:16,AE4EFE33,fb3cf09a-dde4-41c0-972d-983e578ac120,b1f6d680-200e-42be-a15e-ca718304cff7,ca76d9e5-4400-4b91-88f3-9b78ae8672df:User 141,DENIED
2026,1月,11,周日,20:27:16,DD40D232,59306181-f165-4645-8b4c-2bfed7a96f64,d7c26892-d2d2-4ad1-b74b-456664459590,a90c7076-f938-4a20-924a-44c22bce753e:User 61,DENIED
2026,1月,11,周日,20:27:16,AA32C9A3,870c05c9-2e70-41a4-bf93-85de484a726a,51af542a-7613-42be-920d-f6a3b455a10b,af5af381-379e-46b8-8b81-fdb2c77dd07c:User 50,DENIED
2026,1月,11,周日,20:27:16,6C357E84,e7e0bc70-3e5a-43f9-be48-c4ba0341bdaa,f89fb1b7-1db9-4975-80a5-c3a85f6f4574,abcc9e33-db9f-42c8-a29c-0d0a9e12ae31:User 199,DENIED
2026,1月,11,周日,20:27:16,7DB77A37,1b66869a-b709-4954-8b97-e7c2bfe17fdc,3a6ee9f2-ec0c-4b6d-90e4-fca4b3cdb3ba,83968731-74cc-4baf-990d-000f2f4a074b:User 18,DENIED
2026,1月,11,周日,20:27:17,DE842453,70ad87f3-147f-4f03-a266-ca45ad21148c,efabfe47-19e8-43db-a45f-5498415d978c,fcbaa7a2-cd83-4e9e-96a9-47d14060eb1e:User 197,DENIED
2026,1月,11,周日,20:27:17,D8738B2D,70ad87f3-147f-4f03-a266-ca45ad21148c,efabfe47-19e8-43db-a45f-5498415d978c,114f1a42-9c53-4209-85d7-a462bd450d01:User 196,DENIED
2026,1月,11,周日,20:27:17,C48156E5,53687c24-f9ea-4921-96c9-23e524e9ab10,813e4e52-5a00-413c-a891-05013da581ff,629af980-0eec-4ea4-88de-cbbec17d1909:User 9,DENIED
2026,1月,11,周日,20:27:17,086E3300,747204d4-1207-4613-b1f6-1123a64d4bae,c7db699a-0fcc-4dd1-93dd-ded492ecc52d,e869d877-4d4e-49f1-a0c0-022395b9049f:User 55,DENIED
2026,1月,11,周日,20:27:17,98740610,9620bf95-f2fc-481f-9a3b-db9d43dfadf1,850c8962-9f45-4aa4-9f24-0111562de84b,6434e8d1-bbed-4058-9cef-60206e7e2d36:User 99,DENIED
2026,1月,11,周日,20:27:17,13DF5D8E,ba1fffd1-2a67-4cb9-90a1-7228035dbb99,0422e414-4fa9-48ec-a7d9-43200f68b098,c5086250-7692-43e0-b10b-54952bc27386:User 95,DENIED
2026,1月,11,周日,20:27:17,9CAFB481,be9c74f9-b0e5-4618-9e09-8b65355b062e,93141aef-f0e8-4064-80da-ceb24fa6efa1,09f56a4c-9b3f-424f-b470-66cc394951d2:User 144,DENIED
2026,1月,11,周日,20:27:17,D01B0A7E,978f2cda-ac0b-466d-85e6-c0047665e857,444d8a1b-a6c6-4ce2-9b80-bccc31441c5e,e5f888b2-99dd-47f0-9d71-127e04be5884:User 158,DENIED
2026,1月,11,周日,20:27:17,C627B25D,01260115-5e52-42db-ad95-ec77bcd659b8,08a7dff8-aa46-40b0-bd88-7a7c8416c011,9d5e9fe2-c55b-4885-9d1f-b045e670f677:User 195,DENIED
2026,1月,11,周日,20:27:17,47F64880,01260115-5e52-42db-ad95-ec77bcd659b8,08a7dff8-aa46-40b0-bd88-7a7c8416c011,ca2e8d6d-e4e6-4091-b4f9-eddd20fdd77b:User 116,DENIED
2026,1月,11,周日,20:27:17,56D599B0,641f008a-67f7-4eb0-8dc5-9db82e0f2a65,7cca50aa-de0d-4292-babb-80ab0f12add2,82dadda4-4101-4cb8-809e-96f099892135:User 37,DENIED
2026,1月,11,周日,20:27:17,44BA4236,ba1fffd1-2a67-4cb9-90a1-7228035dbb99,0422e414-4fa9-48ec-a7d9-43200f68b098,ec9981c5-8049-4647-964d-8ace566d95f8:User 35,DENIED
2026,1月,11,周日,20:27:17,789D2BEB,ba1fffd1-2a67-4cb9-90a1-7228035dbb99,0422e414-4fa9-48ec-a7d9-43200f68b098,d62fdb41-08d5-4e6d-9b09-5ee4c8db54b5:User 79,DENIED
2026,1月,11,周日,20:27:17,40FDA30B,fb3cf09a-dde4-41c0-972d-983e578ac120,b1f6d680-200e-42be-a15e-ca718304cff7,0c9a4ffa-7d98-493a-884d-bf353d18ff1c:User 56,DENIED
2026,1月,11,周日,20:27:17,0BBF12B6,732ab68f-bbee-4ded-8c9a-1eac02ef4fcf,b75dbdaf-0548-4dd8-ae94-981684ee6a79,5373d645-a224-488d-a864-9cc9cb69542e:User 98,DENIED
2026,1月,11,周日,20:27:17,B9E78EF0,f19a373d-67c4-48ed-bfe3-3ef0796536e9,f70c1588-d00b-4277-b450-0af3f6feef11,cfd3a6c3-c232-4e29-ba0e-35b711164699:User 134,DENIED
2026,1月,11,周日,20:27:17,9ABEC77A,89dc19d8-6391-4ce5-ac5f-40e1a0306b5c,9287f79c-a896-4a17-adbe-ae5c1cd8fb29,c678f79a-6bb6-47f2-98e7-84f53a2987da:User 118,DENIED
2026,1月,11,周日,20:27:17,6C357E84,d5ac040c-b74e-4341-8ef2-eb2cae95c04b,e26a09ae-48de-463f-81b9-bac8f7dba6d4,abcc9e33-db9f-42c8-a29c-0d0a9e12ae31:User 199,DENIED
2026,1月,11,周日,20:27:17,31171503,924693ab-4968-4524-b4b2-be6e548af518,0b14d6c7-f34b-409f-a647-b67d8f795308,9332c8f0-8d89-48a7-b23c-a607b3c59635:User 39,DENIED
2026,1月,11,周日,20:27:17,31171503,9620bf95-f2fc-481f-9a3b-db9d43dfadf1,850c8962-9f45-4aa4-9f24-0111562de84b,9332c8f0-8d89-48a7-b23c-a607b3c59635:User 39,DENIED
2026,1月,11,周日,20:27:17,BACB8EDD,924693ab-4968-4524-b4b2-be6e548af518,0b14d6c7-f34b-409f-a647-b67d8f795308,d44a48d0-bdea-4613-9931-280703e6d79b:User 145,DENIED
2026,1月,11,周日,20:27:17,5B1769A9,01260115-5e52-42db-ad95-ec77bcd659b8,08a7dff8-aa46-40b0-bd88-7a7c8416c011,39596ebb-095e-42c4-a1f2-150a2b6ae65b:User 115,DENIED
2026,1月,11,周日,20:27:17,99E67F36,4fc60dbb-44c0-4399-ac1a-cfac8d0102c8,715e699d-3040-442f-9f38-68c70a0f67d0,363303ee-3cc5-45f4-ae0c-559d3e79c811:User 165,DENIED
2026,1月,11,周日,20:27:17,1FE66774,9da65607-0afe-41b0-bbfa-082f65d3c420,0a7b150c-13a9-4c01-bd24-601d9e4546fa,7146ac90-31d0-4e24-a783-c9af12b34dea:User 42,DENIED
2026,1月,11,周日,20:27:17,CEA9B78B,732ab68f-bbee-4ded-8c9a-1eac02ef4fcf,b75dbdaf-0548-4dd8-ae94-981684ee6a79,7db90e78-568e-4f55-a4f1-49128f68c697:User 82,DENIED
2026,1月,11,周日,20:27:17,5A058B39,53687c24-f9ea-4921-96c9-23e524e9ab10,813e4e52-5a00-413c-a891-05013da581ff,83c55190-73ab-49a3-badf-9788f70038a8:User 91,DENIED
2026,1月,11,周日,20:27:17,F48814BB,729ef629-44a5-4f46-aef4-a30288c414db,2ce55221-e6ac-4e68-a139-89c65c486551,e57bb913-0d88-4748-a6c9-bd9cd54db129:User 12,DENIED
2026,1月,11,周日,20:27:17,97C8ACE0,79e166cb-e810-4bd7-b3da-8c2063a10654,868714f4-8c61-4b5d-9f10-e22d9b969143,96e44c14-681d-4978-91e9-790c6683b071:User 53,DENIED
2026,1月,11,周日,20:27:17,868552F6,f4cf5168-8a65-4f89-9ee7-89b2310c43ce,782d47f0-3c55-4edb-a1b1-285f046ddfa7,483f80a9-94d1-49ac-9c9e-4779af19ee3f:User 96,DENIED
2026,1月,11,周日,20:27:17,855078EF,12eba4f8-180f-4727-836c-80337bbfde81,b0591a0f-a5c6-4c92-b893-9d51d8f1a4da,ae64ef71-8f08-459e-b0b8-4a594f0e37ce:User 36,DENIED
2026,1月,11,周日,20:27:17,CE9A6D59,c54729aa-fce2-4e14-badc-5f7fbfa1de49,8af984fb-ae86-4385-8e7e-b9b56beaf03f,9efb4220-ec85-4de1-8bb0-c71a9e11fcdf:User 19,DENIED
2026,1月,11,周日,20:27:17,13DF5D8E,bd6e0c72-d0ea-4b60-ac0a-f371cfce9fcd,7bfe268b-3120-4387-ad55-4e08de557456,c5086250-7692-43e0-b10b-54952bc27386:User 95,DENIED
2026,1月,11,周日,20:27:17,618F82E6,d777dc15-826e-439a-a544-ad16591daa7d,788dd0e0-5b8f-4125-b501-356f2e66f766,c2579e01-2ae1-486b-9a0c-55fea27f3a93:User 124,DENIED
2026,1月,11,周日,20:27:17,0265E8BE,65693a88-73e2-4cea-a7a1-f9f66e87e987,46c3835b-f0b7-46f9-a1a8-e60f92cc743a,6b4edd6a-a02c-4b9f-8801-5e960b40a1f4:User 3,DENIED
2026,1月,11,周日,20:27:17,33CDA6AD,d6dea81b-2545-441f-91ce-46d206777f11,ecb54cca-7179-4f82-905b-04bc2c58c746,7b4114d2-aaed-43bc-86f2-034e6e36ee86:User 45,DENIED
2026,1月,11,周日,20:27:17,BFA9EE4E,747204d4-1207-4613-b1f6-1123a64d4bae,c7db699a-0fcc-4dd1-93dd-ded492ecc52d,b4cde930-d1ea-4051-bf61-c0c0d6ce810a:User 176,DENIED
2026,1月,11,周日,20:27:17,CD09BDCF,65693a88-73e2-4cea-a7a1-f9f66e87e987,46c3835b-f0b7-46f9-a1a8-e60f92cc743a,7187e862-2f09-4700-8f14-20d23954a77b:User 11,DENIED
2026,1月,11,周日,20:27:17,8345EC1C,79e166cb-e810-4bd7-b3da-8c2063a10654,868714f4-8c61-4b5d-9f10-e22d9b969143,0c85194c-5b53-4155-9ac4-f8d4fc386204:User 171,DENIED
2026,1月,11,周日,20:27:17,476605A4,9da65607-0afe-41b0-bbfa-082f65d3c420,0a7b150c-13a9-4c01-bd24-601d9e4546fa,02cb5fac-986c-4f62-842a-63b1c3f708c8:User 2,DENIED
2026,1月,11,周日,20:27:17,02E22861,621f42d2-6033-4dd5-86bc-3ef95ac4f347,1243ed84-de07-4125-9e0e-719db7e75dbc,1e4ce448-9215-409f-a884-9b3ce4d33005:User 149,DENIED
2026,1月,11,周日,20:27:17,086E3300,20bc60be-dcc6-4639-8666-e33ac7eff0d6,fa28c6a6-7674-417b-b44d-e75b815545c3,e869d877-4d4e-49f1-a0c0-022395b9049f:User 55,DENIED
2026,1月,11,周日,20:27:17,32DB0D3A,d6dea81b-2545-441f-91ce-46d206777f11,ecb54cca-7179-4f82-905b-04bc2c58c746,42f77996-1313-4c2d-b7bd-09102d3e87ce:User 175,DENIED
2026,1月,11,周日,20:27:17,C4B35DDD,978f2cda-ac0b-466d-85e6-c0047665e857,444d8a1b-a6c6-4ce2-9b80-bccc31441c5e,cb5ca9ee-2418-46e4-a858-9bc476b24ed7:User 20,DENIED
2026,1月,11,周日,20:27:17,8B447AD6,732ab68f-bbee-4ded-8c9a-1eac02ef4fcf,b75dbdaf-0548-4dd8-ae94-981684ee6a79,99c47a0e-79b2-4222-9578-725634ddc8b7:User 191,DENIED
2026,1月,11,周日,20:27:17,2930667D,f4cf5168-8a65-4f89-9ee7-89b2310c43ce,782d47f0-3c55-4edb-a1b1-285f046ddfa7,9126290b-703b-4a59-855a-f6a0ff597d0e:User 30,DENIED
2026,1月,11,周日,20:27:17,073D154B,f3eef4d7-17e3-4e42-9b9b-aabe03d81560,5953690c-45c9-4f40-b5b3-df067ecf4cab,040dd8e5-ec5c-484a-8b6a-5b318e22bc46:User 108,DENIED
2026,1月,11,周日,20:27:17,49CC48E1,870c05c9-2e70-41a4-bf93-85de484a726a,51af542a-7613-42be-920d-f6a3b455a10b,2d57bfc9-0dc7-4d0c-bac9-e7ba2a3d431b:User 168,DENIED
2026,1月,11,周日,20:27:17,7A83F4EA,ba1fffd1-2a67-4cb9-90a1-7228035dbb99,0422e414-4fa9-48ec-a7d9-43200f68b098,d8115d85-4701-4462-9119-ddeff4a2e015:User 47,DENIED
2026,1月,11,周日,20:27:17,40B866BE,f3eef4d7-17e3-4e42-9b9b-aabe03d81560,5953690c-45c9-4f40-b5b3-df067ecf4cab,b63ff382-2aa6-412a-a66a-b59e9710d9cf:User 127,DENIED
2026,1月,11,周日,20:27:17,737AE353,729ef629-44a5-4f46-aef4-a30288c414db,2ce55221-e6ac-4e68-a139-89c65c486551,203f6c39-1896-4998-b000-15a5a129d542:User 125,DENIED
2026,1月,11,周日,20:27:17,8B447AD6,924693ab-4968-4524-b4b2-be6e548af518,0b14d6c7-f34b-409f-a647-b67d8f795308,99c47a0e-79b2-4222-9578-725634ddc8b7:User 191,DENIED
2026,1月,11,周日,20:27:17,AC1545C4,924693ab-4968-4524-b4b2-be6e548af518,0b14d6c7-f34b-409f-a647-b67d8f795308,30b18901-8263-4bd0-b460-ca51010425d4:User 24,DENIED
2026,1月,11,周日,20:27:17,699075B5,f3eef4d7-17e3-4e42-9b9b-aabe03d81560,5953690c-45c9-4f40-b5b3-df067ecf4cab,fc785f06-38cb-4cb6-82ef-b9f91c54224f:User 3,DENIED
2026,1月,11,周日,20:27:17,27733E41,89dc19d8-6391-4ce5-ac5f-40e1a0306b5c,9287f79c-a896-4a17-adbe-ae5c1cd8fb29,4380bdb4-896f-489e-a791-a2f2898ac3d8:User 37,DENIED
2026,1月,11,周日,20:27:17,31171503,89dc19d8-6391-4ce5-ac5f-40e1a0306b5c,9287f79c-a896-4a17-adbe-ae5c1cd8fb29,9332c8f0-8d89-48a7-b23c-a607b3c59635:User 39,DENIED
2026,1月,11,周日,20:27:17,AFB85501,322e4308-8a53-4e5b-88e0-75c295071b97,49c27197-4186-4607-bdc4-b91c1fbfb68b,3fbd2f59-c5b9-44b1-97dc-f91a5f345c63:User 27,DENIED
2026,1月,11,周日,20:27:17,FD8EEC6E,89dc19d8-6391-4ce5-ac5f-40e1a0306b5c,9287f79c-a896-4a17-adbe-ae5c1cd8fb29,272c62c6-8acb-41a1-98f9-bb4a79c895ec:User 50,DENIED
2026,1月,11,周日,20:27:17,946F7BE3,621f42d2-6033-4dd5-86bc-3ef95ac4f347,1243ed84-de07-4125-9e0e-719db7e75dbc,cc4141ee-bca5-4f59-8595-c446b1b5be92:User 177,DENIED
2026,1月,11,周日,20:27:17,7CC6112F,5f078c7b-e28e-4f96-8ee4-d2868ba692f9,ad62e913-8354-4349-adc0-2dd51be30df9,fb30d9c2-1403-45f2-894a-78dbc8536890:User 34,DENIED
2026,1月,11,周日,20:27:17,33869623,89dc19d8-6391-4ce5-ac5f-40e1a0306b5c,9287f79c-a896-4a17-adbe-ae5c1cd8fb29,c2d550d0-9217-4e86-a04d-ec93eadf634a:User 59,DENIED
2026,1月,11,周日,20:27:17,E823B1B5,1b66869a-b709-4954-8b97-e7c2bfe17fdc,3a6ee9f2-ec0c-4b6d-90e4-fca4b3cdb3ba,2b0aeb7c-3f54-48f1-bf4c-f2e10f5b002f:User 1,DENIED
2026,1月,11,周日,20:27:17,7CC6112F,f3eef4d7-17e3-4e42-9b9b-aabe03d81560,5953690c-45c9-4f40-b5b3-df067ecf4cab,fb30d9c2-1403-45f2-894a-78dbc8536890:User 34,DENIED
2026,1月,11,周日,20:27:17,0FEAC152,16b02378-7e5f-4848-928c-70a50df32db6,c65121ab-12fc-4966-b806-c87dd3b7f076,a5e74279-ab26-4adf-84b2-ae3c04bffc20:User 188,DENIED
2026,1月,11,周日,20:27:17,60DA3310,79e166cb-e810-4bd7-b3da-8c2063a10654,868714f4-8c61-4b5d-9f10-e22d9b969143,f58874ff-95f9-4277-a959-a87a40a1fc73:User 38,DENIED
2026,1月,11,周日,20:27:17,BACB8EDD,53687c24-f9ea-4921-96c9-23e524e9ab10,813e4e52-5a00-413c-a891-05013da581ff,d44a48d0-bdea-4613-9931-280703e6d79b:User 145,DENIED
2026,1月,11,周日,20:27:17,54F84D62,c54729aa-fce2-4e14-badc-5f7fbfa1de49,8af984fb-ae86-4385-8e7e-b9b56beaf03f,5e37be5f-151c-4e65-9780-5afe2edf6fdc:User 25,DENIED
2026,1月,11,周日,20:27:17,D85AA816,65693a88-73e2-4cea-a7a1-f9f66e87e987,46c3835b-f0b7-46f9-a1a8-e60f92cc743a,40dbda3d-3778-48c5-bfea-fac01d37a5bd:User 64,DENIED
2026,1月,11,周日,20:27:17,1B89633E,16b02378-7e5f-4848-928c-70a50df32db6,c65121ab-12fc-4966-b806-c87dd3b7f076,4d0e41fd-85d6-44d1-8efc-f67d052b281c:User 41,DENIED
2026,1月,11,周日,20:27:17,648AAE4A,70ad87f3-147f-4f03-a266-ca45ad21148c,efabfe47-19e8-43db-a45f-5498415d978c,cfd2e3b6-e4d1-43df-b68f-30c66c041e2f:User 109,DENIED
2026,1月,11,周日,20:27:17,D111582B,e7e0bc70-3e5a-43f9-be48-c4ba0341bdaa,f89fb1b7-1db9-4975-80a5-c3a85f6f4574,f56d7dc9-1e04-4505-a4bb-e80a9e8d5908:User 123,DENIED
2026,1月,11,周日,20:27:17,1329FEAA,79f2879a-de1b-4f95-b5aa-4f3982938ce4,b6ede591-f236-44b5-9607-96f7a84ac0bc,ce577d87-1829-464f-a5b0-142da5198fd0:User 130,DENIED
2026,1月,11,周日,20:27:17,729BC539,747204d4-1207-4613-b1f6-1123a64d4bae,c7db699a-0fcc-4dd1-93dd-ded492ecc52d,5cba0059-82ce-46ac-8593-532009507aa1:User 48,DENIED
2026,1月,11,周日,20:27:17,7DB77A37,297874e0-a56b-4ce9-b02b-30504ec46f4c,87583732-aff9-43ab-81be-ea7312152eb0,83968731-74cc-4baf-990d-000f2f4a074b:User 18,DENIED
2026,1月,11,周日,20:27:17,F6D08966,f3eef4d7-17e3-4e42-9b9b-aabe03d81560,5953690c-45c9-4f40-b5b3-df067ecf4cab,ec40dbfe-da85-4c41-9936-839e6691b4c8:User 103,DENIED
2026,1月,11,周日,20:27:17,7C36DC53,0be70602-ffb6-4703-b34b-1019cf76e655,8e762bad-5107-4ccb-91e4-20cb7d5cd5aa,fcc41e72-fbbe-49ce-bd88-5c8182237945:User 121,DENIED
2026,1月,11,周日,20:27:17,C48156E5,732ab68f-bbee-4ded-8c9a-1eac02ef4fcf,b75dbdaf-0548-4dd8-ae94-981684ee6a79,629af980-0eec-4ea4-88de-cbbec17d1909:User 9,DENIED
2026,1月,11,周日,20:27:17,292208D4,d6dea81b-2545-441f-91ce-46d206777f11,ecb54cca-7179-4f82-905b-04bc2c58c746,b4b79259-6847-4905-954f-607056f6f425:User 29,DENIED
2026,1月,11,周日,20:27:17,266DCB02,93ee461f-790a-4449-8527-be0ff2b412bf,8673c600-d01d-4cde-ad5e-94d3ee9d7fd9,fe1b073d-1b9b-4c84-8045-44a6f884d752:User 76,DENIED
2026,1月,11,周日,20:27:17,3F62E754,f3eef4d7-17e3-4e42-9b9b-aabe03d81560,5953690c-45c9-4f40-b5b3-df067ecf4cab,63785577-859c-43e1-89eb-9d2481500a93:User 74,DENIED
2026,1月,11,周日,20:27:17,8661F24F,79e166cb-e810-4bd7-b3da-8c2063a10654,868714f4-8c61-4b5d-9f10-e22d9b969143,213f8fa9-e6fa-46bb-82a1-1c459f2c5882:User 81,DENIED
2026,1月,11,周日,20:27:17,041A000C,79f2879a-de1b-4f95-b5aa-4f3982938ce4,b6ede591-f236-44b5-9607-96f7a84ac0bc,e96c82f3-b87a-4f17-81b7-0e2b6c4a031c:User 174,DENIED
2026,1月,11,周日,20:27:17,618F82E6,9da65607-0afe-41b0-bbfa-082f65d3c420,0a7b150c-13a9-4c01-bd24-601d9e4546fa,c2579e01-2ae1-486b-9a0c-55fea27f3a93:User 124,DENIED
2026,1月,11,周日,20:27:17,BB8111DA,914ebf41-7847-419d-ae5b-45986f4ee3c8,dc040e2b-56aa-4ba2-9a35-beb305625d9c,0f0cf15a-ca2e-400c-8c56-a98b71965c1b:User 23,DENIED
2026,1月,11,周日,20:27:17,797220ED,914ebf41-7847-419d-ae5b-45986f4ee3c8,dc040e2b-56aa-4ba2-9a35-beb305625d9c,75ee0253-5df1-4bb3-b971-54b15993399f:User 40,DENIED
2026,1月,11,周日,20:27:17,0BBF12B6,5f741446-39a7-4d45-9906-cddcfd4f5658,80e24623-c1fa-4a45-8edf-cbd2377e52a6,5373d645-a224-488d-a864-9cc9cb69542e:User 98,DENIED
2026,1月,11,周日,20:27:17,49CC48E1,5f741446-39a7-4d45-9906-cddcfd4f5658,80e24623-c1fa-4a45-8edf-cbd2377e52a6,2d57bfc9-0dc7-4d0c-bac9-e7ba2a3d431b:User 168,DENIED
2026,1月,11,周日,20:27:17,ED814693,c562380c-bdd3-4f70-bbfb-a757e48413a7,b85ea175-7378-411e-a070-d9592b52676c,1bb2eb2b-9675-4333-a7e8-7b7237b2c790:User 29,DENIED
2026,1月,11,周日,20:27:17,8661F24F,79e166cb-e810-4bd7-b3da-8c2063a10654,868714f4-8c61-4b5d-9f10-e22d9b969143,213f8fa9-e6fa-46bb-82a1-1c459f2c5882:User 81,DENIED
2026,1月,11,周日,20:27:17,578EF3A0,9620bf95-f2fc-481f-9a3b-db9d43dfadf1,850c8962-9f45-4aa4-9f24-0111562de84b,465e15e0-481b-46cd-b1dc-6d7558d6c291:User 27,DENIED
2026,1月,11,周日,20:27:17,BF43D708,d6dea81b-2545-441f-91ce-46d206777f11,ecb54cca-7179-4f82-905b-04bc2c58c746,4f7c8c0e-fa40-4a3d-990e-e99d97c4bd62:User 106,DENIED
2026,1月,11,周日,20:27:17,80FBFCDD,9620bf95-f2fc-481f-9a3b-db9d43dfadf1,850c8962-9f45-4aa4-9f24-0111562de84b,b06a469d-42fb-4ba4-8f5b-2590ab842f7c:User 33,DENIED
2026,1月,11,周日,20:27:17,38C54819,be9c74f9-b0e5-4618-9e09-8b65355b062e,93141aef-f0e8-4064-80da-ceb24fa6efa1,9d502ca4-e3bc-4000-83bd-dde84b77a006:User 49,DENIED
2026,1月,11,周日,20:27:17,B9E78EF0,e7e0bc70-3e5a-43f9-be48-c4ba0341bdaa,f89fb1b7-1db9-4975-80a5-c3a85f6f4574,cfd3a6c3-c232-4e29-ba0e-35b711164699:User 134,DENIED
2026,1月,11,周日,20:27:17,AA1B2884,79e166cb-e810-4bd7-b3da-8c2063a10654,868714f4-8c61-4b5d-9f10-e22d9b969143,dc8f0c7b-d444-4b44-84ec-634493337fce:User 111,DENIED
2026,1月,11,周日,20:27:17,56D599B0,52693879-01fa-45f0-9fca-666e027b53f1,4163061f-41ab-4dfb-bfc7-a334ed885086,82dadda4-4101-4cb8-809e-96f099892135:User 37,DENIED
2026,1月,11,周日,20:27:17,F86EE8B3,924693ab-4968-4524-b4b2-be6e548af518,0b14d6c7-f34b-409f-a647-b67d8f795308,ea2de7f9-7a1d-4db6-bfb8-7918491e9c64:User 42,DENIED
2026,1月,11,周日,20:27:17,60DA3310,52693879-01fa-45f0-9fca-666e027b53f1,4163061f-41ab-4dfb-bfc7-a334ed885086,f58874ff-95f9-4277-a959-a87a40a1fc73:User 38,DENIED
2026,1月,11,周日,20:27:17,74F047BA,4fc60dbb-44c0-4399-ac1a-cfac8d0102c8,715e699d-3040-442f-9f38-68c70a0f67d0,e4a318cd-db78-4eed-a72a-0403159e4d8c:User 9,DENIED
2026,1月,11,周日,20:27:17,AE3F7738,297874e0-a56b-4ce9-b02b-30504ec46f4c,87583732-aff9-43ab-81be-ea7312152eb0,b68efa35-cc49-4a80-a9c4-c8da5392a145:User 122,DENIED
2026,1月,11,周日,20:27:17,02E22861,5c980ee0-2ea8-4567-a531-5eaa984a1a4a,a2b08738-cba6-4f87-9011-d2897b29cfa4,1e4ce448-9215-409f-a884-9b3ce4d33005:User 149,DENIED
2026,1月,11,周日,20:27:17,99E67F36,621f42d2-6033-4dd5-86bc-3ef95ac4f347,1243ed84-de07-4125-9e0e-719db7e75dbc,363303ee-3cc5-45f4-ae0c-559d3e79c811:User 165,DENIED
2026,1月,11,周日,20:27:17,53FA4769,5f078c7b-e28e-4f96-8ee4-d2868ba692f9,ad62e913-8354-4349-adc0-2dd51be30df9,7aac74ef-3078-46e1-841f-7b1a84c5bad1:User 69,DENIED
2026,1月,11,周日,20:27:17,35AF238D,70ad87f3-147f-4f03-a266-ca45ad21148c,efabfe47-19e8-43db-a45f-5498415d978c,9c4ab1f8-250a-4970-bf4f-a50e221e7400:User 4,DENIED
2026,1月,11,周日,20:27:17,DA778815,914ebf41-7847-419d-ae5b-45986f4ee3c8,dc040e2b-56aa-4ba2-9a35-beb305625d9c,7d623ab5-c21d-4eb8-990e-c100c2a4db94:User 16,DENIED
2026,1月,11,周日,20:27:17,0E73E9A4,89dc19d8-6391-4ce5-ac5f-40e1a0306b5c,9287f79c-a896-4a17-adbe-ae5c1cd8fb29,763f7d78-2043-442c-ab80-b9ef428cb82f:User 5,DENIED
2026,1月,11,周日,20:27:17,BF100359,914ebf41-7847-419d-ae5b-45986f4ee3c8,dc040e2b-56aa-4ba2-9a35-beb305625d9c,696a5b7f-e60b-47d2-8720-78f5e4af1047:User 89,DENIED
2026,1月,11,周日,20:27:17,BF43D708,322e4308-8a53-4e5b-88e0-75c295071b97,49c27197-4186-4607-bdc4-b91c1fbfb68b,4f7c8c0e-fa40-4a3d-990e-e99d97c4bd62:User 106,DENIED
2026,1月,11,周日,20:27:17,9CAFB481,79f2879a-de1b-4f95-b5aa-4f3982938ce4,b6ede591-f236-44b5-9607-96f7a84ac0bc,09f56a4c-9b3f-424f-b470-66cc394951d2:User 144,DENIED
2026,1月,11,周日,20:27:17,C48156E5,914ebf41-7847-419d-ae5b-45986f4ee3c8,dc040e2b-56aa-4ba2-9a35-beb305625d9c,629af980-0eec-4ea4-88de-cbbec17d1909:User 9,DENIED
2026,1月,11,周日,20:27:17,CB51051E,924693ab-4968-4524-b4b2-be6e548af518,0b14d6c7-f34b-409f-a647-b67d8f795308,cc21bafb-9e4c-4db3-a24e-c2fb712d0cec:User 185,DENIED
2026,1月,11,周日,20:27:17,AA1B2884,9ca441b2-b1a1-4920-ba5c-6dbfa867e3e8,cdc6f9a1-a7c1-4db8-a639-497a80d2f94b,dc8f0c7b-d444-4b44-84ec-634493337fce:User 111,DENIED
2026,1月,11,周日,20:27:17,B9E78EF0,db243b05-b592-4199-a64e-3c9ee6e65fbd,8dfdb42d-05ec-4be5-a0f8-18a6420764cb,cfd3a6c3-c232-4e29-ba0e-35b711164699:User 134,DENIED
2026,1月,11,周日,20:27:17,4EAB30D6,93ee461f-790a-4449-8527-be0ff2b412bf,8673c600-d01d-4cde-ad5e-94d3ee9d7fd9,a46155a8-5e53-49b7-a5f9-040b9c117fde:User 13,DENIED
2026,1月,11,周日,20:27:17,0E73E9A4,729ef629-44a5-4f46-aef4-a30288c414db,2ce55221-e6ac-4e68-a139-89c65c486551,763f7d78-2043-442c-ab80-b9ef428cb82f:User 5,DENIED
2026,1月,11,周日,20:27:17,C627B25D,ba1fffd1-2a67-4cb9-90a1-7228035dbb99,0422e414-4fa9-48ec-a7d9-43200f68b098,9d5e9fe2-c55b-4885-9d1f-b045e670f677:User 195,DENIED
2026,1月,11,周日,20:27:17,D8738B2D,01260115-5e52-42db-ad95-ec77bcd659b8,08a7dff8-aa46-40b0-bd88-7a7c8416c011,114f1a42-9c53-4209-85d7-a462bd450d01:User 196,DENIED
2026,1月,11,周日,20:27:17,56D599B0,747204d4-1207-4613-b1f6-1123a64d4bae,c7db699a-0fcc-4dd1-93dd-ded492ecc52d,82dadda4-4101-4cb8-809e-96f099892135:User 37,DENIED
2026,1月,11,周日,20:27:17,392C3F12,ba1fffd1-2a67-4cb9-90a1-7228035dbb99,0422e414-4fa9-48ec-a7d9-43200f68b098,df8d387c-8732-416d-9f11-3acb1284418c:User 63,DENIED
2026,1月,11,周日,20:27:17,4F3982D5,9ca441b2-b1a1-4920-ba5c-6dbfa867e3e8,cdc6f9a1-a7c1-4db8-a639-497a80d2f94b,da0b10a1-38a5-435b-8364-f7e53e67d500:User 90,DENIED
2026,1月,11,周日,20:27:17,61AE91D8,59306181-f165-4645-8b4c-2bfed7a96f64,d7c26892-d2d2-4ad1-b74b-456664459590,781b41c7-deb0-480d-86e6-e5868815fc39:User 14,DENIED
2026,1月,11,周日,20:27:17,13DF5D8E,89dc19d8-6391-4ce5-ac5f-40e1a0306b5c,9287f79c-a896-4a17-adbe-ae5c1cd8fb29,c5086250-7692-43e0-b10b-54952bc27386:User 95,DENIED
2026,1月,11,周日,20:27:17,32DB0D3A,732ab68f-bbee-4ded-8c9a-1eac02ef4fcf,b75dbdaf-0548-4dd8-ae94-981684ee6a79,42f77996-1313-4c2d-b7bd-09102d3e87ce:User 175,DENIED
2026,1月,11,周日,20:27:17,CC77ABC3,ba1fffd1-2a67-4cb9-90a1-7228035dbb99,0422e414-4fa9-48ec-a7d9-43200f68b098,8a342194-7f8d-4cc0-96e4-5188201218ec:User 184,DENIED
2026,1月,11,周日,20:27:17,266DCB02,297874e0-a56b-4ce9-b02b-30504ec46f4c,87583732-aff9-43ab-81be-ea7312152eb0,fe1b073d-1b9b-4c84-8045-44a6f884d752:User 76,DENIED
2026,1月,11,周日,20:27:17,086E3300,c562380c-bdd3-4f70-bbfb-a757e48413a7,b85ea175-7378-411e-a070-d9592b52676c,e869d877-4d4e-49f1-a0c0-022395b9049f:User 55,DENIED
2026,1月,11,周日,20:27:17,7C533D82,af93e80c-505a-4f4a-a0e6-81ebd2faa429,4559ddc4-146e-4795-934b-389ea44d10f7,6e4db8c8-a39f-41aa-9345-7203a4f75a0d:User 131,DENIED
2026,1月,11,周日,20:27:17,89766678,dff57c19-308d-461c-8dea-13d9a7e54222,13fdec8c-3dd9-4a53-aaab-ca535abe2cb5,30ac71de-9a09-4518-af2e-0040da87e35c:User 36,DENIED
2026,1月,11,周日,20:27:17,9044C1DC,12eba4f8-180f-4727-836c-80337bbfde81,b0591a0f-a5c6-4c92-b893-9d51d8f1a4da,107df285-c666-4fe3-b435-53f3a25e56cf:User 159,DENIED
2026,1月,11,周日,20:27:17,C90EB4BE,f3eef4d7-17e3-4e42-9b9b-aabe03d81560,5953690c-45c9-4f40-b5b3-df067ecf4cab,3bf985e5-7789-4332-a66d-2f3d3e1d1581:User 105,DENIED
2026,1月,11,周日,20:27:17,7730706B,79e166cb-e810-4bd7-b3da-8c2063a10654,868714f4-8c61-4b5d-9f10-e22d9b969143,ae2aea46-003f-409c-a5c4-989599b8aa09:User 87,DENIED
2026,1月,11,周日,20:27:17,25FB24D1,0be70602-ffb6-4703-b34b-1019cf76e655,8e762bad-5107-4ccb-91e4-20cb7d5cd5aa,8c284b9e-1b43-485d-b781-eef32469232d:User 182,DENIED
2026,1月,11,周日,20:27:17,931E3C47,bd6e0c72-d0ea-4b60-ac0a-f371cfce9fcd,7bfe268b-3120-4387-ad55-4e08de557456,be44d290-38d7-4bed-b1fa-d71abaa502e1:User 15,DENIED
2026,1月,11,周日,20:27:17,9DC3FE7B,621f42d2-6033-4dd5-86bc-3ef95ac4f347,1243ed84-de07-4125-9e0e-719db7e75dbc,2a124bd4-b6ae-4aa7-a618-ee436160ec6a:User 68,DENIED
2026,1月,11,周日,20:27:17,C4B35DDD,621f42d2-6033-4dd5-86bc-3ef95ac4f347,1243ed84-de07-4125-9e0e-719db7e75dbc,cb5ca9ee-2418-46e4-a858-9bc476b24ed7:User 20,DENIED
2026,1月,11,周日,20:27:17,DF4E17A7,5f741446-39a7-4d45-9906-cddcfd4f5658,80e24623-c1fa-4a45-8edf-cbd2377e52a6,13dcdbfa-03e3-4ae3-bc33-4e188a225860:User 193,DENIED
2026,1月,11,周日,20:27:17,729BC539,01260115-5e52-42db-ad95-ec77bcd659b8,08a7dff8-aa46-40b0-bd88-7a7c8416c011,5cba0059-82ce-46ac-8593-532009507aa1:User 48,DENIED
2026,1月,11,周日,20:27:17,BB8111DA,af93e80c-505a-4f4a-a0e6-81ebd2faa429,4559ddc4-146e-4795-934b-389ea44d10f7,0f0cf15a-ca2e-400c-8c56-a98b71965c1b:User 23,DENIED
2026,1月,11,周日,20:27:17,70D23C79,d6dea81b-2545-441f-91ce-46d206777f11,ecb54cca-7179-4f82-905b-04bc2c58c746,1c03c13e-f18b-4d12-98f9-b227892847ad:User 170,DENIED
2026,1月,11,周日,20:27:17,C627B25D,297874e0-a56b-4ce9-b02b-30504ec46f4c,87583732-aff9-43ab-81be-ea7312152eb0,9d5e9fe2-c55b-4885-9d1f-b045e670f677:User 195,DENIED
2026,1月,11,周日,20:27:17,A9D8C3D4,dff57c19-308d-461c-8dea-13d9a7e54222,13fdec8c-3dd9-4a53-aaab-ca535abe2cb5,9e479f4c-9bf4-4e74-9ad6-9becbf08a60e:User 129,DENIED
2026,1月,11,周日,20:27:17,AA1B2884,729ef629-44a5-4f46-aef4-a30288c414db,2ce55221-e6ac-4e68-a139-89c65c486551,dc8f0c7b-d444-4b44-84ec-634493337fce:User 111,DENIED
2026,1月,11,周日,20:27:17,266DCB02,4fc60dbb-44c0-4399-ac1a-cfac8d0102c8,715e699d-3040-442f-9f38-68c70a0f67d0,fe1b073d-1b9b-4c84-8045-44a6f884d752:User 76,DENIED
2026,1月,11,周日,20:27:17,02E22861,af93e80c-505a-4f4a-a0e6-81ebd2faa429,4559ddc4-146e-4795-934b-389ea44d10f7,1e4ce448-9215-409f-a884-9b3ce4d33005:User 149,DENIED
2026,1月,11,周日,20:27:17,7C533D82,732ab68f-bbee-4ded-8c9a-1eac02ef4fcf,b75dbdaf-0548-4dd8-ae94-981684ee6a79,6e4db8c8-a39f-41aa-9345-7203a4f75a0d:User 131,DENIED
2026,1月,11,周日,20:27:17,69F6436F,be9c74f9-b0e5-4618-9e09-8b65355b062e,93141aef-f0e8-4064-80da-ceb24fa6efa1,b8bd3746-aaca-448f-afbc-4a7a41db4275:User 146,DENIED
2026,1月,11,周日,20:27:17,69F6436F,4fc60dbb-44c0-4399-ac1a-cfac8d0102c8,715e699d-3040-442f-9f38-68c70a0f67d0,b8bd3746-aaca-448f-afbc-4a7a41db4275:User 146,DENIED
2026,1月,11,周日,20:27:17,A9D8C3D4,be9c74f9-b0e5-4618-9e09-8b65355b062e,93141aef-f0e8-4064-80da-ceb24fa6efa1,9e479f4c-9bf4-4e74-9ad6-9becbf08a60e:User 129,DENIED
2026,1月,11,周日,20:27:17,74F047BA,93ee461f-790a-4449-8527-be0ff2b412bf,8673c600-d01d-4cde-ad5e-94d3ee9d7fd9,e4a318cd-db78-4eed-a72a-0403159e4d8c:User 9,DENIED
2026,1月,11,周日,20:27:17,40B866BE,fb3cf09a-dde4-41c0-972d-983e578ac120,b1f6d680-200e-42be-a15e-ca718304cff7,b63ff382-2aa6-412a-a66a-b59e9710d9cf:User 127,DENIED
2026,1月,11,周日,20:27:17,B5C83EED,9ca441b2-b1a1-4920-ba5c-6dbfa867e3e8,cdc6f9a1-a7c1-4db8-a639-497a80d2f94b,5bb29d73-f6c9-40fd-9e59-1e245f89214c:User 112,DENIED
2026,1月,11,周日,20:27:17,855078EF,d5ac040c-b74e-4341-8ef2-eb2cae95c04b,e26a09ae-48de-463f-81b9-bac8f7dba6d4,ae64ef71-8f08-459e-b0b8-4a594f0e37ce:User 36,DENIED
2026,1月,11,周日,20:27:17,DEB1E280,d6dea81b-2545-441f-91ce-46d206777f11,ecb54cca-7179-4f82-905b-04bc2c58c746,0bb5c108-67fa-4176-9fad-5d1d64b293a7:User 155,DENIED
2026,1月,11,周日,20:27:17,706CA1E2,322e4308-8a53-4e5b-88e0-75c295071b97,49c27197-4186-4607-bdc4-b91c1fbfb68b,fdcfce63-9871-449f-92d5-a5b98a283b36:User 147,DENIED
2026,1月,11,周日,20:27:17,5CC70470,52693879-01fa-45f0-9fca-666e027b53f1,4163061f-41ab-4dfb-bfc7-a334ed885086,9fc1a5d1-0be6-4a0a-80f5-e5d86ff87ae7:User 172,DENIED
2026,1月,11,周日,20:27:17,946F7BE3,59306181-f165-4645-8b4c-2bfed7a96f64,d7c26892-d2d2-4ad1-b74b-456664459590,cc4141ee-bca5-4f59-8595-c446b1b5be92:User 177,DENIED
2026,1月,11,周日,20:27:17,CB51051E,12eba4f8-180f-4727-836c-80337bbfde81,b0591a0f-a5c6-4c92-b893-9d51d8f1a4da,cc21bafb-9e4c-4db3-a24e-c2fb712d0cec:User 185,DENIED
2026,1月,11,周日,20:27:17,1EFC8AAD,59306181-f165-4645-8b4c-2bfed7a96f64,d7c26892-d2d2-4ad1-b74b-456664459590,b55f918c-819f-480b-bbe4-1b9d332ae04c:User 31,DENIED
2026,1月,11,周日,20:27:17,70086B31,621f42d2-6033-4dd5-86bc-3ef95ac4f347,1243ed84-de07-4125-9e0e-719db7e75dbc,26733b01-91f4-4a55-8e2a-d115f6ba576e:User 114,DENIED
2026,1月,11,周日,20:27:17,9ABEC77A,e7e0bc70-3e5a-43f9-be48-c4ba0341bdaa,f89fb1b7-1db9-4975-80a5-c3a85f6f4574,c678f79a-6bb6-47f2-98e7-84f53a2987da:User 118,DENIED
2026,1月,11,周日,20:27:17,F86F57C4,747204d4-1207-4613-b1f6-1123a64d4bae,c7db699a-0fcc-4dd1-93dd-ded492ecc52d,cfc43640-73c4-4c45-9663-ac34339418c4:User 84,DENIED
2026,1月,11,周日,20:27:17,ACEF91DE,53687c24-f9ea-4921-96c9-23e524e9ab10,813e4e52-5a00-413c-a891-05013da581ff,852be9cd-dbc0-49a5-9c52-5d2e66518a53:User 32,DENIED
2026,1月,11,周日,20:27:17,855078EF,e7e0bc70-3e5a-43f9-be48-c4ba0341bdaa,f89fb1b7-1db9-4975-80a5-c3a85f6f4574,ae64ef71-8f08-459e-b0b8-4a594f0e37ce:User 36,DENIED
2026,1月,11,周日,20:27:17,5C526355,747204d4-1207-4613-b1f6-1123a64d4bae,c7db699a-0fcc-4dd1-93dd-ded492ecc52d,c252766c-8c45-4f1b-b27b-733facde7877:User 45,DENIED
2026,1月,11,周日,20:27:17,AE4EFE33,65693a88-73e2-4cea-a7a1-f9f66e87e987,46c3835b-f0b7-46f9-a1a8-e60f92cc743a,ca76d9e5-4400-4b91-88f3-9b78ae8672df:User 141,DENIED
2026,1月,11,周日,20:27:17,38C54819,4fc60dbb-44c0-4399-ac1a-cfac8d0102c8,715e699d-3040-442f-9f38-68c70a0f67d0,9d502ca4-e3bc-4000-83bd-dde84b77a006:User 49,DENIED
2026,1月,11,周日,20:27:17,D01762E7,16b02378-7e5f-4848-928c-70a50df32db6,c65121ab-12fc-4966-b806-c87dd3b7f076,09b07d8d-d580-4acc-84b1-370236a788ed:User 22,DENIED
2026,1月,11,周日,20:27:17,B81092E8,c54729aa-fce2-4e14-badc-5f7fbfa1de49,8af984fb-ae86-4385-8e7e-b9b56beaf03f,13a4388b-4bad-4d78-9ef4-ece11a53e246:User 138,DENIED
2026,1月,11,周日,20:27:17,DF9A6981,db243b05-b592-4199-a64e-3c9ee6e65fbd,8dfdb42d-05ec-4be5-a0f8-18a6420764cb,369db2e0-adad-4bf2-9978-03b900fc82ec:User 43,DENIED
2026,1月,11,周日,20:27:17,A4E54B4E,f19a373d-67c4-48ed-bfe3-3ef0796536e9,f70c1588-d00b-4277-b450-0af3f6feef11,8634a79e-74da-462c-96c6-035488f25b3e:User 57,DENIED
2026,1月,11,周日,20:27:17,946F7BE3,52693879-01fa-45f0-9fca-666e027b53f1,4163061f-41ab-4dfb-bfc7-a334ed885086,cc4141ee-bca5-4f59-8595-c446b1b5be92:User 177,DENIED
2026,1月,11,周日,20:27:17,AC1545C4,870c05c9-2e70-41a4-bf93-85de484a726a,51af542a-7613-42be-920d-f6a3b455a10b,30b18901-8263-4bd0-b460-ca51010425d4:User 24,DENIED
2026,1月,11,周日,20:27:17,DF9A6981,12eba4f8-180f-4727-836c-80337bbfde81,b0591a0f-a5c6-4c92-b893-9d51d8f1a4da,369db2e0-adad-4bf2-9978-03b900fc82ec:User 43,DENIED
2026,1月,11,周日,20:27:17,6ADA9637,5f741446-39a7-4d45-9906-cddcfd4f5658,80e24623-c1fa-4a45-8edf-cbd2377e52a6,a9729d54-1ae2-4d71-a4c9-ce6383348205:User 161,DENIED
2026,1月,11,周日,20:27:17,931E3C47,debab0d0-af9e-431a-9e80-00a7ace8ca1b,cf9cf014-b802-4795-8649-03a01ee41981,be44d290-38d7-4bed-b1fa-d71abaa502e1:User 15,DENIED
2026,1月,11,周日,20:27:17,FAA7017A,297874e0-a56b-4ce9-b02b-30504ec46f4c,87583732-aff9-43ab-81be-ea7312152eb0,543c3609-3d67-498e-91f2-c8e7dc4b0e30:User 22,DENIED
2026,1月,11,周日,20:27:17,C65D213C,621f42d2-6033-4dd5-86bc-3ef95ac4f347,1243ed84-de07-4125-9e0e-719db7e75dbc,c2be5229-9958-411b-a8d8-efa8a9654fe3:User 26,DENIED
2026,1月,11,周日,20:27:17,7730706B,70ad87f3-147f-4f03-a266-ca45ad21148c,efabfe47-19e8-43db-a45f-5498415d978c,ae2aea46-003f-409c-a5c4-989599b8aa09:User 87,DENIED
2026,1月,11,周日,20:27:17,6ADA9637,5c980ee0-2ea8-4567-a531-5eaa984a1a4a,a2b08738-cba6-4f87-9011-d2897b29cfa4,a9729d54-1ae2-4d71-a4c9-ce6383348205:User 161,DENIED
2026,1月,11,周日,20:27:17,1E54360A,a3668d39-fb96-48e5-948d-d8d77eb1782f,69089920-6b00-4a9d-8de6-871d47f03e6c,44af10c7-bb6e-450e-98b9-e543b5b7cd85:User 189,DENIED
2026,1月,11,周日,20:27:17,8345EC1C,641f008a-67f7-4eb0-8dc5-9db82e0f2a65,7cca50aa-de0d-4292-babb-80ab0f12add2,0c85194c-5b53-4155-9ac4-f8d4fc386204:User 171,DENIED
2026,1月,11,周日,20:27:17,2A52FD69,729ef629-44a5-4f46-aef4-a30288c414db,2ce55221-e6ac-4e68-a139-89c65c486551,403919d4-c15f-4953-b2f1-4eb0158895df:User 41,DENIED
2026,1月,11,周日,20:27:17,BFBEC9D4,e7e0bc70-3e5a-43f9-be48-c4ba0341bdaa,f89fb1b7-1db9-4975-80a5-c3a85f6f4574,a67bc504-2168-4beb-b168-90728a93b957:User 65,DENIED
2026,1月,11,周日,20:27:17,46439497,79f2879a-de1b-4f95-b5aa-4f3982938ce4,b6ede591-f236-44b5-9607-96f7a84ac0bc,93dbc7a8-8cff-465b-8874-abbdb4dd71f6:User 132,DENIED
2026,1月,11,周日,20:27:17,9044C1DC,e7e0bc70-3e5a-43f9-be48-c4ba0341bdaa,f89fb1b7-1db9-4975-80a5-c3a85f6f4574,107df285-c666-4fe3-b435-53f3a25e56cf:User 159,DENIED
2026,1月,11,周日,20:27:17,DE842453,f4cf5168-8a65-4f89-9ee7-89b2310c43ce,782d47f0-3c55-4edb-a1b1-285f046ddfa7,fcbaa7a2-cd83-4e9e-96a9-47d14060eb1e:User 197,DENIED
2026,1月,11,周日,20:27:17,4F3982D5,d6dea81b-2545-441f-91ce-46d206777f11,ecb54cca-7179-4f82-905b-04bc2c58c746,da0b10a1-38a5-435b-8364-f7e53e67d500:User 90,DENIED
2026,1月,11,周日,20:27:17,9F0AFF70,729ef629-44a5-4f46-aef4-a30288c414db,2ce55221-e6ac-4e68-a139-89c65c486551,850cecb9-7b1e-4f4b-9d38-356a0f540254:User 157,DENIED
2026,1月,11,周日,20:27:17,A3C30531,d777dc15-826e-439a-a544-ad16591daa7d,788dd0e0-5b8f-4125-b501-356f2e66f766,dc0531cf-6327-4df8-81c6-f7413c1e3495:User 7,DENIED
2026,1月,11,周日,20:27:17,AAE34986,dff57c19-308d-461c-8dea-13d9a7e54222,13fdec8c-3dd9-4a53-aaab-ca535abe2cb5,6ae05510-4677-4374-b2f2-febb44adb823:User 71,DENIED
2026,1月,11,周日,20:27:17,1A9BFEDC,9620bf95-f2fc-481f-9a3b-db9d43dfadf1,850c8962-9f45-4aa4-9f24-0111562de84b,e8184696-361e-4dc5-adff-81aa31795601:User 13,DENIED
2026,1月,11,周日,20:27:17,D1350950,924693ab-4968-4524-b4b2-be6e548af518,0b14d6c7-f34b-409f-a647-b67d8f795308,436c83c2-32e3-4cd9-b628-77a832afe607:User 80,DENIED
2026,1月,11,周日,20:27:17,266DCB02,fb3cf09a-dde4-41c0-972d-983e578ac120,b1f6d680-200e-42be-a15e-ca718304cff7,fe1b073d-1b9b-4c84-8045-44a6f884d752:User 76,DENIED
2026,1月,11,周日,20:27:17,46439497,f19a373d-67c4-48ed-bfe3-3ef0796536e9,f70c1588-d00b-4277-b450-0af3f6feef11,93dbc7a8-8cff-465b-8874-abbdb4dd71f6:User 132,DENIED
2026,1月,11,周日,20:27:17,F0A9B461,641f008a-67f7-4eb0-8dc5-9db82e0f2a65,7cca50aa-de0d-4292-babb-80ab0f12add2,1b1d381d-2000-4940-a8ff-5216a508963b:User 23,DENIED
2026,1月,11,周日,20:27:17,27733E41,f3eef4d7-17e3-4e42-9b9b-aabe03d81560,5953690c-45c9-4f40-b5b3-df067ecf4cab,4380bdb4-896f-489e-a791-a2f2898ac3d8:User 37,DENIED
2026,1月,11,周日,20:27:17,9DC3FE7B,914ebf41-7847-419d-ae5b-45986f4ee3c8,dc040e2b-56aa-4ba2-9a35-beb305625d9c,2a124bd4-b6ae-4aa7-a618-ee436160ec6a:User 68,DENIED
2026,1月,11,周日,20:27:17,BFA9EE4E,dff57c19-308d-461c-8dea-13d9a7e54222,13fdec8c-3dd9-4a53-aaab-ca535abe2cb5,b4cde930-d1ea-4051-bf61-c0c0d6ce810a:User 176,DENIED
2026,1月,11,周日,20:27:17,9CAFB481,65693a88-73e2-4cea-a7a1-f9f66e87e987,46c3835b-f0b7-46f9-a1a8-e60f92cc743a,09f56a4c-9b3f-424f-b470-66cc394951d2:User 144,DENIED
2026,1月,11,周日,20:27:17,B81092E8,9da65607-0afe-41b0-bbfa-082f65d3c420,0a7b150c-13a9-4c01-bd24-601d9e4546fa,13a4388b-4bad-4d78-9ef4-ece11a53e246:User 138,DENIED
2026,1月,11,周日,20:27:17,C65D213C,93ee461f-790a-4449-8527-be0ff2b412bf,8673c600-d01d-4cde-ad5e-94d3ee9d7fd9,c2be5229-9958-411b-a8d8-efa8a9654fe3:User 26,DENIED
2026,1月,11,周日,21:05:22,DE6235AC,9620bf95-f2fc-481f-9a3b-db9d43dfadf1,850c8962-9f45-4aa4-9f24-0111562de84b,913185f2-05d1-405f-9700-d84ab5df2362:User 52,DENIED
