2026,1月,13,周二,14:54:01,DF4F65FA,SIMBR0394,SIMR0394,SIMU0124:User 124,GRANTED
2026,1月,13,周二,14:54:01,D3A70655,SIMBR0366,SIMR0366,SIMU0107:User 107,GRANTED
2026,1月,13,周二,14:54:01,C6A1DEEB,SIMBR0180,SIMR0180,SIMU0175:User 175,GRANTED
2026,1月,13,周二,14:54:01,2A4E4C17,SIMBR0006,SIMR0006,SIMU0168:User 168,GRANTED
2026,1月,13,周二,14:54:01,0EC771E6,BR012,RES005,SIMU0252:User 252,DENIED
2026,1月,13,周二,14:54:01,88FF8EF2,SIMBR0153,SIMR0153,SIMU0206:User 206,GRANTED
2026,1月,13,周二,14:54:01,DEBE98DF,SIMBR0352,SIMR0352,SIMU0189:User 189,GRANTED
2026,1月,13,周二,14:54:01,6E7782F8,SIMBR0263,SIMR0263,INT001:Zhao Liu,DENIED
2026,1月,13,周二,14:54:01,2D6ECED1,SIMBR0397,SIMR0397,SIMU0234:User 234,GRANTED
2026,1月,13,周二,14:54:01,08B71C09,SIMBR0357,SIMR0357,SIMU0253:User 253,GRANTED
2026,1月,13,周二,14:54:01,D763188D,SIMBR0104,SIMR0104,SIMU0130:User 130,GRANTED
2026,1月,13,周二,14:54:01,4BEECFEB,BR018,RES011,SIMU0117:User 117,DENIED
2026,1月,13,周二,14:54:01,95379CDB,SIMBR0280,SIMR0280,f46ee39b-ac9d-4193-a478-f8cfc35cec07:gagaga a,GRANTED
2026,1月,13,周二,14:54:01,16A446D4,SIMBR0092,SIMR0092,SIMU0201:User 201,GRANTED
2026,1月,13,周二,14:54:01,02FCAAFD,SIMBR0295,SIMR0295,SIMU0248:User 248,GRANTED
2026,1月,13,周二,14:54:01,FF6E7B7D,SIMBR0023,SIMR0023,SIMU0229:User 229,GRANTED
2026,1月,13,周二,14:54:01,19C83547,SIMBR0267,SIMR0267,SIMU0266:User 266,GRANTED
2026,1月,13,周二,14:54:01,B3D7FE0C,SIMBR0314,SIMR0314,SIMU0016:User 16,GRANTED
2026,1月,13,周二,14:54:01,B45868CC,SIMBR0380,SIMR0380,SIMU0174:User 174,GRANTED
2026,1月,13,周二,14:54:01,B335B7A5,SIMBR0201,SIMR0201,SIMU0202:User 202,GRANTED
2026,1月,13,周二,14:54:01,C1C7FE58,SIMBR0147,SIMR0147,SIMU0108:User 108,GRANTED
2026,1月,13,周二,14:54:01,7F36E59B,SIMBR0010,SIMR0010,SIMU0159:User 159,GRANTED
2026,1月,13,周二,14:54:01,7481E135,SIMBR0359,SIMR0359,SIMU0282:User 282,GRANTED
2026,1月,13,周二,14:54:01,C5662963,SIMBR0198,SIMR0198,SIMU0143:User 143,GRANTED
2026,1月,13,周二,14:54:01,5CA6D470,SIMBR0400,SIMR0400,SIMU0146:User 146,GRANTED
2026,1月,13,周二,14:54:01,397487A8,SIMBR0390,SIMR0390,SIMU0076:User 76,GRANTED
2026,1月,13,周二,14:54:01,D1E93663,SIMBR0110,SIMR0110,SIMU0235:User 235,GRANTED
2026,1月,13,周二,14:54:01,E8480FE4,SIMBR0343,SIMR0343,SIMU0209:User 209,GRANTED
2026,1月,13,周二,14:54:01,438E9BF0,SIMBR0057,SIMR0057,SIMU0057:User 57,GRANTED
2026,1月,13,周二,14:54:01,968BEA98,SIMBR0159,SIMR0159,SIMU0151:User 151,GRANTED
2026,1月,13,周二,14:54:01,2B614E0C,SIMBR0264,SIMR0264,SIMU0164:User 164,GRANTED
2026,1月,13,周二,14:54:01,D53BB718,BR020,RES013,SIMU0270:User 270,DENIED
2026,1月,13,周二,14:54:01,53DC8CA9,SIMBR0049,SIMR0049,SIMU0007:User 7,GRANTED
2026,1月,13,周二,14:54:01,45E5372A,SIMBR0146,SIMR0146,SIMU0002:User 2,GRANTED
2026,1月,13,周二,14:54:01,8C4E2F9D,SIMBR0136,SIMR0136,SIMU0180:User 180,GRANTED
2026,1月,13,周二,14:54:01,42A684F2,SIMBR0216,SIMR0216,SIMU0123:User 123,GRANTED
2026,1月,13,周二,14:54:01,6CAF0FB3,SIMBR0125,SIMR0125,SIMU0148:User 148,GRANTED
2026,1月,13,周二,14:54:01,9F85BAB6,SIMBR0321,SIMR0321,SIMU0031:User 31,GRANTED
2026,1月,13,周二,14:54:01,D763188D,SIMBR0329,SIMR0329,SIMU0130:User 130,GRANTED
2026,1月,13,周二,14:54:01,F615ED55,SIMBR0393,SIMR0393,SIMU0115:User 115,GRANTED
2026,1月,13,周二,14:54:01,796E035A,SIMBR0333,SIMR0333,SIMU0158:User 158,GRANTED
2026,1月,13,周二,14:54:01,00BB87D3,SIMBR0144,SIMR0144,SIMU0059:User 59,GRANTED
2026,1月,13,周二,14:54:01,31EC8E2A,SIMBR0080,SIMR0080,SIMU0284:User 284,GRANTED
2026,1月,13,周二,14:54:01,67A58C4C,SIMBR0025,SIMR0025,SIMU0012:User 12,GRANTED
2026,1月,13,周二,14:54:01,A90144E9,SIMBR0267,SIMR0267,SIMU0096:User 96,GRANTED
2026,1月,13,周二,14:54:01,7A015C31,SIMBR0039,SIMR0039,SIMU0280:User 280,GRANTED
2026,1月,13,周二,14:54:01,ECBB92E5,SIMBR0213,SIMR0213,SIMU0292:User 292,GRANTED
2026,1月,13,周二,14:54:01,78D74DDD,BR016,RES009,VIS001:Qian Qi,DENIED
2026,1月,13,周二,14:54:01,FBEC0C91,SIMBR0052,SIMR0052,SIMU0017:User 17,GRANTED
2026,1月,13,周二,14:54:01,646A37B3,SIMBR0389,SIMR0389,SIMU0200:User 200,GRANTED
2026,1月,13,周二,14:54:01,C5662963,SIMBR0254,SIMR0254,SIMU0143:User 143,GRANTED
2026,1月,13,周二,14:54:01,8881AC83,SIMBR0260,SIMR0260,SIMU0198:User 198,GRANTED
2026,1月,13,周二,14:54:01,C4504250,SIMBR0358,SIMR0358,SIMU0052:User 52,GRANTED
2026,1月,13,周二,14:54:01,AD9F62CD,SIMBR0009,SIMR0009,SIMU0092:User 92,GRANTED
2026,1月,13,周二,14:54:01,F6C99026,SIMBR0211,SIMR0211,SIMU0208:User 208,GRANTED
2026,1月,13,周二,14:54:01,BF88A1CE,SIMBR0017,SIMR0017,SIMU0160:User 160,GRANTED
2026,1月,13,周二,14:54:01,A7E186B8,SIMBR0146,SIMR0146,SIMU0179:User 179,GRANTED
2026,1月,13,周二,14:54:01,7A015C31,SIMBR0065,SIMR0065,SIMU0280:User 280,GRANTED
2026,1月,13,周二,14:54:01,E8771983,SIMBR0379,SIMR0379,SIMU0131:User 131,GRANTED
2026,1月,13,周二,14:54:01,DC026729,SIMBR0110,SIMR0110,SIMU0103:User 103,GRANTED
2026,1月,13,周二,14:54:01,04EDBC1A,SIMBR0185,SIMR0185,SIMU0071:User 71,GRANTED
2026,1月,13,周二,14:54:01,7AA8E7ED,SIMBR0224,SIMR0224,SIMU0184:User 184,GRANTED
2026,1月,13,周二,14:54:01,8884C7F3,SIMBR0105,SIMR0105,SIMU0220:User 220,GRANTED
2026,1月,13,周二,14:54:01,B49050D7,SIMBR0341,SIMR0341,SIMU0203:User 203,GRANTED
2026,1月,13,周二,14:54:01,5F111D08,SIMBR0049,SIMR0049,SIMU0204:User 204,GRANTED
2026,1月,13,周二,14:54:01,BF88A1CE,SIMBR0065,SIMR0065,SIMU0160:User 160,GRANTED
2026,1月,13,周二,14:54:01,CCDCEC0D,SIMBR0223,SIMR0223,SIMU0273:User 273,GRANTED
2026,1月,13,周二,14:54:01,47F239E7,SIMBR0368,SIMR0368,SIMU0191:User 191,GRANTED
2026,1月,13,周二,14:54:01,562086DB,SIMBR0143,SIMR0143,SIMU0193:User 193,GRANTED
2026,1月,13,周二,14:54:01,AE77BF81,SIMBR0066,SIMR0066,SIMU0225:User 225,GRANTED
2026,1月,13,周二,14:54:01,B19369AB,SIMBR0126,SIMR0126,SIMU0081:User 81,GRANTED
2026,1月,13,周二,14:54:01,1F854D4E,SIMBR0071,SIMR0071,SIMU0291:User 291,GRANTED
2026,1月,13,周二,14:54:01,58B53FE3,SIMBR0061,SIMR0061,SIMU0199:User 199,GRANTED
2026,1月,13,周二,14:54:01,F8C3B166,SIMBR0105,SIMR0105,SIMU0300:User 300,GRANTED
2026,1月,13,周二,14:54:01,45E5372A,SIMBR0098,SIMR0098,SIMU0002:User 2,GRANTED
2026,1月,13,周二,14:54:01,37261D4E,SIMBR0390,SIMR0390,SIMU0040:User 40,GRANTED
2026,1月,13,周二,14:54:01,170F12B7,SIMBR0068,SIMR0068,SIMU0150:User 150,GRANTED
2026,1月,13,周二,14:54:01,2A4E4C17,SIMBR0033,SIMR0033,SIMU0168:User 168,GRANTED
2026,1月,13,周二,14:54:01,58B55845,SIMBR0011,SIMR0011,EMP002:Li Si,DENIED
2026,1月,13,周二,14:54:01,3644422D,SIMBR0361,SIMR0361,SIMU0298:User 298,GRANTED
2026,1月,13,周二,14:54:01,6A126518,SIMBR0396,SIMR0396,SIMU0157:User 157,GRANTED
2026,1月,13,周二,14:54:01,F615ED55,SIMBR0207,SIMR0207,SIMU0115:User 115,GRANTED
2026,1月,13,周二,14:54:01,65F0591E,SIMBR0345,SIMR0345,SIMU0035:User 35,GRANTED
2026,1月,13,周二,14:54:01,A96DDF4D,SIMBR0089,SIMR0089,SIMU0267:User 267,GRANTED
2026,1月,13,周二,14:54:01,DC026729,SIMBR0123,SIMR0123,SIMU0103:User 103,GRANTED
2026,1月,13,周二,14:54:01,C5662963,SIMBR0040,SIMR0040,SIMU0143:User 143,GRANTED
2026,1月,13,周二,14:54:01,C48BE2F9,SIMBR0098,SIMR0098,SIMU0178:User 178,GRANTED
2026,1月,13,周二,14:54:01,2BAB4E39,SIMBR0103,SIMR0103,SIMU0137:User 137,GRANTED
2026,1月,13,周二,14:54:01,DF4F65FA,SIMBR0167,SIMR0167,SIMU0124:User 124,GRANTED
2026,1月,13,周二,14:54:01,D3C0B6C6,SIMBR0014,SIMR0014,SIMU0001:User 1,GRANTED
2026,1月,13,周二,14:54:01,A2506477,SIMBR0288,SIMR0288,SIMU0278:User 278,GRANTED
2026,1月,13,周二,14:54:01,C2397E87,SIMBR0256,SIMR0256,SIMU0111:User 111,GRANTED
2026,1月,13,周二,14:54:01,D763188D,SIMBR0009,SIMR0009,SIMU0130:User 130,GRANTED
2026,1月,13,周二,14:54:01,8884C7F3,SIMBR0133,SIMR0133,SIMU0220:User 220,GRANTED
2026,1月,13,周二,14:54:01,7F36E59B,SIMBR0074,SIMR0074,SIMU0159:User 159,GRANTED
2026,1月,13,周二,14:54:01,85BFD74E,SIMBR0144,SIMR0144,SIMU0149:User 149,GRANTED
2026,1月,13,周二,14:54:01,61587BB5,SIMBR0005,SIMR0005,SIMU0086:User 86,GRANTED
2026,1月,13,周二,14:54:01,950AAA2C,SIMBR0348,SIMR0348,SIMU0139:User 139,GRANTED
2026,1月,13,周二,14:54:01,61587BB5,SIMBR0343,SIMR0343,SIMU0086:User 86,GRANTED
2026,1月,13,周二,14:54:01,FC75DC29,SIMBR0054,SIMR0054,SIMU0018:User 18,GRANTED
2026,1月,13,周二,14:54:01,438E9BF0,SIMBR0248,SIMR0248,SIMU0057:User 57,GRANTED
2026,1月,13,周二,14:54:01,08A23835,SIMBR0084,SIMR0084,SIMU0258:User 258,GRANTED
2026,1月,13,周二,14:54:01,F6C99026,SIMBR0327,SIMR0327,SIMU0208:User 208,GRANTED
2026,1月,13,周二,14:54:01,F0BBABB2,SIMBR0316,SIMR0316,SIMU0037:User 37,GRANTED
2026,1月,13,周二,14:54:01,B58F0441,SIMBR0312,SIMR0312,SIMU0165:User 165,GRANTED
2026,1月,13,周二,14:54:01,E263443E,SIMBR0247,SIMR0247,SIMU0190:User 190,GRANTED
2026,1月,13,周二,14:54:01,371FBFD4,SIMBR0376,SIMR0376,SIMU0227:User 227,GRANTED
2026,1月,13,周二,14:54:01,8852F51C,SIMBR0377,SIMR0377,SIMU0121:User 121,GRANTED
2026,1月,13,周二,14:54:01,FC75DC29,SIMBR0192,SIMR0192,SIMU0018:User 18,GRANTED
2026,1月,13,周二,14:54:01,01FA0FAE,SIMBR0199,SIMR0199,SIMU0218:User 218,GRANTED
2026,1月,13,周二,14:54:01,A6A1B8F1,SIMBR0268,SIMR0268,SIMU0241:User 241,GRANTED
2026,1月,13,周二,14:54:01,3BE1764E,SIMBR0379,SIMR0379,SIMU0244:User 244,GRANTED
2026,1月,13,周二,14:54:01,F8C3B166,SIMBR0035,SIMR0035,SIMU0300:User 300,GRANTED
2026,1月,13,周二,14:54:01,F3F1388E,SIMBR0049,SIMR0049,SIMU0022:User 22,GRANTED
2026,1月,13,周二,14:54:01,497FB87C,SIMBR0168,SIMR0168,SIMU0272:User 272,GRANTED
2026,1月,13,周二,14:54:01,3A15230F,SIMBR0183,SIMR0183,SIMU0087:User 87,GRANTED
2026,1月,13,周二,14:54:01,355CC3B6,SIMBR0396,SIMR0396,SIMU0167:User 167,GRANTED
2026,1月,13,周二,14:54:01,D763188D,SIMBR0298,SIMR0298,SIMU0130:User 130,GRANTED
2026,1月,13,周二,14:54:01,3644422D,SIMBR0003,SIMR0003,SIMU0298:User 298,GRANTED
2026,1月,13,周二,14:54:01,A96DDF4D,SIMBR0017,SIMR0017,SIMU0267:User 267,GRANTED
2026,1月,13,周二,14:54:01,2015CDCD,SIMBR0199,SIMR0199,SIMU0134:User 134,GRANTED
2026,1月,13,周二,14:54:01,C5B21C58,SIMBR0159,SIMR0159,SIMU0054:User 54,GRANTED
2026,1月,13,周二,14:54:01,C59172A2,SIMBR0060,SIMR0060,SIMU0051:User 51,GRANTED
2026,1月,13,周二,14:54:01,81E964E1,SIMBR0124,SIMR0124,SIMU0014:User 14,GRANTED
2026,1月,13,周二,14:54:01,162C7D64,SIMBR0080,SIMR0080,SIMU0226:User 226,GRANTED
2026,1月,13,周二,14:54:01,65191148,BR023,RES016,SIMU0101:User 101,DENIED
2026,1月,13,周二,14:54:01,C190DDA3,SIMBR0253,SIMR0253,SIMU0155:User 155,GRANTED
2026,1月,13,周二,14:54:01,FC2850E7,SIMBR0286,SIMR0286,SIMU0145:User 145,GRANTED
2026,1月,13,周二,14:54:01,54125B8C,SIMBR0376,SIMR0376,SIMU0231:User 231,GRANTED
2026,1月,13,周二,14:54:01,D4614DD2,SIMBR0393,SIMR0393,SIMU0264:User 264,GRANTED
2026,1月,13,周二,14:54:01,F0BBABB2,SIMBR0168,SIMR0168,SIMU0037:User 37,GRANTED
2026,1月,13,周二,14:54:01,3BE1764E,SIMBR0137,SIMR0137,SIMU0244:User 244,GRANTED
2026,1月,13,周二,14:54:01,F9BE4222,SIMBR0328,SIMR0328,SIMU0141:User 141,GRANTED
2026,1月,13,周二,14:54:01,9C30C93C,SIMBR0394,SIMR0394,SIMU0216:User 216,GRANTED
2026,1月,13,周二,14:54:01,A5D38222,SIMBR0276,SIMR0276,SIMU0064:User 64,GRANTED
2026,1月,13,周二,14:54:01,2D6ECED1,SIMBR0333,SIMR0333,SIMU0234:User 234,GRANTED
2026,1月,13,周二,14:54:01,08B71C09,SIMBR0007,SIMR0007,SIMU0253:User 253,GRANTED
2026,1月,13,周二,14:54:01,7F749586,SIMBR0070,SIMR0070,SIMU0004:User 4,GRANTED
2026,1月,13,周二,14:54:01,B335B7A5,SIMBR0127,SIMR0127,SIMU0202:User 202,GRANTED
2026,1月,13,周二,14:54:01,7F36E59B,BR019,RES012,SIMU0159:User 159,DENIED
2026,1月,13,周二,14:54:01,1973551A,SIMBR0170,SIMR0170,SIMU0238:User 238,GRANTED
2026,1月,13,周二,14:54:01,8D7E04E0,SIMBR0371,SIMR0371,SIMU0042:User 42,GRANTED
2026,1月,13,周二,14:54:01,796E035A,SIMBR0333,SIMR0333,SIMU0158:User 158,GRANTED
2026,1月,13,周二,14:54:01,08B71C09,SIMBR0009,SIMR0009,SIMU0253:User 253,GRANTED
2026,1月,13,周二,14:54:01,E67855ED,SIMBR0075,SIMR0075,SIMU0268:User 268,GRANTED
2026,1月,13,周二,14:54:01,397487A8,SIMBR0008,SIMR0008,SIMU0076:User 76,GRANTED
2026,1月,13,周二,14:54:01,67E70F45,SIMBR0132,SIMR0132,SIMU0026:User 26,GRANTED
2026,1月,13,周二,14:54:01,E1BF0A5D,SIMBR0119,SIMR0119,SIMU0232:User 232,GRANTED
2026,1月,13,周二,14:54:01,DA6C9B4D,SIMBR0246,SIMR0246,SIMU0169:User 169,GRANTED
2026,1月,13,周二,14:54:01,3EC06854,SIMBR0103,SIMR0103,SIMU0129:User 129,GRANTED
2026,1月,13,周二,14:54:01,EF4C6A5D,SIMBR0195,SIMR0195,SIMU0197:User 197,GRANTED
2026,1月,13,周二,14:54:01,882F9EB7,SIMBR0249,SIMR0249,SIMU0020:User 20,GRANTED
2026,1月,13,周二,14:54:01,C082C9C4,SIMBR0230,SIMR0230,SIMU0288:User 288,GRANTED
2026,1月,13,周二,14:54:01,FF6E7B7D,SIMBR0310,SIMR0310,SIMU0229:User 229,GRANTED
2026,1月,13,周二,14:54:01,0D9CF3E6,SIMBR0259,SIMR0259,SIMU0212:User 212,GRANTED
2026,1月,13,周二,14:54:01,CF905F5D,SIMBR0289,SIMR0289,SIMU0019:User 19,GRANTED
2026,1月,13,周二,14:54:01,A78F3370,SIMBR0237,SIMR0237,SIMU0154:User 154,GRANTED
2026,1月,13,周二,14:54:01,0D9CF3E6,SIMBR0007,SIMR0007,SIMU0212:User 212,GRANTED
2026,1月,13,周二,14:54:01,81E48A54,SIMBR0082,SIMR0082,SIMU0275:User 275,GRANTED
2026,1月,13,周二,14:54:01,EBA75218,SIMBR0357,SIMR0357,SIMU0028:User 28,GRANTED
2026,1月,13,周二,14:54:01,4356E5AB,SIMBR0147,SIMR0147,SIMU0172:User 172,GRANTED
2026,1月,13,周二,14:54:01,FC2850E7,BR019,RES012,SIMU0145:User 145,DENIED
2026,1月,13,周二,14:54:01,3644422D,SIMBR0066,SIMR0066,SIMU0298:User 298,GRANTED
2026,1月,13,周二,14:54:01,0FA31338,SIMBR0191,SIMR0191,SIMU0043:User 43,GRANTED
2026,1月,13,周二,14:54:01,C082C9C4,SIMBR0145,SIMR0145,SIMU0288:User 288,GRANTED
2026,1月,13,周二,14:54:01,E00A3B0F,SIMBR0288,SIMR0288,SIMU0013:User 13,GRANTED
2026,1月,13,周二,14:54:01,BAA7A8FE,SIMBR0075,SIMR0075,SIMU0211:User 211,GRANTED
2026,1月,13,周二,14:54:01,49209EA6,SIMBR0398,SIMR0398,SIMU0247:User 247,GRANTED
2026,1月,13,周二,14:54:01,D3314B84,SIMBR0101,SIMR0101,SIMU0050:User 50,GRANTED
2026,1月,13,周二,14:54:01,DC026729,SIMBR0242,SIMR0242,SIMU0103:User 103,GRANTED
2026,1月,13,周二,14:54:01,47D0D195,SIMBR0271,SIMR0271,SIMU0047:User 47,GRANTED
2026,1月,13,周二,14:54:01,2BAB4E39,SIMBR0235,SIMR0235,SIMU0137:User 137,GRANTED
2026,1月,13,周二,14:54:01,CBF84902,SIMBR0277,SIMR0277,SIMU0109:User 109,GRANTED
2026,1月,13,周二,14:54:01,D53BB718,SIMBR0077,SIMR0077,SIMU0270:User 270,GRANTED
2026,1月,13,周二,14:54:01,8C2113AD,SIMBR0300,SIMR0300,SIMU0228:User 228,GRANTED
2026,1月,13,周二,14:54:01,1D712ABD,SIMBR0016,SIMR0016,SIMU0277:User 277,GRANTED
2026,1月,13,周二,14:54:01,452BD81E,SIMBR0388,SIMR0388,SIMU0027:User 27,GRANTED
2026,1月,13,周二,14:54:01,AE77BF81,SIMBR0057,SIMR0057,SIMU0225:User 225,GRANTED
2026,1月,13,周二,14:54:01,77BD5928,SIMBR0165,SIMR0165,SIMU0207:User 207,GRANTED
2026,1月,13,周二,14:54:01,6712960F,SIMBR0016,SIMR0016,SIMU0015:User 15,GRANTED
2026,1月,13,周二,14:54:01,42A684F2,SIMBR0045,SIMR0045,SIMU0123:User 123,GRANTED
2026,1月,13,周二,14:54:01,7E0669A9,SIMBR0251,SIMR0251,SIMU0125:User 125,GRANTED
2026,1月,13,周二,14:54:01,7481E135,SIMBR0146,SIMR0146,SIMU0282:User 282,GRANTED
2026,1月,13,周二,14:54:01,C5797377,SIMBR0398,SIMR0398,SIMU0237:User 237,GRANTED
2026,1月,13,周二,14:54:01,5A448F85,SIMBR0161,SIMR0161,SIMU0233:User 233,GRANTED
2026,1月,13,周二,14:54:01,01FA0FAE,SIMBR0244,SIMR0244,SIMU0218:User 218,GRANTED
2026,1月,13,周二,14:54:01,3EC06854,SIMBR0251,SIMR0251,SIMU0129:User 129,GRANTED
2026,1月,13,周二,14:54:01,6E7782F8,SIMBR0210,SIMR0210,INT001:Zhao Liu,DENIED
2026,1月,13,周二,14:54:01,761D0F5D,SIMBR0323,SIMR0323,SIMU0257:User 257,GRANTED
2026,1月,13,周二,14:54:01,D7544F8A,SIMBR0005,SIMR0005,SIMU0100:User 100,GRANTED
2026,1月,13,周二,14:54:01,B3C34A2A,SIMBR0344,SIMR0344,SIMU0044:User 44,GRANTED
2026,1月,13,周二,14:54:01,E67855ED,SIMBR0057,SIMR0057,SIMU0268:User 268,GRANTED
2026,1月,13,周二,14:54:01,37261D4E,SIMBR0250,SIMR0250,SIMU0040:User 40,GRANTED
2026,1月,13,周二,14:54:01,8E0C0DD9,SIMBR0109,SIMR0109,SIMU0045:User 45,GRANTED
2026,1月,13,周二,14:54:01,897D2598,SIMBR0237,SIMR0237,SIMU0242:User 242,GRANTED
2026,1月,13,周二,14:54:01,2392E33D,SIMBR0111,SIMR0111,SIMU0023:User 23,GRANTED
2026,1月,13,周二,14:54:01,6D120953,SIMBR0272,SIMR0272,SIMU0224:User 224,GRANTED
2026,1月,13,周二,14:54:01,B492A75C,SIMBR0179,SIMR0179,SIMU0110:User 110,GRANTED
2026,1月,13,周二,14:54:01,FF968112,SIMBR0004,SIMR0004,SIMU0250:User 250,GRANTED
2026,1月,13,周二,14:54:01,7481E135,SIMBR0150,SIMR0150,SIMU0282:User 282,GRANTED
2026,1月,13,周二,14:54:02,A1F8AEF6,SIMBR0006,SIMR0006,SIMU0122:User 122,GRANTED
2026,1月,13,周二,14:54:02,04EDBC1A,SIMBR0186,SIMR0186,SIMU0071:User 71,GRANTED
2026,1月,13,周二,14:54:02,DDB28C88,SIMBR0373,SIMR0373,SIMU0102:User 102,GRANTED
2026,1月,13,周二,14:54:02,6B46505C,SIMBR0238,SIMR0238,SIMU0132:User 132,GRANTED
2026,1月,13,周二,14:54:02,1361E23B,SIMBR0207,SIMR0207,SIMU0181:User 181,GRANTED
2026,1月,13,周二,14:54:02,A7E186B8,BR011,RES026,SIMU0179:User 179,DENIED
2026,1月,13,周二,14:54:02,78D74DDD,SIMBR0109,SIMR0109,VIS001:Qian Qi,DENIED
2026,1月,13,周二,14:54:02,F8C3B166,SIMBR0084,SIMR0084,SIMU0300:User 300,GRANTED
2026,1月,13,周二,14:54:02,DEBE98DF,SIMBR0184,SIMR0184,SIMU0189:User 189,GRANTED
2026,1月,13,周二,14:54:02,497FB87C,SIMBR0255,SIMR0255,SIMU0272:User 272,GRANTED
2026,1月,13,周二,14:54:02,092CFDC0,SIMBR0090,SIMR0090,SIMU0025:User 25,GRANTED
2026,1月,13,周二,14:54:02,74AB61A5,BR018,RES011,SIMU0171:User 171,DENIED
2026,1月,13,周二,14:54:02,49209EA6,SIMBR0379,SIMR0379,SIMU0247:User 247,GRANTED
2026,1月,13,周二,14:54:02,77BD5928,SIMBR0349,SIMR0349,SIMU0207:User 207,GRANTED
2026,1月,13,周二,14:54:02,B58F0441,SIMBR0007,SIMR0007,SIMU0165:User 165,GRANTED
2026,1月,13,周二,14:54:02,90A35555,SIMBR0003,SIMR0003,SIMU0294:User 294,GRANTED
2026,1月,13,周二,14:54:02,47D0D195,SIMBR0317,SIMR0317,SIMU0047:User 47,GRANTED
2026,1月,13,周二,14:54:02,3EC06854,SIMBR0385,SIMR0385,SIMU0129:User 129,GRANTED
2026,1月,13,周二,14:54:02,6838748B,SIMBR0215,SIMR0215,SIMU0138:User 138,GRANTED
2026,1月,13,周二,14:54:02,00BB87D3,SIMBR0019,SIMR0019,SIMU0059:User 59,GRANTED
2026,1月,13,周二,14:54:02,C48BE2F9,SIMBR0059,SIMR0059,SIMU0178:User 178,GRANTED
2026,1月,13,周二,14:54:02,65B476AB,SIMBR0125,SIMR0125,SIMU0099:User 99,GRANTED
2026,1月,13,周二,14:54:02,2BAB4E39,SIMBR0345,SIMR0345,SIMU0137:User 137,GRANTED
2026,1月,13,周二,14:54:02,A672B04C,SIMBR0268,SIMR0268,SIMU0254:User 254,GRANTED
2026,1月,13,周二,14:54:02,C465593F,SIMBR0099,SIMR0099,SIMU0093:User 93,GRANTED
2026,1月,13,周二,14:54:02,D53BB718,SIMBR0387,SIMR0387,SIMU0270:User 270,GRANTED
2026,1月,13,周二,14:54:02,67E70F45,SIMBR0048,SIMR0048,SIMU0026:User 26,GRANTED
2026,1月,13,周二,14:54:02,85BFD74E,SIMBR0294,SIMR0294,SIMU0149:User 149,GRANTED
2026,1月,13,周二,14:54:02,4DE0D33A,SIMBR0038,SIMR0038,SIMU0260:User 260,GRANTED
2026,1月,13,周二,14:54:02,489655D2,SIMBR0162,SIMR0162,CON001:Wang Wu,DENIED
2026,1月,13,周二,14:54:02,C59172A2,SIMBR0279,SIMR0279,SIMU0051:User 51,GRANTED
2026,1月,13,周二,14:54:02,A672B04C,BR014,RES007,SIMU0254:User 254,DENIED
2026,1月,13,周二,14:54:02,2A2939D5,BR017,RES010,SIMU0279:User 279,DENIED
2026,1月,13,周二,14:54:02,D3A70655,SIMBR0043,SIMR0043,SIMU0107:User 107,GRANTED
2026,1月,13,周二,14:54:02,5C18984E,BR013,RES006,SIMU0255:User 255,DENIED
2026,1月,13,周二,14:54:02,77BD5928,BR004,RES001,SIMU0207:User 207,DENIED
2026,1月,13,周二,14:54:02,65830A51,SIMBR0138,SIMR0138,SIMU0041:User 41,GRANTED
2026,1月,13,周二,14:54:02,1361E23B,SIMBR0015,SIMR0015,SIMU0181:User 181,GRANTED
2026,1月,13,周二,14:54:02,6406A215,SIMBR0122,SIMR0122,SIMU0214:User 214,GRANTED
2026,1月,13,周二,14:54:02,CB29BCDB,SIMBR0322,SIMR0322,SIMU0104:User 104,GRANTED
2026,1月,13,周二,14:54:02,5849BD23,SIMBR0261,SIMR0261,SIMU0186:User 186,GRANTED
2026,1月,13,周二,14:54:02,F601DCED,SIMBR0185,SIMR0185,SIMU0285:User 285,GRANTED
2026,1月,13,周二,14:54:02,DEBE98DF,SIMBR0275,SIMR0275,SIMU0189:User 189,GRANTED
2026,1月,13,周二,14:54:02,DC026729,SIMBR0333,SIMR0333,SIMU0103:User 103,GRANTED
2026,1月,13,周二,14:54:02,6E7782F8,SIMBR0297,SIMR0297,INT001:Zhao Liu,DENIED
2026,1月,13,周二,14:54:02,A7EE3F93,SIMBR0145,SIMR0145,SIMU0222:User 222,GRANTED
2026,1月,13,周二,14:54:02,A7E186B8,SIMBR0318,SIMR0318,SIMU0179:User 179,GRANTED
2026,1月,13,周二,14:54:02,BA0243B9,SIMBR0290,SIMR0290,PM001:Sun Ba,DENIED
2026,1月,13,周二,14:54:02,C584F9D3,SIMBR0278,SIMR0278,EMP001:Zhang San,DENIED
2026,1月,13,周二,14:54:02,B31FE5FA,SIMBR0300,SIMR0300,SIMU0223:User 223,GRANTED
2026,1月,13,周二,14:54:02,A78F3370,SIMBR0157,SIMR0157,SIMU0154:User 154,GRANTED
2026,1月,13,周二,14:54:02,00BB87D3,SIMBR0261,SIMR0261,SIMU0059:User 59,GRANTED
2026,1月,13,周二,14:54:02,94DA0C78,SIMBR0339,SIMR0339,SIMU0039:User 39,GRANTED
2026,1月,13,周二,14:54:02,914F2FD1,SIMBR0259,SIMR0259,SIMU0187:User 187,GRANTED
2026,1月,13,周二,14:54:02,6E7782F8,SIMBR0226,SIMR0226,INT001:Zhao Liu,DENIED
2026,1月,13,周二,14:54:02,8C4E2F9D,SIMBR0048,SIMR0048,SIMU0180:User 180,GRANTED
2026,1月,13,周二,14:54:02,882F9EB7,SIMBR0241,SIMR0241,SIMU0020:User 20,GRANTED
2026,1月,13,周二,14:54:02,19618E8D,SIMBR0034,SIMR0034,SIMU0205:User 205,GRANTED
2026,1月,13,周二,14:54:02,DEBE98DF,SIMBR0363,SIMR0363,SIMU0189:User 189,GRANTED
2026,1月,13,周二,14:54:02,EB7D191F,SIMBR0066,SIMR0066,SIMU0153:User 153,GRANTED
2026,1月,13,周二,14:54:02,42A684F2,BR025,RES018,SIMU0123:User 123,DENIED
2026,1月,13,周二,14:54:02,865DCCF8,SIMBR0021,SIMR0021,SIMU0062:User 62,GRANTED
2026,1月,13,周二,14:54:02,7F749586,SIMBR0190,SIMR0190,SIMU0004:User 4,GRANTED
2026,1月,13,周二,14:54:02,88FF8EF2,SIMBR0097,SIMR0097,SIMU0206:User 206,GRANTED
2026,1月,13,周二,14:54:02,F8B36522,SIMBR0309,SIMR0309,SIMU0084:User 84,GRANTED
2026,1月,13,周二,14:54:02,C400399C,SIMBR0354,SIMR0354,SIMU0034:User 34,GRANTED
2026,1月,13,周二,14:54:02,58B53FE3,SIMBR0115,SIMR0115,SIMU0199:User 199,GRANTED
2026,1月,13,周二,14:54:02,FC9D18E8,SIMBR0019,SIMR0019,SIMU0083:User 83,GRANTED
2026,1月,13,周二,14:54:02,953F9943,SIMBR0255,SIMR0255,SIMU0240:User 240,GRANTED
2026,1月,13,周二,14:54:02,AE77BF81,SIMBR0233,SIMR0233,SIMU0225:User 225,GRANTED
2026,1月,13,周二,14:54:02,C48BE2F9,BR006,RES002,SIMU0178:User 178,DENIED
2026,1月,13,周二,14:54:02,910591FC,SIMBR0364,SIMR0364,SIMU0090:User 90,GRANTED
2026,1月,13,周二,14:54:02,F9BE4222,SIMBR0183,SIMR0183,SIMU0141:User 141,GRANTED
2026,1月,13,周二,14:54:02,B58F0441,SIMBR0226,SIMR0226,SIMU0165:User 165,GRANTED
2026,1月,13,周二,14:54:02,5C18984E,SIMBR0352,SIMR0352,SIMU0255:User 255,GRANTED
2026,1月,13,周二,14:54:02,B0280533,SIMBR0187,SIMR0187,SIMU0024:User 24,GRANTED
2026,1月,13,周二,14:54:02,C400399C,SIMBR0280,SIMR0280,SIMU0034:User 34,GRANTED
2026,1月,13,周二,14:54:02,F8FD020A,SIMBR0084,SIMR0084,SIMU0094:User 94,GRANTED
2026,1月,13,周二,14:54:02,092CFDC0,SIMBR0002,SIMR0002,SIMU0025:User 25,GRANTED
2026,1月,13,周二,14:54:02,AE77BF81,SIMBR0100,SIMR0100,SIMU0225:User 225,GRANTED
2026,1月,13,周二,14:54:02,4356E5AB,SIMBR0399,SIMR0399,SIMU0172:User 172,GRANTED
2026,1月,13,周二,14:54:02,7E0669A9,SIMBR0387,SIMR0387,SIMU0125:User 125,GRANTED
2026,1月,13,周二,14:54:02,2A2939D5,SIMBR0048,SIMR0048,SIMU0279:User 279,GRANTED
2026,1月,13,周二,14:54:02,F6C99026,SIMBR0271,SIMR0271,SIMU0208:User 208,GRANTED
2026,1月,13,周二,14:54:02,C89B5481,BR004,RES001,SIMU0230:User 230,DENIED
2026,1月,13,周二,14:54:02,AE77BF81,SIMBR0264,SIMR0264,SIMU0225:User 225,GRANTED
2026,1月,13,周二,14:54:02,AD9F62CD,SIMBR0358,SIMR0358,SIMU0092:User 92,GRANTED
2026,1月,13,周二,14:54:02,4894892B,SIMBR0059,SIMR0059,SIMU0073:User 73,GRANTED
2026,1月,13,周二,14:54:02,29219B5A,SIMBR0337,SIMR0337,SIMU0142:User 142,GRANTED
2026,1月,13,周二,14:54:02,5F111D08,SIMBR0159,SIMR0159,SIMU0204:User 204,GRANTED
2026,1月,13,周二,14:54:02,3A15230F,SIMBR0202,SIMR0202,SIMU0087:User 87,GRANTED
2026,1月,13,周二,14:54:02,7E0669A9,SIMBR0272,SIMR0272,SIMU0125:User 125,GRANTED
2026,1月,13,周二,14:54:02,34580E40,SIMBR0202,SIMR0202,SIMU0005:User 5,GRANTED
2026,1月,13,周二,14:54:02,07768ACF,SIMBR0142,SIMR0142,SIMU0176:User 176,GRANTED
2026,1月,13,周二,14:54:02,260E5AC6,SIMBR0225,SIMR0225,SIMU0065:User 65,GRANTED
2026,1月,13,周二,14:54:02,E263443E,SIMBR0172,SIMR0172,SIMU0190:User 190,GRANTED
2026,1月,13,周二,14:54:02,94DA0C78,SIMBR0096,SIMR0096,SIMU0039:User 39,GRANTED
2026,1月,13,周二,14:54:02,0CCD1CE3,SIMBR0048,SIMR0048,SIMU0080:User 80,GRANTED
2026,1月,13,周二,14:54:02,EF4C6A5D,SIMBR0206,SIMR0206,SIMU0197:User 197,GRANTED
2026,1月,13,周二,14:54:02,5FE2AA73,SIMBR0284,SIMR0284,SIMU0063:User 63,GRANTED
2026,1月,13,周二,14:54:02,61587BB5,SIMBR0358,SIMR0358,SIMU0086:User 86,GRANTED
2026,1月,13,周二,14:54:02,05B63F8B,SIMBR0181,SIMR0181,SIMU0135:User 135,GRANTED
2026,1月,13,周二,14:54:02,B335B7A5,SIMBR0246,SIMR0246,SIMU0202:User 202,GRANTED
2026,1月,13,周二,14:54:02,59DE7962,SIMBR0379,SIMR0379,SIMU0079:User 79,GRANTED
2026,1月,13,周二,14:54:02,A15BFAF3,SIMBR0273,SIMR0273,SIMU0156:User 156,GRANTED
2026,1月,13,周二,14:54:02,B3D7FE0C,SIMBR0013,SIMR0013,SIMU0016:User 16,GRANTED
2026,1月,13,周二,14:54:02,7F36E59B,SIMBR0148,SIMR0148,SIMU0159:User 159,GRANTED
2026,1月,13,周二,14:54:02,86CB6A2D,SIMBR0016,SIMR0016,SIMU0274:User 274,GRANTED
2026,1月,13,周二,14:54:02,66DF575A,SIMBR0299,SIMR0299,SIMU0070:User 70,GRANTED
2026,1月,13,周二,14:54:02,C59172A2,SIMBR0128,SIMR0128,SIMU0051:User 51,GRANTED
2026,1月,13,周二,14:54:02,2D7F99C4,SIMBR0227,SIMR0227,SIMU0085:User 85,GRANTED
2026,1月,13,周二,14:54:02,65830A51,SIMBR0308,SIMR0308,SIMU0041:User 41,GRANTED
2026,1月,13,周二,14:54:02,CCB40167,SIMBR0284,SIMR0284,SIMU0049:User 49,GRANTED
2026,1月,13,周二,14:54:02,1F854D4E,BR023,RES016,SIMU0291:User 291,DENIED
2026,1月,13,周二,14:54:02,9E7210ED,SIMBR0344,SIMR0344,SIMU0297:User 297,GRANTED
2026,1月,13,周二,14:54:02,796E035A,BR017,RES010,SIMU0158:User 158,DENIED
2026,1月,13,周二,14:54:02,914F2FD1,SIMBR0056,SIMR0056,SIMU0187:User 187,GRANTED
2026,1月,13,周二,14:54:02,5F0BA8E3,SIMBR0065,SIMR0065,SIMU0077:User 77,GRANTED
2026,1月,13,周二,14:54:02,E5BD3919,SIMBR0154,SIMR0154,SIMU0091:User 91,GRANTED
2026,1月,13,周二,14:54:02,C2397E87,SIMBR0170,SIMR0170,SIMU0111:User 111,GRANTED
2026,1月,13,周二,14:54:02,44BB34C0,SIMBR0189,SIMR0189,SIMU0262:User 262,GRANTED
2026,1月,13,周二,14:54:02,A7998437,SIMBR0122,SIMR0122,SIMU0105:User 105,GRANTED
2026,1月,13,周二,14:54:02,37F08443,SIMBR0390,SIMR0390,SIMU0289:User 289,GRANTED
2026,1月,13,周二,14:54:02,0552E86C,SIMBR0236,SIMR0236,SIMU0114:User 114,GRANTED
2026,1月,13,周二,14:54:02,8852F51C,SIMBR0239,SIMR0239,SIMU0121:User 121,GRANTED
2026,1月,13,周二,14:54:02,19C83547,SIMBR0304,SIMR0304,SIMU0266:User 266,GRANTED
2026,1月,13,周二,14:54:02,C400399C,SIMBR0080,SIMR0080,SIMU0034:User 34,GRANTED
2026,1月,13,周二,14:54:02,0402E2AB,SIMBR0039,SIMR0039,SIMU0185:User 185,GRANTED
2026,1月,13,周二,14:54:02,74AB61A5,SIMBR0111,SIMR0111,SIMU0171:User 171,GRANTED
2026,1月,13,周二,14:54:02,4894892B,SIMBR0066,SIMR0066,SIMU0073:User 73,GRANTED
2026,1月,13,周二,14:54:02,E7BF1B90,SIMBR0319,SIMR0319,SIMU0286:User 286,GRANTED
2026,1月,13,周二,14:54:02,8D7E04E0,SIMBR0051,SIMR0051,SIMU0042:User 42,GRANTED
2026,1月,13,周二,14:54:02,81E964E1,SIMBR0255,SIMR0255,SIMU0014:User 14,GRANTED
2026,1月,13,周二,14:54:02,D0ABEAE1,SIMBR0035,SIMR0035,SIMU0196:User 196,GRANTED
2026,1月,13,周二,14:54:02,D3C0B6C6,SIMBR0149,SIMR0149,SIMU0001:User 1,GRANTED
2026,1月,13,周二,14:54:02,31EC8E2A,SIMBR0159,SIMR0159,SIMU0284:User 284,GRANTED
2026,1月,13,周二,14:54:02,3E02D00E,SIMBR0211,SIMR0211,SIMU0067:User 67,GRANTED
2026,1月,13,周二,14:54:02,8C4E2F9D,BR006,RES002,SIMU0180:User 180,DENIED
2026,1月,13,周二,14:54:02,8C4E2F9D,BR002,RES021,SIMU0180:User 180,DENIED
2026,1月,13,周二,14:54:02,7AA8E7ED,SIMBR0140,SIMR0140,SIMU0184:User 184,GRANTED
2026,1月,13,周二,14:54:02,71524832,SIMBR0350,SIMR0350,SIMU0128:User 128,GRANTED
2026,1月,13,周二,14:54:02,F8B36522,SIMBR0309,SIMR0309,SIMU0084:User 84,GRANTED
2026,1月,13,周二,14:54:02,D3A70655,SIMBR0310,SIMR0310,SIMU0107:User 107,GRANTED
2026,1月,13,周二,14:54:02,796E035A,SIMBR0255,SIMR0255,SIMU0158:User 158,GRANTED
2026,1月,13,周二,14:54:02,02C1BA5C,SIMBR0302,SIMR0302,SIMU0147:User 147,GRANTED
2026,1月,13,周二,14:54:02,DF4F65FA,SIMBR0358,SIMR0358,SIMU0124:User 124,GRANTED
2026,1月,13,周二,14:54:02,8852F51C,SIMBR0337,SIMR0337,SIMU0121:User 121,GRANTED
2026,1月,13,周二,14:54:02,5C18984E,BR017,RES010,SIMU0255:User 255,DENIED
2026,1月,13,周二,14:54:02,08EF410D,SIMBR0339,SIMR0339,SIMU0243:User 243,GRANTED
2026,1月,13,周二,14:54:02,27855213,SIMBR0251,SIMR0251,SIMU0245:User 245,GRANTED
2026,1月,13,周二,14:54:02,E8771983,SIMBR0089,SIMR0089,SIMU0131:User 131,GRANTED
2026,1月,13,周二,14:54:02,F9F71897,SIMBR0334,SIMR0334,SIMU0055:User 55,GRANTED
2026,1月,13,周二,14:54:02,9C4465BC,SIMBR0065,SIMR0065,SIMU0263:User 263,GRANTED
2026,1月,13,周二,14:54:02,8884C7F3,SIMBR0340,SIMR0340,SIMU0220:User 220,GRANTED
2026,1月,13,周二,14:54:02,950AAA2C,SIMBR0249,SIMR0249,SIMU0139:User 139,GRANTED
2026,1月,13,周二,14:54:02,62CE2F4E,SIMBR0315,SIMR0315,SIMU0112:User 112,GRANTED
2026,1月,13,周二,14:54:02,B58F0441,SIMBR0152,SIMR0152,SIMU0165:User 165,GRANTED
2026,1月,13,周二,14:54:02,B49050D7,SIMBR0053,SIMR0053,SIMU0203:User 203,GRANTED
2026,1月,13,周二,14:54:02,3D87DCDC,SIMBR0351,SIMR0351,SIMU0152:User 152,GRANTED
2026,1月,13,周二,14:54:02,260E5AC6,SIMBR0370,SIMR0370,SIMU0065:User 65,GRANTED
2026,1月,13,周二,14:54:02,9C4465BC,SIMBR0339,SIMR0339,SIMU0263:User 263,GRANTED
2026,1月,13,周二,14:54:02,497FB87C,SIMBR0126,SIMR0126,SIMU0272:User 272,GRANTED
2026,1月,13,周二,14:54:02,950AAA2C,SIMBR0293,SIMR0293,SIMU0139:User 139,GRANTED
2026,1月,13,周二,14:54:02,45E5372A,SIMBR0326,SIMR0326,SIMU0002:User 2,GRANTED
2026,1月,13,周二,14:54:02,62CE2F4E,SIMBR0090,SIMR0090,SIMU0112:User 112,GRANTED
2026,1月,13,周二,14:54:02,6406A215,SIMBR0101,SIMR0101,SIMU0214:User 214,GRANTED
2026,1月,13,周二,14:54:02,37261D4E,SIMBR0193,SIMR0193,SIMU0040:User 40,GRANTED
2026,1月,13,周二,14:54:02,E263443E,SIMBR0375,SIMR0375,SIMU0190:User 190,GRANTED
2026,1月,13,周二,14:54:02,A5D38222,SIMBR0256,SIMR0256,SIMU0064:User 64,GRANTED
2026,1月,13,周二,14:54:02,D0ABEAE1,SIMBR0356,SIMR0356,SIMU0196:User 196,GRANTED
2026,1月,13,周二,14:54:02,6A126518,SIMBR0306,SIMR0306,SIMU0157:User 157,GRANTED
2026,1月,13,周二,14:54:02,95379CDB,SIMBR0168,SIMR0168,f46ee39b-ac9d-4193-a478-f8cfc35cec07:gagaga a,GRANTED
2026,1月,13,周二,14:54:02,3E02D00E,SIMBR0307,SIMR0307,SIMU0067:User 67,GRANTED
2026,1月,13,周二,14:54:02,C4504250,SIMBR0194,SIMR0194,SIMU0052:User 52,GRANTED
2026,1月,13,周二,14:54:02,2392E33D,SIMBR0011,SIMR0011,SIMU0023:User 23,GRANTED
2026,1月,13,周二,14:54:02,FC9D18E8,BR010,RES004,SIMU0083:User 83,DENIED
2026,1月,13,周二,14:54:02,A7E186B8,SIMBR0318,SIMR0318,SIMU0179:User 179,GRANTED
2026,1月,13,周二,14:54:02,2BAB4E39,BR012,RES005,SIMU0137:User 137,DENIED
2026,1月,13,周二,14:54:02,092CFDC0,SIMBR0313,SIMR0313,SIMU0025:User 25,GRANTED
2026,1月,13,周二,14:54:02,55C67395,SIMBR0062,SIMR0062,SIMU0056:User 56,GRANTED
2026,1月,13,周二,14:54:02,69018179,SIMBR0261,SIMR0261,SIMU0194:User 194,GRANTED
2026,1月,13,周二,14:54:02,58B49FD6,SIMBR0237,SIMR0237,SIMU0210:User 210,GRANTED
2026,1月,13,周二,14:54:02,8D7E04E0,SIMBR0086,SIMR0086,SIMU0042:User 42,GRANTED
2026,1月,13,周二,14:54:02,248E3909,SIMBR0317,SIMR0317,SIMU0011:User 11,GRANTED
2026,1月,13,周二,14:54:02,B57B1DD3,SIMBR0323,SIMR0323,SIMU0295:User 295,GRANTED
2026,1月,13,周二,14:54:02,FC75DC29,SIMBR0313,SIMR0313,SIMU0018:User 18,GRANTED
2026,1月,13,周二,14:54:02,8C4E2F9D,SIMBR0319,SIMR0319,SIMU0180:User 180,GRANTED
2026,1月,13,周二,14:54:02,DF4F65FA,SIMBR0019,SIMR0019,SIMU0124:User 124,GRANTED
2026,1月,13,周二,14:54:02,579DDE6D,SIMBR0198,SIMR0198,SIMU0120:User 120,GRANTED
2026,1月,13,周二,14:54:02,0FA31338,SIMBR0346,SIMR0346,SIMU0043:User 43,GRANTED
2026,1月,13,周二,14:54:02,36AF6789,SIMBR0288,SIMR0288,SIMU0271:User 271,GRANTED
2026,1月,13,周二,14:54:02,489655D2,SIMBR0299,SIMR0299,CON001:Wang Wu,DENIED
2026,1月,13,周二,14:54:02,AD9F62CD,SIMBR0162,SIMR0162,SIMU0092:User 92,GRANTED
2026,1月,13,周二,14:54:02,579DDE6D,SIMBR0246,SIMR0246,SIMU0120:User 120,GRANTED
2026,1月,13,周二,14:54:02,C190DDA3,SIMBR0192,SIMR0192,SIMU0155:User 155,GRANTED
2026,1月,13,周二,14:54:02,C48BE2F9,SIMBR0246,SIMR0246,SIMU0178:User 178,GRANTED
2026,1月,13,周二,14:54:02,646A37B3,SIMBR0192,SIMR0192,SIMU0200:User 200,GRANTED
2026,1月,13,周二,14:54:02,CCDCEC0D,SIMBR0198,SIMR0198,SIMU0273:User 273,GRANTED
2026,1月,13,周二,14:54:02,53DC8CA9,SIMBR0257,SIMR0257,SIMU0007:User 7,GRANTED
2026,1月,13,周二,14:54:02,2D7F99C4,SIMBR0055,SIMR0055,SIMU0085:User 85,GRANTED
2026,1月,13,周二,14:54:03,C59172A2,SIMBR0258,SIMR0258,SIMU0051:User 51,GRANTED
2026,1月,13,周二,14:54:03,2015CDCD,SIMBR0187,SIMR0187,SIMU0134:User 134,GRANTED
2026,1月,13,周二,14:54:03,DF4F65FA,BR001,RES020,SIMU0124:User 124,DENIED
2026,1月,13,周二,14:54:03,E33573A1,SIMBR0246,SIMR0246,SIMU0089:User 89,GRANTED
2026,1月,13,周二,14:54:03,CCDCEC0D,SIMBR0003,SIMR0003,SIMU0273:User 273,GRANTED
2026,1月,13,周二,14:54:03,EBA75218,SIMBR0169,SIMR0169,SIMU0028:User 28,GRANTED
2026,1月,13,周二,14:54:03,2CDA5352,BR009,RES025,SIMU0119:User 119,DENIED
2026,1月,13,周二,14:54:03,6406A215,SIMBR0203,SIMR0203,SIMU0214:User 214,GRANTED
2026,1月,13,周二,14:54:03,90A35555,SIMBR0302,SIMR0302,SIMU0294:User 294,GRANTED
2026,1月,13,周二,14:54:03,D1E93663,SIMBR0162,SIMR0162,SIMU0235:User 235,GRANTED
2026,1月,13,周二,14:54:03,5F111D08,SIMBR0230,SIMR0230,SIMU0204:User 204,GRANTED
2026,1月,13,周二,14:54:03,B3D7FE0C,SIMBR0020,SIMR0020,SIMU0016:User 16,GRANTED
2026,1月,13,周二,14:54:03,397487A8,SIMBR0072,SIMR0072,SIMU0076:User 76,GRANTED
2026,1月,13,周二,14:54:03,D832A0D0,SIMBR0076,SIMR0076,SIMU0033:User 33,GRANTED
2026,1月,13,周二,14:54:03,C89B5481,SIMBR0374,SIMR0374,SIMU0230:User 230,GRANTED
2026,1月,13,周二,14:54:03,D7544F8A,SIMBR0339,SIMR0339,SIMU0100:User 100,GRANTED
2026,1月,13,周二,14:54:03,0D9CF3E6,SIMBR0014,SIMR0014,SIMU0212:User 212,GRANTED
2026,1月,13,周二,14:54:03,19618E8D,SIMBR0042,SIMR0042,SIMU0205:User 205,GRANTED
2026,1月,13,周二,14:54:03,B03C09C9,SIMBR0296,SIMR0296,SIMU0162:User 162,GRANTED
2026,1月,13,周二,14:54:03,2BC13570,SIMBR0272,SIMR0272,SIMU0078:User 78,GRANTED
2026,1月,13,周二,14:54:03,F601DCED,SIMBR0019,SIMR0019,SIMU0285:User 285,GRANTED
2026,1月,13,周二,14:54:03,F3F15A85,SIMBR0273,SIMR0273,SIMU0058:User 58,GRANTED
2026,1月,13,周二,14:54:03,4D3BF2D7,SIMBR0217,SIMR0217,SIMU0246:User 246,GRANTED
2026,1月,13,周二,14:54:03,D763188D,SIMBR0048,SIMR0048,SIMU0130:User 130,GRANTED
2026,1月,13,周二,14:54:03,FC2850E7,SIMBR0215,SIMR0215,SIMU0145:User 145,GRANTED
2026,1月,13,周二,14:54:03,E8771983,SIMBR0104,SIMR0104,SIMU0131:User 131,GRANTED
2026,1月,13,周二,14:54:03,2015CDCD,SIMBR0251,SIMR0251,SIMU0134:User 134,GRANTED
2026,1月,13,周二,14:54:03,579DDE6D,SIMBR0170,SIMR0170,SIMU0120:User 120,GRANTED
2026,1月,13,周二,14:54:03,701A6AE7,SIMBR0191,SIMR0191,SIMU0098:User 98,GRANTED
2026,1月,13,周二,14:54:03,19C83547,SIMBR0352,SIMR0352,SIMU0266:User 266,GRANTED
2026,1月,13,周二,14:54:03,D832A0D0,SIMBR0163,SIMR0163,SIMU0033:User 33,GRANTED
2026,1月,13,周二,14:54:03,C584F9D3,SIMBR0045,SIMR0045,EMP001:Zhang San,DENIED
2026,1月,13,周二,14:54:03,65B476AB,SIMBR0243,SIMR0243,SIMU0099:User 99,GRANTED
2026,1月,13,周二,14:54:03,CCDCEC0D,SIMBR0284,SIMR0284,SIMU0273:User 273,GRANTED
2026,1月,13,周二,14:54:03,DDB28C88,SIMBR0226,SIMR0226,SIMU0102:User 102,GRANTED
2026,1月,13,周二,14:54:03,BD154D46,BR013,RES006,SIMU0221:User 221,DENIED
2026,1月,13,周二,14:54:03,45BE30A8,SIMBR0204,SIMR0204,8d1a5202-9052-4f93-bf5a-4deffdf65fd3:a q,GRANTED
2026,1月,13,周二,14:54:03,8881AC83,SIMBR0099,SIMR0099,SIMU0198:User 198,GRANTED
2026,1月,13,周二,14:54:03,AE48A11A,SIMBR0143,SIMR0143,SIMU0113:User 113,GRANTED
2026,1月,13,周二,14:54:03,C2397E87,SIMBR0126,SIMR0126,SIMU0111:User 111,GRANTED
2026,1月,13,周二,14:54:03,3F08AFBE,SIMBR0150,SIMR0150,SIMU0170:User 170,GRANTED
2026,1月,13,周二,14:54:03,93804668,SIMBR0248,SIMR0248,SIMU0269:User 269,GRANTED
2026,1月,13,周二,14:54:03,6406A215,SIMBR0082,SIMR0082,SIMU0214:User 214,GRANTED
2026,1月,13,周二,14:54:03,5C18984E,SIMBR0141,SIMR0141,SIMU0255:User 255,GRANTED
2026,1月,13,周二,14:54:03,07768ACF,SIMBR0379,SIMR0379,SIMU0176:User 176,GRANTED
2026,1月,13,周二,14:54:03,452BD81E,SIMBR0008,SIMR0008,SIMU0027:User 27,GRANTED
2026,1月,13,周二,14:54:03,C59172A2,SIMBR0070,SIMR0070,SIMU0051:User 51,GRANTED
2026,1月,13,周二,14:54:03,88FF8EF2,SIMBR0108,SIMR0108,SIMU0206:User 206,GRANTED
2026,1月,13,周二,14:54:03,355CC3B6,SIMBR0174,SIMR0174,SIMU0167:User 167,GRANTED
2026,1月,13,周二,14:54:03,1C14945A,SIMBR0133,SIMR0133,SIMU0048:User 48,GRANTED
2026,1月,13,周二,14:54:03,AE77BF81,SIMBR0304,SIMR0304,SIMU0225:User 225,GRANTED
2026,1月,13,周二,14:54:03,2392E33D,BR015,RES008,SIMU0023:User 23,DENIED
2026,1月,13,周二,14:54:03,C3BDECDB,SIMBR0279,SIMR0279,SIMU0276:User 276,GRANTED
2026,1月,13,周二,14:54:03,93804668,SIMBR0216,SIMR0216,SIMU0269:User 269,GRANTED
2026,1月,13,周二,14:54:03,9F85BAB6,SIMBR0121,SIMR0121,SIMU0031:User 31,GRANTED
2026,1月,13,周二,14:54:03,C1C7FE58,SIMBR0059,SIMR0059,SIMU0108:User 108,GRANTED
2026,1月,13,周二,14:54:03,05B63F8B,SIMBR0010,SIMR0010,SIMU0135:User 135,GRANTED
2026,1月,13,周二,14:54:03,F8C3B166,SIMBR0379,SIMR0379,SIMU0300:User 300,GRANTED
2026,1月,13,周二,14:54:03,C5797377,SIMBR0263,SIMR0263,SIMU0237:User 237,GRANTED
2026,1月,13,周二,14:54:03,08EF410D,SIMBR0183,SIMR0183,SIMU0243:User 243,GRANTED
2026,1月,13,周二,14:54:03,0FA31338,SIMBR0357,SIMR0357,SIMU0043:User 43,GRANTED
2026,1月,13,周二,14:54:03,D53BB718,SIMBR0019,SIMR0019,SIMU0270:User 270,GRANTED
2026,1月,13,周二,14:54:03,3F08AFBE,SIMBR0318,SIMR0318,SIMU0170:User 170,GRANTED
2026,1月,13,周二,14:54:03,CCB40167,SIMBR0262,SIMR0262,SIMU0049:User 49,GRANTED
2026,1月,13,周二,14:54:03,C3BDECDB,SIMBR0263,SIMR0263,SIMU0276:User 276,GRANTED
2026,1月,13,周二,14:54:03,E75864D3,SIMBR0157,SIMR0157,SIMU0215:User 215,GRANTED
2026,1月,13,周二,14:54:03,59E7C688,SIMBR0158,SIMR0158,SIMU0072:User 72,GRANTED
2026,1月,13,周二,14:54:03,FC171927,SIMBR0160,SIMR0160,SIMU0287:User 287,GRANTED
2026,1月,13,周二,14:54:03,A69527A3,SIMBR0059,SIMR0059,SIMU0144:User 144,GRANTED
2026,1月,13,周二,14:54:03,4D3BF2D7,SIMBR0334,SIMR0334,SIMU0246:User 246,GRANTED
2026,1月,13,周二,14:54:03,69018179,SIMBR0006,SIMR0006,SIMU0194:User 194,GRANTED
2026,1月,13,周二,14:54:03,FC94FEC5,SIMBR0293,SIMR0293,SIMU0006:User 6,GRANTED
2026,1月,13,周二,14:54:03,B31FE5FA,SIMBR0400,SIMR0400,SIMU0223:User 223,GRANTED
2026,1月,13,周二,14:54:03,3C19D88A,SIMBR0153,SIMR0153,SIMU0249:User 249,GRANTED
2026,1月,13,周二,14:54:03,47D0D195,SIMBR0202,SIMR0202,SIMU0047:User 47,GRANTED
2026,1月,13,周二,14:54:03,0552E86C,SIMBR0035,SIMR0035,SIMU0114:User 114,GRANTED
2026,1月,13,周二,14:54:03,C54F8CD4,SIMBR0355,SIMR0355,SIMU0166:User 166,GRANTED
2026,1月,13,周二,14:54:03,A7998437,SIMBR0293,SIMR0293,SIMU0105:User 105,GRANTED
2026,1月,13,周二,14:54:03,7F36E59B,SIMBR0048,SIMR0048,SIMU0159:User 159,GRANTED
2026,1月,13,周二,14:54:03,C48BC6D5,SIMBR0232,SIMR0232,SIMU0173:User 173,GRANTED
2026,1月,13,周二,14:54:03,C89690D8,SIMBR0292,SIMR0292,SIMU0029:User 29,GRANTED
2026,1月,13,周二,14:54:03,93804668,SIMBR0394,SIMR0394,SIMU0269:User 269,GRANTED
2026,1月,13,周二,14:54:03,483C90D8,SIMBR0005,SIMR0005,SIMU0046:User 46,GRANTED
2026,1月,13,周二,14:54:03,0402E2AB,SIMBR0027,SIMR0027,SIMU0185:User 185,GRANTED
2026,1月,13,周二,14:54:03,08F76FF7,SIMBR0378,SIMR0378,SIMU0296:User 296,GRANTED
2026,1月,13,周二,14:54:03,D3314B84,SIMBR0283,SIMR0283,SIMU0050:User 50,GRANTED
2026,1月,13,周二,14:54:03,950AAA2C,SIMBR0045,SIMR0045,SIMU0139:User 139,GRANTED
2026,1月,13,周二,14:54:03,3518BC78,SIMBR0156,SIMR0156,SIMU0261:User 261,GRANTED
2026,1月,13,周二,14:54:03,71524832,SIMBR0317,SIMR0317,SIMU0128:User 128,GRANTED
2026,1月,13,周二,14:54:03,4BEECFEB,SIMBR0226,SIMR0226,SIMU0117:User 117,GRANTED
2026,1月,13,周二,14:54:03,C584F9D3,SIMBR0194,SIMR0194,EMP001:Zhang San,DENIED
2026,1月,13,周二,14:54:03,0FA31338,SIMBR0299,SIMR0299,SIMU0043:User 43,GRANTED
2026,1月,13,周二,14:54:03,C4504250,SIMBR0396,SIMR0396,SIMU0052:User 52,GRANTED
2026,1月,13,周二,14:54:03,E7BF1B90,SIMBR0311,SIMR0311,SIMU0286:User 286,GRANTED
2026,1月,13,周二,14:54:03,6838748B,SIMBR0365,SIMR0365,SIMU0138:User 138,GRANTED
2026,1月,13,周二,14:54:03,E263443E,SIMBR0380,SIMR0380,SIMU0190:User 190,GRANTED
2026,1月,13,周二,14:54:03,58B55845,SIMBR0367,SIMR0367,EMP002:Li Si,DENIED
2026,1月,13,周二,14:54:03,95379CDB,SIMBR0346,SIMR0346,f46ee39b-ac9d-4193-a478-f8cfc35cec07:gagaga a,GRANTED
2026,1月,13,周二,14:54:03,D3C0B6C6,SIMBR0280,SIMR0280,SIMU0001:User 1,GRANTED
2026,1月,13,周二,14:54:03,170F12B7,SIMBR0227,SIMR0227,SIMU0150:User 150,GRANTED
2026,1月,13,周二,14:54:03,37261D4E,SIMBR0056,SIMR0056,SIMU0040:User 40,GRANTED
2026,1月,13,周二,14:54:03,DA6C9B4D,SIMBR0190,SIMR0190,SIMU0169:User 169,GRANTED
2026,1月,13,周二,14:54:03,D3C0B6C6,SIMBR0363,SIMR0363,SIMU0001:User 1,GRANTED
2026,1月,13,周二,14:54:03,3BE1764E,SIMBR0225,SIMR0225,SIMU0244:User 244,GRANTED
2026,1月,13,周二,14:54:03,3A15230F,SIMBR0345,SIMR0345,SIMU0087:User 87,GRANTED
2026,1月,13,周二,14:54:03,D3C0B6C6,SIMBR0279,SIMR0279,SIMU0001:User 1,GRANTED
2026,1月,13,周二,14:54:03,58B49FD6,SIMBR0178,SIMR0178,SIMU0210:User 210,GRANTED
2026,1月,13,周二,14:54:03,953F9943,SIMBR0202,SIMR0202,SIMU0240:User 240,GRANTED
2026,1月,13,周二,14:54:03,0EC771E6,SIMBR0044,SIMR0044,SIMU0252:User 252,GRANTED
2026,1月,13,周二,14:54:03,FC94FEC5,SIMBR0379,SIMR0379,SIMU0006:User 6,GRANTED
2026,1月,13,周二,14:54:03,F9F71897,BR026,RES019,SIMU0055:User 55,DENIED
2026,1月,13,周二,14:54:03,1973551A,BR011,RES026,SIMU0238:User 238,DENIED
2026,1月,13,周二,14:54:03,C567574B,SIMBR0086,SIMR0086,SIMU0066:User 66,GRANTED
2026,1月,13,周二,14:54:03,528AA107,SIMBR0121,SIMR0121,SIMU0140:User 140,GRANTED
2026,1月,13,周二,14:54:03,90A35555,SIMBR0377,SIMR0377,SIMU0294:User 294,GRANTED
2026,1月,13,周二,14:54:03,C59172A2,SIMBR0051,SIMR0051,SIMU0051:User 51,GRANTED
2026,1月,13,周二,14:54:03,D4614DD2,SIMBR0024,SIMR0024,SIMU0264:User 264,GRANTED
2026,1月,13,周二,14:54:03,162C7D64,SIMBR0314,SIMR0314,SIMU0226:User 226,GRANTED
2026,1月,13,周二,14:54:03,1EF3B563,SIMBR0051,SIMR0051,SIMU0010:User 10,GRANTED
2026,1月,13,周二,14:54:03,1D712ABD,SIMBR0029,SIMR0029,SIMU0277:User 277,GRANTED
2026,1月,13,周二,14:54:03,A7998437,SIMBR0074,SIMR0074,SIMU0105:User 105,GRANTED
2026,1月,13,周二,14:54:03,ECBB92E5,SIMBR0215,SIMR0215,SIMU0292:User 292,GRANTED
2026,1月,13,周二,14:54:03,452BD81E,SIMBR0237,SIMR0237,SIMU0027:User 27,GRANTED
2026,1月,13,周二,14:54:03,A15BFAF3,SIMBR0167,SIMR0167,SIMU0156:User 156,GRANTED
2026,1月,13,周二,14:54:03,611AE3CE,SIMBR0114,SIMR0114,SIMU0256:User 256,GRANTED
2026,1月,13,周二,14:54:03,67A58C4C,SIMBR0007,SIMR0007,SIMU0012:User 12,GRANTED
2026,1月,13,周二,14:54:03,984A4AA4,SIMBR0354,SIMR0354,SIMU0251:User 251,GRANTED
2026,1月,13,周二,14:54:03,67E70F45,SIMBR0179,SIMR0179,SIMU0026:User 26,GRANTED
2026,1月,13,周二,14:54:03,58B53FE3,SIMBR0024,SIMR0024,SIMU0199:User 199,GRANTED
2026,1月,13,周二,14:54:03,CCB40167,SIMBR0217,SIMR0217,SIMU0049:User 49,GRANTED
2026,1月,13,周二,14:54:03,62CE2F4E,SIMBR0173,SIMR0173,SIMU0112:User 112,GRANTED
2026,1月,13,周二,14:54:03,8D7E04E0,SIMBR0299,SIMR0299,SIMU0042:User 42,GRANTED
2026,1月,13,周二,14:54:03,DDB28C88,SIMBR0387,SIMR0387,SIMU0102:User 102,GRANTED
2026,1月,13,周二,14:54:03,A78F3370,SIMBR0193,SIMR0193,SIMU0154:User 154,GRANTED
2026,1月,13,周二,14:54:03,3A15230F,SIMBR0390,SIMR0390,SIMU0087:User 87,GRANTED
2026,1月,13,周二,14:54:03,E8480FE4,SIMBR0340,SIMR0340,SIMU0209:User 209,GRANTED
2026,1月,13,周二,14:54:03,86CB6A2D,SIMBR0363,SIMR0363,SIMU0274:User 274,GRANTED
2026,1月,13,周二,14:54:03,FBEC0C91,SIMBR0364,SIMR0364,SIMU0017:User 17,GRANTED
2026,1月,13,周二,14:54:03,8884C7F3,SIMBR0248,SIMR0248,SIMU0220:User 220,GRANTED
2026,1月,13,周二,14:54:03,ECBB92E5,SIMBR0324,SIMR0324,SIMU0292:User 292,GRANTED
2026,1月,13,周二,14:54:03,1EF3B563,SIMBR0071,SIMR0071,SIMU0010:User 10,GRANTED
2026,1月,13,周二,14:54:03,B0280533,SIMBR0158,SIMR0158,SIMU0024:User 24,GRANTED
2026,1月,13,周二,14:54:03,59E7C688,SIMBR0238,SIMR0238,SIMU0072:User 72,GRANTED
2026,1月,13,周二,14:54:03,2A4E4C17,SIMBR0119,SIMR0119,SIMU0168:User 168,GRANTED
2026,1月,13,周二,14:54:03,3A15230F,SIMBR0187,SIMR0187,SIMU0087:User 87,GRANTED
2026,1月,13,周二,14:54:03,02C1BA5C,SIMBR0080,SIMR0080,SIMU0147:User 147,GRANTED
2026,1月,13,周二,14:54:03,F601DCED,SIMBR0018,SIMR0018,SIMU0285:User 285,GRANTED
2026,1月,13,周二,14:54:03,08A23835,SIMBR0292,SIMR0292,SIMU0258:User 258,GRANTED
2026,1月,13,周二,14:54:03,5AA52579,SIMBR0073,SIMR0073,SIMU0088:User 88,GRANTED
2026,1月,13,周二,14:54:03,F0BBABB2,SIMBR0023,SIMR0023,SIMU0037:User 37,GRANTED
2026,1月,13,周二,14:54:03,CCDCEC0D,SIMBR0273,SIMR0273,SIMU0273:User 273,GRANTED
2026,1月,13,周二,14:54:03,5AA52579,SIMBR0237,SIMR0237,SIMU0088:User 88,GRANTED
2026,1月,13,周二,14:54:03,B3D7FE0C,SIMBR0084,SIMR0084,SIMU0016:User 16,GRANTED
2026,1月,13,周二,14:54:03,E8480FE4,SIMBR0227,SIMR0227,SIMU0209:User 209,GRANTED
2026,1月,13,周二,14:54:03,A69527A3,SIMBR0216,SIMR0216,SIMU0144:User 144,GRANTED
2026,1月,13,周二,14:54:03,F601DCED,SIMBR0379,SIMR0379,SIMU0285:User 285,GRANTED
2026,1月,13,周二,14:54:03,B8E3693D,SIMBR0025,SIMR0025,SIMU0283:User 283,GRANTED
2026,1月,13,周二,14:54:03,A672B04C,SIMBR0218,SIMR0218,SIMU0254:User 254,GRANTED
2026,1月,13,周二,14:54:03,FC94FEC5,SIMBR0173,SIMR0173,SIMU0006:User 6,GRANTED
2026,1月,13,周二,14:54:03,C5B21C58,SIMBR0193,SIMR0193,SIMU0054:User 54,GRANTED
2026,1月,13,周二,14:54:03,88FF8EF2,SIMBR0174,SIMR0174,SIMU0206:User 206,GRANTED
2026,1月,13,周二,14:54:03,3F08AFBE,SIMBR0115,SIMR0115,SIMU0170:User 170,GRANTED
2026,1月,13,周二,14:54:03,5A448F85,SIMBR0035,SIMR0035,SIMU0233:User 233,GRANTED
2026,1月,13,周二,14:54:03,3EC06854,SIMBR0101,SIMR0101,SIMU0129:User 129,GRANTED
2026,1月,13,周二,14:54:03,C59172A2,SIMBR0130,SIMR0130,SIMU0051:User 51,GRANTED
2026,1月,13,周二,14:54:03,65191148,SIMBR0117,SIMR0117,SIMU0101:User 101,GRANTED
2026,1月,13,周二,14:54:03,E7BF1B90,SIMBR0210,SIMR0210,SIMU0286:User 286,GRANTED
2026,1月,13,周二,14:54:03,9C4465BC,SIMBR0103,SIMR0103,SIMU0263:User 263,GRANTED
2026,1月,13,周二,14:54:03,02FCAAFD,SIMBR0196,SIMR0196,SIMU0248:User 248,GRANTED
2026,1月,13,周二,14:54:03,F2F0E19C,SIMBR0236,SIMR0236,SIMU0290:User 290,GRANTED
2026,1月,13,周二,14:54:03,8852F51C,SIMBR0250,SIMR0250,SIMU0121:User 121,GRANTED
2026,1月,13,周二,14:54:03,E67855ED,SIMBR0142,SIMR0142,SIMU0268:User 268,GRANTED
2026,1月,13,周二,14:54:03,5AA52579,SIMBR0310,SIMR0310,SIMU0088:User 88,GRANTED
2026,1月,13,周二,14:54:03,6CAF0FB3,SIMBR0346,SIMR0346,SIMU0148:User 148,GRANTED
2026,1月,13,周二,14:54:03,0402E2AB,SIMBR0382,SIMR0382,SIMU0185:User 185,GRANTED
2026,1月,13,周二,14:54:03,BF88A1CE,SIMBR0148,SIMR0148,SIMU0160:User 160,GRANTED
2026,1月,13,周二,14:54:03,2015CDCD,SIMBR0341,SIMR0341,SIMU0134:User 134,GRANTED
2026,1月,13,周二,14:54:03,D3C0B6C6,SIMBR0051,SIMR0051,SIMU0001:User 1,GRANTED
2026,1月,13,周二,14:54:03,CBF84902,SIMBR0383,SIMR0383,SIMU0109:User 109,GRANTED
2026,1月,13,周二,14:54:03,BBE8D6B5,SIMBR0099,SIMR0099,SIMU0195:User 195,GRANTED
2026,1月,13,周二,14:54:03,497FB87C,SIMBR0008,SIMR0008,SIMU0272:User 272,GRANTED
2026,1月,13,周二,14:54:03,452BD81E,SIMBR0151,SIMR0151,SIMU0027:User 27,GRANTED
2026,1月,13,周二,14:54:03,9C30C93C,SIMBR0239,SIMR0239,SIMU0216:User 216,GRANTED
2026,1月,13,周二,14:54:03,7AA8E7ED,SIMBR0246,SIMR0246,SIMU0184:User 184,GRANTED
2026,1月,13,周二,14:54:03,58B49FD6,SIMBR0113,SIMR0113,SIMU0210:User 210,GRANTED
2026,1月,13,周二,14:54:03,838F6048,SIMBR0375,SIMR0375,SIMU0036:User 36,GRANTED
2026,1月,13,周二,14:54:03,AD9F62CD,SIMBR0264,SIMR0264,SIMU0092:User 92,GRANTED
2026,1月,13,周二,14:54:03,D1E93663,SIMBR0297,SIMR0297,SIMU0235:User 235,GRANTED
2026,1月,13,周二,14:54:03,C584F9D3,SIMBR0363,SIMR0363,EMP001:Zhang San,DENIED
2026,1月,13,周二,14:54:03,7A015C31,SIMBR0177,SIMR0177,SIMU0280:User 280,GRANTED
2026,1月,13,周二,14:54:03,F601DCED,SIMBR0309,SIMR0309,SIMU0285:User 285,GRANTED
2026,1月,13,周二,14:54:03,C1EBD39E,SIMBR0269,SIMR0269,SIMU0030:User 30,GRANTED
2026,1月,13,周二,14:54:03,81E48A54,SIMBR0007,SIMR0007,SIMU0275:User 275,GRANTED
2026,1月,13,周二,14:54:03,8884C7F3,BR001,RES020,SIMU0220:User 220,DENIED
2026,1月,13,周二,14:54:03,B49050D7,SIMBR0180,SIMR0180,SIMU0203:User 203,GRANTED
2026,1月,13,周二,14:54:03,AE48A11A,SIMBR0355,SIMR0355,SIMU0113:User 113,GRANTED
2026,1月,13,周二,14:54:03,162C7D64,SIMBR0280,SIMR0280,SIMU0226:User 226,GRANTED
2026,1月,13,周二,14:54:03,54125B8C,BR006,RES002,SIMU0231:User 231,DENIED
2026,1月,13,周二,14:54:03,968BEA98,SIMBR0267,SIMR0267,SIMU0151:User 151,GRANTED
2026,1月,13,周二,14:54:03,1C14945A,SIMBR0341,SIMR0341,SIMU0048:User 48,GRANTED
2026,1月,13,周二,14:54:04,143D522F,SIMBR0145,SIMR0145,SIMU0009:User 9,GRANTED
2026,1月,13,周二,14:54:04,452BD81E,SIMBR0296,SIMR0296,SIMU0027:User 27,GRANTED
2026,1月,13,周二,14:54:04,7E0669A9,SIMBR0244,SIMR0244,SIMU0125:User 125,GRANTED
2026,1月,13,周二,14:54:04,C3BDECDB,SIMBR0229,SIMR0229,SIMU0276:User 276,GRANTED
2026,1月,13,周二,14:54:04,DDB28C88,SIMBR0153,SIMR0153,SIMU0102:User 102,GRANTED
2026,1月,13,周二,14:54:04,3644422D,SIMBR0037,SIMR0037,SIMU0298:User 298,GRANTED
2026,1月,13,周二,14:54:04,CCDCEC0D,SIMBR0136,SIMR0136,SIMU0273:User 273,GRANTED
2026,1月,13,周二,14:54:04,08F76FF7,SIMBR0169,SIMR0169,SIMU0296:User 296,GRANTED
2026,1月,13,周二,14:54:04,4894892B,SIMBR0052,SIMR0052,SIMU0073:User 73,GRANTED
2026,1月,13,周二,14:54:04,81E964E1,SIMBR0286,SIMR0286,SIMU0014:User 14,GRANTED
2026,1月,13,周二,14:54:04,49209EA6,SIMBR0383,SIMR0383,SIMU0247:User 247,GRANTED
2026,1月,13,周二,14:54:04,5A448F85,SIMBR0069,SIMR0069,SIMU0233:User 233,GRANTED
2026,1月,13,周二,14:54:04,A7998437,BR004,RES001,SIMU0105:User 105,DENIED
2026,1月,13,周二,14:54:04,5F0BA8E3,SIMBR0370,SIMR0370,SIMU0077:User 77,GRANTED
2026,1月,13,周二,14:54:04,248E3909,SIMBR0080,SIMR0080,SIMU0011:User 11,GRANTED
2026,1月,13,周二,14:54:04,F6C99026,SIMBR0384,SIMR0384,SIMU0208:User 208,GRANTED
2026,1月,13,周二,14:54:04,A78F3370,SIMBR0223,SIMR0223,SIMU0154:User 154,GRANTED
2026,1月,13,周二,14:54:04,9E2D38C8,SIMBR0164,SIMR0164,SIMU0097:User 97,GRANTED
2026,1月,13,周二,14:54:04,46F6FFBE,SIMBR0217,SIMR0217,SIMU0136:User 136,GRANTED
2026,1月,13,周二,14:54:04,4BEECFEB,SIMBR0176,SIMR0176,SIMU0117:User 117,GRANTED
2026,1月,13,周二,14:54:04,646A37B3,SIMBR0224,SIMR0224,SIMU0200:User 200,GRANTED
2026,1月,13,周二,14:54:04,C4504250,SIMBR0092,SIMR0092,SIMU0052:User 52,GRANTED
2026,1月,13,周二,14:54:04,CBF84902,SIMBR0078,SIMR0078,SIMU0109:User 109,GRANTED
2026,1月,13,周二,14:54:04,E00A3B0F,SIMBR0369,SIMR0369,SIMU0013:User 13,GRANTED
2026,1月,13,周二,14:54:04,984A4AA4,BR001,RES020,SIMU0251:User 251,DENIED
2026,1月,13,周二,14:54:04,897D2598,SIMBR0117,SIMR0117,SIMU0242:User 242,GRANTED
2026,1月,13,周二,14:54:04,AE48A11A,SIMBR0058,SIMR0058,SIMU0113:User 113,GRANTED
2026,1月,13,周二,14:54:04,5C18984E,SIMBR0330,SIMR0330,SIMU0255:User 255,GRANTED
2026,1月,13,周二,14:54:04,7A015C31,SIMBR0382,SIMR0382,SIMU0280:User 280,GRANTED
2026,1月,13,周二,14:54:04,4D29E6C6,SIMBR0292,SIMR0292,SIMU0021:User 21,GRANTED
2026,1月,13,周二,14:54:04,C5797377,SIMBR0060,SIMR0060,SIMU0237:User 237,GRANTED
2026,1月,13,周二,14:54:04,F8B36522,SIMBR0080,SIMR0080,SIMU0084:User 84,GRANTED
2026,1月,13,周二,14:54:04,BAA7A8FE,SIMBR0281,SIMR0281,SIMU0211:User 211,GRANTED
2026,1月,13,周二,14:54:04,0FA31338,SIMBR0090,SIMR0090,SIMU0043:User 43,GRANTED
2026,1月,13,周二,14:54:04,5CA6D470,SIMBR0019,SIMR0019,SIMU0146:User 146,GRANTED
2026,1月,13,周二,14:54:04,B03C09C9,BR018,RES011,SIMU0162:User 162,DENIED
2026,1月,13,周二,14:54:04,2BAB4E39,SIMBR0129,SIMR0129,SIMU0137:User 137,GRANTED
2026,1月,13,周二,14:54:04,0552E86C,SIMBR0088,SIMR0088,SIMU0114:User 114,GRANTED
2026,1月,13,周二,14:54:04,9E2D38C8,SIMBR0058,SIMR0058,SIMU0097:User 97,GRANTED
2026,1月,13,周二,14:54:04,D3C0B6C6,SIMBR0295,SIMR0295,SIMU0001:User 1,GRANTED
2026,1月,13,周二,14:54:04,CDEE85B1,SIMBR0016,SIMR0016,SIMU0127:User 127,GRANTED
2026,1月,13,周二,14:54:04,CDEE85B1,SIMBR0252,SIMR0252,SIMU0127:User 127,GRANTED
2026,1月,13,周二,14:54:04,FC94FEC5,BR026,RES019,SIMU0006:User 6,DENIED
2026,1月,13,周二,14:54:04,5849BD23,SIMBR0328,SIMR0328,SIMU0186:User 186,GRANTED
2026,1月,13,周二,14:54:04,8C2113AD,SIMBR0044,SIMR0044,SIMU0228:User 228,GRANTED
2026,1月,13,周二,14:54:04,8C4E2F9D,SIMBR0379,SIMR0379,SIMU0180:User 180,GRANTED
2026,1月,13,周二,14:54:04,65191148,SIMBR0028,SIMR0028,SIMU0101:User 101,GRANTED
2026,1月,13,周二,14:54:04,19618E8D,SIMBR0221,SIMR0221,SIMU0205:User 205,GRANTED
2026,1月,13,周二,14:54:04,7AA8E7ED,SIMBR0265,SIMR0265,SIMU0184:User 184,GRANTED
2026,1月,13,周二,14:54:04,F601DCED,SIMBR0288,SIMR0288,SIMU0285:User 285,GRANTED
2026,1月,13,周二,14:54:04,F6C99026,BR006,RES002,SIMU0208:User 208,DENIED
2026,1月,13,周二,14:54:04,0C15DF36,SIMBR0389,SIMR0389,SIMU0239:User 239,GRANTED
2026,1月,13,周二,14:54:04,FC2850E7,SIMBR0063,SIMR0063,SIMU0145:User 145,GRANTED
2026,1月,13,周二,14:54:04,C5797377,SIMBR0188,SIMR0188,SIMU0237:User 237,GRANTED
2026,1月,13,周二,14:54:04,2BC13570,BR026,RES019,SIMU0078:User 78,DENIED
2026,1月,13,周二,14:54:04,953F9943,SIMBR0208,SIMR0208,SIMU0240:User 240,GRANTED
2026,1月,13,周二,14:54:04,DDB28C88,SIMBR0303,SIMR0303,SIMU0102:User 102,GRANTED
2026,1月,13,周二,14:54:04,3A15230F,SIMBR0210,SIMR0210,SIMU0087:User 87,GRANTED
2026,1月,13,周二,14:54:04,4BEECFEB,SIMBR0241,SIMR0241,SIMU0117:User 117,GRANTED
2026,1月,13,周二,14:54:04,7E0669A9,SIMBR0344,SIMR0344,SIMU0125:User 125,GRANTED
2026,1月,13,周二,14:54:04,E8771983,SIMBR0165,SIMR0165,SIMU0131:User 131,GRANTED
2026,1月,13,周二,14:54:04,59E7C688,SIMBR0259,SIMR0259,SIMU0072:User 72,GRANTED
2026,1月,13,周二,14:54:04,FC75DC29,SIMBR0128,SIMR0128,SIMU0018:User 18,GRANTED
2026,1月,13,周二,14:54:04,7A015C31,SIMBR0085,SIMR0085,SIMU0280:User 280,GRANTED
2026,1月,13,周二,14:54:04,397487A8,SIMBR0009,SIMR0009,SIMU0076:User 76,GRANTED
2026,1月,13,周二,14:54:04,69018179,SIMBR0327,SIMR0327,SIMU0194:User 194,GRANTED
2026,1月,13,周二,14:54:04,F3F1388E,SIMBR0204,SIMR0204,SIMU0022:User 22,GRANTED
2026,1月,13,周二,14:54:04,B492A75C,SIMBR0351,SIMR0351,SIMU0110:User 110,GRANTED
2026,1月,13,周二,14:54:04,6D120953,SIMBR0221,SIMR0221,SIMU0224:User 224,GRANTED
2026,1月,13,周二,14:54:04,B57B1DD3,SIMBR0151,SIMR0151,SIMU0295:User 295,GRANTED
2026,1月,13,周二,14:54:04,58B53FE3,BR012,RES005,SIMU0199:User 199,DENIED
2026,1月,13,周二,14:54:04,02C1BA5C,SIMBR0207,SIMR0207,SIMU0147:User 147,GRANTED
2026,1月,13,周二,14:54:04,B335B7A5,SIMBR0273,SIMR0273,SIMU0202:User 202,GRANTED
2026,1月,13,周二,14:54:04,9F85BAB6,BR002,RES021,SIMU0031:User 31,DENIED
2026,1月,13,周二,14:54:04,953F9943,SIMBR0343,SIMR0343,SIMU0240:User 240,GRANTED
2026,1月,13,周二,14:54:04,A469BA8E,SIMBR0339,SIMR0339,SIMU0118:User 118,GRANTED
2026,1月,13,周二,14:54:04,F9F71897,SIMBR0035,SIMR0035,SIMU0055:User 55,GRANTED
2026,1月,13,周二,14:54:04,F689FE56,SIMBR0151,SIMR0151,SIMU0236:User 236,GRANTED
2026,1月,13,周二,14:54:04,F9F71897,SIMBR0052,SIMR0052,SIMU0055:User 55,GRANTED
2026,1月,13,周二,14:54:04,D0ABEAE1,SIMBR0057,SIMR0057,SIMU0196:User 196,GRANTED
2026,1月,13,周二,14:54:04,47F239E7,SIMBR0002,SIMR0002,SIMU0191:User 191,GRANTED
2026,1月,13,周二,14:54:04,9C30C93C,SIMBR0017,SIMR0017,SIMU0216:User 216,GRANTED
2026,1月,13,周二,14:54:04,562086DB,SIMBR0229,SIMR0229,SIMU0193:User 193,GRANTED
2026,1月,13,周二,14:54:04,88FF8EF2,SIMBR0195,SIMR0195,SIMU0206:User 206,GRANTED
2026,1月,13,周二,14:54:04,6A126518,SIMBR0019,SIMR0019,SIMU0157:User 157,GRANTED
2026,1月,13,周二,14:54:04,397487A8,SIMBR0026,SIMR0026,SIMU0076:User 76,GRANTED
2026,1月,13,周二,14:54:04,4356E5AB,SIMBR0056,SIMR0056,SIMU0172:User 172,GRANTED
2026,1月,13,周二,14:54:04,5AA52579,SIMBR0067,SIMR0067,SIMU0088:User 88,GRANTED
2026,1月,13,周二,14:54:04,0402E2AB,SIMBR0225,SIMR0225,SIMU0185:User 185,GRANTED
2026,1月,13,周二,14:54:04,FBEC0C91,SIMBR0381,SIMR0381,SIMU0017:User 17,GRANTED
2026,1月,13,周二,14:54:04,F615ED55,SIMBR0053,SIMR0053,SIMU0115:User 115,GRANTED
2026,1月,13,周二,14:54:04,1C14945A,SIMBR0009,SIMR0009,SIMU0048:User 48,GRANTED
2026,1月,13,周二,14:54:04,1A35CB67,SIMBR0017,SIMR0017,SIMU0095:User 95,GRANTED
2026,1月,13,周二,14:54:04,C567574B,SIMBR0143,SIMR0143,SIMU0066:User 66,GRANTED
2026,1月,13,周二,14:54:04,984A4AA4,SIMBR0317,SIMR0317,SIMU0251:User 251,GRANTED
2026,1月,13,周二,14:54:04,4DB086F5,SIMBR0360,SIMR0360,SIMU0133:User 133,GRANTED
2026,1月,13,周二,14:54:04,CF905F5D,SIMBR0379,SIMR0379,SIMU0019:User 19,GRANTED
2026,1月,13,周二,14:54:04,DF4F65FA,SIMBR0355,SIMR0355,SIMU0124:User 124,GRANTED
2026,1月,13,周二,14:54:04,0FA31338,SIMBR0044,SIMR0044,SIMU0043:User 43,GRANTED
2026,1月,13,周二,14:54:04,C48BC6D5,SIMBR0238,SIMR0238,SIMU0173:User 173,GRANTED
2026,1月,13,周二,14:54:04,2015CDCD,SIMBR0377,SIMR0377,SIMU0134:User 134,GRANTED
2026,1月,13,周二,14:54:04,C59172A2,SIMBR0319,SIMR0319,SIMU0051:User 51,GRANTED
2026,1月,13,周二,14:54:04,B03C09C9,SIMBR0072,SIMR0072,SIMU0162:User 162,GRANTED
2026,1月,13,周二,14:54:04,4DB086F5,SIMBR0079,SIMR0079,SIMU0133:User 133,GRANTED
2026,1月,13,周二,14:54:04,371FBFD4,SIMBR0224,SIMR0224,SIMU0227:User 227,GRANTED
2026,1月,13,周二,14:54:04,C6A1DEEB,SIMBR0273,SIMR0273,SIMU0175:User 175,GRANTED
2026,1月,13,周二,14:54:04,78D74DDD,BR003,RES022,VIS001:Qian Qi,DENIED
2026,1月,13,周二,14:54:04,4DB086F5,SIMBR0058,SIMR0058,SIMU0133:User 133,GRANTED
2026,1月,13,周二,14:54:04,08EF410D,SIMBR0218,SIMR0218,SIMU0243:User 243,GRANTED
2026,1月,13,周二,14:54:04,F2F0E19C,SIMBR0250,SIMR0250,SIMU0290:User 290,GRANTED
2026,1月,13,周二,14:54:04,42A684F2,SIMBR0026,SIMR0026,SIMU0123:User 123,GRANTED
2026,1月,13,周二,14:54:04,D0ABEAE1,SIMBR0087,SIMR0087,SIMU0196:User 196,GRANTED
2026,1月,13,周二,14:54:04,D3E5BD00,SIMBR0065,SIMR0065,SIMU0069:User 69,GRANTED
2026,1月,13,周二,14:54:04,B19369AB,SIMBR0259,SIMR0259,SIMU0081:User 81,GRANTED
2026,1月,13,周二,14:54:04,E75864D3,SIMBR0034,SIMR0034,SIMU0215:User 215,GRANTED
2026,1月,13,周二,14:54:04,0402E2AB,SIMBR0109,SIMR0109,SIMU0185:User 185,GRANTED
2026,1月,13,周二,14:54:04,FC9D18E8,SIMBR0394,SIMR0394,SIMU0083:User 83,GRANTED
2026,1月,13,周二,14:54:04,58B55845,SIMBR0237,SIMR0237,EMP002:Li Si,DENIED
2026,1月,13,周二,14:54:04,3BE1764E,SIMBR0253,SIMR0253,SIMU0244:User 244,GRANTED
2026,1月,13,周二,14:54:04,9C4C6F9D,BR004,RES001,SIMU0259:User 259,DENIED
2026,1月,13,周二,14:54:04,D832A0D0,SIMBR0108,SIMR0108,SIMU0033:User 33,GRANTED
2026,1月,13,周二,14:54:04,45BE30A8,SIMBR0309,SIMR0309,8d1a5202-9052-4f93-bf5a-4deffdf65fd3:a q,GRANTED
2026,1月,13,周二,14:54:04,F8B36522,SIMBR0316,SIMR0316,SIMU0084:User 84,GRANTED
2026,1月,13,周二,14:54:04,19C83547,SIMBR0082,SIMR0082,SIMU0266:User 266,GRANTED
2026,1月,13,周二,14:54:04,C465593F,SIMBR0284,SIMR0284,SIMU0093:User 93,GRANTED
2026,1月,13,周二,14:54:04,19618E8D,SIMBR0344,SIMR0344,SIMU0205:User 205,GRANTED
2026,1月,13,周二,14:54:04,49209EA6,SIMBR0287,SIMR0287,SIMU0247:User 247,GRANTED
2026,1月,13,周二,14:54:04,E7BF1B90,BR014,RES007,SIMU0286:User 286,DENIED
2026,1月,13,周二,14:54:04,A672B04C,SIMBR0351,SIMR0351,SIMU0254:User 254,GRANTED
2026,1月,13,周二,14:54:04,F9BE4222,SIMBR0157,SIMR0157,SIMU0141:User 141,GRANTED
2026,1月,13,周二,14:54:04,81E48A54,SIMBR0021,SIMR0021,SIMU0275:User 275,GRANTED
2026,1月,13,周二,14:54:04,05B63F8B,BR022,RES015,SIMU0135:User 135,DENIED
2026,1月,13,周二,14:54:04,4DE0D33A,SIMBR0006,SIMR0006,SIMU0260:User 260,GRANTED
2026,1月,13,周二,14:54:04,2BC13570,SIMBR0088,SIMR0088,SIMU0078:User 78,GRANTED
2026,1月,13,周二,14:54:04,BAA7A8FE,SIMBR0009,SIMR0009,SIMU0211:User 211,GRANTED
2026,1月,13,周二,14:54:04,D4614DD2,BR015,RES008,SIMU0264:User 264,DENIED
2026,1月,13,周二,14:54:04,E75864D3,SIMBR0398,SIMR0398,SIMU0215:User 215,GRANTED
2026,1月,13,周二,14:54:04,397487A8,SIMBR0016,SIMR0016,SIMU0076:User 76,GRANTED
2026,1月,13,周二,14:54:04,A90144E9,SIMBR0278,SIMR0278,SIMU0096:User 96,GRANTED
2026,1月,13,周二,14:54:04,5DD3F3CE,SIMBR0398,SIMR0398,SIMU0182:User 182,GRANTED
2026,1月,13,周二,14:54:04,355CC3B6,SIMBR0392,SIMR0392,SIMU0167:User 167,GRANTED
2026,1月,13,周二,14:54:04,86CB6A2D,SIMBR0345,SIMR0345,SIMU0274:User 274,GRANTED
2026,1月,13,周二,14:54:04,A1F8AEF6,SIMBR0387,SIMR0387,SIMU0122:User 122,GRANTED
2026,1月,13,周二,14:54:04,31EC8E2A,SIMBR0029,SIMR0029,SIMU0284:User 284,GRANTED
2026,1月,13,周二,14:54:04,29219B5A,SIMBR0192,SIMR0192,SIMU0142:User 142,GRANTED
2026,1月,13,周二,14:54:04,37261D4E,SIMBR0352,SIMR0352,SIMU0040:User 40,GRANTED
2026,1月,13,周二,14:54:04,9C30C93C,SIMBR0072,SIMR0072,SIMU0216:User 216,GRANTED
2026,1月,13,周二,14:54:04,ECBB92E5,SIMBR0189,SIMR0189,SIMU0292:User 292,GRANTED
2026,1月,13,周二,14:54:04,E00A3B0F,SIMBR0360,SIMR0360,SIMU0013:User 13,GRANTED
2026,1月,13,周二,14:54:04,44BB34C0,SIMBR0290,SIMR0290,SIMU0262:User 262,GRANTED
2026,1月,13,周二,14:54:04,5A448F85,SIMBR0242,SIMR0242,SIMU0233:User 233,GRANTED
2026,1月,13,周二,14:54:04,39788538,BR011,RES026,SIMU0032:User 32,DENIED
2026,1月,13,周二,14:54:04,6E7782F8,BR012,RES005,INT001:Zhao Liu,GRANTED
2026,1月,13,周二,14:54:04,1361E23B,SIMBR0044,SIMR0044,SIMU0181:User 181,GRANTED
2026,1月,13,周二,14:54:04,6D120953,SIMBR0016,SIMR0016,SIMU0224:User 224,GRANTED
2026,1月,13,周二,14:54:04,8D7E04E0,SIMBR0135,SIMR0135,SIMU0042:User 42,GRANTED
2026,1月,13,周二,14:54:04,1361E23B,SIMBR0051,SIMR0051,SIMU0181:User 181,GRANTED
2026,1月,13,周二,14:54:04,86CB6A2D,SIMBR0102,SIMR0102,SIMU0274:User 274,GRANTED
2026,1月,13,周二,14:54:04,CCDCEC0D,SIMBR0356,SIMR0356,SIMU0273:User 273,GRANTED
2026,1月,13,周二,14:54:04,1EF3B563,SIMBR0259,SIMR0259,SIMU0010:User 10,GRANTED
2026,1月,13,周二,14:54:04,DDB28C88,SIMBR0229,SIMR0229,SIMU0102:User 102,GRANTED
2026,1月,13,周二,14:54:04,6712960F,SIMBR0054,SIMR0054,SIMU0015:User 15,GRANTED
2026,1月,13,周二,14:54:04,4356E5AB,SIMBR0293,SIMR0293,SIMU0172:User 172,GRANTED
2026,1月,13,周二,14:54:04,248E3909,SIMBR0241,SIMR0241,SIMU0011:User 11,GRANTED
2026,1月,13,周二,14:54:04,2D7F99C4,SIMBR0125,SIMR0125,SIMU0085:User 85,GRANTED
2026,1月,13,周二,14:54:04,66DF575A,SIMBR0077,SIMR0077,SIMU0070:User 70,GRANTED
2026,1月,13,周二,14:54:04,A1F8AEF6,SIMBR0297,SIMR0297,SIMU0122:User 122,GRANTED
2026,1月,13,周二,14:54:04,0EC771E6,SIMBR0002,SIMR0002,SIMU0252:User 252,GRANTED
2026,1月,13,周二,14:54:04,D3C0B6C6,SIMBR0007,SIMR0007,SIMU0001:User 1,GRANTED
2026,1月,13,周二,14:54:04,B19369AB,BR008,RES003,SIMU0081:User 81,DENIED
2026,1月,13,周二,14:54:04,397487A8,SIMBR0092,SIMR0092,SIMU0076:User 76,GRANTED
2026,1月,13,周二,14:54:04,4DB086F5,SIMBR0207,SIMR0207,SIMU0133:User 133,GRANTED
2026,1月,13,周二,14:54:04,D832A0D0,SIMBR0176,SIMR0176,SIMU0033:User 33,GRANTED
2026,1月,13,周二,14:54:04,F9F71897,SIMBR0381,SIMR0381,SIMU0055:User 55,GRANTED
2026,1月,13,周二,14:54:04,58B49FD6,SIMBR0282,SIMR0282,SIMU0210:User 210,GRANTED
2026,1月,13,周二,14:54:04,EF4C6A5D,SIMBR0093,SIMR0093,SIMU0197:User 197,GRANTED
2026,1月,13,周二,14:54:04,A6A1B8F1,SIMBR0321,SIMR0321,SIMU0241:User 241,GRANTED
2026,1月,13,周二,14:54:04,C082C9C4,SIMBR0358,SIMR0358,SIMU0288:User 288,GRANTED
2026,1月,13,周二,14:54:04,BBE8D6B5,SIMBR0033,SIMR0033,SIMU0195:User 195,GRANTED
2026,1月,13,周二,14:54:04,3644422D,SIMBR0349,SIMR0349,SIMU0298:User 298,GRANTED
2026,1月,13,周二,14:54:04,58B49FD6,SIMBR0162,SIMR0162,SIMU0210:User 210,GRANTED
2026,1月,13,周二,14:54:04,C082C9C4,SIMBR0305,SIMR0305,SIMU0288:User 288,GRANTED
2026,1月,13,周二,14:54:04,5AA52579,SIMBR0344,SIMR0344,SIMU0088:User 88,GRANTED
2026,1月,13,周二,14:54:04,0EC771E6,BR014,RES007,SIMU0252:User 252,DENIED
2026,1月,13,周二,14:54:04,62CE2F4E,SIMBR0365,SIMR0365,SIMU0112:User 112,GRANTED
2026,1月,13,周二,14:54:04,6D120953,SIMBR0095,SIMR0095,SIMU0224:User 224,GRANTED
2026,1月,13,周二,14:54:04,37261D4E,SIMBR0264,SIMR0264,SIMU0040:User 40,GRANTED
2026,1月,13,周二,14:54:04,F0D79A3D,SIMBR0304,SIMR0304,SIMU0161:User 161,GRANTED
2026,1月,13,周二,14:54:04,4BEECFEB,SIMBR0227,SIMR0227,SIMU0117:User 117,GRANTED
2026,1月,13,周二,14:54:04,A7EE3F93,SIMBR0327,SIMR0327,SIMU0222:User 222,GRANTED
2026,1月,13,周二,14:54:04,19618E8D,SIMBR0059,SIMR0059,SIMU0205:User 205,GRANTED
2026,1月,13,周二,14:54:04,FF968112,SIMBR0236,SIMR0236,SIMU0250:User 250,GRANTED
2026,1月,13,周二,14:54:04,65830A51,SIMBR0245,SIMR0245,SIMU0041:User 41,GRANTED
2026,1月,13,周二,14:54:04,C59172A2,SIMBR0382,SIMR0382,SIMU0051:User 51,GRANTED
2026,1月,13,周二,14:54:04,7481E135,SIMBR0304,SIMR0304,SIMU0282:User 282,GRANTED
2026,1月,13,周二,14:54:04,58B55845,BR022,RES015,EMP002:Li Si,DENIED
2026,1月,13,周二,14:54:04,D7544F8A,SIMBR0153,SIMR0153,SIMU0100:User 100,GRANTED
2026,1月,13,周二,14:54:04,ECBB92E5,SIMBR0288,SIMR0288,SIMU0292:User 292,GRANTED
2026,1月,13,周二,14:54:04,A6A1B8F1,SIMBR0388,SIMR0388,SIMU0241:User 241,GRANTED
2026,1月,13,周二,14:54:04,C5B21C58,SIMBR0265,SIMR0265,SIMU0054:User 54,GRANTED
2026,1月,13,周二,14:54:05,4D29E6C6,SIMBR0245,SIMR0245,SIMU0021:User 21,GRANTED
2026,1月,13,周二,14:54:05,CDEE85B1,SIMBR0215,SIMR0215,SIMU0127:User 127,GRANTED
2026,1月,13,周二,14:54:05,EBA75218,SIMBR0050,SIMR0050,SIMU0028:User 28,GRANTED
2026,1月,13,周二,14:54:05,D3E5BD00,SIMBR0269,SIMR0269,SIMU0069:User 69,GRANTED
2026,1月,13,周二,14:54:05,62CE2F4E,SIMBR0128,SIMR0128,SIMU0112:User 112,GRANTED
2026,1月,13,周二,14:54:05,0402E2AB,BR012,RES005,SIMU0185:User 185,DENIED
2026,1月,13,周二,14:54:05,0FA31338,SIMBR0285,SIMR0285,SIMU0043:User 43,GRANTED
2026,1月,13,周二,14:54:05,0C15DF36,SIMBR0130,SIMR0130,SIMU0239:User 239,GRANTED
2026,1月,13,周二,14:54:05,87E11CBB,SIMBR0180,SIMR0180,SIMU0008:User 8,GRANTED
2026,1月,13,周二,14:54:05,1EF3B563,SIMBR0202,SIMR0202,SIMU0010:User 10,GRANTED
2026,1月,13,周二,14:54:05,162C7D64,SIMBR0186,SIMR0186,SIMU0226:User 226,GRANTED
2026,1月,13,周二,14:54:05,C5B21C58,SIMBR0181,SIMR0181,SIMU0054:User 54,GRANTED
2026,1月,13,周二,14:54:05,CDEE85B1,SIMBR0133,SIMR0133,SIMU0127:User 127,GRANTED
2026,1月,13,周二,14:54:05,FC75DC29,SIMBR0210,SIMR0210,SIMU0018:User 18,GRANTED
2026,1月,13,周二,14:54:05,0FB573D7,SIMBR0277,SIMR0277,SIMU0106:User 106,GRANTED
2026,1月,13,周二,14:54:05,05B63F8B,SIMBR0232,SIMR0232,SIMU0135:User 135,GRANTED
2026,1月,13,周二,14:54:05,8852F51C,SIMBR0039,SIMR0039,SIMU0121:User 121,GRANTED
2026,1月,13,周二,14:54:05,6B46505C,SIMBR0326,SIMR0326,SIMU0132:User 132,GRANTED
2026,1月,13,周二,14:54:05,DF4F65FA,SIMBR0051,SIMR0051,SIMU0124:User 124,GRANTED
2026,1月,13,周二,14:54:05,F8C3B166,SIMBR0247,SIMR0247,SIMU0300:User 300,GRANTED
2026,1月,13,周二,14:54:05,950AAA2C,SIMBR0324,SIMR0324,SIMU0139:User 139,GRANTED
2026,1月,13,周二,14:54:05,47F239E7,SIMBR0313,SIMR0313,SIMU0191:User 191,GRANTED
2026,1月,13,周二,14:54:05,C54F8CD4,SIMBR0350,SIMR0350,SIMU0166:User 166,GRANTED
2026,1月,13,周二,14:54:05,24331CD1,SIMBR0241,SIMR0241,SIMU0219:User 219,GRANTED
2026,1月,13,周二,14:54:05,C48BE2F9,SIMBR0316,SIMR0316,SIMU0178:User 178,GRANTED
2026,1月,13,周二,14:54:05,7F749586,SIMBR0137,SIMR0137,SIMU0004:User 4,GRANTED
2026,1月,13,周二,14:54:05,C59172A2,SIMBR0201,SIMR0201,SIMU0051:User 51,GRANTED
2026,1月,13,周二,14:54:05,90A35555,SIMBR0388,SIMR0388,SIMU0294:User 294,GRANTED
2026,1月,13,周二,14:54:05,4FD7E7EC,SIMBR0027,SIMR0027,SIMU0053:User 53,GRANTED
2026,1月,13,周二,14:54:05,7E0669A9,SIMBR0341,SIMR0341,SIMU0125:User 125,GRANTED
2026,1月,13,周二,14:54:05,701A6AE7,SIMBR0197,SIMR0197,SIMU0098:User 98,GRANTED
2026,1月,13,周二,14:54:05,A7E186B8,SIMBR0038,SIMR0038,SIMU0179:User 179,GRANTED
2026,1月,13,周二,14:54:05,B45868CC,SIMBR0004,SIMR0004,SIMU0174:User 174,GRANTED
2026,1月,13,周二,14:54:05,1C14945A,SIMBR0379,SIMR0379,SIMU0048:User 48,GRANTED
2026,1月,13,周二,14:54:05,0FB573D7,BR009,RES025,SIMU0106:User 106,DENIED
2026,1月,13,周二,14:54:05,2D6ECED1,SIMBR0014,SIMR0014,SIMU0234:User 234,GRANTED
2026,1月,13,周二,14:54:05,C5797377,SIMBR0170,SIMR0170,SIMU0237:User 237,GRANTED
2026,1月,13,周二,14:54:05,62CE2F4E,SIMBR0224,SIMR0224,SIMU0112:User 112,GRANTED
2026,1月,13,周二,14:54:05,8884C7F3,SIMBR0225,SIMR0225,SIMU0220:User 220,GRANTED
2026,1月,13,周二,14:54:05,FF6E7B7D,SIMBR0377,SIMR0377,SIMU0229:User 229,GRANTED
2026,1月,13,周二,14:54:05,5A448F85,SIMBR0009,SIMR0009,SIMU0233:User 233,GRANTED
2026,1月,13,周二,14:54:05,CF905F5D,SIMBR0042,SIMR0042,SIMU0019:User 19,GRANTED
2026,1月,13,周二,14:54:05,C4504250,SIMBR0234,SIMR0234,SIMU0052:User 52,GRANTED
2026,1月,13,周二,14:54:05,6712960F,SIMBR0257,SIMR0257,SIMU0015:User 15,GRANTED
2026,1月,13,周二,14:54:05,65B476AB,SIMBR0293,SIMR0293,SIMU0099:User 99,GRANTED
2026,1月,13,周二,14:54:05,B03C09C9,SIMBR0107,SIMR0107,SIMU0162:User 162,GRANTED
2026,1月,13,周二,14:54:05,F8FD020A,SIMBR0199,SIMR0199,SIMU0094:User 94,GRANTED
2026,1月,13,周二,14:54:05,65830A51,SIMBR0112,SIMR0112,SIMU0041:User 41,GRANTED
2026,1月,13,周二,14:54:05,1C14945A,SIMBR0127,SIMR0127,SIMU0048:User 48,GRANTED
2026,1月,13,周二,14:54:05,A802550C,SIMBR0278,SIMR0278,SIMU0192:User 192,GRANTED
2026,1月,13,周二,14:54:05,08A23835,SIMBR0218,SIMR0218,SIMU0258:User 258,GRANTED
2026,1月,13,周二,14:54:05,A5D38222,SIMBR0136,SIMR0136,SIMU0064:User 64,GRANTED
2026,1月,13,周二,14:54:05,FC94FEC5,BR022,RES015,SIMU0006:User 6,DENIED
2026,1月,13,周二,14:54:05,497FB87C,SIMBR0185,SIMR0185,SIMU0272:User 272,GRANTED
2026,1月,13,周二,14:54:05,865DCCF8,SIMBR0204,SIMR0204,SIMU0062:User 62,GRANTED
2026,1月,13,周二,14:54:05,A672B04C,SIMBR0237,SIMR0237,SIMU0254:User 254,GRANTED
2026,1月,13,周二,14:54:05,CCB40167,SIMBR0065,SIMR0065,SIMU0049:User 49,GRANTED
2026,1月,13,周二,14:54:05,397487A8,SIMBR0250,SIMR0250,SIMU0076:User 76,GRANTED
2026,1月,13,周二,14:54:05,A7EE3F93,SIMBR0176,SIMR0176,SIMU0222:User 222,GRANTED
2026,1月,13,周二,14:54:05,761D0F5D,SIMBR0352,SIMR0352,SIMU0257:User 257,GRANTED
2026,1月,13,周二,14:54:05,BD154D46,SIMBR0204,SIMR0204,SIMU0221:User 221,GRANTED
2026,1月,13,周二,14:54:05,C48BC6D5,SIMBR0159,SIMR0159,SIMU0173:User 173,GRANTED
2026,1月,13,周二,14:54:05,953F9943,SIMBR0041,SIMR0041,SIMU0240:User 240,GRANTED
2026,1月,13,周二,14:54:05,55C67395,SIMBR0271,SIMR0271,SIMU0056:User 56,GRANTED
2026,1月,13,周二,14:54:05,AE4452A2,SIMBR0305,SIMR0305,SIMU0038:User 38,GRANTED
2026,1月,13,周二,14:54:05,AD9F62CD,SIMBR0047,SIMR0047,SIMU0092:User 92,GRANTED
2026,1月,13,周二,14:54:05,EA5A3237,SIMBR0146,SIMR0146,SIMU0075:User 75,GRANTED
2026,1月,13,周二,14:54:05,D3314B84,SIMBR0111,SIMR0111,SIMU0050:User 50,GRANTED
2026,1月,13,周二,14:54:05,0402E2AB,SIMBR0002,SIMR0002,SIMU0185:User 185,GRANTED
2026,1月,13,周二,14:54:05,A7E186B8,SIMBR0087,SIMR0087,SIMU0179:User 179,GRANTED
2026,1月,13,周二,14:54:05,CBF84902,BR016,RES009,SIMU0109:User 109,DENIED
2026,1月,13,周二,14:54:05,D6BB404C,SIMBR0326,SIMR0326,SIMU0116:User 116,GRANTED
2026,1月,13,周二,14:54:05,46F6FFBE,SIMBR0350,SIMR0350,SIMU0136:User 136,GRANTED
2026,1月,13,周二,14:54:05,08B71C09,SIMBR0088,SIMR0088,SIMU0253:User 253,GRANTED
2026,1月,13,周二,14:54:05,04EDBC1A,SIMBR0387,SIMR0387,SIMU0071:User 71,GRANTED
2026,1月,13,周二,14:54:05,65191148,SIMBR0172,SIMR0172,SIMU0101:User 101,GRANTED
2026,1月,13,周二,14:54:05,1EF3B563,SIMBR0061,SIMR0061,SIMU0010:User 10,GRANTED
2026,1月,13,周二,14:54:05,01FA0FAE,BR010,RES004,SIMU0218:User 218,DENIED
2026,1月,13,周二,14:54:05,C5797377,SIMBR0095,SIMR0095,SIMU0237:User 237,GRANTED
2026,1月,13,周二,14:54:05,D53BB718,SIMBR0052,SIMR0052,SIMU0270:User 270,GRANTED
2026,1月,13,周二,14:54:05,B0280533,BR007,RES024,SIMU0024:User 24,DENIED
2026,1月,13,周二,14:54:05,95379CDB,BR004,RES001,f46ee39b-ac9d-4193-a478-f8cfc35cec07:gagaga a,GRANTED
2026,1月,13,周二,14:54:05,FC94FEC5,SIMBR0148,SIMR0148,SIMU0006:User 6,GRANTED
2026,1月,13,周二,14:54:05,914F2FD1,SIMBR0264,SIMR0264,SIMU0187:User 187,GRANTED
2026,1月,13,周二,14:54:05,BD154D46,SIMBR0077,SIMR0077,SIMU0221:User 221,GRANTED
2026,1月,13,周二,14:54:05,58B55845,SIMBR0276,SIMR0276,EMP002:Li Si,DENIED
2026,1月,13,周二,14:54:05,8C2113AD,SIMBR0355,SIMR0355,SIMU0228:User 228,GRANTED
2026,1月,13,周二,14:54:05,3E02D00E,SIMBR0387,SIMR0387,SIMU0067:User 67,GRANTED
2026,1月,13,周二,14:54:05,87E11CBB,SIMBR0209,SIMR0209,SIMU0008:User 8,GRANTED
2026,1月,13,周二,14:54:05,B57B1DD3,BR002,RES021,SIMU0295:User 295,DENIED
2026,1月,13,周二,14:54:05,761D0F5D,BR005,RES023,SIMU0257:User 257,DENIED
2026,1月,13,周二,14:54:05,C54F8CD4,SIMBR0274,SIMR0274,SIMU0166:User 166,GRANTED
2026,1月,13,周二,14:54:05,A7998437,SIMBR0055,SIMR0055,SIMU0105:User 105,GRANTED
2026,1月,13,周二,14:54:05,E75864D3,SIMBR0337,SIMR0337,SIMU0215:User 215,GRANTED
2026,1月,13,周二,14:54:05,D6BB404C,SIMBR0084,SIMR0084,SIMU0116:User 116,GRANTED
2026,1月,13,周二,14:54:05,94DA0C78,SIMBR0001,SIMR0001,SIMU0039:User 39,GRANTED
2026,1月,13,周二,14:54:05,5DD3F3CE,SIMBR0389,SIMR0389,SIMU0182:User 182,GRANTED
2026,1月,13,周二,14:54:05,E263443E,SIMBR0265,SIMR0265,SIMU0190:User 190,GRANTED
2026,1月,13,周二,14:54:05,B45868CC,SIMBR0357,SIMR0357,SIMU0174:User 174,GRANTED
2026,1月,13,周二,14:54:05,DA6C9B4D,SIMBR0221,SIMR0221,SIMU0169:User 169,GRANTED
2026,1月,13,周二,14:54:05,5CA6D470,SIMBR0051,SIMR0051,SIMU0146:User 146,GRANTED
2026,1月,13,周二,14:54:05,B3D7FE0C,SIMBR0313,SIMR0313,SIMU0016:User 16,GRANTED
2026,1月,13,周二,14:54:05,9C30C93C,SIMBR0050,SIMR0050,SIMU0216:User 216,GRANTED
2026,1月,13,周二,14:54:05,A96DDF4D,SIMBR0382,SIMR0382,SIMU0267:User 267,GRANTED
2026,1月,13,周二,14:54:05,B3C34A2A,SIMBR0314,SIMR0314,SIMU0044:User 44,GRANTED
2026,1月,13,周二,14:54:05,7481E135,SIMBR0079,SIMR0079,SIMU0282:User 282,GRANTED
2026,1月,13,周二,14:54:05,FC75DC29,SIMBR0274,SIMR0274,SIMU0018:User 18,GRANTED
2026,1月,13,周二,14:54:05,3375DC19,SIMBR0094,SIMR0094,SIMU0061:User 61,GRANTED
2026,1月,13,周二,14:54:05,AE4452A2,SIMBR0025,SIMR0025,SIMU0038:User 38,GRANTED
2026,1月,13,周二,14:54:05,AD9F62CD,SIMBR0085,SIMR0085,SIMU0092:User 92,GRANTED
2026,1月,13,周二,14:54:05,B19369AB,SIMBR0188,SIMR0188,SIMU0081:User 81,GRANTED
2026,1月,13,周二,14:54:05,04EDBC1A,SIMBR0333,SIMR0333,SIMU0071:User 71,GRANTED
2026,1月,13,周二,14:54:05,93804668,SIMBR0119,SIMR0119,SIMU0269:User 269,GRANTED
2026,1月,13,周二,14:54:05,31EC8E2A,SIMBR0043,SIMR0043,SIMU0284:User 284,GRANTED
2026,1月,13,周二,14:54:05,7A015C31,SIMBR0146,SIMR0146,SIMU0280:User 280,GRANTED
2026,1月,13,周二,14:54:05,65830A51,SIMBR0093,SIMR0093,SIMU0041:User 41,GRANTED
2026,1月,13,周二,14:54:05,953F9943,SIMBR0193,SIMR0193,SIMU0240:User 240,GRANTED
2026,1月,13,周二,14:54:05,3BE1764E,SIMBR0273,SIMR0273,SIMU0244:User 244,GRANTED
2026,1月,13,周二,14:54:05,2A4E4C17,SIMBR0241,SIMR0241,SIMU0168:User 168,GRANTED
2026,1月,13,周二,14:54:05,480950EA,SIMBR0034,SIMR0034,SIMU0299:User 299,GRANTED
2026,1月,13,周二,14:54:05,69018179,SIMBR0196,SIMR0196,SIMU0194:User 194,GRANTED
2026,1月,13,周二,14:54:05,D3C0B6C6,SIMBR0296,SIMR0296,SIMU0001:User 1,GRANTED
2026,1月,13,周二,14:54:05,D832A0D0,SIMBR0156,SIMR0156,SIMU0033:User 33,GRANTED
2026,1月,13,周二,14:54:05,27855213,SIMBR0008,SIMR0008,SIMU0245:User 245,GRANTED
2026,1月,13,周二,14:54:05,F8C3B166,SIMBR0285,SIMR0285,SIMU0300:User 300,GRANTED
2026,1月,13,周二,14:54:05,1D712ABD,SIMBR0160,SIMR0160,SIMU0277:User 277,GRANTED
2026,1月,13,周二,14:54:05,24331CD1,SIMBR0129,SIMR0129,SIMU0219:User 219,GRANTED
2026,1月,13,周二,14:54:05,8852F51C,SIMBR0039,SIMR0039,SIMU0121:User 121,GRANTED
2026,1月,13,周二,14:54:05,C567574B,SIMBR0238,SIMR0238,SIMU0066:User 66,GRANTED
2026,1月,13,周二,14:54:05,DDB28C88,BR012,RES005,SIMU0102:User 102,DENIED
2026,1月,13,周二,14:54:05,E45D3CF3,SIMBR0340,SIMR0340,SIMU0293:User 293,GRANTED
2026,1月,13,周二,14:54:05,CCB40167,SIMBR0001,SIMR0001,SIMU0049:User 49,GRANTED
2026,1月,13,周二,14:54:05,E67855ED,SIMBR0075,SIMR0075,SIMU0268:User 268,GRANTED
2026,1月,13,周二,14:54:05,DDB28C88,SIMBR0096,SIMR0096,SIMU0102:User 102,GRANTED
2026,1月,13,周二,14:54:05,5849BD23,SIMBR0342,SIMR0342,SIMU0186:User 186,GRANTED
2026,1月,13,周二,14:54:05,B19369AB,BR021,RES014,SIMU0081:User 81,DENIED
2026,1月,13,周二,14:54:05,910591FC,SIMBR0189,SIMR0189,SIMU0090:User 90,GRANTED
2026,1月,13,周二,14:54:05,78D74DDD,SIMBR0149,SIMR0149,VIS001:Qian Qi,DENIED
2026,1月,13,周二,14:54:05,4BEECFEB,SIMBR0234,SIMR0234,SIMU0117:User 117,GRANTED
2026,1月,13,周二,14:54:05,BD154D46,SIMBR0144,SIMR0144,SIMU0221:User 221,GRANTED
2026,1月,13,周二,14:54:05,42A684F2,SIMBR0081,SIMR0081,SIMU0123:User 123,GRANTED
2026,1月,13,周二,14:54:05,DA6C9B4D,SIMBR0299,SIMR0299,SIMU0169:User 169,GRANTED
2026,1月,13,周二,14:54:05,5AA52579,SIMBR0060,SIMR0060,SIMU0088:User 88,GRANTED
2026,1月,13,周二,14:54:05,3D87DCDC,SIMBR0291,SIMR0291,SIMU0152:User 152,GRANTED
2026,1月,13,周二,14:54:05,CDEE85B1,SIMBR0361,SIMR0361,SIMU0127:User 127,GRANTED
2026,1月,13,周二,14:54:05,910591FC,SIMBR0222,SIMR0222,SIMU0090:User 90,GRANTED
2026,1月,13,周二,14:54:05,E75864D3,SIMBR0161,SIMR0161,SIMU0215:User 215,GRANTED
2026,1月,13,周二,14:54:05,1361E23B,SIMBR0389,SIMR0389,SIMU0181:User 181,GRANTED
2026,1月,13,周二,14:54:05,B335B7A5,BR014,RES007,SIMU0202:User 202,DENIED
2026,1月,13,周二,14:54:05,EBA75218,SIMBR0091,SIMR0091,SIMU0028:User 28,GRANTED
2026,1月,13,周二,14:54:05,3EC06854,SIMBR0195,SIMR0195,SIMU0129:User 129,GRANTED
2026,1月,13,周二,14:54:05,C9A6A2A0,SIMBR0377,SIMR0377,SIMU0068:User 68,GRANTED
2026,1月,13,周二,14:54:05,3A15230F,SIMBR0029,SIMR0029,SIMU0087:User 87,GRANTED
2026,1月,13,周二,14:54:05,45E5372A,SIMBR0182,SIMR0182,SIMU0002:User 2,GRANTED
2026,1月,13,周二,14:54:05,05B63F8B,SIMBR0128,SIMR0128,SIMU0135:User 135,GRANTED
2026,1月,13,周二,14:54:05,CCB40167,SIMBR0386,SIMR0386,SIMU0049:User 49,GRANTED
2026,1月,13,周二,14:54:05,EB7D191F,SIMBR0344,SIMR0344,SIMU0153:User 153,GRANTED
2026,1月,13,周二,14:54:05,EBA75218,SIMBR0126,SIMR0126,SIMU0028:User 28,GRANTED
2026,1月,13,周二,14:54:05,B492A75C,SIMBR0011,SIMR0011,SIMU0110:User 110,GRANTED
2026,1月,13,周二,14:54:05,F3F1388E,SIMBR0298,SIMR0298,SIMU0022:User 22,GRANTED
2026,1月,13,周二,14:54:05,65191148,SIMBR0086,SIMR0086,SIMU0101:User 101,GRANTED
2026,1月,13,周二,14:54:05,E7BF1B90,SIMBR0166,SIMR0166,SIMU0286:User 286,GRANTED
2026,1月,13,周二,14:54:05,2CDA5352,SIMBR0037,SIMR0037,SIMU0119:User 119,GRANTED
2026,1月,13,周二,14:54:05,65F0591E,SIMBR0394,SIMR0394,SIMU0035:User 35,GRANTED
2026,1月,13,周二,14:54:05,968BEA98,SIMBR0239,SIMR0239,SIMU0151:User 151,GRANTED
2026,1月,13,周二,14:54:05,74AB61A5,BR003,RES022,SIMU0171:User 171,DENIED
2026,1月,13,周二,14:54:05,B45868CC,SIMBR0193,SIMR0193,SIMU0174:User 174,GRANTED
2026,1月,13,周二,14:54:05,480950EA,SIMBR0318,SIMR0318,SIMU0299:User 299,GRANTED
2026,1月,13,周二,14:54:05,A1F8AEF6,SIMBR0276,SIMR0276,SIMU0122:User 122,GRANTED
2026,1月,13,周二,14:54:05,0CCD1CE3,SIMBR0136,SIMR0136,SIMU0080:User 80,GRANTED
2026,1月,13,周二,14:54:05,9F85BAB6,SIMBR0260,SIMR0260,SIMU0031:User 31,GRANTED
2026,1月,13,周二,14:54:05,1A35CB67,SIMBR0033,SIMR0033,SIMU0095:User 95,GRANTED
2026,1月,13,周二,14:54:05,53DC8CA9,SIMBR0150,SIMR0150,SIMU0007:User 7,GRANTED
2026,1月,13,周二,14:54:05,F601DCED,BR012,RES005,SIMU0285:User 285,DENIED
2026,1月,13,周二,14:54:05,93804668,SIMBR0339,SIMR0339,SIMU0269:User 269,GRANTED
2026,1月,13,周二,14:54:05,701A6AE7,SIMBR0288,SIMR0288,SIMU0098:User 98,GRANTED
2026,1月,13,周二,14:54:05,371FBFD4,SIMBR0129,SIMR0129,SIMU0227:User 227,GRANTED
2026,1月,13,周二,14:54:05,761D0F5D,SIMBR0355,SIMR0355,SIMU0257:User 257,GRANTED
2026,1月,13,周二,14:54:05,71524832,SIMBR0102,SIMR0102,SIMU0128:User 128,GRANTED
2026,1月,13,周二,14:54:05,497FB87C,SIMBR0396,SIMR0396,SIMU0272:User 272,GRANTED
2026,1月,13,周二,14:54:05,59E7C688,SIMBR0081,SIMR0081,SIMU0072:User 72,GRANTED
2026,1月,13,周二,14:54:05,08F76FF7,SIMBR0107,SIMR0107,SIMU0296:User 296,GRANTED
2026,1月,13,周二,14:54:05,397487A8,SIMBR0043,SIMR0043,SIMU0076:User 76,GRANTED
2026,1月,13,周二,14:54:05,02C1BA5C,SIMBR0311,SIMR0311,SIMU0147:User 147,GRANTED
2026,1月,13,周二,14:54:05,93804668,SIMBR0202,SIMR0202,SIMU0269:User 269,GRANTED
2026,1月,13,周二,14:54:05,761D0F5D,SIMBR0075,SIMR0075,SIMU0257:User 257,GRANTED
2026,1月,13,周二,14:54:05,FC2850E7,SIMBR0255,SIMR0255,SIMU0145:User 145,GRANTED
2026,1月,13,周二,14:54:05,46F6FFBE,SIMBR0045,SIMR0045,SIMU0136:User 136,GRANTED
2026,1月,13,周二,14:54:05,092CFDC0,SIMBR0002,SIMR0002,SIMU0025:User 25,GRANTED
2026,1月,13,周二,14:54:05,59DE7962,SIMBR0344,SIMR0344,SIMU0079:User 79,GRANTED
2026,1月,13,周二,14:54:05,0FA31338,SIMBR0007,SIMR0007,SIMU0043:User 43,GRANTED
2026,1月,13,周二,14:54:05,D6BB404C,SIMBR0369,SIMR0369,SIMU0116:User 116,GRANTED
2026,1月,13,周二,14:54:05,FF968112,SIMBR0178,SIMR0178,SIMU0250:User 250,GRANTED
2026,1月,13,周二,14:54:05,AE4452A2,SIMBR0077,SIMR0077,SIMU0038:User 38,GRANTED
2026,1月,13,周二,14:54:05,F188FF46,SIMBR0290,SIMR0290,SIMU0074:User 74,GRANTED
2026,1月,13,周二,14:54:05,A7998437,SIMBR0280,SIMR0280,SIMU0105:User 105,GRANTED
2026,1月,13,周二,14:54:05,3644422D,SIMBR0103,SIMR0103,SIMU0298:User 298,GRANTED
2026,1月,13,周二,14:54:05,49209EA6,SIMBR0046,SIMR0046,SIMU0247:User 247,GRANTED
2026,1月,13,周二,14:54:05,0EC771E6,SIMBR0303,SIMR0303,SIMU0252:User 252,GRANTED
2026,1月,13,周二,14:54:05,62CE2F4E,SIMBR0124,SIMR0124,SIMU0112:User 112,GRANTED
2026,1月,13,周二,14:54:06,480950EA,SIMBR0065,SIMR0065,SIMU0299:User 299,GRANTED
2026,1月,13,周二,14:54:06,94DA0C78,SIMBR0265,SIMR0265,SIMU0039:User 39,GRANTED
2026,1月,13,周二,14:54:06,BA0243B9,SIMBR0390,SIMR0390,PM001:Sun Ba,DENIED
2026,1月,13,周二,14:54:06,562086DB,SIMBR0146,SIMR0146,SIMU0193:User 193,GRANTED
2026,1月,13,周二,14:54:06,90A35555,SIMBR0383,SIMR0383,SIMU0294:User 294,GRANTED
2026,1月,13,周二,14:54:06,3A15230F,SIMBR0318,SIMR0318,SIMU0087:User 87,GRANTED
2026,1月,13,周二,14:54:06,45E5372A,SIMBR0280,SIMR0280,SIMU0002:User 2,GRANTED
2026,1月,13,周二,14:54:06,480950EA,SIMBR0362,SIMR0362,SIMU0299:User 299,GRANTED
2026,1月,13,周二,14:54:06,DF85A0CF,SIMBR0235,SIMR0235,SIMU0003:User 3,GRANTED
2026,1月,13,周二,14:54:06,5F0BA8E3,SIMBR0286,SIMR0286,SIMU0077:User 77,GRANTED
2026,1月,13,周二,14:54:06,EA5A3237,SIMBR0238,SIMR0238,SIMU0075:User 75,GRANTED
2026,1月,13,周二,14:54:06,CF905F5D,SIMBR0370,SIMR0370,SIMU0019:User 19,GRANTED
2026,1月,13,周二,14:54:06,3F08AFBE,BR011,RES026,SIMU0170:User 170,DENIED
2026,1月,13,周二,14:54:06,C89690D8,SIMBR0340,SIMR0340,SIMU0029:User 29,GRANTED
2026,1月,13,周二,14:54:06,79264E0F,SIMBR0301,SIMR0301,SIMU0177:User 177,GRANTED
2026,1月,13,周二,14:54:06,D0ABEAE1,SIMBR0231,SIMR0231,SIMU0196:User 196,GRANTED
2026,1月,13,周二,14:54:06,3D87DCDC,SIMBR0148,SIMR0148,SIMU0152:User 152,GRANTED
2026,1月,13,周二,14:54:06,5F0BA8E3,SIMBR0123,SIMR0123,SIMU0077:User 77,GRANTED
2026,1月,13,周二,14:54:06,EA5A3237,SIMBR0048,SIMR0048,SIMU0075:User 75,GRANTED
2026,1月,13,周二,14:54:06,910591FC,SIMBR0302,SIMR0302,SIMU0090:User 90,GRANTED
2026,1月,13,周二,14:54:06,A4FE0D9E,SIMBR0329,SIMR0329,SIMU0163:User 163,GRANTED
2026,1月,13,周二,14:54:06,897D2598,SIMBR0389,SIMR0389,SIMU0242:User 242,GRANTED
2026,1月,13,周二,14:54:06,A1F8AEF6,SIMBR0151,SIMR0151,SIMU0122:User 122,GRANTED
2026,1月,13,周二,14:54:06,46F6FFBE,SIMBR0374,SIMR0374,SIMU0136:User 136,GRANTED
2026,1月,13,周二,14:54:06,9E2D38C8,SIMBR0377,SIMR0377,SIMU0097:User 97,GRANTED
2026,1月,13,周二,14:54:06,65B476AB,SIMBR0110,SIMR0110,SIMU0099:User 99,GRANTED
2026,1月,13,周二,14:54:06,C1C7FE58,SIMBR0041,SIMR0041,SIMU0108:User 108,GRANTED
2026,1月,13,周二,14:54:06,1361E23B,SIMBR0166,SIMR0166,SIMU0181:User 181,GRANTED
2026,1月,13,周二,14:54:06,E7BF1B90,SIMBR0323,SIMR0323,SIMU0286:User 286,GRANTED
2026,1月,13,周二,14:54:06,562086DB,SIMBR0143,SIMR0143,SIMU0193:User 193,GRANTED
2026,1月,13,周二,14:54:06,55C67395,SIMBR0223,SIMR0223,SIMU0056:User 56,GRANTED
2026,1月,13,周二,14:54:06,0FB573D7,SIMBR0168,SIMR0168,SIMU0106:User 106,GRANTED
2026,1月,13,周二,14:54:06,E8771983,SIMBR0387,SIMR0387,SIMU0131:User 131,GRANTED
2026,1月,13,周二,14:54:06,A7EE3F93,SIMBR0258,SIMR0258,SIMU0222:User 222,GRANTED
2026,1月,13,周二,14:54:06,AD9F62CD,SIMBR0183,SIMR0183,SIMU0092:User 92,GRANTED
2026,1月,13,周二,14:54:06,8C2113AD,SIMBR0088,SIMR0088,SIMU0228:User 228,GRANTED
2026,1月,13,周二,14:54:06,355CC3B6,SIMBR0333,SIMR0333,SIMU0167:User 167,GRANTED
2026,1月,13,周二,14:54:06,B3C34A2A,BR004,RES001,SIMU0044:User 44,DENIED
2026,1月,13,周二,14:54:06,E5BD3919,SIMBR0098,SIMR0098,SIMU0091:User 91,GRANTED
2026,1月,13,周二,14:54:06,E7BF1B90,SIMBR0198,SIMR0198,SIMU0286:User 286,GRANTED
2026,1月,13,周二,14:54:06,45BE30A8,SIMBR0050,SIMR0050,8d1a5202-9052-4f93-bf5a-4deffdf65fd3:a q,GRANTED
2026,1月,13,周二,14:54:06,8E0C0DD9,SIMBR0179,SIMR0179,SIMU0045:User 45,GRANTED
2026,1月,13,周二,14:54:06,701A6AE7,SIMBR0161,SIMR0161,SIMU0098:User 98,GRANTED
2026,1月,13,周二,14:54:06,D3A70655,SIMBR0004,SIMR0004,SIMU0107:User 107,GRANTED
2026,1月,13,周二,14:54:06,88FF8EF2,SIMBR0232,SIMR0232,SIMU0206:User 206,GRANTED
2026,1月,13,周二,14:54:06,0402E2AB,SIMBR0371,SIMR0371,SIMU0185:User 185,GRANTED
2026,1月,13,周二,14:54:06,9E2D38C8,SIMBR0205,SIMR0205,SIMU0097:User 97,GRANTED
2026,1月,13,周二,14:54:06,8852F51C,SIMBR0347,SIMR0347,SIMU0121:User 121,GRANTED
2026,1月,13,周二,14:54:06,4894892B,SIMBR0169,SIMR0169,SIMU0073:User 73,GRANTED
2026,1月,13,周二,14:54:06,984A4AA4,SIMBR0044,SIMR0044,SIMU0251:User 251,GRANTED
2026,1月,13,周二,14:54:06,88FF8EF2,SIMBR0389,SIMR0389,SIMU0206:User 206,GRANTED
2026,1月,13,周二,14:54:06,1F854D4E,SIMBR0152,SIMR0152,SIMU0291:User 291,GRANTED
2026,1月,13,周二,14:54:06,CF2F05DC,SIMBR0393,SIMR0393,SIMU0217:User 217,GRANTED
2026,1月,13,周二,14:54:06,CB29BCDB,SIMBR0029,SIMR0029,SIMU0104:User 104,GRANTED
2026,1月,13,周二,14:54:06,C3BDECDB,SIMBR0205,SIMR0205,SIMU0276:User 276,GRANTED
2026,1月,13,周二,14:54:06,397487A8,SIMBR0022,SIMR0022,SIMU0076:User 76,GRANTED
2026,1月,13,周二,14:54:06,F601DCED,SIMBR0107,SIMR0107,SIMU0285:User 285,GRANTED
2026,1月,13,周二,14:54:06,0FA31338,SIMBR0300,SIMR0300,SIMU0043:User 43,GRANTED
2026,1月,13,周二,14:54:06,3BE1764E,SIMBR0237,SIMR0237,SIMU0244:User 244,GRANTED
2026,1月,13,周二,14:54:06,CCDCEC0D,SIMBR0153,SIMR0153,SIMU0273:User 273,GRANTED
2026,1月,13,周二,14:54:06,65830A51,SIMBR0076,SIMR0076,SIMU0041:User 41,GRANTED
2026,1月,13,周二,14:54:06,C2397E87,SIMBR0265,SIMR0265,SIMU0111:User 111,GRANTED
2026,1月,13,周二,14:54:06,B3D7FE0C,SIMBR0093,SIMR0093,SIMU0016:User 16,GRANTED
2026,1月,13,周二,14:54:06,646A37B3,SIMBR0283,SIMR0283,SIMU0200:User 200,GRANTED
2026,1月,13,周二,14:54:06,EBA75218,BR015,RES008,SIMU0028:User 28,DENIED
2026,1月,13,周二,14:54:06,02C1BA5C,SIMBR0248,SIMR0248,SIMU0147:User 147,GRANTED
2026,1月,13,周二,14:54:06,7F36E59B,SIMBR0091,SIMR0091,SIMU0159:User 159,GRANTED
2026,1月,13,周二,14:54:06,2BAB4E39,SIMBR0335,SIMR0335,SIMU0137:User 137,GRANTED
2026,1月,13,周二,14:54:06,6712960F,SIMBR0389,SIMR0389,SIMU0015:User 15,GRANTED
2026,1月,13,周二,14:54:06,02FCAAFD,SIMBR0344,SIMR0344,SIMU0248:User 248,GRANTED
2026,1月,13,周二,14:54:06,A7EE3F93,SIMBR0160,SIMR0160,SIMU0222:User 222,GRANTED
2026,1月,13,周二,14:54:06,910591FC,SIMBR0145,SIMR0145,SIMU0090:User 90,GRANTED
2026,1月,13,周二,14:54:06,43B39702,SIMBR0149,SIMR0149,SIMU0060:User 60,GRANTED
2026,1月,13,周二,14:54:06,91F99B45,SIMBR0312,SIMR0312,SIMU0082:User 82,GRANTED
2026,1月,13,周二,14:54:06,B57B1DD3,SIMBR0131,SIMR0131,SIMU0295:User 295,GRANTED
2026,1月,13,周二,14:54:06,2CDA5352,SIMBR0388,SIMR0388,SIMU0119:User 119,GRANTED
2026,1月,13,周二,14:54:06,7CAC8886,SIMBR0008,SIMR0008,SIMU0265:User 265,GRANTED
2026,1月,13,周二,14:54:06,B492A75C,SIMBR0267,SIMR0267,SIMU0110:User 110,GRANTED
2026,1月,13,周二,14:54:06,6712960F,SIMBR0281,SIMR0281,SIMU0015:User 15,GRANTED
2026,1月,13,周二,14:54:06,B03C09C9,SIMBR0264,SIMR0264,SIMU0162:User 162,GRANTED
2026,1月,13,周二,14:54:06,9C30C93C,SIMBR0211,SIMR0211,SIMU0216:User 216,GRANTED
2026,1月,13,周二,14:54:06,C1C7FE58,SIMBR0202,SIMR0202,SIMU0108:User 108,GRANTED
2026,1月,13,周二,14:54:06,984A4AA4,SIMBR0264,SIMR0264,SIMU0251:User 251,GRANTED
2026,1月,13,周二,14:54:06,0C15DF36,SIMBR0210,SIMR0210,SIMU0239:User 239,GRANTED
2026,1月,13,周二,14:54:06,2015CDCD,SIMBR0171,SIMR0171,SIMU0134:User 134,GRANTED
2026,1月,13,周二,14:54:06,9E2D38C8,SIMBR0333,SIMR0333,SIMU0097:User 97,GRANTED
2026,1月,13,周二,14:54:06,984A4AA4,SIMBR0092,SIMR0092,SIMU0251:User 251,GRANTED
2026,1月,13,周二,14:54:06,897D2598,BR016,RES009,SIMU0242:User 242,DENIED
2026,1月,13,周二,14:54:06,7CAC8886,SIMBR0323,SIMR0323,SIMU0265:User 265,GRANTED
2026,1月,13,周二,14:54:06,94DA0C78,SIMBR0128,SIMR0128,SIMU0039:User 39,GRANTED
2026,1月,13,周二,14:54:06,C1C7FE58,BR001,RES020,SIMU0108:User 108,DENIED
2026,1月,13,周二,14:54:06,D3314B84,SIMBR0127,SIMR0127,SIMU0050:User 50,GRANTED
2026,1月,13,周二,14:54:06,5A448F85,SIMBR0174,SIMR0174,SIMU0233:User 233,GRANTED
2026,1月,13,周二,14:54:06,9C30C93C,BR024,RES017,SIMU0216:User 216,DENIED
2026,1月,13,周二,14:54:06,6CAF0FB3,SIMBR0031,SIMR0031,SIMU0148:User 148,GRANTED
2026,1月,13,周二,14:54:06,0FA31338,SIMBR0074,SIMR0074,SIMU0043:User 43,GRANTED
2026,1月,13,周二,14:54:06,5AA52579,SIMBR0210,SIMR0210,SIMU0088:User 88,GRANTED
2026,1月,13,周二,14:54:06,3C19D88A,SIMBR0323,SIMR0323,SIMU0249:User 249,GRANTED
2026,1月,13,周二,14:54:06,0D9CF3E6,SIMBR0111,SIMR0111,SIMU0212:User 212,GRANTED
2026,1月,13,周二,14:54:06,9E7210ED,SIMBR0169,SIMR0169,SIMU0297:User 297,GRANTED
2026,1月,13,周二,14:54:06,B57B1DD3,SIMBR0159,SIMR0159,SIMU0295:User 295,GRANTED
2026,1月,13,周二,14:54:06,1F854D4E,SIMBR0037,SIMR0037,SIMU0291:User 291,GRANTED
2026,1月,13,周二,14:54:06,DA6C9B4D,SIMBR0207,SIMR0207,SIMU0169:User 169,GRANTED
2026,1月,13,周二,14:54:06,4FD7E7EC,SIMBR0328,SIMR0328,SIMU0053:User 53,GRANTED
2026,1月,13,周二,14:54:06,480950EA,BR026,RES019,SIMU0299:User 299,DENIED
2026,1月,13,周二,14:54:06,4894892B,SIMBR0105,SIMR0105,SIMU0073:User 73,GRANTED
2026,1月,13,周二,14:54:06,A6A1B8F1,SIMBR0193,SIMR0193,SIMU0241:User 241,GRANTED
2026,1月,13,周二,14:54:06,3A15230F,SIMBR0272,SIMR0272,SIMU0087:User 87,GRANTED
2026,1月,13,周二,14:54:06,19C83547,SIMBR0309,SIMR0309,SIMU0266:User 266,GRANTED
2026,1月,13,周二,14:54:06,C59172A2,SIMBR0048,SIMR0048,SIMU0051:User 51,GRANTED
2026,1月,13,周二,14:54:06,34580E40,SIMBR0254,SIMR0254,SIMU0005:User 5,GRANTED
2026,1月,13,周二,14:54:06,701A6AE7,SIMBR0029,SIMR0029,SIMU0098:User 98,GRANTED
2026,1月,13,周二,14:54:06,6838748B,SIMBR0297,SIMR0297,SIMU0138:User 138,GRANTED
2026,1月,13,周二,14:54:06,6B46505C,SIMBR0152,SIMR0152,SIMU0132:User 132,GRANTED
2026,1月,13,周二,14:54:06,DF85A0CF,SIMBR0185,SIMR0185,SIMU0003:User 3,GRANTED
2026,1月,13,周二,14:54:06,04EDBC1A,SIMBR0051,SIMR0051,SIMU0071:User 71,GRANTED
2026,1月,13,周二,14:54:06,65F0591E,SIMBR0259,SIMR0259,SIMU0035:User 35,GRANTED
2026,1月,13,周二,14:54:06,6CAF0FB3,SIMBR0088,SIMR0088,SIMU0148:User 148,GRANTED
2026,1月,13,周二,14:54:06,86CB6A2D,SIMBR0046,SIMR0046,SIMU0274:User 274,GRANTED
2026,1月,13,周二,14:54:06,B49050D7,SIMBR0161,SIMR0161,SIMU0203:User 203,GRANTED
2026,1月,13,周二,14:54:06,611AE3CE,SIMBR0053,SIMR0053,SIMU0256:User 256,GRANTED
2026,1月,13,周二,14:54:06,489655D2,SIMBR0142,SIMR0142,CON001:Wang Wu,DENIED
2026,1月,13,周二,14:54:06,16A446D4,SIMBR0147,SIMR0147,SIMU0201:User 201,GRANTED
2026,1月,13,周二,14:54:06,0FB573D7,SIMBR0093,SIMR0093,SIMU0106:User 106,GRANTED
2026,1月,13,周二,14:54:06,3BE1764E,SIMBR0185,SIMR0185,SIMU0244:User 244,GRANTED
2026,1月,13,周二,14:54:06,9C30C93C,SIMBR0289,SIMR0289,SIMU0216:User 216,GRANTED
2026,1月,13,周二,14:54:06,8D7E04E0,SIMBR0340,SIMR0340,SIMU0042:User 42,GRANTED
2026,1月,13,周二,14:54:06,953F9943,SIMBR0306,SIMR0306,SIMU0240:User 240,GRANTED
2026,1月,13,周二,14:54:06,C48BE2F9,SIMBR0295,SIMR0295,SIMU0178:User 178,GRANTED
2026,1月,13,周二,14:54:06,3BE1764E,SIMBR0185,SIMR0185,SIMU0244:User 244,GRANTED
2026,1月,13,周二,14:54:06,45E5372A,SIMBR0008,SIMR0008,SIMU0002:User 2,GRANTED
2026,1月,13,周二,14:54:06,C5797377,SIMBR0089,SIMR0089,SIMU0237:User 237,GRANTED
2026,1月,13,周二,14:54:06,93804668,SIMBR0166,SIMR0166,SIMU0269:User 269,GRANTED
2026,1月,13,周二,14:54:06,58B53FE3,SIMBR0338,SIMR0338,SIMU0199:User 199,GRANTED
2026,1月,13,周二,14:54:06,A1F8AEF6,SIMBR0035,SIMR0035,SIMU0122:User 122,GRANTED
2026,1月,13,周二,14:54:06,6D120953,SIMBR0014,SIMR0014,SIMU0224:User 224,GRANTED
2026,1月,13,周二,14:54:06,9C4C6F9D,SIMBR0119,SIMR0119,SIMU0259:User 259,GRANTED
2026,1月,13,周二,14:54:06,E00A3B0F,SIMBR0337,SIMR0337,SIMU0013:User 13,GRANTED
2026,1月,13,周二,14:54:06,C1EBD39E,SIMBR0353,SIMR0353,SIMU0030:User 30,GRANTED
2026,1月,13,周二,14:54:06,5FE2AA73,SIMBR0329,SIMR0329,SIMU0063:User 63,GRANTED
2026,1月,13,周二,14:54:06,F0BBABB2,SIMBR0193,SIMR0193,SIMU0037:User 37,GRANTED
2026,1月,13,周二,14:54:06,37261D4E,SIMBR0133,SIMR0133,SIMU0040:User 40,GRANTED
2026,1月,13,周二,14:54:06,B3C34A2A,SIMBR0308,SIMR0308,SIMU0044:User 44,GRANTED
2026,1月,13,周二,14:54:06,C48BC6D5,SIMBR0280,SIMR0280,SIMU0173:User 173,GRANTED
2026,1月,13,周二,14:54:06,C584F9D3,SIMBR0104,SIMR0104,EMP001:Zhang San,DENIED
2026,1月,13,周二,14:54:06,D53BB718,BR001,RES020,SIMU0270:User 270,DENIED
2026,1月,13,周二,14:54:06,08EF410D,BR023,RES016,SIMU0243:User 243,DENIED
2026,1月,13,周二,14:54:06,47D0D195,SIMBR0308,SIMR0308,SIMU0047:User 47,GRANTED
2026,1月,13,周二,14:54:06,E263443E,SIMBR0118,SIMR0118,SIMU0190:User 190,GRANTED
2026,1月,13,周二,14:54:06,6D120953,SIMBR0107,SIMR0107,SIMU0224:User 224,GRANTED
2026,1月,13,周二,14:54:06,092CFDC0,SIMBR0225,SIMR0225,SIMU0025:User 25,GRANTED
2026,1月,13,周二,14:54:06,B335B7A5,SIMBR0214,SIMR0214,SIMU0202:User 202,GRANTED
2026,1月,13,周二,14:54:06,143D522F,SIMBR0314,SIMR0314,SIMU0009:User 9,GRANTED
2026,1月,13,周二,14:54:06,66DF575A,BR010,RES004,SIMU0070:User 70,DENIED
2026,1月,13,周二,14:54:06,4356E5AB,SIMBR0239,SIMR0239,SIMU0172:User 172,GRANTED
2026,1月,13,周二,14:54:06,497FB87C,SIMBR0346,SIMR0346,SIMU0272:User 272,GRANTED
2026,1月,13,周二,14:54:06,7A015C31,BR014,RES007,SIMU0280:User 280,DENIED
2026,1月,13,周二,14:54:06,B8E3693D,SIMBR0323,SIMR0323,SIMU0283:User 283,GRANTED
2026,1月,13,周二,14:54:06,A6A1B8F1,SIMBR0159,SIMR0159,SIMU0241:User 241,GRANTED
2026,1月,13,周二,14:54:06,FC171927,SIMBR0109,SIMR0109,SIMU0287:User 287,GRANTED
2026,1月,13,周二,14:54:06,88FF8EF2,SIMBR0269,SIMR0269,SIMU0206:User 206,GRANTED
2026,1月,13,周二,14:54:06,C6A1DEEB,SIMBR0226,SIMR0226,SIMU0175:User 175,GRANTED
2026,1月,13,周二,14:54:06,8884C7F3,SIMBR0066,SIMR0066,SIMU0220:User 220,GRANTED
2026,1月,13,周二,14:54:06,701A6AE7,SIMBR0078,SIMR0078,SIMU0098:User 98,GRANTED
2026,1月,13,周二,14:54:06,A7EE3F93,SIMBR0232,SIMR0232,SIMU0222:User 222,GRANTED
2026,1月,13,周二,14:54:06,E1BF0A5D,SIMBR0274,SIMR0274,SIMU0232:User 232,GRANTED
2026,1月,13,周二,14:54:06,5F111D08,SIMBR0063,SIMR0063,SIMU0204:User 204,GRANTED
2026,1月,13,周二,14:54:06,86CB6A2D,BR008,RES003,SIMU0274:User 274,DENIED
2026,1月,13,周二,14:54:06,4DE0D33A,SIMBR0024,SIMR0024,SIMU0260:User 260,GRANTED
2026,1月,13,周二,14:54:06,B3C34A2A,SIMBR0300,SIMR0300,SIMU0044:User 44,GRANTED
2026,1月,13,周二,14:54:06,2B614E0C,SIMBR0072,SIMR0072,SIMU0164:User 164,GRANTED
2026,1月,13,周二,14:54:06,2B614E0C,SIMBR0048,SIMR0048,SIMU0164:User 164,GRANTED
2026,1月,13,周二,14:54:06,2D7F99C4,SIMBR0171,SIMR0171,SIMU0085:User 85,GRANTED
2026,1月,13,周二,14:54:06,7F749586,SIMBR0036,SIMR0036,SIMU0004:User 4,GRANTED
2026,1月,13,周二,14:54:06,7481E135,SIMBR0097,SIMR0097,SIMU0282:User 282,GRANTED
2026,1月,13,周二,14:54:06,0552E86C,SIMBR0074,SIMR0074,SIMU0114:User 114,GRANTED
2026,1月,13,周二,14:54:06,55C67395,SIMBR0243,SIMR0243,SIMU0056:User 56,GRANTED
2026,1月,13,周二,14:54:06,497FB87C,SIMBR0137,SIMR0137,SIMU0272:User 272,GRANTED
2026,1月,13,周二,14:54:06,E263443E,SIMBR0125,SIMR0125,SIMU0190:User 190,GRANTED
2026,1月,13,周二,14:54:06,DDB28C88,SIMBR0035,SIMR0035,SIMU0102:User 102,GRANTED
2026,1月,13,周二,14:54:06,16A446D4,SIMBR0352,SIMR0352,SIMU0201:User 201,GRANTED
2026,1月,13,周二,14:54:06,528AA107,SIMBR0103,SIMR0103,SIMU0140:User 140,GRANTED
2026,1月,13,周二,14:54:06,BBE8D6B5,SIMBR0346,SIMR0346,SIMU0195:User 195,GRANTED
2026,1月,13,周二,14:54:06,C6A1DEEB,SIMBR0334,SIMR0334,SIMU0175:User 175,GRANTED
2026,1月,13,周二,14:54:06,A6A1B8F1,SIMBR0291,SIMR0291,SIMU0241:User 241,GRANTED
2026,1月,13,周二,14:54:06,C89B5481,SIMBR0392,SIMR0392,SIMU0230:User 230,GRANTED
2026,1月,13,周二,14:54:06,65191148,SIMBR0250,SIMR0250,SIMU0101:User 101,GRANTED
2026,1月,13,周二,14:54:06,B58F0441,SIMBR0154,SIMR0154,SIMU0165:User 165,GRANTED
2026,1月,13,周二,14:54:06,AE48A11A,SIMBR0234,SIMR0234,SIMU0113:User 113,GRANTED
2026,1月,13,周二,14:54:06,483C90D8,SIMBR0011,SIMR0011,SIMU0046:User 46,GRANTED
2026,1月,13,周二,14:54:06,882F9EB7,SIMBR0269,SIMR0269,SIMU0020:User 20,GRANTED
2026,1月,13,周二,14:54:06,BBE8D6B5,SIMBR0362,SIMR0362,SIMU0195:User 195,GRANTED
2026,1月,13,周二,14:54:06,D0ABEAE1,SIMBR0263,SIMR0263,SIMU0196:User 196,GRANTED
2026,1月,13,周二,14:54:06,65830A51,SIMBR0328,SIMR0328,SIMU0041:User 41,GRANTED
2026,1月,13,周二,14:54:06,0402E2AB,SIMBR0079,SIMR0079,SIMU0185:User 185,GRANTED
2026,1月,13,周二,14:54:06,C89690D8,BR007,RES024,SIMU0029:User 29,DENIED
2026,1月,13,周二,14:54:06,4356E5AB,SIMBR0035,SIMR0035,SIMU0172:User 172,GRANTED
2026,1月,13,周二,14:54:06,5F0BA8E3,SIMBR0036,SIMR0036,SIMU0077:User 77,GRANTED
2026,1月,13,周二,14:54:06,9C4465BC,SIMBR0207,SIMR0207,SIMU0263:User 263,GRANTED
2026,1月,13,周二,14:54:06,F689FE56,SIMBR0148,SIMR0148,SIMU0236:User 236,GRANTED
2026,1月,13,周二,14:54:07,4356E5AB,SIMBR0353,SIMR0353,SIMU0172:User 172,GRANTED
2026,1月,13,周二,14:54:07,6A126518,SIMBR0159,SIMR0159,SIMU0157:User 157,GRANTED
2026,1月,13,周二,14:54:07,37261D4E,BR023,RES016,SIMU0040:User 40,DENIED
2026,1月,13,周二,14:54:07,BF88A1CE,SIMBR0035,SIMR0035,SIMU0160:User 160,GRANTED
2026,1月,13,周二,14:54:07,71524832,SIMBR0363,SIMR0363,SIMU0128:User 128,GRANTED
2026,1月,13,周二,14:54:07,4356E5AB,BR016,RES009,SIMU0172:User 172,DENIED
2026,1月,13,周二,14:54:07,A69527A3,SIMBR0113,SIMR0113,SIMU0144:User 144,GRANTED
2026,1月,13,周二,14:54:07,C465593F,SIMBR0198,SIMR0198,SIMU0093:User 93,GRANTED
2026,1月,13,周二,14:54:07,355CC3B6,SIMBR0309,SIMR0309,SIMU0167:User 167,GRANTED
2026,1月,13,周二,14:54:07,B03C09C9,SIMBR0362,SIMR0362,SIMU0162:User 162,GRANTED
2026,1月,13,周二,14:54:07,A6A1B8F1,SIMBR0329,SIMR0329,SIMU0241:User 241,GRANTED
2026,1月,13,周二,14:54:07,CBF84902,SIMBR0148,SIMR0148,SIMU0109:User 109,GRANTED
2026,1月,13,周二,14:54:07,796E035A,SIMBR0314,SIMR0314,SIMU0158:User 158,GRANTED
2026,1月,13,周二,14:54:07,143D522F,SIMBR0078,SIMR0078,SIMU0009:User 9,GRANTED
2026,1月,13,周二,14:54:07,00BB87D3,SIMBR0347,SIMR0347,SIMU0059:User 59,GRANTED
2026,1月,13,周二,14:54:07,2A2939D5,SIMBR0167,SIMR0167,SIMU0279:User 279,GRANTED
2026,1月,13,周二,14:54:07,7E0669A9,SIMBR0341,SIMR0341,SIMU0125:User 125,GRANTED
2026,1月,13,周二,14:54:07,2392E33D,SIMBR0161,SIMR0161,SIMU0023:User 23,GRANTED
2026,1月,13,周二,14:54:07,761D0F5D,SIMBR0324,SIMR0324,SIMU0257:User 257,GRANTED
2026,1月,13,周二,14:54:07,31EC8E2A,SIMBR0273,SIMR0273,SIMU0284:User 284,GRANTED
2026,1月,13,周二,14:54:07,0402E2AB,SIMBR0141,SIMR0141,SIMU0185:User 185,GRANTED
2026,1月,13,周二,14:54:07,29219B5A,SIMBR0045,SIMR0045,SIMU0142:User 142,GRANTED
2026,1月,13,周二,14:54:07,9E7210ED,SIMBR0054,SIMR0054,SIMU0297:User 297,GRANTED
2026,1月,13,周二,14:54:07,5C18984E,SIMBR0042,SIMR0042,SIMU0255:User 255,GRANTED
2026,1月,13,周二,14:54:07,489655D2,SIMBR0072,SIMR0072,CON001:Wang Wu,DENIED
2026,1月,13,周二,14:54:07,16A446D4,SIMBR0357,SIMR0357,SIMU0201:User 201,GRANTED
2026,1月,13,周二,14:54:07,5FE2AA73,SIMBR0258,SIMR0258,SIMU0063:User 63,GRANTED
2026,1月,13,周二,14:54:07,2392E33D,SIMBR0071,SIMR0071,SIMU0023:User 23,GRANTED
2026,1月,13,周二,14:54:07,D4614DD2,SIMBR0370,SIMR0370,SIMU0264:User 264,GRANTED
2026,1月,13,周二,14:54:07,01FA0FAE,SIMBR0232,SIMR0232,SIMU0218:User 218,GRANTED
2026,1月,13,周二,14:54:07,4BEECFEB,SIMBR0272,SIMR0272,SIMU0117:User 117,GRANTED
2026,1月,13,周二,14:54:07,19618E8D,SIMBR0014,SIMR0014,SIMU0205:User 205,GRANTED
2026,1月,13,周二,14:54:07,C190DDA3,SIMBR0020,SIMR0020,SIMU0155:User 155,GRANTED
2026,1月,13,周二,14:54:07,88FF8EF2,SIMBR0086,SIMR0086,SIMU0206:User 206,GRANTED
2026,1月,13,周二,14:54:07,4FD7E7EC,SIMBR0103,SIMR0103,SIMU0053:User 53,GRANTED
2026,1月,13,周二,14:54:07,34580E40,BR024,RES017,SIMU0005:User 5,DENIED
2026,1月,13,周二,14:54:07,2BC13570,SIMBR0233,SIMR0233,SIMU0078:User 78,GRANTED
2026,1月,13,周二,14:54:07,B335B7A5,SIMBR0150,SIMR0150,SIMU0202:User 202,GRANTED
2026,1月,13,周二,14:54:07,DEBE98DF,SIMBR0169,SIMR0169,SIMU0189:User 189,GRANTED
2026,1月,13,周二,14:54:07,55C67395,SIMBR0300,SIMR0300,SIMU0056:User 56,GRANTED
2026,1月,13,周二,14:54:07,5849BD23,SIMBR0087,SIMR0087,SIMU0186:User 186,GRANTED
2026,1月,13,周二,14:54:07,AE77BF81,SIMBR0351,SIMR0351,SIMU0225:User 225,GRANTED
2026,1月,13,周二,14:54:07,C48BE2F9,SIMBR0381,SIMR0381,SIMU0178:User 178,GRANTED
2026,1月,13,周二,14:54:07,CF2F05DC,SIMBR0085,SIMR0085,SIMU0217:User 217,GRANTED
2026,1月,13,周二,14:54:07,5DD3F3CE,SIMBR0111,SIMR0111,SIMU0182:User 182,GRANTED
2026,1月,13,周二,14:54:07,2B614E0C,SIMBR0020,SIMR0020,SIMU0164:User 164,GRANTED
2026,1月,13,周二,14:54:07,AE48A11A,SIMBR0081,SIMR0081,SIMU0113:User 113,GRANTED
2026,1月,13,周二,14:54:07,6406A215,SIMBR0235,SIMR0235,SIMU0214:User 214,GRANTED
2026,1月,13,周二,14:54:07,C2397E87,BR010,RES004,SIMU0111:User 111,DENIED
2026,1月,13,周二,14:54:07,62CE2F4E,SIMBR0218,SIMR0218,SIMU0112:User 112,GRANTED
2026,1月,13,周二,14:54:07,2015CDCD,SIMBR0041,SIMR0041,SIMU0134:User 134,GRANTED
2026,1月,13,周二,14:54:07,81E964E1,SIMBR0061,SIMR0061,SIMU0014:User 14,GRANTED
2026,1月,13,周二,14:54:07,7E0669A9,SIMBR0371,SIMR0371,SIMU0125:User 125,GRANTED
2026,1月,13,周二,14:54:07,1D712ABD,SIMBR0371,SIMR0371,SIMU0277:User 277,GRANTED
2026,1月,13,周二,14:54:07,D3E5BD00,SIMBR0318,SIMR0318,SIMU0069:User 69,GRANTED
2026,1月,13,周二,14:54:07,F3F15A85,SIMBR0005,SIMR0005,SIMU0058:User 58,GRANTED
2026,1月,13,周二,14:54:07,81E48A54,SIMBR0304,SIMR0304,SIMU0275:User 275,GRANTED
2026,1月,13,周二,14:54:07,A90144E9,BR016,RES009,SIMU0096:User 96,DENIED
2026,1月,13,周二,14:54:07,65B476AB,SIMBR0122,SIMR0122,SIMU0099:User 99,GRANTED
2026,1月,13,周二,14:54:07,248E3909,SIMBR0356,SIMR0356,SIMU0011:User 11,GRANTED
2026,1月,13,周二,14:54:07,2A2939D5,SIMBR0163,SIMR0163,SIMU0279:User 279,GRANTED
2026,1月,13,周二,14:54:07,452BD81E,SIMBR0141,SIMR0141,SIMU0027:User 27,GRANTED
2026,1月,13,周二,14:54:07,19C83547,SIMBR0242,SIMR0242,SIMU0266:User 266,GRANTED
2026,1月,13,周二,14:54:07,91F99B45,SIMBR0327,SIMR0327,SIMU0082:User 82,GRANTED
2026,1月,13,周二,14:54:07,9F85BAB6,SIMBR0087,SIMR0087,SIMU0031:User 31,GRANTED
2026,1月,13,周二,14:54:07,FC75DC29,BR006,RES002,SIMU0018:User 18,DENIED
2026,1月,13,周二,14:54:07,8852F51C,SIMBR0384,SIMR0384,SIMU0121:User 121,GRANTED
2026,1月,13,周二,14:54:07,CF905F5D,SIMBR0029,SIMR0029,SIMU0019:User 19,GRANTED
2026,1月,13,周二,14:54:07,528AA107,SIMBR0371,SIMR0371,SIMU0140:User 140,GRANTED
2026,1月,13,周二,14:54:07,5CA6D470,SIMBR0145,SIMR0145,SIMU0146:User 146,GRANTED
2026,1月,13,周二,14:54:07,1973551A,SIMBR0089,SIMR0089,SIMU0238:User 238,GRANTED
2026,1月,13,周二,14:54:07,E45D3CF3,SIMBR0023,SIMR0023,SIMU0293:User 293,GRANTED
2026,1月,13,周二,14:54:07,248E3909,SIMBR0079,SIMR0079,SIMU0011:User 11,GRANTED
2026,1月,13,周二,14:54:07,3C19D88A,SIMBR0267,SIMR0267,SIMU0249:User 249,GRANTED
2026,1月,13,周二,14:54:07,6CAF0FB3,SIMBR0024,SIMR0024,SIMU0148:User 148,GRANTED
2026,1月,13,周二,14:54:07,646A37B3,SIMBR0395,SIMR0395,SIMU0200:User 200,GRANTED
2026,1月,13,周二,14:54:07,3375DC19,SIMBR0360,SIMR0360,SIMU0061:User 61,GRANTED
2026,1月,13,周二,14:54:07,04EDBC1A,SIMBR0001,SIMR0001,SIMU0071:User 71,GRANTED
2026,1月,13,周二,14:54:07,914F2FD1,BR011,RES026,SIMU0187:User 187,DENIED
2026,1月,13,周二,14:54:07,B45868CC,SIMBR0138,SIMR0138,SIMU0174:User 174,GRANTED
2026,1月,13,周二,14:54:07,A4FE0D9E,BR017,RES010,SIMU0163:User 163,DENIED
2026,1月,13,周二,14:54:07,CF2F05DC,SIMBR0047,SIMR0047,SIMU0217:User 217,GRANTED
2026,1月,13,周二,14:54:07,EA5A3237,BR020,RES013,SIMU0075:User 75,DENIED
2026,1月,13,周二,14:54:07,37F08443,SIMBR0115,SIMR0115,SIMU0289:User 289,GRANTED
2026,1月,13,周二,14:54:07,BA0243B9,SIMBR0063,SIMR0063,PM001:Sun Ba,DENIED
2026,1月,13,周二,14:54:07,DF4F65FA,SIMBR0020,SIMR0020,SIMU0124:User 124,GRANTED
2026,1月,13,周二,14:54:07,47F239E7,SIMBR0257,SIMR0257,SIMU0191:User 191,GRANTED
2026,1月,13,周二,14:54:07,A2506477,SIMBR0071,SIMR0071,SIMU0278:User 278,GRANTED
2026,1月,13,周二,14:54:07,2D6ECED1,SIMBR0192,SIMR0192,SIMU0234:User 234,GRANTED
2026,1月,13,周二,14:54:07,5AA52579,SIMBR0265,SIMR0265,SIMU0088:User 88,GRANTED
2026,1月,13,周二,14:54:07,94DA0C78,SIMBR0184,SIMR0184,SIMU0039:User 39,GRANTED
2026,1月,13,周二,14:54:07,D6BB404C,SIMBR0399,SIMR0399,SIMU0116:User 116,GRANTED
2026,1月,13,周二,14:54:07,B3D7FE0C,SIMBR0375,SIMR0375,SIMU0016:User 16,GRANTED
2026,1月,13,周二,14:54:07,E263443E,SIMBR0308,SIMR0308,SIMU0190:User 190,GRANTED
2026,1月,13,周二,14:54:07,FC171927,SIMBR0074,SIMR0074,SIMU0287:User 287,GRANTED
2026,1月,13,周二,14:54:07,CF2F05DC,SIMBR0345,SIMR0345,SIMU0217:User 217,GRANTED
2026,1月,13,周二,14:54:07,29219B5A,SIMBR0052,SIMR0052,SIMU0142:User 142,GRANTED
2026,1月,13,周二,14:54:07,E00A3B0F,SIMBR0330,SIMR0330,SIMU0013:User 13,GRANTED
2026,1月,13,周二,14:54:07,CDEE85B1,SIMBR0372,SIMR0372,SIMU0127:User 127,GRANTED
2026,1月,13,周二,14:54:07,FC75DC29,SIMBR0237,SIMR0237,SIMU0018:User 18,GRANTED
2026,1月,13,周二,14:54:07,2A4E4C17,SIMBR0029,SIMR0029,SIMU0168:User 168,GRANTED
2026,1月,13,周二,14:54:07,646A37B3,SIMBR0346,SIMR0346,SIMU0200:User 200,GRANTED
2026,1月,13,周二,14:54:07,C48BC6D5,SIMBR0041,SIMR0041,SIMU0173:User 173,GRANTED
2026,1月,13,周二,14:54:07,F9F71897,SIMBR0213,SIMR0213,SIMU0055:User 55,GRANTED
2026,1月,13,周二,14:54:07,1F854D4E,SIMBR0046,SIMR0046,SIMU0291:User 291,GRANTED
2026,1月,13,周二,14:54:07,914F2FD1,SIMBR0010,SIMR0010,SIMU0187:User 187,GRANTED
2026,1月,13,周二,14:54:07,C6A1DEEB,SIMBR0107,SIMR0107,SIMU0175:User 175,GRANTED
2026,1月,13,周二,14:54:07,0FA31338,SIMBR0343,SIMR0343,SIMU0043:User 43,GRANTED
2026,1月,13,周二,14:54:07,D53BB718,SIMBR0014,SIMR0014,SIMU0270:User 270,GRANTED
2026,1月,13,周二,14:54:07,9C4C6F9D,SIMBR0291,SIMR0291,SIMU0259:User 259,GRANTED
2026,1月,13,周二,14:54:07,CF905F5D,SIMBR0008,SIMR0008,SIMU0019:User 19,GRANTED
2026,1月,13,周二,14:54:07,6E7782F8,SIMBR0262,SIMR0262,INT001:Zhao Liu,DENIED
2026,1月,13,周二,14:54:07,47F239E7,BR020,RES013,SIMU0191:User 191,DENIED
2026,1月,13,周二,14:54:07,9F85BAB6,SIMBR0146,SIMR0146,SIMU0031:User 31,GRANTED
2026,1月,13,周二,14:54:07,66DF575A,SIMBR0163,SIMR0163,SIMU0070:User 70,GRANTED
2026,1月,13,周二,14:54:07,7F749586,SIMBR0392,SIMR0392,SIMU0004:User 4,GRANTED
2026,1月,13,周二,14:54:07,65830A51,SIMBR0271,SIMR0271,SIMU0041:User 41,GRANTED
2026,1月,13,周二,14:54:07,82C05612,SIMBR0380,SIMR0380,SIMU0183:User 183,GRANTED
2026,1月,13,周二,14:54:07,08EF410D,SIMBR0389,SIMR0389,SIMU0243:User 243,GRANTED
2026,1月,13,周二,14:54:07,D0ABEAE1,SIMBR0032,SIMR0032,SIMU0196:User 196,GRANTED
2026,1月,13,周二,14:54:07,4D29E6C6,SIMBR0087,SIMR0087,SIMU0021:User 21,GRANTED
2026,1月,13,周二,14:54:07,E67855ED,SIMBR0346,SIMR0346,SIMU0268:User 268,GRANTED
2026,1月,13,周二,14:54:07,45BE30A8,SIMBR0254,SIMR0254,8d1a5202-9052-4f93-bf5a-4deffdf65fd3:a q,GRANTED
2026,1月,13,周二,14:54:07,08F76FF7,SIMBR0081,SIMR0081,SIMU0296:User 296,GRANTED
2026,1月,13,周二,14:54:07,01FA0FAE,SIMBR0275,SIMR0275,SIMU0218:User 218,GRANTED
2026,1月,13,周二,14:54:07,1EF3B563,SIMBR0076,SIMR0076,SIMU0010:User 10,GRANTED
2026,1月,13,周二,14:54:07,D0ABEAE1,SIMBR0277,SIMR0277,SIMU0196:User 196,GRANTED
2026,1月,13,周二,14:54:07,3E02D00E,SIMBR0167,SIMR0167,SIMU0067:User 67,GRANTED
2026,1月,13,周二,14:54:07,4FD7E7EC,SIMBR0345,SIMR0345,SIMU0053:User 53,GRANTED
2026,1月,13,周二,14:54:07,31EC8E2A,SIMBR0329,SIMR0329,SIMU0284:User 284,GRANTED
2026,1月,13,周二,14:54:07,897D2598,SIMBR0329,SIMR0329,SIMU0242:User 242,GRANTED
2026,1月,13,周二,14:54:07,93804668,SIMBR0232,SIMR0232,SIMU0269:User 269,GRANTED
2026,1月,13,周二,14:54:07,FBEC0C91,BR015,RES008,SIMU0017:User 17,DENIED
2026,1月,13,周二,14:54:07,BF88A1CE,SIMBR0278,SIMR0278,SIMU0160:User 160,GRANTED
2026,1月,13,周二,14:54:07,0CCD1CE3,SIMBR0351,SIMR0351,SIMU0080:User 80,GRANTED
2026,1月,13,周二,14:54:07,CF905F5D,SIMBR0375,SIMR0375,SIMU0019:User 19,GRANTED
2026,1月,13,周二,14:54:07,E5BD3919,SIMBR0253,SIMR0253,SIMU0091:User 91,GRANTED
2026,1月,13,周二,14:54:07,E1BF0A5D,SIMBR0184,SIMR0184,SIMU0232:User 232,GRANTED
2026,1月,13,周二,14:54:07,5F5BFA6E,SIMBR0205,SIMR0205,SIMU0188:User 188,GRANTED
2026,1月,13,周二,14:54:07,8C4E2F9D,SIMBR0369,SIMR0369,SIMU0180:User 180,GRANTED
2026,1月,13,周二,14:54:07,47F239E7,SIMBR0385,SIMR0385,SIMU0191:User 191,GRANTED
2026,1月,13,周二,14:54:07,88FF8EF2,SIMBR0084,SIMR0084,SIMU0206:User 206,GRANTED
2026,1月,13,周二,14:54:07,4BEECFEB,SIMBR0396,SIMR0396,SIMU0117:User 117,GRANTED
2026,1月,13,周二,14:54:07,C5B21C58,SIMBR0092,SIMR0092,SIMU0054:User 54,GRANTED
2026,1月,13,周二,14:54:07,D53BB718,SIMBR0194,SIMR0194,SIMU0270:User 270,GRANTED
2026,1月,13,周二,14:54:07,08B71C09,SIMBR0336,SIMR0336,SIMU0253:User 253,GRANTED
2026,1月,13,周二,14:54:07,1F854D4E,SIMBR0369,SIMR0369,SIMU0291:User 291,GRANTED
2026,1月,13,周二,14:54:07,F8C3B166,SIMBR0271,SIMR0271,SIMU0300:User 300,GRANTED
2026,1月,13,周二,14:54:07,D53BB718,SIMBR0325,SIMR0325,SIMU0270:User 270,GRANTED
2026,1月,13,周二,14:54:07,91F99B45,SIMBR0023,SIMR0023,SIMU0082:User 82,GRANTED
2026,1月,13,周二,14:54:07,3A15230F,SIMBR0040,SIMR0040,SIMU0087:User 87,GRANTED
2026,1月,13,周二,14:54:07,D4614DD2,SIMBR0364,SIMR0364,SIMU0264:User 264,GRANTED
2026,1月,13,周二,14:54:07,0D9CF3E6,SIMBR0202,SIMR0202,SIMU0212:User 212,GRANTED
2026,1月,13,周二,14:54:07,31EC8E2A,SIMBR0243,SIMR0243,SIMU0284:User 284,GRANTED
2026,1月,13,周二,14:54:07,646A37B3,SIMBR0033,SIMR0033,SIMU0200:User 200,GRANTED
2026,1月,13,周二,14:54:07,2BAB4E39,SIMBR0093,SIMR0093,SIMU0137:User 137,GRANTED
2026,1月,13,周二,14:54:07,E75864D3,SIMBR0241,SIMR0241,SIMU0215:User 215,GRANTED
2026,1月,13,周二,14:54:07,3644422D,SIMBR0365,SIMR0365,SIMU0298:User 298,GRANTED
2026,1月,13,周二,14:54:07,0CCD1CE3,SIMBR0195,SIMR0195,SIMU0080:User 80,GRANTED
2026,1月,13,周二,14:54:07,C567574B,SIMBR0293,SIMR0293,SIMU0066:User 66,GRANTED
2026,1月,13,周二,14:54:07,1F854D4E,SIMBR0227,SIMR0227,SIMU0291:User 291,GRANTED
2026,1月,13,周二,14:54:07,19618E8D,SIMBR0282,SIMR0282,SIMU0205:User 205,GRANTED
2026,1月,13,周二,14:54:07,81E964E1,SIMBR0237,SIMR0237,SIMU0014:User 14,GRANTED
2026,1月,13,周二,14:54:07,B31FE5FA,SIMBR0273,SIMR0273,SIMU0223:User 223,GRANTED
2026,1月,13,周二,14:54:07,4DE0D33A,SIMBR0107,SIMR0107,SIMU0260:User 260,GRANTED
2026,1月,13,周二,14:54:07,BF88A1CE,SIMBR0272,SIMR0272,SIMU0160:User 160,GRANTED
2026,1月,13,周二,14:54:07,3EC06854,SIMBR0319,SIMR0319,SIMU0129:User 129,GRANTED
2026,1月,13,周二,14:54:07,B57B1DD3,SIMBR0192,SIMR0192,SIMU0295:User 295,GRANTED
2026,1月,13,周二,14:54:07,E1BF0A5D,SIMBR0278,SIMR0278,SIMU0232:User 232,GRANTED
2026,1月,13,周二,14:54:07,F3F15A85,BR007,RES024,SIMU0058:User 58,DENIED
2026,1月,13,周二,14:54:07,C190DDA3,SIMBR0339,SIMR0339,SIMU0155:User 155,GRANTED
2026,1月,13,周二,14:54:07,355CC3B6,SIMBR0002,SIMR0002,SIMU0167:User 167,GRANTED
2026,1月,13,周二,14:54:07,A69527A3,SIMBR0161,SIMR0161,SIMU0144:User 144,GRANTED
2026,1月,13,周二,14:54:07,CB29BCDB,SIMBR0023,SIMR0023,SIMU0104:User 104,GRANTED
2026,1月,13,周二,14:54:07,3375DC19,SIMBR0051,SIMR0051,SIMU0061:User 61,GRANTED
2026,1月,13,周二,14:54:07,FBEC0C91,SIMBR0036,SIMR0036,SIMU0017:User 17,GRANTED
2026,1月,13,周二,14:54:07,62CE2F4E,SIMBR0066,SIMR0066,SIMU0112:User 112,GRANTED
2026,1月,13,周二,14:54:07,838F6048,SIMBR0197,SIMR0197,SIMU0036:User 36,GRANTED
2026,1月,13,周二,14:54:07,F9F71897,SIMBR0296,SIMR0296,SIMU0055:User 55,GRANTED
2026,1月,13,周二,14:54:07,08F76FF7,SIMBR0187,SIMR0187,SIMU0296:User 296,GRANTED
2026,1月,13,周二,14:54:07,838F6048,SIMBR0274,SIMR0274,SIMU0036:User 36,GRANTED
2026,1月,13,周二,14:54:07,24331CD1,BR019,RES012,SIMU0219:User 219,DENIED
2026,1月,13,周二,14:54:07,0CCD1CE3,SIMBR0111,SIMR0111,SIMU0080:User 80,GRANTED
2026,1月,13,周二,14:54:07,A96DDF4D,SIMBR0218,SIMR0218,SIMU0267:User 267,GRANTED
2026,1月,13,周二,14:54:07,D1E93663,SIMBR0096,SIMR0096,SIMU0235:User 235,GRANTED
2026,1月,13,周二,14:54:07,19C83547,SIMBR0029,SIMR0029,SIMU0266:User 266,GRANTED
2026,1月,13,周二,14:54:07,37F08443,SIMBR0256,SIMR0256,SIMU0289:User 289,GRANTED
2026,1月,13,周二,14:54:07,2A2939D5,SIMBR0354,SIMR0354,SIMU0279:User 279,GRANTED
2026,1月,13,周二,14:54:07,984A4AA4,SIMBR0267,SIMR0267,SIMU0251:User 251,GRANTED
2026,1月,13,周二,14:54:07,1361E23B,SIMBR0266,SIMR0266,SIMU0181:User 181,GRANTED
2026,1月,13,周二,14:54:07,85BFD74E,SIMBR0266,SIMR0266,SIMU0149:User 149,GRANTED
2026,1月,13,周二,14:54:07,397487A8,SIMBR0259,SIMR0259,SIMU0076:User 76,GRANTED
2026,1月,13,周二,14:54:07,8C2113AD,SIMBR0256,SIMR0256,SIMU0228:User 228,GRANTED
2026,1月,13,周二,14:54:07,E75864D3,SIMBR0326,SIMR0326,SIMU0215:User 215,GRANTED
2026,1月,13,周二,14:54:07,6406A215,SIMBR0197,SIMR0197,SIMU0214:User 214,GRANTED
2026,1月,13,周二,14:54:07,F615ED55,SIMBR0350,SIMR0350,SIMU0115:User 115,GRANTED
2026,1月,13,周二,14:54:07,19618E8D,SIMBR0227,SIMR0227,SIMU0205:User 205,GRANTED
2026,1月,13,周二,14:54:07,F9F71897,BR008,RES003,SIMU0055:User 55,DENIED
2026,1月,13,周二,14:54:07,4DB086F5,SIMBR0307,SIMR0307,SIMU0133:User 133,GRANTED
2026,1月,13,周二,14:54:07,2D7F99C4,SIMBR0320,SIMR0320,SIMU0085:User 85,GRANTED
2026,1月,13,周二,14:54:08,E33573A1,SIMBR0239,SIMR0239,SIMU0089:User 89,GRANTED
2026,1月,13,周二,14:54:08,34580E40,SIMBR0154,SIMR0154,SIMU0005:User 5,GRANTED
2026,1月,13,周二,14:54:08,DC026729,SIMBR0266,SIMR0266,SIMU0103:User 103,GRANTED
2026,1月,13,周二,14:54:08,8C2113AD,SIMBR0248,SIMR0248,SIMU0228:User 228,GRANTED
2026,1月,13,周二,14:54:08,355CC3B6,SIMBR0073,SIMR0073,SIMU0167:User 167,GRANTED
2026,1月,13,周二,14:54:08,E7BF1B90,SIMBR0397,SIMR0397,SIMU0286:User 286,GRANTED
2026,1月,13,周二,14:54:08,5FE2AA73,SIMBR0299,SIMR0299,SIMU0063:User 63,GRANTED
2026,1月,13,周二,14:54:08,BD154D46,SIMBR0056,SIMR0056,SIMU0221:User 221,GRANTED
2026,1月,13,周二,14:54:08,FC171927,SIMBR0009,SIMR0009,SIMU0287:User 287,GRANTED
2026,1月,13,周二,14:54:08,C567574B,SIMBR0100,SIMR0100,SIMU0066:User 66,GRANTED
2026,1月,13,周二,14:54:08,67E70F45,SIMBR0136,SIMR0136,SIMU0026:User 26,GRANTED
2026,1月,13,周二,14:54:08,4D29E6C6,BR024,RES017,SIMU0021:User 21,DENIED
2026,1月,13,周二,14:54:08,0FA31338,SIMBR0221,SIMR0221,SIMU0043:User 43,GRANTED
2026,1月,13,周二,14:54:08,6712960F,SIMBR0201,SIMR0201,SIMU0015:User 15,GRANTED
2026,1月,13,周二,14:54:08,A1F8AEF6,SIMBR0126,SIMR0126,SIMU0122:User 122,GRANTED
2026,1月,13,周二,14:54:08,6569AAB9,SIMBR0355,SIMR0355,SIMU0213:User 213,GRANTED
2026,1月,13,周二,14:54:08,A5D38222,SIMBR0313,SIMR0313,SIMU0064:User 64,GRANTED
2026,1月,13,周二,14:54:08,5F0BA8E3,SIMBR0252,SIMR0252,SIMU0077:User 77,GRANTED
2026,1月,13,周二,14:54:08,C584F9D3,SIMBR0312,SIMR0312,EMP001:Zhang San,DENIED
2026,1月,13,周二,14:54:08,71524832,SIMBR0272,SIMR0272,SIMU0128:User 128,GRANTED
2026,1月,13,周二,14:54:08,B58F0441,SIMBR0030,SIMR0030,SIMU0165:User 165,GRANTED
2026,1月,13,周二,14:54:08,4DE0D33A,SIMBR0194,SIMR0194,SIMU0260:User 260,GRANTED
2026,1月,13,周二,14:54:08,7CAC8886,SIMBR0301,SIMR0301,SIMU0265:User 265,GRANTED
2026,1月,13,周二,14:54:08,C48BC6D5,SIMBR0193,SIMR0193,SIMU0173:User 173,GRANTED
2026,1月,13,周二,14:54:08,2A4E4C17,SIMBR0077,SIMR0077,SIMU0168:User 168,GRANTED
2026,1月,13,周二,14:54:08,6569AAB9,SIMBR0370,SIMR0370,SIMU0213:User 213,GRANTED
2026,1月,13,周二,14:54:08,838F6048,SIMBR0009,SIMR0009,SIMU0036:User 36,GRANTED
2026,1月,13,周二,14:54:08,43B39702,SIMBR0342,SIMR0342,SIMU0060:User 60,GRANTED
2026,1月,13,周二,14:54:08,489655D2,SIMBR0053,SIMR0053,CON001:Wang Wu,DENIED
2026,1月,13,周二,14:54:08,37F08443,SIMBR0024,SIMR0024,SIMU0289:User 289,GRANTED
2026,1月,13,周二,14:54:08,646A37B3,SIMBR0191,SIMR0191,SIMU0200:User 200,GRANTED
2026,1月,13,周二,14:54:08,6838748B,SIMBR0376,SIMR0376,SIMU0138:User 138,GRANTED
2026,1月,13,周二,14:54:08,8D7E04E0,SIMBR0221,SIMR0221,SIMU0042:User 42,GRANTED
2026,1月,13,周二,14:54:08,E67855ED,SIMBR0394,SIMR0394,SIMU0268:User 268,GRANTED
2026,1月,13,周二,14:54:08,8881AC83,SIMBR0138,SIMR0138,SIMU0198:User 198,GRANTED
2026,1月,13,周二,14:54:08,F9F71897,BR002,RES021,SIMU0055:User 55,DENIED
2026,1月,13,周二,14:54:08,646A37B3,SIMBR0324,SIMR0324,SIMU0200:User 200,GRANTED
2026,1月,13,周二,14:54:08,47D0D195,SIMBR0156,SIMR0156,SIMU0047:User 47,GRANTED
2026,1月,13,周二,14:54:08,452BD81E,SIMBR0050,SIMR0050,SIMU0027:User 27,GRANTED
2026,1月,13,周二,14:54:08,7A015C31,SIMBR0163,SIMR0163,SIMU0280:User 280,GRANTED
2026,1月,13,周二,14:54:08,31EC8E2A,SIMBR0024,SIMR0024,SIMU0284:User 284,GRANTED
2026,1月,13,周二,14:54:08,6B46505C,SIMBR0200,SIMR0200,SIMU0132:User 132,GRANTED
2026,1月,13,周二,14:54:08,B49050D7,SIMBR0337,SIMR0337,SIMU0203:User 203,GRANTED
2026,1月,13,周二,14:54:08,2D6ECED1,SIMBR0230,SIMR0230,SIMU0234:User 234,GRANTED
2026,1月,13,周二,14:54:08,0C15DF36,SIMBR0298,SIMR0298,SIMU0239:User 239,GRANTED
2026,1月,13,周二,14:54:08,4D29E6C6,SIMBR0247,SIMR0247,SIMU0021:User 21,GRANTED
2026,1月,13,周二,14:54:08,5DD3F3CE,SIMBR0358,SIMR0358,SIMU0182:User 182,GRANTED
2026,1月,13,周二,14:54:08,B58F0441,SIMBR0385,SIMR0385,SIMU0165:User 165,GRANTED
2026,1月,13,周二,14:54:08,3E02D00E,SIMBR0084,SIMR0084,SIMU0067:User 67,GRANTED
2026,1月,13,周二,14:54:08,07768ACF,SIMBR0082,SIMR0082,SIMU0176:User 176,GRANTED
2026,1月,13,周二,14:54:08,B3D7FE0C,SIMBR0356,SIMR0356,SIMU0016:User 16,GRANTED
2026,1月,13,周二,14:54:08,C3BDECDB,SIMBR0061,SIMR0061,SIMU0276:User 276,GRANTED
2026,1月,13,周二,14:54:08,F8FD020A,BR017,RES010,SIMU0094:User 94,DENIED
2026,1月,13,周二,14:54:08,C190DDA3,SIMBR0324,SIMR0324,SIMU0155:User 155,GRANTED
2026,1月,13,周二,14:54:08,FC94FEC5,SIMBR0259,SIMR0259,SIMU0006:User 6,GRANTED
2026,1月,13,周二,14:54:08,397487A8,SIMBR0177,SIMR0177,SIMU0076:User 76,GRANTED
2026,1月,13,周二,14:54:08,260E5AC6,BR022,RES015,SIMU0065:User 65,DENIED
2026,1月,13,周二,14:54:08,6712960F,SIMBR0190,SIMR0190,SIMU0015:User 15,GRANTED
2026,1月,13,周二,14:54:08,6A126518,SIMBR0214,SIMR0214,SIMU0157:User 157,GRANTED
2026,1月,13,周二,14:54:08,93804668,BR021,RES014,SIMU0269:User 269,DENIED
2026,1月,13,周二,14:54:08,5F0BA8E3,SIMBR0081,SIMR0081,SIMU0077:User 77,GRANTED
2026,1月,13,周二,14:54:08,B492A75C,SIMBR0175,SIMR0175,SIMU0110:User 110,GRANTED
2026,1月,13,周二,14:54:08,E1BF0A5D,SIMBR0024,SIMR0024,SIMU0232:User 232,GRANTED
2026,1月,13,周二,14:54:08,AE77BF81,SIMBR0153,SIMR0153,SIMU0225:User 225,GRANTED
2026,1月,13,周二,14:54:08,DA6C9B4D,SIMBR0051,SIMR0051,SIMU0169:User 169,GRANTED
2026,1月,13,周二,14:54:08,19618E8D,BR019,RES012,SIMU0205:User 205,DENIED
2026,1月,13,周二,14:54:08,A802550C,SIMBR0053,SIMR0053,SIMU0192:User 192,GRANTED
2026,1月,13,周二,14:54:08,143D522F,SIMBR0206,SIMR0206,SIMU0009:User 9,GRANTED
2026,1月,13,周二,14:54:08,58B55845,SIMBR0154,SIMR0154,EMP002:Li Si,DENIED
2026,1月,13,周二,14:54:08,170F12B7,SIMBR0186,SIMR0186,SIMU0150:User 150,GRANTED
2026,1月,13,周二,14:54:08,8852F51C,SIMBR0217,SIMR0217,SIMU0121:User 121,GRANTED
2026,1月,13,周二,14:54:08,A90144E9,SIMBR0182,SIMR0182,SIMU0096:User 96,GRANTED
2026,1月,13,周二,14:54:08,0402E2AB,SIMBR0397,SIMR0397,SIMU0185:User 185,GRANTED
2026,1月,13,周二,14:54:08,248E3909,SIMBR0305,SIMR0305,SIMU0011:User 11,GRANTED
2026,1月,13,周二,14:54:08,2A2939D5,SIMBR0278,SIMR0278,SIMU0279:User 279,GRANTED
2026,1月,13,周二,14:54:08,DF4F65FA,SIMBR0267,SIMR0267,SIMU0124:User 124,GRANTED
2026,1月,13,周二,14:54:08,611AE3CE,BR017,RES010,SIMU0256:User 256,DENIED
2026,1月,13,周二,14:54:08,2BAB4E39,SIMBR0046,SIMR0046,SIMU0137:User 137,GRANTED
2026,1月,13,周二,14:54:08,58B49FD6,SIMBR0143,SIMR0143,SIMU0210:User 210,GRANTED
2026,1月,13,周二,14:54:08,02C1BA5C,SIMBR0013,SIMR0013,SIMU0147:User 147,GRANTED
2026,1月,13,周二,14:54:08,36AF6789,SIMBR0283,SIMR0283,SIMU0271:User 271,GRANTED
2026,1月,13,周二,14:54:08,A672B04C,SIMBR0006,SIMR0006,SIMU0254:User 254,GRANTED
2026,1月,13,周二,14:54:08,46F6FFBE,SIMBR0141,SIMR0141,SIMU0136:User 136,GRANTED
2026,1月,13,周二,14:54:08,1361E23B,SIMBR0313,SIMR0313,SIMU0181:User 181,GRANTED
2026,1月,13,周二,14:54:08,C54F8CD4,SIMBR0119,SIMR0119,SIMU0166:User 166,GRANTED
2026,1月,13,周二,14:54:08,FC75DC29,BR003,RES022,SIMU0018:User 18,DENIED
2026,1月,13,周二,14:54:08,36AF6789,SIMBR0217,SIMR0217,SIMU0271:User 271,GRANTED
2026,1月,13,周二,14:54:08,8D7E04E0,SIMBR0063,SIMR0063,SIMU0042:User 42,GRANTED
2026,1月,13,周二,14:54:08,D832A0D0,SIMBR0325,SIMR0325,SIMU0033:User 33,GRANTED
2026,1月,13,周二,14:54:08,FC9D18E8,SIMBR0281,SIMR0281,SIMU0083:User 83,GRANTED
2026,1月,13,周二,14:54:08,C9A6A2A0,SIMBR0164,SIMR0164,SIMU0068:User 68,GRANTED
2026,1月,13,周二,14:54:08,D0ABEAE1,SIMBR0230,SIMR0230,SIMU0196:User 196,GRANTED
2026,1月,13,周二,14:54:08,AE77BF81,SIMBR0227,SIMR0227,SIMU0225:User 225,GRANTED
2026,1月,13,周二,14:54:08,7CAC8886,SIMBR0110,SIMR0110,SIMU0265:User 265,GRANTED
2026,1月,13,周二,14:54:08,C400399C,BR026,RES019,SIMU0034:User 34,DENIED
2026,1月,13,周二,14:54:08,910591FC,SIMBR0130,SIMR0130,SIMU0090:User 90,GRANTED
2026,1月,13,周二,14:54:08,37F08443,SIMBR0128,SIMR0128,SIMU0289:User 289,GRANTED
2026,1月,13,周二,14:54:08,489655D2,SIMBR0135,SIMR0135,CON001:Wang Wu,DENIED
2026,1月,13,周二,14:54:08,528AA107,SIMBR0088,SIMR0088,SIMU0140:User 140,GRANTED
2026,1月,13,周二,14:54:08,DF4F65FA,SIMBR0106,SIMR0106,SIMU0124:User 124,GRANTED
2026,1月,13,周二,14:54:08,02FCAAFD,SIMBR0316,SIMR0316,SIMU0248:User 248,GRANTED
2026,1月,13,周二,14:54:08,7E0669A9,SIMBR0294,SIMR0294,SIMU0125:User 125,GRANTED
2026,1月,13,周二,14:54:08,3518BC78,SIMBR0061,SIMR0061,SIMU0261:User 261,GRANTED
2026,1月,13,周二,14:54:08,4DE0D33A,SIMBR0129,SIMR0129,SIMU0260:User 260,GRANTED
2026,1月,13,周二,14:54:08,58B49FD6,SIMBR0164,SIMR0164,SIMU0210:User 210,GRANTED
2026,1月,13,周二,14:54:08,3A15230F,SIMBR0258,SIMR0258,SIMU0087:User 87,GRANTED
2026,1月,13,周二,14:54:08,6712960F,SIMBR0362,SIMR0362,SIMU0015:User 15,GRANTED
2026,1月,13,周二,14:54:08,2BC13570,SIMBR0190,SIMR0190,SIMU0078:User 78,GRANTED
2026,1月,13,周二,14:54:08,B45868CC,SIMBR0247,SIMR0247,SIMU0174:User 174,GRANTED
2026,1月,13,周二,14:54:08,838F6048,SIMBR0171,SIMR0171,SIMU0036:User 36,GRANTED
2026,1月,13,周二,14:54:08,16A446D4,SIMBR0075,SIMR0075,SIMU0201:User 201,GRANTED
2026,1月,13,周二,14:54:08,953F9943,SIMBR0338,SIMR0338,SIMU0240:User 240,GRANTED
2026,1月,13,周二,14:54:08,A78F3370,SIMBR0217,SIMR0217,SIMU0154:User 154,GRANTED
2026,1月,13,周二,14:54:08,4D3BF2D7,SIMBR0159,SIMR0159,SIMU0246:User 246,GRANTED
2026,1月,13,周二,14:54:08,953F9943,SIMBR0021,SIMR0021,SIMU0240:User 240,GRANTED
2026,1月,13,周二,14:54:08,FC2850E7,SIMBR0070,SIMR0070,SIMU0145:User 145,GRANTED
2026,1月,13,周二,14:54:08,0CCD1CE3,SIMBR0112,SIMR0112,SIMU0080:User 80,GRANTED
2026,1月,13,周二,14:54:08,092CFDC0,BR025,RES018,SIMU0025:User 25,DENIED
2026,1月,13,周二,14:54:08,D7544F8A,SIMBR0275,SIMR0275,SIMU0100:User 100,GRANTED
2026,1月,13,周二,14:54:08,968BEA98,SIMBR0225,SIMR0225,SIMU0151:User 151,GRANTED
2026,1月,13,周二,14:54:08,B335B7A5,SIMBR0129,SIMR0129,SIMU0202:User 202,GRANTED
2026,1月,13,周二,14:54:08,EF4C6A5D,SIMBR0166,SIMR0166,SIMU0197:User 197,GRANTED
2026,1月,13,周二,14:54:08,F8C3B166,SIMBR0138,SIMR0138,SIMU0300:User 300,GRANTED
2026,1月,13,周二,14:54:08,3EC06854,SIMBR0078,SIMR0078,SIMU0129:User 129,GRANTED
2026,1月,13,周二,14:54:08,58B55845,SIMBR0304,SIMR0304,EMP002:Li Si,DENIED
2026,1月,13,周二,14:54:08,2BAB4E39,SIMBR0311,SIMR0311,SIMU0137:User 137,GRANTED
2026,1月,13,周二,14:54:08,DDB28C88,SIMBR0336,SIMR0336,SIMU0102:User 102,GRANTED
2026,1月,13,周二,14:54:08,D3A70655,SIMBR0020,SIMR0020,SIMU0107:User 107,GRANTED
2026,1月,13,周二,14:54:08,19618E8D,SIMBR0286,SIMR0286,SIMU0205:User 205,GRANTED
2026,1月,13,周二,14:54:08,C89B5481,SIMBR0062,SIMR0062,SIMU0230:User 230,GRANTED
2026,1月,13,周二,14:54:08,37F08443,SIMBR0324,SIMR0324,SIMU0289:User 289,GRANTED
2026,1月,13,周二,14:54:08,F689FE56,SIMBR0209,SIMR0209,SIMU0236:User 236,GRANTED
2026,1月,13,周二,14:54:08,58B53FE3,SIMBR0021,SIMR0021,SIMU0199:User 199,GRANTED
2026,1月,13,周二,14:54:08,A469BA8E,SIMBR0319,SIMR0319,SIMU0118:User 118,GRANTED
2026,1月,13,周二,14:54:08,5FE2AA73,SIMBR0350,SIMR0350,SIMU0063:User 63,GRANTED
2026,1月,13,周二,14:54:08,87E11CBB,SIMBR0372,SIMR0372,SIMU0008:User 8,GRANTED
2026,1月,13,周二,14:54:08,9C4C6F9D,SIMBR0294,SIMR0294,SIMU0259:User 259,GRANTED
2026,1月,13,周二,14:54:08,CDEE85B1,SIMBR0377,SIMR0377,SIMU0127:User 127,GRANTED
2026,1月,13,周二,14:54:08,F3F1388E,SIMBR0056,SIMR0056,SIMU0022:User 22,GRANTED
2026,1月,13,周二,14:54:08,F615ED55,SIMBR0285,SIMR0285,SIMU0115:User 115,GRANTED
2026,1月,13,周二,14:54:08,5DD3F3CE,BR022,RES015,SIMU0182:User 182,DENIED
2026,1月,13,周二,14:54:08,47F239E7,SIMBR0385,SIMR0385,SIMU0191:User 191,GRANTED
2026,1月,13,周二,14:54:08,3BE1764E,SIMBR0098,SIMR0098,SIMU0244:User 244,GRANTED
2026,1月,13,周二,14:54:08,69018179,SIMBR0161,SIMR0161,SIMU0194:User 194,GRANTED
2026,1月,13,周二,14:54:08,DC026729,SIMBR0036,SIMR0036,SIMU0103:User 103,GRANTED
2026,1月,13,周二,14:54:08,562086DB,SIMBR0284,SIMR0284,SIMU0193:User 193,GRANTED
2026,1月,13,周二,14:54:08,53DC8CA9,SIMBR0217,SIMR0217,SIMU0007:User 7,GRANTED
2026,1月,13,周二,14:54:08,A7EE3F93,SIMBR0299,SIMR0299,SIMU0222:User 222,GRANTED
2026,1月,13,周二,14:54:08,2B614E0C,SIMBR0009,SIMR0009,SIMU0164:User 164,GRANTED
2026,1月,13,周二,14:54:08,A4FE0D9E,SIMBR0034,SIMR0034,SIMU0163:User 163,GRANTED
2026,1月,13,周二,14:54:08,BD154D46,SIMBR0363,SIMR0363,SIMU0221:User 221,GRANTED
2026,1月,13,周二,14:54:08,C89690D8,SIMBR0112,SIMR0112,SIMU0029:User 29,GRANTED
2026,1月,13,周二,14:54:08,1361E23B,SIMBR0020,SIMR0020,SIMU0181:User 181,GRANTED
2026,1月,13,周二,14:54:08,6569AAB9,BR004,RES001,SIMU0213:User 213,DENIED
2026,1月,13,周二,14:54:08,CCB40167,SIMBR0240,SIMR0240,SIMU0049:User 49,GRANTED
2026,1月,13,周二,14:54:08,4DB086F5,SIMBR0096,SIMR0096,SIMU0133:User 133,GRANTED
2026,1月,13,周二,14:54:08,953F9943,SIMBR0165,SIMR0165,SIMU0240:User 240,GRANTED
2026,1月,13,周二,14:54:08,85BFD74E,SIMBR0400,SIMR0400,SIMU0149:User 149,GRANTED
2026,1月,13,周二,14:54:08,A7EE3F93,SIMBR0227,SIMR0227,SIMU0222:User 222,GRANTED
2026,1月,13,周二,14:54:08,36AF6789,SIMBR0255,SIMR0255,SIMU0271:User 271,GRANTED
2026,1月,13,周二,14:54:08,7AA8E7ED,SIMBR0335,SIMR0335,SIMU0184:User 184,GRANTED
2026,1月,13,周二,14:54:08,0C15DF36,SIMBR0145,SIMR0145,SIMU0239:User 239,GRANTED
2026,1月,13,周二,14:54:08,78D74DDD,SIMBR0084,SIMR0084,VIS001:Qian Qi,DENIED
2026,1月,13,周二,14:54:08,143D522F,SIMBR0179,SIMR0179,SIMU0009:User 9,GRANTED
2026,1月,13,周二,14:54:08,1973551A,BR011,RES026,SIMU0238:User 238,DENIED
2026,1月,13,周二,14:54:08,5CA6D470,SIMBR0068,SIMR0068,SIMU0146:User 146,GRANTED
2026,1月,13,周二,14:54:08,897D2598,SIMBR0339,SIMR0339,SIMU0242:User 242,GRANTED
2026,1月,13,周二,14:54:08,E5BD3919,SIMBR0017,SIMR0017,SIMU0091:User 91,GRANTED
2026,1月,13,周二,14:54:08,FC2850E7,SIMBR0174,SIMR0174,SIMU0145:User 145,GRANTED
2026,1月,13,周二,14:54:08,634C57D0,SIMBR0215,SIMR0215,SIMU0281:User 281,GRANTED
2026,1月,13,周二,14:54:08,E67855ED,SIMBR0039,SIMR0039,SIMU0268:User 268,GRANTED
2026,1月,13,周二,14:54:08,E5BD3919,SIMBR0037,SIMR0037,SIMU0091:User 91,GRANTED
2026,1月,13,周二,14:54:08,93804668,SIMBR0197,SIMR0197,SIMU0269:User 269,GRANTED
2026,1月,13,周二,14:54:08,C567574B,SIMBR0341,SIMR0341,SIMU0066:User 66,GRANTED
2026,1月,13,周二,14:54:08,A5D38222,SIMBR0131,SIMR0131,SIMU0064:User 64,GRANTED
2026,1月,13,周二,14:54:08,B0280533,SIMBR0170,SIMR0170,SIMU0024:User 24,GRANTED
2026,1月,13,周二,14:54:08,9C30C93C,SIMBR0057,SIMR0057,SIMU0216:User 216,GRANTED
2026,1月,13,周二,14:54:08,7F749586,SIMBR0380,SIMR0380,SIMU0004:User 4,GRANTED
2026,1月,13,周二,14:54:08,796E035A,SIMBR0368,SIMR0368,SIMU0158:User 158,GRANTED
2026,1月,13,周二,14:54:08,611AE3CE,BR002,RES021,SIMU0256:User 256,DENIED
2026,1月,13,周二,14:54:08,BD154D46,SIMBR0030,SIMR0030,SIMU0221:User 221,GRANTED
2026,1月,13,周二,14:54:08,5FE2AA73,SIMBR0082,SIMR0082,SIMU0063:User 63,GRANTED
2026,1月,13,周二,14:54:08,4DB086F5,SIMBR0068,SIMR0068,SIMU0133:User 133,GRANTED
2026,1月,13,周二,14:54:08,FC2850E7,SIMBR0332,SIMR0332,SIMU0145:User 145,GRANTED
2026,1月,13,周二,14:54:08,D3A70655,SIMBR0192,SIMR0192,SIMU0107:User 107,GRANTED
2026,1月,13,周二,14:54:08,1EF3B563,SIMBR0057,SIMR0057,SIMU0010:User 10,GRANTED
2026,1月,13,周二,14:54:08,D3A70655,SIMBR0195,SIMR0195,SIMU0107:User 107,GRANTED
2026,1月,13,周二,14:54:08,29219B5A,SIMBR0123,SIMR0123,SIMU0142:User 142,GRANTED
2026,1月,13,周二,14:54:08,94DA0C78,SIMBR0255,SIMR0255,SIMU0039:User 39,GRANTED
2026,1月,13,周二,14:54:08,C9A6A2A0,SIMBR0026,SIMR0026,SIMU0068:User 68,GRANTED
2026,1月,13,周二,14:54:08,42A684F2,SIMBR0092,SIMR0092,SIMU0123:User 123,GRANTED
2026,1月,13,周二,14:54:08,27855213,SIMBR0324,SIMR0324,SIMU0245:User 245,GRANTED
2026,1月,13,周二,14:54:08,CC5BB248,SIMBR0361,SIMR0361,SIMU0126:User 126,GRANTED
2026,1月,13,周二,14:54:08,F689FE56,SIMBR0272,SIMR0272,SIMU0236:User 236,GRANTED
2026,1月,13,周二,14:54:08,634C57D0,SIMBR0169,SIMR0169,SIMU0281:User 281,GRANTED
2026,1月,13,周二,14:54:08,8884C7F3,SIMBR0295,SIMR0295,SIMU0220:User 220,GRANTED
2026,1月,13,周二,14:54:08,5F5BFA6E,SIMBR0069,SIMR0069,SIMU0188:User 188,GRANTED
2026,1月,13,周二,14:54:08,2B614E0C,SIMBR0153,SIMR0153,SIMU0164:User 164,GRANTED
2026,1月,13,周二,14:54:08,B03C09C9,SIMBR0275,SIMR0275,SIMU0162:User 162,GRANTED
2026,1月,13,周二,14:54:08,19618E8D,SIMBR0395,SIMR0395,SIMU0205:User 205,GRANTED
2026,1月,13,周二,14:54:09,953F9943,SIMBR0171,SIMR0171,SIMU0240:User 240,GRANTED
2026,1月,13,周二,14:54:09,953F9943,SIMBR0211,SIMR0211,SIMU0240:User 240,GRANTED
2026,1月,13,周二,14:54:09,260E5AC6,SIMBR0067,SIMR0067,SIMU0065:User 65,GRANTED
2026,1月,13,周二,14:54:09,3E02D00E,SIMBR0215,SIMR0215,SIMU0067:User 67,GRANTED
2026,1月,13,周二,14:54:09,3EC06854,SIMBR0203,SIMR0203,SIMU0129:User 129,GRANTED
2026,1月,13,周二,14:54:09,CBF84902,SIMBR0276,SIMR0276,SIMU0109:User 109,GRANTED
2026,1月,13,周二,14:54:09,528AA107,SIMBR0309,SIMR0309,SIMU0140:User 140,GRANTED
2026,1月,13,周二,14:54:09,D7544F8A,BR006,RES002,SIMU0100:User 100,DENIED
2026,1月,13,周二,14:54:09,B03C09C9,SIMBR0337,SIMR0337,SIMU0162:User 162,GRANTED
2026,1月,13,周二,14:54:09,3644422D,SIMBR0110,SIMR0110,SIMU0298:User 298,GRANTED
2026,1月,13,周二,14:54:09,F0D79A3D,SIMBR0259,SIMR0259,SIMU0161:User 161,GRANTED
2026,1月,13,周二,14:54:09,B492A75C,BR018,RES011,SIMU0110:User 110,DENIED
2026,1月,13,周二,14:54:09,FC2850E7,SIMBR0376,SIMR0376,SIMU0145:User 145,GRANTED
2026,1月,13,周二,14:54:09,914F2FD1,SIMBR0134,SIMR0134,SIMU0187:User 187,GRANTED
2026,1月,13,周二,14:54:09,E45D3CF3,SIMBR0108,SIMR0108,SIMU0293:User 293,GRANTED
2026,1月,13,周二,14:54:09,7F749586,SIMBR0211,SIMR0211,SIMU0004:User 4,GRANTED
2026,1月,13,周二,14:54:09,838F6048,BR008,RES003,SIMU0036:User 36,DENIED
2026,1月,13,周二,14:54:09,D53BB718,SIMBR0009,SIMR0009,SIMU0270:User 270,GRANTED
2026,1月,13,周二,14:54:09,1A35CB67,SIMBR0362,SIMR0362,SIMU0095:User 95,GRANTED
2026,1月,13,周二,14:54:09,C2397E87,BR013,RES006,SIMU0111:User 111,DENIED
2026,1月,13,周二,14:54:09,F6C99026,SIMBR0014,SIMR0014,SIMU0208:User 208,GRANTED
2026,1月,13,周二,14:54:09,2A4E4C17,SIMBR0237,SIMR0237,SIMU0168:User 168,GRANTED
2026,1月,13,周二,14:54:09,B3D7FE0C,SIMBR0275,SIMR0275,SIMU0016:User 16,GRANTED
2026,1月,13,周二,14:54:09,F8FD020A,BR005,RES023,SIMU0094:User 94,DENIED
2026,1月,13,周二,14:54:09,3375DC19,SIMBR0066,SIMR0066,SIMU0061:User 61,GRANTED
2026,1月,13,周二,14:54:09,81E48A54,SIMBR0171,SIMR0171,SIMU0275:User 275,GRANTED
2026,1月,13,周二,14:54:09,5A448F85,BR010,RES004,SIMU0233:User 233,DENIED
2026,1月,13,周二,14:54:09,3D87DCDC,SIMBR0252,SIMR0252,SIMU0152:User 152,GRANTED
2026,1月,13,周二,14:54:09,9E2D38C8,SIMBR0338,SIMR0338,SIMU0097:User 97,GRANTED
2026,1月,13,周二,14:54:09,D832A0D0,SIMBR0332,SIMR0332,SIMU0033:User 33,GRANTED
2026,1月,13,周二,14:54:09,9C4465BC,SIMBR0344,SIMR0344,SIMU0263:User 263,GRANTED
2026,1月,13,周二,14:54:09,C89B5481,SIMBR0192,SIMR0192,SIMU0230:User 230,GRANTED
2026,1月,13,周二,14:54:09,8881AC83,SIMBR0310,SIMR0310,SIMU0198:User 198,GRANTED
2026,1月,13,周二,14:54:09,39788538,SIMBR0271,SIMR0271,SIMU0032:User 32,GRANTED
2026,1月,13,周二,14:54:09,B3D7FE0C,SIMBR0254,SIMR0254,SIMU0016:User 16,GRANTED
2026,1月,13,周二,14:54:09,86CB6A2D,BR023,RES016,SIMU0274:User 274,DENIED
2026,1月,13,周二,14:54:09,05B63F8B,SIMBR0363,SIMR0363,SIMU0135:User 135,GRANTED
2026,1月,13,周二,14:54:09,29219B5A,SIMBR0131,SIMR0131,SIMU0142:User 142,GRANTED
2026,1月,13,周二,14:54:09,9E2D38C8,SIMBR0134,SIMR0134,SIMU0097:User 97,GRANTED
2026,1月,13,周二,14:54:09,71524832,SIMBR0090,SIMR0090,SIMU0128:User 128,GRANTED
2026,1月,13,周二,14:54:09,45E5372A,SIMBR0223,SIMR0223,SIMU0002:User 2,GRANTED
2026,1月,13,周二,14:54:09,D3314B84,SIMBR0385,SIMR0385,SIMU0050:User 50,GRANTED
2026,1月,13,周二,14:54:09,4D3BF2D7,SIMBR0131,SIMR0131,SIMU0246:User 246,GRANTED
2026,1月,13,周二,14:54:09,45BE30A8,SIMBR0258,SIMR0258,8d1a5202-9052-4f93-bf5a-4deffdf65fd3:a q,GRANTED
2026,1月,13,周二,14:54:09,6406A215,SIMBR0373,SIMR0373,SIMU0214:User 214,GRANTED
2026,1月,13,周二,14:54:09,FC9D18E8,SIMBR0043,SIMR0043,SIMU0083:User 83,GRANTED
2026,1月,13,周二,14:54:09,6B46505C,BR016,RES009,SIMU0132:User 132,DENIED
2026,1月,13,周二,14:54:09,BA0243B9,SIMBR0028,SIMR0028,PM001:Sun Ba,DENIED
2026,1月,13,周二,14:54:09,C082C9C4,SIMBR0246,SIMR0246,SIMU0288:User 288,GRANTED
2026,1月,13,周二,14:54:09,C2397E87,SIMBR0160,SIMR0160,SIMU0111:User 111,GRANTED
2026,1月,13,周二,14:54:09,8881AC83,SIMBR0066,SIMR0066,SIMU0198:User 198,GRANTED
2026,1月,13,周二,14:54:09,4DE0D33A,SIMBR0092,SIMR0092,SIMU0260:User 260,GRANTED
2026,1月,13,周二,14:54:09,27855213,SIMBR0063,SIMR0063,SIMU0245:User 245,GRANTED
2026,1月,13,周二,14:54:09,8D7E04E0,SIMBR0386,SIMR0386,SIMU0042:User 42,GRANTED
2026,1月,13,周二,14:54:09,FC9D18E8,SIMBR0238,SIMR0238,SIMU0083:User 83,GRANTED
2026,1月,13,周二,14:54:09,59DE7962,SIMBR0294,SIMR0294,SIMU0079:User 79,GRANTED
2026,1月,13,周二,14:54:09,260E5AC6,SIMBR0279,SIMR0279,SIMU0065:User 65,GRANTED
2026,1月,13,周二,14:54:09,F2F0E19C,SIMBR0023,SIMR0023,SIMU0290:User 290,GRANTED
2026,1月,13,周二,14:54:09,C48BE2F9,SIMBR0069,SIMR0069,SIMU0178:User 178,GRANTED
2026,1月,13,周二,14:54:09,3644422D,SIMBR0031,SIMR0031,SIMU0298:User 298,GRANTED
2026,1月,13,周二,14:54:09,62CE2F4E,SIMBR0264,SIMR0264,SIMU0112:User 112,GRANTED
2026,1月,13,周二,14:54:09,F8FD020A,SIMBR0234,SIMR0234,SIMU0094:User 94,GRANTED
2026,1月,13,周二,14:54:09,6569AAB9,SIMBR0377,SIMR0377,SIMU0213:User 213,GRANTED
2026,1月,13,周二,14:54:09,5A448F85,SIMBR0387,SIMR0387,SIMU0233:User 233,GRANTED
2026,1月,13,周二,14:54:09,0FB573D7,SIMBR0206,SIMR0206,SIMU0106:User 106,GRANTED
2026,1月,13,周二,14:54:09,FC9D18E8,BR009,RES025,SIMU0083:User 83,DENIED
2026,1月,13,周二,14:54:09,16A446D4,SIMBR0022,SIMR0022,SIMU0201:User 201,GRANTED
2026,1月,13,周二,14:54:09,2A2939D5,SIMBR0251,SIMR0251,SIMU0279:User 279,GRANTED
2026,1月,13,周二,14:54:09,58B55845,SIMBR0251,SIMR0251,EMP002:Li Si,DENIED
2026,1月,13,周二,14:54:09,2B614E0C,SIMBR0088,SIMR0088,SIMU0164:User 164,GRANTED
2026,1月,13,周二,14:54:09,B45868CC,SIMBR0239,SIMR0239,SIMU0174:User 174,GRANTED
2026,1月,13,周二,14:54:09,C3BDECDB,SIMBR0033,SIMR0033,SIMU0276:User 276,GRANTED
2026,1月,13,周二,14:54:09,47D0D195,BR020,RES013,SIMU0047:User 47,DENIED
2026,1月,13,周二,14:54:09,65F0591E,SIMBR0029,SIMR0029,SIMU0035:User 35,GRANTED
2026,1月,13,周二,14:54:09,58B53FE3,SIMBR0325,SIMR0325,SIMU0199:User 199,GRANTED
2026,1月,13,周二,14:54:09,6B46505C,SIMBR0297,SIMR0297,SIMU0132:User 132,GRANTED
2026,1月,13,周二,14:54:09,F6C99026,SIMBR0249,SIMR0249,SIMU0208:User 208,GRANTED
2026,1月,13,周二,14:54:09,7AA8E7ED,SIMBR0380,SIMR0380,SIMU0184:User 184,GRANTED
2026,1月,13,周二,14:54:09,497FB87C,SIMBR0352,SIMR0352,SIMU0272:User 272,GRANTED
2026,1月,13,周二,14:54:09,59E7C688,SIMBR0157,SIMR0157,SIMU0072:User 72,GRANTED
2026,1月,13,周二,14:54:09,162C7D64,SIMBR0293,SIMR0293,SIMU0226:User 226,GRANTED
2026,1月,13,周二,14:54:09,5F0BA8E3,SIMBR0039,SIMR0039,SIMU0077:User 77,GRANTED
2026,1月,13,周二,14:54:09,355CC3B6,SIMBR0041,SIMR0041,SIMU0167:User 167,GRANTED
2026,1月,13,周二,14:54:09,0552E86C,BR008,RES003,SIMU0114:User 114,DENIED
2026,1月,13,周二,14:54:09,A7998437,SIMBR0115,SIMR0115,SIMU0105:User 105,GRANTED
2026,1月,13,周二,14:54:09,7A015C31,SIMBR0273,SIMR0273,SIMU0280:User 280,GRANTED
2026,1月,13,周二,14:54:09,34580E40,SIMBR0010,SIMR0010,SIMU0005:User 5,GRANTED
2026,1月,13,周二,14:54:09,162C7D64,SIMBR0171,SIMR0171,SIMU0226:User 226,GRANTED
2026,1月,13,周二,14:54:09,FC75DC29,SIMBR0135,SIMR0135,SIMU0018:User 18,GRANTED
2026,1月,13,周二,14:54:09,19618E8D,SIMBR0169,SIMR0169,SIMU0205:User 205,GRANTED
2026,1月,13,周二,14:54:09,CB29BCDB,SIMBR0151,SIMR0151,SIMU0104:User 104,GRANTED
2026,1月,13,周二,14:54:09,19C83547,SIMBR0382,SIMR0382,SIMU0266:User 266,GRANTED
2026,1月,13,周二,14:54:09,77BD5928,SIMBR0098,SIMR0098,SIMU0207:User 207,GRANTED
2026,1月,13,周二,14:54:09,42A684F2,SIMBR0172,SIMR0172,SIMU0123:User 123,GRANTED
2026,1月,13,周二,14:54:09,480950EA,SIMBR0380,SIMR0380,SIMU0299:User 299,GRANTED
2026,1月,13,周二,14:54:09,497FB87C,SIMBR0173,SIMR0173,SIMU0272:User 272,GRANTED
2026,1月,13,周二,14:54:09,F2F0E19C,SIMBR0167,SIMR0167,SIMU0290:User 290,GRANTED
2026,1月,13,周二,14:54:09,B335B7A5,SIMBR0020,SIMR0020,SIMU0202:User 202,GRANTED
2026,1月,13,周二,14:54:09,45E5372A,SIMBR0070,SIMR0070,SIMU0002:User 2,GRANTED
2026,1月,13,周二,14:54:09,F0BBABB2,SIMBR0114,SIMR0114,SIMU0037:User 37,GRANTED
2026,1月,13,周二,14:54:09,CDEE85B1,SIMBR0286,SIMR0286,SIMU0127:User 127,GRANTED
2026,1月,13,周二,14:54:09,A78F3370,SIMBR0148,SIMR0148,SIMU0154:User 154,GRANTED
2026,1月,13,周二,14:54:09,27855213,SIMBR0390,SIMR0390,SIMU0245:User 245,GRANTED
2026,1月,13,周二,14:54:09,94DA0C78,SIMBR0364,SIMR0364,SIMU0039:User 39,GRANTED
2026,1月,13,周二,14:54:09,3375DC19,SIMBR0092,SIMR0092,SIMU0061:User 61,GRANTED
2026,1月,13,周二,14:54:09,CF905F5D,SIMBR0170,SIMR0170,SIMU0019:User 19,GRANTED
2026,1月,13,周二,14:54:09,DC026729,BR021,RES014,SIMU0103:User 103,DENIED
2026,1月,13,周二,14:54:09,3C19D88A,SIMBR0106,SIMR0106,SIMU0249:User 249,GRANTED
2026,1月,13,周二,14:54:09,B45868CC,SIMBR0094,SIMR0094,SIMU0174:User 174,GRANTED
2026,1月,13,周二,14:54:09,C89B5481,SIMBR0138,SIMR0138,SIMU0230:User 230,GRANTED
2026,1月,13,周二,14:54:09,54125B8C,SIMBR0089,SIMR0089,SIMU0231:User 231,GRANTED
2026,1月,13,周二,14:54:09,F8C3B166,SIMBR0169,SIMR0169,SIMU0300:User 300,GRANTED
2026,1月,13,周二,14:54:09,984A4AA4,SIMBR0158,SIMR0158,SIMU0251:User 251,GRANTED
2026,1月,13,周二,14:54:09,BD154D46,SIMBR0373,SIMR0373,SIMU0221:User 221,GRANTED
2026,1月,13,周二,14:54:09,E8480FE4,SIMBR0011,SIMR0011,SIMU0209:User 209,GRANTED
2026,1月,13,周二,14:54:09,A5D38222,SIMBR0111,SIMR0111,SIMU0064:User 64,GRANTED
2026,1月,13,周二,14:54:09,9E2D38C8,SIMBR0063,SIMR0063,SIMU0097:User 97,GRANTED
2026,1月,13,周二,14:54:09,D3A70655,SIMBR0055,SIMR0055,SIMU0107:User 107,GRANTED
2026,1月,13,周二,14:54:09,355CC3B6,SIMBR0344,SIMR0344,SIMU0167:User 167,GRANTED
2026,1月,13,周二,14:54:09,8881AC83,SIMBR0082,SIMR0082,SIMU0198:User 198,GRANTED
2026,1月,13,周二,14:54:09,5A448F85,SIMBR0218,SIMR0218,SIMU0233:User 233,GRANTED
2026,1月,13,周二,14:54:09,81E964E1,SIMBR0170,SIMR0170,SIMU0014:User 14,GRANTED
2026,1月,13,周二,14:54:09,43B39702,SIMBR0289,SIMR0289,SIMU0060:User 60,GRANTED
2026,1月,13,周二,14:54:09,CF2F05DC,SIMBR0058,SIMR0058,SIMU0217:User 217,GRANTED
2026,1月,13,周二,14:54:09,08EF410D,SIMBR0052,SIMR0052,SIMU0243:User 243,GRANTED
2026,1月,13,周二,14:54:09,E00A3B0F,SIMBR0335,SIMR0335,SIMU0013:User 13,GRANTED
2026,1月,13,周二,14:54:09,452BD81E,SIMBR0369,SIMR0369,SIMU0027:User 27,GRANTED
2026,1月,13,周二,14:54:09,3D87DCDC,BR024,RES017,SIMU0152:User 152,DENIED
2026,1月,13,周二,14:54:09,EBA75218,SIMBR0358,SIMR0358,SIMU0028:User 28,GRANTED
2026,1月,13,周二,14:54:09,ECBB92E5,SIMBR0303,SIMR0303,SIMU0292:User 292,GRANTED
2026,1月,13,周二,14:54:09,8852F51C,SIMBR0295,SIMR0295,SIMU0121:User 121,GRANTED
2026,1月,13,周二,14:54:09,9E2D38C8,SIMBR0143,SIMR0143,SIMU0097:User 97,GRANTED
2026,1月,13,周二,14:54:09,E33573A1,SIMBR0150,SIMR0150,SIMU0089:User 89,GRANTED
2026,1月,13,周二,14:54:09,E75864D3,SIMBR0063,SIMR0063,SIMU0215:User 215,GRANTED
2026,1月,13,周二,14:54:09,6838748B,SIMBR0084,SIMR0084,SIMU0138:User 138,GRANTED
2026,1月,13,周二,14:54:09,8881AC83,SIMBR0038,SIMR0038,SIMU0198:User 198,GRANTED
2026,1月,13,周二,14:54:09,5849BD23,SIMBR0205,SIMR0205,SIMU0186:User 186,GRANTED
2026,1月,13,周二,14:54:09,D53BB718,SIMBR0064,SIMR0064,SIMU0270:User 270,GRANTED
2026,1月,13,周二,14:54:09,3C19D88A,SIMBR0117,SIMR0117,SIMU0249:User 249,GRANTED
2026,1月,13,周二,14:54:09,914F2FD1,SIMBR0191,SIMR0191,SIMU0187:User 187,GRANTED
2026,1月,13,周二,14:54:09,CF905F5D,SIMBR0389,SIMR0389,SIMU0019:User 19,GRANTED
2026,1月,13,周二,14:54:09,B492A75C,SIMBR0224,SIMR0224,SIMU0110:User 110,GRANTED
2026,1月,13,周二,14:54:09,D3C0B6C6,SIMBR0325,SIMR0325,SIMU0001:User 1,GRANTED
2026,1月,13,周二,14:54:09,2015CDCD,SIMBR0379,SIMR0379,SIMU0134:User 134,GRANTED
2026,1月,13,周二,14:54:09,EB7D191F,SIMBR0346,SIMR0346,SIMU0153:User 153,GRANTED
2026,1月,13,周二,14:54:09,A4FE0D9E,SIMBR0257,SIMR0257,SIMU0163:User 163,GRANTED
2026,1月,13,周二,14:54:09,0FA31338,BR001,RES020,SIMU0043:User 43,DENIED
2026,1月,13,周二,14:54:09,65191148,SIMBR0003,SIMR0003,SIMU0101:User 101,GRANTED
2026,1月,13,周二,14:54:09,1361E23B,SIMBR0321,SIMR0321,SIMU0181:User 181,GRANTED
2026,1月,13,周二,14:54:09,61587BB5,SIMBR0317,SIMR0317,SIMU0086:User 86,GRANTED
2026,1月,13,周二,14:54:09,9C4C6F9D,SIMBR0123,SIMR0123,SIMU0259:User 259,GRANTED
2026,1月,13,周二,14:54:09,C3BDECDB,BR001,RES020,SIMU0276:User 276,DENIED
2026,1月,13,周二,14:54:09,FC94FEC5,SIMBR0206,SIMR0206,SIMU0006:User 6,GRANTED
2026,1月,13,周二,14:54:09,B8E3693D,SIMBR0315,SIMR0315,SIMU0283:User 283,GRANTED
2026,1月,13,周二,14:54:09,B49050D7,SIMBR0342,SIMR0342,SIMU0203:User 203,GRANTED
2026,1月,13,周二,14:54:09,44BB34C0,SIMBR0002,SIMR0002,SIMU0262:User 262,GRANTED
2026,1月,13,周二,14:54:09,355CC3B6,BR012,RES005,SIMU0167:User 167,DENIED
2026,1月,13,周二,14:54:09,D3C0B6C6,SIMBR0247,SIMR0247,SIMU0001:User 1,GRANTED
2026,1月,13,周二,14:54:09,C5B21C58,SIMBR0208,SIMR0208,SIMU0054:User 54,GRANTED
2026,1月,13,周二,14:54:09,A4FE0D9E,SIMBR0258,SIMR0258,SIMU0163:User 163,GRANTED
2026,1月,13,周二,14:54:09,B58F0441,SIMBR0052,SIMR0052,SIMU0165:User 165,GRANTED
2026,1月,13,周二,14:54:09,9C4C6F9D,SIMBR0137,SIMR0137,SIMU0259:User 259,GRANTED
2026,1月,13,周二,14:54:09,3BE1764E,SIMBR0365,SIMR0365,SIMU0244:User 244,GRANTED
2026,1月,13,周二,14:54:09,4D29E6C6,SIMBR0278,SIMR0278,SIMU0021:User 21,GRANTED
2026,1月,13,周二,14:54:09,646A37B3,SIMBR0192,SIMR0192,SIMU0200:User 200,GRANTED
2026,1月,13,周二,14:54:09,2015CDCD,SIMBR0246,SIMR0246,SIMU0134:User 134,GRANTED
2026,1月,13,周二,14:54:09,646A37B3,SIMBR0341,SIMR0341,SIMU0200:User 200,GRANTED
2026,1月,13,周二,14:54:09,08B71C09,SIMBR0346,SIMR0346,SIMU0253:User 253,GRANTED
2026,1月,13,周二,14:54:09,A672B04C,SIMBR0015,SIMR0015,SIMU0254:User 254,GRANTED
2026,1月,13,周二,14:54:09,FC94FEC5,BR008,RES003,SIMU0006:User 6,DENIED
2026,1月,13,周二,14:54:09,BF88A1CE,BR008,RES003,SIMU0160:User 160,DENIED
2026,1月,13,周二,14:54:09,E263443E,BR016,RES009,SIMU0190:User 190,DENIED
2026,1月,13,周二,14:54:09,C1EBD39E,SIMBR0188,SIMR0188,SIMU0030:User 30,GRANTED
2026,1月,13,周二,14:54:09,81E964E1,SIMBR0007,SIMR0007,SIMU0014:User 14,GRANTED
2026,1月,13,周二,14:54:09,CBF84902,SIMBR0292,SIMR0292,SIMU0109:User 109,GRANTED
2026,1月,13,周二,14:54:09,4DE0D33A,SIMBR0216,SIMR0216,SIMU0260:User 260,GRANTED
2026,1月,13,周二,14:54:09,36AF6789,SIMBR0111,SIMR0111,SIMU0271:User 271,GRANTED
2026,1月,13,周二,14:54:09,04EDBC1A,SIMBR0284,SIMR0284,SIMU0071:User 71,GRANTED
2026,1月,13,周二,14:54:09,94DA0C78,SIMBR0027,SIMR0027,SIMU0039:User 39,GRANTED
2026,1月,13,周二,14:54:09,81E48A54,SIMBR0341,SIMR0341,SIMU0275:User 275,GRANTED
2026,1月,13,周二,14:54:09,865DCCF8,SIMBR0363,SIMR0363,SIMU0062:User 62,GRANTED
2026,1月,13,周二,14:54:09,D3E5BD00,SIMBR0299,SIMR0299,SIMU0069:User 69,GRANTED
2026,1月,13,周二,14:54:09,19C83547,SIMBR0315,SIMR0315,SIMU0266:User 266,GRANTED
2026,1月,13,周二,14:54:09,F188FF46,SIMBR0093,SIMR0093,SIMU0074:User 74,GRANTED
2026,1月,13,周二,14:54:09,1D712ABD,SIMBR0116,SIMR0116,SIMU0277:User 277,GRANTED
2026,1月,13,周二,14:54:09,C190DDA3,SIMBR0139,SIMR0139,SIMU0155:User 155,GRANTED
2026,1月,13,周二,14:54:09,914F2FD1,SIMBR0195,SIMR0195,SIMU0187:User 187,GRANTED
2026,1月,13,周二,14:54:09,7F749586,SIMBR0193,SIMR0193,SIMU0004:User 4,GRANTED
2026,1月,13,周二,14:54:09,F6C99026,SIMBR0357,SIMR0357,SIMU0208:User 208,GRANTED
2026,1月,13,周二,14:54:09,C1EBD39E,SIMBR0232,SIMR0232,SIMU0030:User 30,GRANTED
2026,1月,13,周二,14:54:09,796E035A,SIMBR0105,SIMR0105,SIMU0158:User 158,GRANTED
2026,1月,13,周二,14:54:09,9C4C6F9D,SIMBR0075,SIMR0075,SIMU0259:User 259,GRANTED
2026,1月,13,周二,14:54:09,31EC8E2A,SIMBR0282,SIMR0282,SIMU0284:User 284,GRANTED
2026,1月,13,周二,14:54:09,6406A215,SIMBR0375,SIMR0375,SIMU0214:User 214,GRANTED
2026,1月,13,周二,14:54:09,497FB87C,SIMBR0359,SIMR0359,SIMU0272:User 272,GRANTED
2026,1月,13,周二,14:54:09,480950EA,SIMBR0333,SIMR0333,SIMU0299:User 299,GRANTED
2026,1月,13,周二,14:54:09,397487A8,SIMBR0374,SIMR0374,SIMU0076:User 76,GRANTED
2026,1月,13,周二,14:54:09,F601DCED,SIMBR0266,SIMR0266,SIMU0285:User 285,GRANTED
2026,1月,13,周二,14:54:09,0EC771E6,SIMBR0108,SIMR0108,SIMU0252:User 252,GRANTED
2026,1月,13,周二,14:54:09,3518BC78,SIMBR0228,SIMR0228,SIMU0261:User 261,GRANTED
2026,1月,13,周二,14:54:10,562086DB,SIMBR0071,SIMR0071,SIMU0193:User 193,GRANTED
2026,1月,13,周二,14:54:10,DC026729,SIMBR0266,SIMR0266,SIMU0103:User 103,GRANTED
2026,1月,13,周二,14:54:10,EA5A3237,BR009,RES025,SIMU0075:User 75,DENIED
2026,1月,13,周二,14:54:10,968BEA98,SIMBR0058,SIMR0058,SIMU0151:User 151,GRANTED
2026,1月,13,周二,14:54:10,08A23835,SIMBR0292,SIMR0292,SIMU0258:User 258,GRANTED
2026,1月,13,周二,14:54:10,FBEC0C91,SIMBR0038,SIMR0038,SIMU0017:User 17,GRANTED
2026,1月,13,周二,14:54:10,94DA0C78,SIMBR0320,SIMR0320,SIMU0039:User 39,GRANTED
2026,1月,13,周二,14:54:10,6569AAB9,SIMBR0157,SIMR0157,SIMU0213:User 213,GRANTED
2026,1月,13,周二,14:54:10,E8771983,SIMBR0143,SIMR0143,SIMU0131:User 131,GRANTED
2026,1月,13,周二,14:54:10,5F0BA8E3,SIMBR0314,SIMR0314,SIMU0077:User 77,GRANTED
2026,1月,13,周二,14:54:10,66DF575A,SIMBR0107,SIMR0107,SIMU0070:User 70,GRANTED
2026,1月,13,周二,14:54:10,05B63F8B,SIMBR0210,SIMR0210,SIMU0135:User 135,GRANTED
2026,1月,13,周二,14:54:10,ECBB92E5,SIMBR0088,SIMR0088,SIMU0292:User 292,GRANTED
2026,1月,13,周二,14:54:10,95379CDB,SIMBR0219,SIMR0219,f46ee39b-ac9d-4193-a478-f8cfc35cec07:gagaga a,GRANTED
2026,1月,13,周二,14:54:10,1A35CB67,SIMBR0274,SIMR0274,SIMU0095:User 95,GRANTED
2026,1月,13,周二,14:54:10,3EC06854,SIMBR0195,SIMR0195,SIMU0129:User 129,GRANTED
2026,1月,13,周二,14:54:10,4356E5AB,SIMBR0325,SIMR0325,SIMU0172:User 172,GRANTED
2026,1月,13,周二,14:54:10,B3C34A2A,SIMBR0041,SIMR0041,SIMU0044:User 44,GRANTED
2026,1月,13,周二,14:54:10,67E70F45,SIMBR0246,SIMR0246,SIMU0026:User 26,GRANTED
2026,1月,13,周二,14:54:10,BF88A1CE,SIMBR0036,SIMR0036,SIMU0160:User 160,GRANTED
2026,1月,13,周二,14:54:10,4DB086F5,SIMBR0166,SIMR0166,SIMU0133:User 133,GRANTED
2026,1月,13,周二,14:54:10,984A4AA4,SIMBR0008,SIMR0008,SIMU0251:User 251,GRANTED
2026,1月,13,周二,14:54:10,BBE8D6B5,SIMBR0320,SIMR0320,SIMU0195:User 195,GRANTED
2026,1月,13,周二,14:54:10,D4614DD2,SIMBR0294,SIMR0294,SIMU0264:User 264,GRANTED
2026,1月,13,周二,14:54:10,C48BC6D5,SIMBR0164,SIMR0164,SIMU0173:User 173,GRANTED
2026,1月,13,周二,14:54:10,19618E8D,BR004,RES001,SIMU0205:User 205,DENIED
2026,1月,13,周二,14:54:10,3C19D88A,SIMBR0324,SIMR0324,SIMU0249:User 249,GRANTED
2026,1月,13,周二,14:54:10,8C2113AD,SIMBR0214,SIMR0214,SIMU0228:User 228,GRANTED
2026,1月,13,周二,14:54:10,9C4465BC,BR007,RES024,SIMU0263:User 263,DENIED
2026,1月,13,周二,14:54:10,E263443E,SIMBR0373,SIMR0373,SIMU0190:User 190,GRANTED
2026,1月,13,周二,14:54:10,5A448F85,SIMBR0034,SIMR0034,SIMU0233:User 233,GRANTED
2026,1月,13,周二,14:54:10,6569AAB9,SIMBR0254,SIMR0254,SIMU0213:User 213,GRANTED
2026,1月,13,周二,14:54:10,D4614DD2,SIMBR0266,SIMR0266,SIMU0264:User 264,GRANTED
2026,1月,13,周二,14:54:10,C89690D8,SIMBR0324,SIMR0324,SIMU0029:User 29,GRANTED
2026,1月,13,周二,14:54:10,36AF6789,SIMBR0196,SIMR0196,SIMU0271:User 271,GRANTED
2026,1月,13,周二,14:54:10,C082C9C4,SIMBR0124,SIMR0124,SIMU0288:User 288,GRANTED
2026,1月,13,周二,14:54:10,CC5BB248,SIMBR0306,SIMR0306,SIMU0126:User 126,GRANTED
2026,1月,13,周二,14:54:10,BF88A1CE,SIMBR0314,SIMR0314,SIMU0160:User 160,GRANTED
2026,1月,13,周二,14:54:10,D7544F8A,SIMBR0017,SIMR0017,SIMU0100:User 100,GRANTED
2026,1月,13,周二,14:54:10,81E964E1,SIMBR0384,SIMR0384,SIMU0014:User 14,GRANTED
2026,1月,13,周二,14:54:10,D3C0B6C6,SIMBR0057,SIMR0057,SIMU0001:User 1,GRANTED
2026,1月,13,周二,14:54:10,DA6C9B4D,SIMBR0114,SIMR0114,SIMU0169:User 169,GRANTED
2026,1月,13,周二,14:54:10,796E035A,SIMBR0077,SIMR0077,SIMU0158:User 158,GRANTED
2026,1月,13,周二,14:54:10,C400399C,SIMBR0240,SIMR0240,SIMU0034:User 34,GRANTED
2026,1月,13,周二,14:54:10,F188FF46,SIMBR0053,SIMR0053,SIMU0074:User 74,GRANTED
2026,1月,13,周二,14:54:10,865DCCF8,SIMBR0277,SIMR0277,SIMU0062:User 62,GRANTED
2026,1月,13,周二,14:54:10,2D7F99C4,SIMBR0253,SIMR0253,SIMU0085:User 85,GRANTED
2026,1月,13,周二,14:54:10,3D87DCDC,SIMBR0359,SIMR0359,SIMU0152:User 152,GRANTED
2026,1月,13,周二,14:54:10,3BE1764E,SIMBR0230,SIMR0230,SIMU0244:User 244,GRANTED
2026,1月,13,周二,14:54:10,C567574B,SIMBR0392,SIMR0392,SIMU0066:User 66,GRANTED
2026,1月,13,周二,14:54:10,8881AC83,SIMBR0325,SIMR0325,SIMU0198:User 198,GRANTED
2026,1月,13,周二,14:54:10,528AA107,SIMBR0082,SIMR0082,SIMU0140:User 140,GRANTED
2026,1月,13,周二,14:54:10,82C05612,SIMBR0061,SIMR0061,SIMU0183:User 183,GRANTED
2026,1月,13,周二,14:54:10,C400399C,SIMBR0200,SIMR0200,SIMU0034:User 34,GRANTED
2026,1月,13,周二,14:54:10,46F6FFBE,SIMBR0045,SIMR0045,SIMU0136:User 136,GRANTED
2026,1月,13,周二,14:54:10,DA6C9B4D,SIMBR0304,SIMR0304,SIMU0169:User 169,GRANTED
2026,1月,13,周二,14:54:10,86CB6A2D,SIMBR0102,SIMR0102,SIMU0274:User 274,GRANTED
2026,1月,13,周二,14:54:10,2392E33D,SIMBR0002,SIMR0002,SIMU0023:User 23,GRANTED
2026,1月,13,周二,14:54:10,C5B21C58,SIMBR0028,SIMR0028,SIMU0054:User 54,GRANTED
2026,1月,13,周二,14:54:10,D0ABEAE1,SIMBR0022,SIMR0022,SIMU0196:User 196,GRANTED
2026,1月,13,周二,14:54:10,248E3909,SIMBR0025,SIMR0025,SIMU0011:User 11,GRANTED
2026,1月,13,周二,14:54:10,2CDA5352,SIMBR0049,SIMR0049,SIMU0119:User 119,GRANTED
2026,1月,13,周二,14:54:10,170F12B7,SIMBR0140,SIMR0140,SIMU0150:User 150,GRANTED
2026,1月,13,周二,14:54:10,C6A1DEEB,SIMBR0274,SIMR0274,SIMU0175:User 175,GRANTED
2026,1月,13,周二,14:54:10,A672B04C,SIMBR0139,SIMR0139,SIMU0254:User 254,GRANTED
2026,1月,13,周二,14:54:10,438E9BF0,SIMBR0379,SIMR0379,SIMU0057:User 57,GRANTED
2026,1月,13,周二,14:54:10,C5797377,SIMBR0132,SIMR0132,SIMU0237:User 237,GRANTED
2026,1月,13,周二,14:54:10,1361E23B,SIMBR0306,SIMR0306,SIMU0181:User 181,GRANTED
2026,1月,13,周二,14:54:10,1EF3B563,SIMBR0222,SIMR0222,SIMU0010:User 10,GRANTED
2026,1月,13,周二,14:54:10,EB7D191F,SIMBR0374,SIMR0374,SIMU0153:User 153,GRANTED
2026,1月,13,周二,14:54:10,54125B8C,SIMBR0032,SIMR0032,SIMU0231:User 231,GRANTED
2026,1月,13,周二,14:54:10,65F0591E,SIMBR0202,SIMR0202,SIMU0035:User 35,GRANTED
2026,1月,13,周二,14:54:10,2D6ECED1,SIMBR0328,SIMR0328,SIMU0234:User 234,GRANTED
2026,1月,13,周二,14:54:10,A7998437,SIMBR0208,SIMR0208,SIMU0105:User 105,GRANTED
2026,1月,13,周二,14:54:10,489655D2,SIMBR0384,SIMR0384,CON001:Wang Wu,DENIED
2026,1月,13,周二,14:54:10,02C1BA5C,SIMBR0241,SIMR0241,SIMU0147:User 147,GRANTED
2026,1月,13,周二,14:54:10,5FE2AA73,SIMBR0214,SIMR0214,SIMU0063:User 63,GRANTED
2026,1月,13,周二,14:54:10,F689FE56,SIMBR0335,SIMR0335,SIMU0236:User 236,GRANTED
2026,1月,13,周二,14:54:10,BA0243B9,SIMBR0121,SIMR0121,PM001:Sun Ba,DENIED
2026,1月,13,周二,14:54:10,FC2850E7,SIMBR0285,SIMR0285,SIMU0145:User 145,GRANTED
2026,1月,13,周二,14:54:10,94DA0C78,SIMBR0272,SIMR0272,SIMU0039:User 39,GRANTED
2026,1月,13,周二,14:54:10,F188FF46,SIMBR0357,SIMR0357,SIMU0074:User 74,GRANTED
2026,1月,13,周二,14:54:10,9C4465BC,SIMBR0286,SIMR0286,SIMU0263:User 263,GRANTED
2026,1月,13,周二,14:54:10,A469BA8E,SIMBR0305,SIMR0305,SIMU0118:User 118,GRANTED
2026,1月,13,周二,14:54:10,16A446D4,BR011,RES026,SIMU0201:User 201,DENIED
2026,1月,13,周二,14:54:10,3EC06854,SIMBR0181,SIMR0181,SIMU0129:User 129,GRANTED
2026,1月,13,周二,14:54:10,9F85BAB6,SIMBR0110,SIMR0110,SIMU0031:User 31,GRANTED
2026,1月,13,周二,14:54:10,8881AC83,SIMBR0025,SIMR0025,SIMU0198:User 198,GRANTED
2026,1月,13,周二,14:54:10,47D0D195,SIMBR0335,SIMR0335,SIMU0047:User 47,GRANTED
2026,1月,13,周二,14:54:10,EF4C6A5D,SIMBR0372,SIMR0372,SIMU0197:User 197,GRANTED
2026,1月,13,周二,14:54:10,611AE3CE,SIMBR0058,SIMR0058,SIMU0256:User 256,GRANTED
2026,1月,13,周二,14:54:10,6A126518,SIMBR0394,SIMR0394,SIMU0157:User 157,GRANTED
2026,1月,13,周二,14:54:10,1973551A,SIMBR0024,SIMR0024,SIMU0238:User 238,GRANTED
2026,1月,13,周二,14:54:10,47D0D195,SIMBR0224,SIMR0224,SIMU0047:User 47,GRANTED
2026,1月,13,周二,14:54:10,E8480FE4,SIMBR0017,SIMR0017,SIMU0209:User 209,GRANTED
2026,1月,13,周二,14:54:10,E1BF0A5D,SIMBR0215,SIMR0215,SIMU0232:User 232,GRANTED
2026,1月,13,周二,14:54:10,0CCD1CE3,SIMBR0394,SIMR0394,SIMU0080:User 80,GRANTED
2026,1月,13,周二,14:54:10,838F6048,SIMBR0170,SIMR0170,SIMU0036:User 36,GRANTED
2026,1月,13,周二,14:54:10,D3C0B6C6,SIMBR0274,SIMR0274,SIMU0001:User 1,GRANTED
2026,1月,13,周二,14:54:10,BBE8D6B5,BR019,RES012,SIMU0195:User 195,DENIED
2026,1月,13,周二,14:54:10,C465593F,SIMBR0169,SIMR0169,SIMU0093:User 93,GRANTED
2026,1月,13,周二,14:54:10,65B476AB,SIMBR0091,SIMR0091,SIMU0099:User 99,GRANTED
2026,1月,13,周二,14:54:10,1D712ABD,SIMBR0183,SIMR0183,SIMU0277:User 277,GRANTED
2026,1月,13,周二,14:54:10,3375DC19,SIMBR0315,SIMR0315,SIMU0061:User 61,GRANTED
2026,1月,13,周二,14:54:10,DEBE98DF,SIMBR0375,SIMR0375,SIMU0189:User 189,GRANTED
2026,1月,13,周二,14:54:10,91F99B45,SIMBR0096,SIMR0096,SIMU0082:User 82,GRANTED
2026,1月,13,周二,14:54:10,B3D7FE0C,SIMBR0312,SIMR0312,SIMU0016:User 16,GRANTED
2026,1月,13,周二,14:54:10,69018179,SIMBR0073,SIMR0073,SIMU0194:User 194,GRANTED
2026,1月,13,周二,14:54:10,D3E5BD00,SIMBR0236,SIMR0236,SIMU0069:User 69,GRANTED
2026,1月,13,周二,14:54:10,91F99B45,SIMBR0050,SIMR0050,SIMU0082:User 82,GRANTED
2026,1月,13,周二,14:54:10,65F0591E,SIMBR0265,SIMR0265,SIMU0035:User 35,GRANTED
2026,1月,13,周二,14:54:10,5DD3F3CE,SIMBR0099,SIMR0099,SIMU0182:User 182,GRANTED
2026,1月,13,周二,14:54:10,1361E23B,SIMBR0274,SIMR0274,SIMU0181:User 181,GRANTED
2026,1月,13,周二,14:54:10,A4FE0D9E,SIMBR0245,SIMR0245,SIMU0163:User 163,GRANTED
2026,1月,13,周二,14:54:10,B3D7FE0C,SIMBR0169,SIMR0169,SIMU0016:User 16,GRANTED
2026,1月,13,周二,14:54:10,F6C99026,SIMBR0049,SIMR0049,SIMU0208:User 208,GRANTED
2026,1月,13,周二,14:54:10,D832A0D0,SIMBR0337,SIMR0337,SIMU0033:User 33,GRANTED
2026,1月,13,周二,14:54:10,DF85A0CF,SIMBR0400,SIMR0400,SIMU0003:User 3,GRANTED
2026,1月,13,周二,14:54:10,FF6E7B7D,SIMBR0257,SIMR0257,SIMU0229:User 229,GRANTED
2026,1月,13,周二,14:54:10,7E0669A9,SIMBR0236,SIMR0236,SIMU0125:User 125,GRANTED
2026,1月,13,周二,14:54:10,93804668,SIMBR0251,SIMR0251,SIMU0269:User 269,GRANTED
2026,1月,13,周二,14:54:10,2392E33D,SIMBR0238,SIMR0238,SIMU0023:User 23,GRANTED
2026,1月,13,周二,14:54:10,5C18984E,SIMBR0313,SIMR0313,SIMU0255:User 255,GRANTED
2026,1月,13,周二,14:54:10,910591FC,SIMBR0129,SIMR0129,SIMU0090:User 90,GRANTED
2026,1月,13,周二,14:54:10,53DC8CA9,SIMBR0032,SIMR0032,SIMU0007:User 7,GRANTED
2026,1月,13,周二,14:54:10,C48BC6D5,SIMBR0329,SIMR0329,SIMU0173:User 173,GRANTED
2026,1月,13,周二,14:54:10,B58F0441,SIMBR0029,SIMR0029,SIMU0165:User 165,GRANTED
2026,1月,13,周二,14:54:10,79264E0F,SIMBR0305,SIMR0305,SIMU0177:User 177,GRANTED
2026,1月,13,周二,14:54:10,FC2850E7,SIMBR0097,SIMR0097,SIMU0145:User 145,GRANTED
2026,1月,13,周二,14:54:10,865DCCF8,SIMBR0168,SIMR0168,SIMU0062:User 62,GRANTED
2026,1月,13,周二,14:54:10,C48BC6D5,SIMBR0395,SIMR0395,SIMU0173:User 173,GRANTED
2026,1月,13,周二,14:54:10,04EDBC1A,SIMBR0286,SIMR0286,SIMU0071:User 71,GRANTED
2026,1月,13,周二,14:54:10,D3314B84,SIMBR0064,SIMR0064,SIMU0050:User 50,GRANTED
2026,1月,13,周二,14:54:10,BD154D46,SIMBR0230,SIMR0230,SIMU0221:User 221,GRANTED
2026,1月,13,周二,14:54:10,45BE30A8,SIMBR0163,SIMR0163,8d1a5202-9052-4f93-bf5a-4deffdf65fd3:a q,GRANTED
2026,1月,13,周二,14:54:10,00BB87D3,SIMBR0004,SIMR0004,SIMU0059:User 59,GRANTED
2026,1月,13,周二,14:54:10,C584F9D3,SIMBR0089,SIMR0089,EMP001:Zhang San,DENIED
2026,1月,13,周二,14:54:10,9F85BAB6,SIMBR0323,SIMR0323,SIMU0031:User 31,GRANTED
2026,1月,13,周二,14:54:10,761D0F5D,BR010,RES004,SIMU0257:User 257,DENIED
2026,1月,13,周二,14:54:10,B3D7FE0C,SIMBR0214,SIMR0214,SIMU0016:User 16,GRANTED
2026,1月,13,周二,14:54:10,A7998437,SIMBR0259,SIMR0259,SIMU0105:User 105,GRANTED
2026,1月,13,周二,14:54:10,90A35555,BR014,RES007,SIMU0294:User 294,DENIED
2026,1月,13,周二,14:54:10,FC2850E7,BR025,RES018,SIMU0145:User 145,DENIED
2026,1月,13,周二,14:54:10,D1E93663,SIMBR0123,SIMR0123,SIMU0235:User 235,GRANTED
2026,1月,13,周二,14:54:10,B3C34A2A,SIMBR0399,SIMR0399,SIMU0044:User 44,GRANTED
2026,1月,13,周二,14:54:10,7E0669A9,SIMBR0054,SIMR0054,SIMU0125:User 125,GRANTED
2026,1月,13,周二,14:54:10,66DF575A,SIMBR0357,SIMR0357,SIMU0070:User 70,GRANTED
2026,1月,13,周二,14:54:10,950AAA2C,SIMBR0329,SIMR0329,SIMU0139:User 139,GRANTED
2026,1月,13,周二,14:54:10,9F85BAB6,SIMBR0312,SIMR0312,SIMU0031:User 31,GRANTED
2026,1月,13,周二,14:54:10,90A35555,SIMBR0030,SIMR0030,SIMU0294:User 294,GRANTED
2026,1月,13,周二,14:54:10,91F99B45,SIMBR0163,SIMR0163,SIMU0082:User 82,GRANTED
2026,1月,13,周二,14:54:10,44BB34C0,SIMBR0327,SIMR0327,SIMU0262:User 262,GRANTED
2026,1月,13,周二,14:54:10,D53BB718,SIMBR0154,SIMR0154,SIMU0270:User 270,GRANTED
2026,1月,13,周二,14:54:10,86CB6A2D,SIMBR0078,SIMR0078,SIMU0274:User 274,GRANTED
2026,1月,13,周二,14:54:10,87E11CBB,SIMBR0051,SIMR0051,SIMU0008:User 8,GRANTED
2026,1月,13,周二,14:54:10,C190DDA3,SIMBR0010,SIMR0010,SIMU0155:User 155,GRANTED
2026,1月,13,周二,14:54:10,497FB87C,SIMBR0380,SIMR0380,SIMU0272:User 272,GRANTED
2026,1月,13,周二,14:54:10,B45868CC,SIMBR0159,SIMR0159,SIMU0174:User 174,GRANTED
2026,1月,13,周二,14:54:10,C9A6A2A0,SIMBR0354,SIMR0354,SIMU0068:User 68,GRANTED
2026,1月,13,周二,14:54:10,3F08AFBE,SIMBR0131,SIMR0131,SIMU0170:User 170,GRANTED
2026,1月,13,周二,14:54:10,FC75DC29,SIMBR0093,SIMR0093,SIMU0018:User 18,GRANTED
2026,1月,13,周二,14:54:10,1361E23B,SIMBR0006,SIMR0006,SIMU0181:User 181,GRANTED
2026,1月,13,周二,14:54:10,3BE1764E,SIMBR0062,SIMR0062,SIMU0244:User 244,GRANTED
2026,1月,13,周二,14:54:10,170F12B7,SIMBR0076,SIMR0076,SIMU0150:User 150,GRANTED
2026,1月,13,周二,14:54:10,EBA75218,SIMBR0097,SIMR0097,SIMU0028:User 28,GRANTED
2026,1月,13,周二,14:54:10,B3C34A2A,SIMBR0049,SIMR0049,SIMU0044:User 44,GRANTED
2026,1月,13,周二,14:54:10,65B476AB,SIMBR0059,SIMR0059,SIMU0099:User 99,GRANTED
2026,1月,13,周二,14:54:10,E33573A1,SIMBR0027,SIMR0027,SIMU0089:User 89,GRANTED
2026,1月,13,周二,14:54:10,29219B5A,SIMBR0222,SIMR0222,SIMU0142:User 142,GRANTED
2026,1月,13,周二,14:54:10,58B49FD6,SIMBR0186,SIMR0186,SIMU0210:User 210,GRANTED
2026,1月,13,周二,14:54:10,701A6AE7,SIMBR0142,SIMR0142,SIMU0098:User 98,GRANTED
2026,1月,13,周二,14:54:10,528AA107,SIMBR0096,SIMR0096,SIMU0140:User 140,GRANTED
2026,1月,13,周二,14:54:10,9C4C6F9D,SIMBR0174,SIMR0174,SIMU0259:User 259,GRANTED
2026,1月,13,周二,14:54:10,07768ACF,SIMBR0198,SIMR0198,SIMU0176:User 176,GRANTED
2026,1月,13,周二,14:54:10,EBA75218,SIMBR0110,SIMR0110,SIMU0028:User 28,GRANTED
2026,1月,13,周二,14:54:10,5849BD23,SIMBR0023,SIMR0023,SIMU0186:User 186,GRANTED
2026,1月,13,周二,14:54:10,04EDBC1A,SIMBR0246,SIMR0246,SIMU0071:User 71,GRANTED
2026,1月,13,周二,14:54:10,47D0D195,SIMBR0273,SIMR0273,SIMU0047:User 47,GRANTED
2026,1月,13,周二,14:54:10,3E02D00E,SIMBR0075,SIMR0075,SIMU0067:User 67,GRANTED
2026,1月,13,周二,14:54:10,C6A1DEEB,SIMBR0368,SIMR0368,SIMU0175:User 175,GRANTED
2026,1月,13,周二,14:54:10,796E035A,SIMBR0084,SIMR0084,SIMU0158:User 158,GRANTED
2026,1月,13,周二,14:54:10,FC2850E7,SIMBR0137,SIMR0137,SIMU0145:User 145,GRANTED
2026,1月,13,周二,14:54:10,3A15230F,SIMBR0178,SIMR0178,SIMU0087:User 87,GRANTED
2026,1月,13,周二,14:54:10,3BE1764E,SIMBR0081,SIMR0081,SIMU0244:User 244,GRANTED
2026,1月,13,周二,14:54:10,C4504250,SIMBR0296,SIMR0296,SIMU0052:User 52,GRANTED
2026,1月,13,周二,14:54:10,C5797377,BR004,RES001,SIMU0237:User 237,DENIED
2026,1月,13,周二,14:54:10,D0ABEAE1,SIMBR0275,SIMR0275,SIMU0196:User 196,GRANTED
2026,1月,13,周二,14:54:10,FBEC0C91,SIMBR0343,SIMR0343,SIMU0017:User 17,GRANTED
2026,1月,13,周二,14:54:10,4D29E6C6,SIMBR0002,SIMR0002,SIMU0021:User 21,GRANTED
2026,1月,13,周二,14:54:10,DDB28C88,SIMBR0041,SIMR0041,SIMU0102:User 102,GRANTED
2026,1月,13,周二,14:54:10,61587BB5,SIMBR0186,SIMR0186,SIMU0086:User 86,GRANTED
2026,1月,13,周二,14:54:10,8D7E04E0,SIMBR0299,SIMR0299,SIMU0042:User 42,GRANTED
2026,1月,13,周二,14:54:10,02C1BA5C,SIMBR0203,SIMR0203,SIMU0147:User 147,GRANTED
2026,1月,13,周二,14:54:10,FC75DC29,SIMBR0144,SIMR0144,SIMU0018:User 18,GRANTED
2026,1月,13,周二,14:54:10,FC171927,SIMBR0122,SIMR0122,SIMU0287:User 287,GRANTED
2026,1月,13,周二,14:54:10,53DC8CA9,SIMBR0342,SIMR0342,SIMU0007:User 7,GRANTED
2026,1月,13,周二,14:54:10,3A15230F,SIMBR0235,SIMR0235,SIMU0087:User 87,GRANTED
2026,1月,13,周二,14:54:10,F8B36522,SIMBR0200,SIMR0200,SIMU0084:User 84,GRANTED
2026,1月,13,周二,14:54:10,BBE8D6B5,SIMBR0166,SIMR0166,SIMU0195:User 195,GRANTED
2026,1月,13,周二,14:54:10,4BEECFEB,SIMBR0072,SIMR0072,SIMU0117:User 117,GRANTED
2026,1月,13,周二,14:54:44,CB0F203D,SIMBR0152,SIMR0152,SIMU0124:User 124,GRANTED
2026,1月,13,周二,14:54:44,B9D6BC00,SIMBR0003,SIMR0003,SIMU0107:User 107,GRANTED
2026,1月,13,周二,14:54:44,8B29C7CC,SIMBR0180,SIMR0180,SIMU0175:User 175,GRANTED
2026,1月,13,周二,14:54:44,35C69784,SIMBR0127,SIMR0127,SIMU0168:User 168,GRANTED
2026,1月,13,周二,14:54:44,CA15B29F,SIMBR0395,SIMR0395,SIMU0206:User 206,GRANTED
2026,1月,13,周二,14:54:44,6E7782F8,SIMBR0021,SIMR0021,INT001:Zhao Liu,DENIED
2026,1月,13,周二,14:54:44,0CFFFBA0,SIMBR0110,SIMR0110,SIMU0189:User 189,GRANTED
2026,1月,13,周二,14:54:44,D78DDFDE,BR012,RES005,SIMU0252:User 252,DENIED
2026,1月,13,周二,14:54:44,358D24E5,SIMBR0225,SIMR0225,SIMU0130:User 130,GRANTED
2026,1月,13,周二,14:54:44,F8F80D07,SIMBR0115,SIMR0115,SIMU0253:User 253,GRANTED
2026,1月,13,周二,14:54:44,47A80030,SIMBR0155,SIMR0155,SIMU0234:User 234,GRANTED
2026,1月,13,周二,14:54:44,C72DAED8,BR018,RES011,SIMU0117:User 117,DENIED
2026,1月,13,周二,14:54:44,95379CDB,SIMBR0280,SIMR0280,f46ee39b-ac9d-4193-a478-f8cfc35cec07:gagaga a,GRANTED
2026,1月,13,周二,14:54:44,3EA1EF87,SIMBR0265,SIMR0265,SIMU0229:User 229,GRANTED
2026,1月,13,周二,14:54:44,C2F816DD,SIMBR0025,SIMR0025,SIMU0266:User 266,GRANTED
2026,1月,13,周二,14:54:44,E775A860,SIMBR0053,SIMR0053,SIMU0248:User 248,GRANTED
2026,1月,13,周二,14:54:44,8EA215FF,SIMBR0092,SIMR0092,SIMU0201:User 201,GRANTED
2026,1月,13,周二,14:54:44,C169BAEB,SIMBR0380,SIMR0380,SIMU0174:User 174,GRANTED
2026,1月,13,周二,14:54:44,56619802,SIMBR0322,SIMR0322,SIMU0202:User 202,GRANTED
2026,1月,13,周二,14:54:44,D324F0AC,SIMBR0389,SIMR0389,SIMU0108:User 108,GRANTED
2026,1月,13,周二,14:54:44,0DE450B1,SIMBR0314,SIMR0314,SIMU0016:User 16,GRANTED
2026,1月,13,周二,14:54:44,7BEB2168,SIMBR0117,SIMR0117,SIMU0282:User 282,GRANTED
2026,1月,13,周二,14:54:44,87F48A64,SIMBR0198,SIMR0198,SIMU0143:User 143,GRANTED
2026,1月,13,周二,14:54:44,FEF21F79,SIMBR0252,SIMR0252,SIMU0159:User 159,GRANTED
2026,1月,13,周二,14:54:44,BA6DDD0B,SIMBR0400,SIMR0400,SIMU0146:User 146,GRANTED
2026,1月,13,周二,14:54:44,C0993563,SIMBR0101,SIMR0101,SIMU0209:User 209,GRANTED
2026,1月,13,周二,14:54:44,C0CB4AFF,SIMBR0231,SIMR0231,SIMU0235:User 235,GRANTED
2026,1月,13,周二,14:54:44,F3B58DFF,SIMBR0390,SIMR0390,SIMU0076:User 76,GRANTED
2026,1月,13,周二,14:54:44,273D28BF,SIMBR0178,SIMR0178,SIMU0057:User 57,GRANTED
2026,1月,13,周二,14:54:44,D0871CF1,SIMBR0049,SIMR0049,SIMU0007:User 7,GRANTED
2026,1月,13,周二,14:54:44,397975BA,SIMBR0022,SIMR0022,SIMU0164:User 164,GRANTED
2026,1月,13,周二,14:54:44,B0DFB305,SIMBR0159,SIMR0159,SIMU0151:User 151,GRANTED
2026,1月,13,周二,14:54:44,C44E5E52,SIMBR0388,SIMR0388,SIMU0002:User 2,GRANTED
2026,1月,13,周二,14:54:44,068AFAB6,SIMBR0151,SIMR0151,SIMU0115:User 115,GRANTED
2026,1月,13,周二,14:54:44,BEBCE825,BR020,RES013,SIMU0270:User 270,DENIED
2026,1月,13,周二,14:54:44,66FC8294,SIMBR0378,SIMR0378,SIMU0180:User 180,GRANTED
2026,1月,13,周二,14:54:44,BA821DBA,SIMBR0246,SIMR0246,SIMU0148:User 148,GRANTED
2026,1月,13,周二,14:54:44,1EBD89C8,SIMBR0337,SIMR0337,SIMU0123:User 123,GRANTED
2026,1月,13,周二,14:54:44,FEB7592C,SIMBR0386,SIMR0386,SIMU0059:User 59,GRANTED
2026,1月,13,周二,14:54:44,A4F77AE3,SIMBR0200,SIMR0200,SIMU0031:User 31,GRANTED
2026,1月,13,周二,14:54:44,E6DCC382,SIMBR0212,SIMR0212,SIMU0158:User 158,GRANTED
2026,1月,13,周二,14:54:44,15AB7C7D,SIMBR0025,SIMR0025,SIMU0096:User 96,GRANTED
2026,1月,13,周二,14:54:44,358D24E5,SIMBR0208,SIMR0208,SIMU0130:User 130,GRANTED
2026,1月,13,周二,14:54:44,3A395E30,SIMBR0039,SIMR0039,SIMU0280:User 280,GRANTED
2026,1月,13,周二,14:54:44,8C19D42A,SIMBR0080,SIMR0080,SIMU0284:User 284,GRANTED
2026,1月,13,周二,14:54:44,78D74DDD,BR016,RES009,VIS001:Qian Qi,DENIED
2026,1月,13,周二,14:54:44,D3E409F0,SIMBR0267,SIMR0267,SIMU0012:User 12,GRANTED
2026,1月,13,周二,14:54:44,1792E539,SIMBR0334,SIMR0334,SIMU0292:User 292,GRANTED
2026,1月,13,周二,14:54:44,81F12C1B,SIMBR0147,SIMR0147,SIMU0200:User 200,GRANTED
2026,1月,13,周二,14:54:44,6FFD7F45,SIMBR0260,SIMR0260,SIMU0198:User 198,GRANTED
2026,1月,13,周二,14:54:44,53A1B264,SIMBR0173,SIMR0173,SIMU0017:User 17,GRANTED
2026,1月,13,周二,14:54:44,87F48A64,SIMBR0012,SIMR0012,SIMU0143:User 143,GRANTED
2026,1月,13,周二,14:54:44,853BC8DF,SIMBR0009,SIMR0009,SIMU0092:User 92,GRANTED
2026,1月,13,周二,14:54:44,FC05A793,SIMBR0185,SIMR0185,SIMU0071:User 71,GRANTED
2026,1月,13,周二,14:54:44,354118DA,SIMBR0116,SIMR0116,SIMU0052:User 52,GRANTED
2026,1月,13,周二,14:54:44,B0B2BCE6,SIMBR0332,SIMR0332,SIMU0208:User 208,GRANTED
2026,1月,13,周二,14:54:44,6714B510,SIMBR0065,SIMR0065,SIMU0160:User 160,GRANTED
2026,1月,13,周二,14:54:44,5334DCE6,SIMBR0388,SIMR0388,SIMU0179:User 179,GRANTED
2026,1月,13,周二,14:54:44,6714B510,SIMBR0138,SIMR0138,SIMU0160:User 160,GRANTED
2026,1月,13,周二,14:54:44,4AF57AEF,SIMBR0385,SIMR0385,SIMU0193:User 193,GRANTED
2026,1月,13,周二,14:54:44,3A395E30,SIMBR0065,SIMR0065,SIMU0280:User 280,GRANTED
2026,1月,13,周二,14:54:44,5D5C3450,SIMBR0137,SIMR0137,SIMU0131:User 131,GRANTED
2026,1月,13,周二,14:54:44,5A758FE3,SIMBR0231,SIMR0231,SIMU0103:User 103,GRANTED
2026,1月,13,周二,14:54:44,FBFF5A63,SIMBR0345,SIMR0345,SIMU0184:User 184,GRANTED
2026,1月,13,周二,14:54:44,37FA6637,SIMBR0061,SIMR0061,SIMU0199:User 199,GRANTED
2026,1月,13,周二,14:54:44,E137F666,SIMBR0226,SIMR0226,SIMU0220:User 220,GRANTED
2026,1月,13,周二,14:54:44,B77EBDC0,SIMBR0220,SIMR0220,SIMU0203:User 203,GRANTED
2026,1月,13,周二,14:54:44,8BC6335E,SIMBR0049,SIMR0049,SIMU0204:User 204,GRANTED
2026,1月,13,周二,14:54:44,6B7D13ED,SIMBR0005,SIMR0005,SIMU0191:User 191,GRANTED
2026,1月,13,周二,14:54:44,84F825EE,SIMBR0068,SIMR0068,SIMU0150:User 150,GRANTED
2026,1月,13,周二,14:54:44,36330273,SIMBR0071,SIMR0071,SIMU0291:User 291,GRANTED
2026,1月,13,周二,14:54:44,2289A51E,SIMBR0344,SIMR0344,SIMU0273:User 273,GRANTED
2026,1月,13,周二,14:54:44,58B55845,SIMBR0253,SIMR0253,EMP002:Li Si,DENIED
2026,1月,13,周二,14:54:44,983FD996,SIMBR0066,SIMR0066,SIMU0225:User 225,GRANTED
2026,1月,13,周二,14:54:44,A0043AC2,SIMBR0390,SIMR0390,SIMU0040:User 40,GRANTED
2026,1月,13,周二,14:54:44,40A1D543,SIMBR0089,SIMR0089,SIMU0267:User 267,GRANTED
2026,1月,13,周二,14:54:44,58B690ED,SIMBR0247,SIMR0247,SIMU0081:User 81,GRANTED
2026,1月,13,周二,14:54:44,3DC555DE,SIMBR0226,SIMR0226,SIMU0300:User 300,GRANTED
2026,1月,13,周二,14:54:44,18788AAF,SIMBR0240,SIMR0240,SIMU0298:User 298,GRANTED
2026,1月,13,周二,14:54:44,61095621,SIMBR0224,SIMR0224,SIMU0137:User 137,GRANTED
2026,1月,13,周二,14:54:44,35C69784,SIMBR0275,SIMR0275,SIMU0168:User 168,GRANTED
2026,1月,13,周二,14:54:44,C44E5E52,SIMBR0098,SIMR0098,SIMU0002:User 2,GRANTED
2026,1月,13,周二,14:54:44,48744B29,SIMBR0103,SIMR0103,SIMU0035:User 35,GRANTED
2026,1月,13,周二,14:54:44,394DF2A8,SIMBR0014,SIMR0014,SIMU0111:User 111,GRANTED
2026,1月,13,周二,14:54:44,6A6279C3,SIMBR0098,SIMR0098,SIMU0178:User 178,GRANTED
2026,1月,13,周二,14:54:44,068AFAB6,SIMBR0328,SIMR0328,SIMU0115:User 115,GRANTED
2026,1月,13,周二,14:54:44,CCACC23C,SIMBR0386,SIMR0386,SIMU0149:User 149,GRANTED
2026,1月,13,周二,14:54:44,D49E4724,SIMBR0046,SIMR0046,SIMU0278:User 278,GRANTED
2026,1月,13,周二,14:54:44,87F48A64,SIMBR0161,SIMR0161,SIMU0143:User 143,GRANTED
2026,1月,13,周二,14:54:44,44B3ADEE,SIMBR0154,SIMR0154,SIMU0157:User 157,GRANTED
2026,1月,13,周二,14:54:44,E137F666,SIMBR0375,SIMR0375,SIMU0220:User 220,GRANTED
2026,1月,13,周二,14:54:44,C1CE8342,SIMBR0175,SIMR0175,SIMU0018:User 18,GRANTED
2026,1月,13,周二,14:54:44,5A758FE3,SIMBR0244,SIMR0244,SIMU0103:User 103,GRANTED
2026,1月,13,周二,14:54:44,F6E7D08A,SIMBR0256,SIMR0256,SIMU0001:User 1,GRANTED
2026,1月,13,周二,14:54:44,F832AB7A,SIMBR0106,SIMR0106,SIMU0139:User 139,GRANTED
2026,1月,13,周二,14:54:44,B0B2BCE6,SIMBR0206,SIMR0206,SIMU0208:User 208,GRANTED
2026,1月,13,周二,14:54:44,CB0F203D,SIMBR0288,SIMR0288,SIMU0124:User 124,GRANTED
2026,1月,13,周二,14:54:44,2E121B44,SIMBR0084,SIMR0084,SIMU0258:User 258,GRANTED
2026,1月,13,周二,14:54:44,128D7B1F,SIMBR0135,SIMR0135,SIMU0121:User 121,GRANTED
2026,1月,13,周二,14:54:44,358D24E5,SIMBR0009,SIMR0009,SIMU0130:User 130,GRANTED
2026,1月,13,周二,14:54:44,FEF21F79,SIMBR0074,SIMR0074,SIMU0159:User 159,GRANTED
2026,1月,13,周二,14:54:44,DA33A96E,SIMBR0368,SIMR0368,SIMU0190:User 190,GRANTED
2026,1月,13,周二,14:54:44,24A968FA,SIMBR0026,SIMR0026,SIMU0241:User 241,GRANTED
2026,1月,13,周二,14:54:44,B2D6FCB4,SIMBR0126,SIMR0126,SIMU0086:User 86,GRANTED
2026,1月,13,周二,14:54:44,B2D6FCB4,SIMBR0101,SIMR0101,SIMU0086:User 86,GRANTED
2026,1月,13,周二,14:54:44,49B45DCD,SIMBR0289,SIMR0289,SIMU0272:User 272,GRANTED
2026,1月,13,周二,14:54:44,6F12BFA3,SIMBR0199,SIMR0199,SIMU0218:User 218,GRANTED
2026,1月,13,周二,14:54:44,18788AAF,SIMBR0124,SIMR0124,SIMU0298:User 298,GRANTED
2026,1月,13,周二,14:54:44,D3799252,SIMBR0049,SIMR0049,SIMU0022:User 22,GRANTED
2026,1月,13,周二,14:54:44,273D28BF,SIMBR0369,SIMR0369,SIMU0057:User 57,GRANTED
2026,1月,13,周二,14:54:44,D6BC3463,SIMBR0316,SIMR0316,SIMU0037:User 37,GRANTED
2026,1月,13,周二,14:54:44,95777979,SIMBR0060,SIMR0060,SIMU0051:User 51,GRANTED
2026,1月,13,周二,14:54:44,358D24E5,SIMBR0056,SIMR0056,SIMU0130:User 130,GRANTED
2026,1月,13,周二,14:54:44,181D33C7,SIMBR0134,SIMR0134,SIMU0227:User 227,GRANTED
2026,1月,13,周二,14:54:44,8B9117BE,SIMBR0312,SIMR0312,SIMU0165:User 165,GRANTED
2026,1月,13,周二,14:54:44,85471FCB,SIMBR0159,SIMR0159,SIMU0054:User 54,GRANTED
2026,1月,13,周二,14:54:44,C0F19B1C,SIMBR0011,SIMR0011,SIMU0155:User 155,GRANTED
2026,1月,13,周二,14:54:44,27BDB972,SIMBR0137,SIMR0137,SIMU0244:User 244,GRANTED
2026,1月,13,周二,14:54:44,D6BC3463,SIMBR0289,SIMR0289,SIMU0037:User 37,GRANTED
2026,1月,13,周二,14:54:44,C1CE8342,SIMBR0192,SIMR0192,SIMU0018:User 18,GRANTED
2026,1月,13,周二,14:54:44,E2506042,BR023,RES016,SIMU0101:User 101,DENIED
2026,1月,13,周二,14:54:44,290F7C52,SIMBR0152,SIMR0152,SIMU0216:User 216,GRANTED
2026,1月,13,周二,14:54:44,359F9D02,SIMBR0183,SIMR0183,SIMU0087:User 87,GRANTED
2026,1月,13,周二,14:54:44,3DC555DE,SIMBR0277,SIMR0277,SIMU0300:User 300,GRANTED
2026,1月,13,周二,14:54:44,5AC1CCB2,SIMBR0151,SIMR0151,SIMU0264:User 264,GRANTED
2026,1月,13,周二,14:54:44,F8F80D07,SIMBR0007,SIMR0007,SIMU0253:User 253,GRANTED
2026,1月,13,周二,14:54:44,40A1D543,SIMBR0138,SIMR0138,SIMU0267:User 267,GRANTED
2026,1月,13,周二,14:54:44,B13BB6C7,SIMBR0154,SIMR0154,SIMU0167:User 167,GRANTED
2026,1月,13,周二,14:54:44,47A80030,SIMBR0212,SIMR0212,SIMU0234:User 234,GRANTED
2026,1月,13,周二,14:54:44,FEF21F79,BR019,RES012,SIMU0159:User 159,DENIED
2026,1月,13,周二,14:54:44,0EE439B9,SIMBR0070,SIMR0070,SIMU0004:User 4,GRANTED
2026,1月,13,周二,14:54:44,E55AD432,SIMBR0199,SIMR0199,SIMU0134:User 134,GRANTED
2026,1月,13,周二,14:54:44,1CA3AA4C,SIMBR0245,SIMR0245,SIMU0014:User 14,GRANTED
2026,1月,13,周二,14:54:44,72A4E470,SIMBR0075,SIMR0075,SIMU0268:User 268,GRANTED
2026,1月,13,周二,14:54:44,C2EDBC0C,SIMBR0080,SIMR0080,SIMU0226:User 226,GRANTED
2026,1月,13,周二,14:54:44,54C5EDBD,SIMBR0044,SIMR0044,SIMU0145:User 145,GRANTED
2026,1月,13,周二,14:54:44,10321BC3,SIMBR0250,SIMR0250,SIMU0042:User 42,GRANTED
2026,1月,13,周二,14:54:44,1A3D1ED6,SIMBR0134,SIMR0134,SIMU0231:User 231,GRANTED
2026,1月,13,周二,14:54:44,BD4961D3,SIMBR0367,SIMR0367,SIMU0169:User 169,GRANTED
2026,1月,13,周二,14:54:44,27BDB972,SIMBR0379,SIMR0379,SIMU0244:User 244,GRANTED
2026,1月,13,周二,14:54:44,EEC38563,SIMBR0207,SIMR0207,SIMU0141:User 141,GRANTED
2026,1月,13,周二,14:54:44,F3B58DFF,SIMBR0008,SIMR0008,SIMU0076:User 76,GRANTED
2026,1月,13,周二,14:54:44,5C4195BE,SIMBR0351,SIMR0351,SIMU0288:User 288,GRANTED
2026,1月,13,周二,14:54:44,C04BAEE8,SIMBR0224,SIMR0224,SIMU0129:User 129,GRANTED
2026,1月,13,周二,14:54:44,BA841717,SIMBR0034,SIMR0034,SIMU0064:User 64,GRANTED
2026,1月,13,周二,14:54:44,56619802,SIMBR0248,SIMR0248,SIMU0202:User 202,GRANTED
2026,1月,13,周二,14:54:44,DF7754DF,SIMBR0047,SIMR0047,SIMU0019:User 19,GRANTED
2026,1月,13,周二,14:54:44,3EA1EF87,SIMBR0310,SIMR0310,SIMU0229:User 229,GRANTED
2026,1月,13,周二,14:54:44,FD75651D,SIMBR0291,SIMR0291,SIMU0238:User 238,GRANTED
2026,1月,13,周二,14:54:44,E6DCC382,SIMBR0212,SIMR0212,SIMU0158:User 158,GRANTED
2026,1月,13,周二,14:54:44,DA3D486F,SIMBR0115,SIMR0115,SIMU0028:User 28,GRANTED
2026,1月,13,周二,14:54:44,7D277C80,SIMBR0007,SIMR0007,SIMU0212:User 212,GRANTED
2026,1月,13,周二,14:54:44,F8F80D07,SIMBR0009,SIMR0009,SIMU0253:User 253,GRANTED
2026,1月,13,周二,14:54:44,1EE4C053,SIMBR0374,SIMR0374,SIMU0026:User 26,GRANTED
2026,1月,13,周二,14:54:44,A2903A49,SIMBR0191,SIMR0191,SIMU0043:User 43,GRANTED
2026,1月,13,周二,14:54:44,E93FF152,SIMBR0195,SIMR0195,SIMU0197:User 197,GRANTED
2026,1月,13,周二,14:54:44,54C5EDBD,BR019,RES012,SIMU0145:User 145,DENIED
2026,1月,13,周二,14:54:44,5A758FE3,SIMBR0363,SIMR0363,SIMU0103:User 103,GRANTED
2026,1月,13,周二,14:54:44,AE2F46DE,SIMBR0119,SIMR0119,SIMU0232:User 232,GRANTED
2026,1月,13,周二,14:54:44,BC450719,SIMBR0046,SIMR0046,SIMU0013:User 13,GRANTED
2026,1月,13,周二,14:54:44,7D277C80,SIMBR0017,SIMR0017,SIMU0212:User 212,GRANTED
2026,1月,13,周二,14:54:44,BEBCE825,SIMBR0077,SIMR0077,SIMU0270:User 270,GRANTED
2026,1月,13,周二,14:54:44,F1D4B1B6,SIMBR0156,SIMR0156,SIMU0247:User 247,GRANTED
2026,1月,13,周二,14:54:44,7CE9CF19,SIMBR0249,SIMR0249,SIMU0020:User 20,GRANTED
2026,1月,13,周二,14:54:44,4FC5D562,SIMBR0082,SIMR0082,SIMU0275:User 275,GRANTED
2026,1月,13,周二,14:54:44,61095621,SIMBR0356,SIMR0356,SIMU0137:User 137,GRANTED
2026,1月,13,周二,14:54:44,7C28253F,SIMBR0146,SIMR0146,SIMU0027:User 27,GRANTED
2026,1月,13,周二,14:54:44,11BD165A,SIMBR0358,SIMR0358,SIMU0154:User 154,GRANTED
2026,1月,13,周二,14:54:44,18788AAF,SIMBR0066,SIMR0066,SIMU0298:User 298,GRANTED
2026,1月,13,周二,14:54:44,1EBD89C8,SIMBR0166,SIMR0166,SIMU0123:User 123,GRANTED
2026,1月,13,周二,14:54:44,983FD996,SIMBR0178,SIMR0178,SIMU0225:User 225,GRANTED
2026,1月,13,周二,14:54:44,CB2FA116,SIMBR0389,SIMR0389,SIMU0172:User 172,GRANTED
2026,1月,13,周二,14:54:44,701D5B3A,SIMBR0075,SIMR0075,SIMU0211:User 211,GRANTED
2026,1月,13,周二,14:54:44,7BEB2168,SIMBR0388,SIMR0388,SIMU0282:User 282,GRANTED
2026,1月,13,周二,14:54:44,F0ADE55C,SIMBR0156,SIMR0156,SIMU0237:User 237,GRANTED
2026,1月,13,周二,14:54:44,AA3155BB,SIMBR0222,SIMR0222,SIMU0050:User 50,GRANTED
2026,1月,13,周二,14:54:44,5C4195BE,SIMBR0387,SIMR0387,SIMU0288:User 288,GRANTED
2026,1月,13,周二,14:54:44,C04BAEE8,SIMBR0130,SIMR0130,SIMU0129:User 129,GRANTED
2026,1月,13,周二,14:54:44,6E7782F8,SIMBR0331,SIMR0331,INT001:Zhao Liu,DENIED
2026,1月,13,周二,14:54:44,5560EC7D,SIMBR0035,SIMR0035,SIMU0109:User 109,GRANTED
2026,1月,13,周二,14:54:44,559213A2,SIMBR0150,SIMR0150,SIMU0047:User 47,GRANTED
2026,1月,13,周二,14:54:44,72A4E470,SIMBR0178,SIMR0178,SIMU0268:User 268,GRANTED
2026,1月,13,周二,14:54:44,3DDB17B7,SIMBR0102,SIMR0102,SIMU0044:User 44,GRANTED
2026,1月,13,周二,14:54:44,A51F7B4F,SIMBR0258,SIMR0258,SIMU0277:User 277,GRANTED
2026,1月,13,周二,14:54:44,DCB76AA3,SIMBR0300,SIMR0300,SIMU0228:User 228,GRANTED
2026,1月,13,周二,14:54:44,C6173DD5,SIMBR0232,SIMR0232,SIMU0023:User 23,GRANTED
2026,1月,13,周二,14:54:44,8D67E6D5,SIMBR0109,SIMR0109,SIMU0045:User 45,GRANTED
2026,1月,13,周二,14:54:44,B33C40D7,SIMBR0258,SIMR0258,SIMU0015:User 15,GRANTED
2026,1月,13,周二,14:54:44,030D82CF,SIMBR0286,SIMR0286,SIMU0207:User 207,GRANTED
2026,1月,13,周二,14:54:44,CB1ACCC7,SIMBR0179,SIMR0179,SIMU0110:User 110,GRANTED
2026,1月,13,周二,14:54:44,6F12BFA3,SIMBR0365,SIMR0365,SIMU0218:User 218,GRANTED
2026,1月,13,周二,14:54:44,F04FDB11,SIMBR0130,SIMR0130,SIMU0125:User 125,GRANTED
2026,1月,13,周二,14:54:44,DB66EC85,SIMBR0126,SIMR0126,SIMU0100:User 100,GRANTED
2026,1月,13,周二,14:54:44,8BF81A2A,SIMBR0282,SIMR0282,SIMU0233:User 233,GRANTED
2026,1月,13,周二,14:54:44,C57735BB,SIMBR0358,SIMR0358,SIMU0242:User 242,GRANTED
2026,1月,13,周二,14:54:44,B095C629,SIMBR0202,SIMR0202,SIMU0257:User 257,GRANTED
2026,1月,13,周二,14:54:44,57ED1495,SIMBR0125,SIMR0125,SIMU0250:User 250,GRANTED
2026,1月,13,周二,14:54:44,A0043AC2,SIMBR0371,SIMR0371,SIMU0040:User 40,GRANTED
2026,1月,13,周二,14:54:44,273F3B3E,SIMBR0030,SIMR0030,SIMU0224:User 224,GRANTED
2026,1月,13,周二,14:54:44,7BEB2168,SIMBR0392,SIMR0392,SIMU0282:User 282,GRANTED
2026,1月,13,周二,14:54:45,46895123,SIMBR0359,SIMR0359,SIMU0132:User 132,GRANTED
2026,1月,13,周二,14:54:45,7CA376A0,SIMBR0131,SIMR0131,SIMU0102:User 102,GRANTED
2026,1月,13,周二,14:54:45,3DC555DE,SIMBR0084,SIMR0084,SIMU0300:User 300,GRANTED
2026,1月,13,周二,14:54:45,5334DCE6,BR011,RES026,SIMU0179:User 179,DENIED
2026,1月,13,周二,14:54:45,FBBEF95C,SIMBR0090,SIMR0090,SIMU0025:User 25,GRANTED
2026,1月,13,周二,14:54:45,1E74F408,BR018,RES011,SIMU0171:User 171,DENIED
2026,1月,13,周二,14:54:45,8B9117BE,SIMBR0007,SIMR0007,SIMU0165:User 165,GRANTED
2026,1月,13,周二,14:54:45,A5A16F78,SIMBR0124,SIMR0124,SIMU0294:User 294,GRANTED
2026,1月,13,周二,14:54:45,0A675EEC,SIMBR0336,SIMR0336,SIMU0138:User 138,GRANTED
2026,1月,13,周二,14:54:45,FEB7592C,SIMBR0019,SIMR0019,SIMU0059:User 59,GRANTED
2026,1月,13,周二,14:54:45,61095621,SIMBR0103,SIMR0103,SIMU0137:User 137,GRANTED
2026,1月,13,周二,14:54:45,FC9C0D71,SIMBR0099,SIMR0099,SIMU0093:User 93,GRANTED
2026,1月,13,周二,14:54:45,1EE4C053,SIMBR0048,SIMR0048,SIMU0026:User 26,GRANTED
2026,1月,13,周二,14:54:45,2EEB40A9,SIMBR0038,SIMR0038,SIMU0260:User 260,GRANTED
2026,1月,13,周二,14:54:45,C46D887F,BR014,RES007,SIMU0254:User 254,DENIED
2026,1月,13,周二,14:54:45,95777979,SIMBR0037,SIMR0037,SIMU0051:User 51,GRANTED
2026,1月,13,周二,14:54:45,030D82CF,BR004,RES001,SIMU0207:User 207,DENIED
2026,1月,13,周二,14:54:45,4DFA0FE5,BR013,RES006,SIMU0255:User 255,DENIED
2026,1月,13,周二,14:54:45,4D153C4A,SIMBR0201,SIMR0201,SIMU0104:User 104,GRANTED
2026,1月,13,周二,14:54:45,1812D558,SIMBR0243,SIMR0243,SIMU0214:User 214,GRANTED
2026,1月,13,周二,14:54:45,5A758FE3,SIMBR0212,SIMR0212,SIMU0103:User 103,GRANTED
2026,1月,13,周二,14:54:45,9A00F337,SIMBR0185,SIMR0185,SIMU0285:User 285,GRANTED
2026,1月,13,周二,14:54:45,BA0243B9,SIMBR0290,SIMR0290,PM001:Sun Ba,DENIED
2026,1月,13,周二,14:54:45,54722E38,SIMBR0387,SIMR0387,SIMU0222:User 222,GRANTED
2026,1月,13,周二,14:54:45,FEB7592C,SIMBR0140,SIMR0140,SIMU0059:User 59,GRANTED
2026,1月,13,周二,14:54:45,602AF119,SIMBR0300,SIMR0300,SIMU0223:User 223,GRANTED
2026,1月,13,周二,14:54:45,66FC8294,SIMBR0048,SIMR0048,SIMU0180:User 180,GRANTED
2026,1月,13,周二,14:54:45,86937632,SIMBR0017,SIMR0017,SIMU0187:User 187,GRANTED
2026,1月,13,周二,14:54:45,0CFFFBA0,SIMBR0121,SIMR0121,SIMU0189:User 189,GRANTED
2026,1月,13,周二,14:54:45,33F39C8F,SIMBR0276,SIMR0276,SIMU0205:User 205,GRANTED
2026,1月,13,周二,14:54:45,0EE439B9,SIMBR0190,SIMR0190,SIMU0004:User 4,GRANTED
2026,1月,13,周二,14:54:45,0EA23D3A,SIMBR0263,SIMR0263,SIMU0062:User 62,GRANTED
2026,1月,13,周二,14:54:45,69A8F764,SIMBR0013,SIMR0013,SIMU0240:User 240,GRANTED
2026,1月,13,周二,14:54:45,A5DEC594,SIMBR0309,SIMR0309,SIMU0084:User 84,GRANTED
2026,1月,13,周二,14:54:45,6A6279C3,BR006,RES002,SIMU0178:User 178,DENIED
2026,1月,13,周二,14:54:45,BA1008EF,SIMBR0019,SIMR0019,SIMU0083:User 83,GRANTED
2026,1月,13,周二,14:54:45,EEC38563,SIMBR0183,SIMR0183,SIMU0141:User 141,GRANTED
2026,1月,13,周二,14:54:45,37E9D9C0,SIMBR0280,SIMR0280,SIMU0034:User 34,GRANTED
2026,1月,13,周二,14:54:45,AB055C88,SIMBR0187,SIMR0187,SIMU0024:User 24,GRANTED
2026,1月,13,周二,14:54:45,983FD996,SIMBR0221,SIMR0221,SIMU0225:User 225,GRANTED
2026,1月,13,周二,14:54:45,FBBEF95C,SIMBR0123,SIMR0123,SIMU0025:User 25,GRANTED
2026,1月,13,周二,14:54:45,B0B2BCE6,SIMBR0150,SIMR0150,SIMU0208:User 208,GRANTED
2026,1月,13,周二,14:54:45,F04FDB11,SIMBR0145,SIMR0145,SIMU0125:User 125,GRANTED
2026,1月,13,周二,14:54:45,16ED8B1D,SIMBR0059,SIMR0059,SIMU0073:User 73,GRANTED
2026,1月,13,周二,14:54:45,983FD996,SIMBR0022,SIMR0022,SIMU0225:User 225,GRANTED
2026,1月,13,周二,14:54:45,359F9D02,SIMBR0323,SIMR0323,SIMU0087:User 87,GRANTED
2026,1月,13,周二,14:54:45,8BC6335E,SIMBR0159,SIMR0159,SIMU0204:User 204,GRANTED
2026,1月,13,周二,14:54:45,DA33A96E,SIMBR0293,SIMR0293,SIMU0190:User 190,GRANTED
2026,1月,13,周二,14:54:45,F04FDB11,SIMBR0030,SIMR0030,SIMU0125:User 125,GRANTED
2026,1月,13,周二,14:54:45,1A88116F,SIMBR0042,SIMR0042,SIMU0063:User 63,GRANTED
2026,1月,13,周二,14:54:45,1B14F9BC,SIMBR0346,SIMR0346,SIMU0065:User 65,GRANTED
2026,1月,13,周二,14:54:45,91E5E6B0,SIMBR0137,SIMR0137,SIMU0079:User 79,GRANTED
2026,1月,13,周二,14:54:45,E93FF152,SIMBR0327,SIMR0327,SIMU0197:User 197,GRANTED
2026,1月,13,周二,14:54:45,FEF21F79,SIMBR0269,SIMR0269,SIMU0159:User 159,GRANTED
2026,1月,13,周二,14:54:45,56619802,SIMBR0367,SIMR0367,SIMU0202:User 202,GRANTED
2026,1月,13,周二,14:54:45,0641BA46,SIMBR0348,SIMR0348,SIMU0085:User 85,GRANTED
2026,1月,13,周二,14:54:45,0DE450B1,SIMBR0255,SIMR0255,SIMU0016:User 16,GRANTED
2026,1月,13,周二,14:54:45,95777979,SIMBR0128,SIMR0128,SIMU0051:User 51,GRANTED
2026,1月,13,周二,14:54:45,C6E3BF57,SIMBR0102,SIMR0102,SIMU0297:User 297,GRANTED
2026,1月,13,周二,14:54:45,36330273,BR023,RES016,SIMU0291:User 291,DENIED
2026,1月,13,周二,14:54:45,F90964BF,SIMBR0396,SIMR0396,SIMU0091:User 91,GRANTED
2026,1月,13,周二,14:54:45,56C4C8CF,SIMBR0065,SIMR0065,SIMU0077:User 77,GRANTED
2026,1月,13,周二,14:54:45,50B332C8,SIMBR0127,SIMR0127,SIMU0122:User 122,GRANTED
2026,1月,13,周二,14:54:45,FC05A793,SIMBR0186,SIMR0186,SIMU0071:User 71,GRANTED
2026,1月,13,周二,14:54:45,E6D64EED,SIMBR0243,SIMR0243,SIMU0105:User 105,GRANTED
2026,1月,13,周二,14:54:45,C50459DB,SIMBR0189,SIMR0189,SIMU0262:User 262,GRANTED
2026,1月,13,周二,14:54:45,C2F816DD,SIMBR0304,SIMR0304,SIMU0266:User 266,GRANTED
2026,1月,13,周二,14:54:45,78D74DDD,SIMBR0109,SIMR0109,VIS001:Qian Qi,DENIED
2026,1月,13,周二,14:54:45,01513E26,SIMBR0328,SIMR0328,SIMU0181:User 181,GRANTED
2026,1月,13,周二,14:54:45,128D7B1F,SIMBR0239,SIMR0239,SIMU0121:User 121,GRANTED
2026,1月,13,周二,14:54:45,16ED8B1D,SIMBR0066,SIMR0066,SIMU0073:User 73,GRANTED
2026,1月,13,周二,14:54:45,0CFFFBA0,SIMBR0184,SIMR0184,SIMU0189:User 189,GRANTED
2026,1月,13,周二,14:54:45,49B45DCD,SIMBR0013,SIMR0013,SIMU0272:User 272,GRANTED
2026,1月,13,周二,14:54:45,1E74F408,SIMBR0232,SIMR0232,SIMU0171:User 171,GRANTED
2026,1月,13,周二,14:54:45,1CA3AA4C,SIMBR0013,SIMR0013,SIMU0014:User 14,GRANTED
2026,1月,13,周二,14:54:45,F1D4B1B6,SIMBR0137,SIMR0137,SIMU0247:User 247,GRANTED
2026,1月,13,周二,14:54:45,66FC8294,BR006,RES002,SIMU0180:User 180,DENIED
2026,1月,13,周二,14:54:45,F9B71846,SIMBR0277,SIMR0277,SIMU0196:User 196,GRANTED
2026,1月,13,周二,14:54:45,030D82CF,SIMBR0107,SIMR0107,SIMU0207:User 207,GRANTED
2026,1月,13,周二,14:54:45,559213A2,SIMBR0317,SIMR0317,SIMU0047:User 47,GRANTED
2026,1月,13,周二,14:54:45,A5DEC594,SIMBR0309,SIMR0309,SIMU0084:User 84,GRANTED
2026,1月,13,周二,14:54:45,2056B86F,SIMBR0332,SIMR0332,SIMU0067:User 67,GRANTED
2026,1月,13,周二,14:54:45,C04BAEE8,SIMBR0143,SIMR0143,SIMU0129:User 129,GRANTED
2026,1月,13,周二,14:54:45,6A6279C3,SIMBR0059,SIMR0059,SIMU0178:User 178,GRANTED
2026,1月,13,周二,14:54:45,4758C16D,SIMBR0302,SIMR0302,SIMU0147:User 147,GRANTED
2026,1月,13,周二,14:54:45,FBFF5A63,SIMBR0382,SIMR0382,SIMU0184:User 184,GRANTED
2026,1月,13,周二,14:54:45,3CC4126C,SIMBR0246,SIMR0246,SIMU0099:User 99,GRANTED
2026,1月,13,周二,14:54:45,C46D887F,SIMBR0026,SIMR0026,SIMU0254:User 254,GRANTED
2026,1月,13,周二,14:54:45,E6DCC382,SIMBR0013,SIMR0013,SIMU0158:User 158,GRANTED
2026,1月,13,周二,14:54:45,BEBCE825,SIMBR0145,SIMR0145,SIMU0270:User 270,GRANTED
2026,1月,13,周二,14:54:45,40BD64A5,SIMBR0130,SIMR0130,SIMU0245:User 245,GRANTED
2026,1月,13,周二,14:54:45,CCACC23C,SIMBR0052,SIMR0052,SIMU0149:User 149,GRANTED
2026,1月,13,周二,14:54:45,E137F666,SIMBR0340,SIMR0340,SIMU0220:User 220,GRANTED
2026,1月,13,周二,14:54:45,489655D2,SIMBR0283,SIMR0283,CON001:Wang Wu,DENIED
2026,1月,13,周二,14:54:45,4DFA0FE5,BR017,RES010,SIMU0255:User 255,DENIED
2026,1月,13,周二,14:54:45,13F09473,BR017,RES010,SIMU0279:User 279,DENIED
2026,1月,13,周二,14:54:45,B9D6BC00,SIMBR0164,SIMR0164,SIMU0107:User 107,GRANTED
2026,1月,13,周二,14:54:45,B77EBDC0,SIMBR0174,SIMR0174,SIMU0203:User 203,GRANTED
2026,1月,13,周二,14:54:45,CA296753,SIMBR0213,SIMR0213,SIMU0055:User 55,GRANTED
2026,1月,13,周二,14:54:45,01513E26,SIMBR0257,SIMR0257,SIMU0181:User 181,GRANTED
2026,1月,13,周二,14:54:45,628D5BBC,SIMBR0259,SIMR0259,SIMU0041:User 41,GRANTED
2026,1月,13,周二,14:54:45,80BC1A17,SIMBR0315,SIMR0315,SIMU0112:User 112,GRANTED
2026,1月,13,周二,14:54:45,49B45DCD,SIMBR0247,SIMR0247,SIMU0272:User 272,GRANTED
2026,1月,13,周二,14:54:45,0CFFFBA0,SIMBR0033,SIMR0033,SIMU0189:User 189,GRANTED
2026,1月,13,周二,14:54:45,29200997,SIMBR0140,SIMR0140,SIMU0186:User 186,GRANTED
2026,1月,13,周二,14:54:45,5334DCE6,SIMBR0318,SIMR0318,SIMU0179:User 179,GRANTED
2026,1月,13,周二,14:54:45,1812D558,SIMBR0222,SIMR0222,SIMU0214:User 214,GRANTED
2026,1月,13,周二,14:54:45,8CBA0F42,SIMBR0230,SIMR0230,SIMU0152:User 152,GRANTED
2026,1月,13,周二,14:54:45,6E7782F8,SIMBR0055,SIMR0055,INT001:Zhao Liu,DENIED
2026,1月,13,周二,14:54:45,11BD165A,SIMBR0399,SIMR0399,SIMU0154:User 154,GRANTED
2026,1月,13,周二,14:54:45,F9B71846,SIMBR0114,SIMR0114,SIMU0196:User 196,GRANTED
2026,1月,13,周二,14:54:45,F832AB7A,SIMBR0051,SIMR0051,SIMU0139:User 139,GRANTED
2026,1月,13,周二,14:54:45,C584F9D3,SIMBR0036,SIMR0036,EMP001:Zhang San,DENIED
2026,1月,13,周二,14:54:45,6E7782F8,SIMBR0347,SIMR0347,INT001:Zhao Liu,DENIED
2026,1月,13,周二,14:54:45,354118DA,SIMBR0194,SIMR0194,SIMU0052:User 52,GRANTED
2026,1月,13,周二,14:54:45,EF6713BA,SIMBR0066,SIMR0066,SIMU0153:User 153,GRANTED
2026,1月,13,周二,14:54:45,31C1AEEF,SIMBR0218,SIMR0218,SIMU0039:User 39,GRANTED
2026,1月,13,周二,14:54:45,A0043AC2,SIMBR0193,SIMR0193,SIMU0040:User 40,GRANTED
2026,1月,13,周二,14:54:45,BA1008EF,BR010,RES004,SIMU0083:User 83,DENIED
2026,1月,13,周二,14:54:45,CA15B29F,SIMBR0097,SIMR0097,SIMU0206:User 206,GRANTED
2026,1月,13,周二,14:54:45,44B3ADEE,SIMBR0306,SIMR0306,SIMU0157:User 157,GRANTED
2026,1月,13,周二,14:54:45,7CE9CF19,SIMBR0362,SIMR0362,SIMU0020:User 20,GRANTED
2026,1月,13,周二,14:54:45,FBBEF95C,SIMBR0313,SIMR0313,SIMU0025:User 25,GRANTED
2026,1月,13,周二,14:54:45,C6173DD5,SIMBR0253,SIMR0253,SIMU0023:User 23,GRANTED
2026,1月,13,周二,14:54:45,1EBD89C8,BR025,RES018,SIMU0123:User 123,DENIED
2026,1月,13,周二,14:54:45,37FA6637,SIMBR0236,SIMR0236,SIMU0199:User 199,GRANTED
2026,1月,13,周二,14:54:45,10321BC3,SIMBR0086,SIMR0086,SIMU0042:User 42,GRANTED
2026,1月,13,周二,14:54:45,61095621,BR012,RES005,SIMU0137:User 137,DENIED
2026,1月,13,周二,14:54:45,66FC8294,SIMBR0319,SIMR0319,SIMU0180:User 180,GRANTED
2026,1月,13,周二,14:54:45,59E1ACA0,SIMBR0001,SIMR0001,SIMU0090:User 90,GRANTED
2026,1月,13,周二,14:54:45,37E9D9C0,SIMBR0112,SIMR0112,SIMU0034:User 34,GRANTED
2026,1月,13,周二,14:54:45,7C3923AE,SIMBR0358,SIMR0358,SIMU0210:User 210,GRANTED
2026,1月,13,周二,14:54:45,4DFA0FE5,SIMBR0110,SIMR0110,SIMU0255:User 255,GRANTED
2026,1月,13,周二,14:54:45,983FD996,SIMBR0354,SIMR0354,SIMU0225:User 225,GRANTED
2026,1月,13,周二,14:54:45,20D788EC,SIMBR0046,SIMR0046,SIMU0271:User 271,GRANTED
2026,1月,13,周二,14:54:45,8884A944,SIMBR0202,SIMR0202,SIMU0295:User 295,GRANTED
2026,1月,13,周二,14:54:45,13F09473,SIMBR0048,SIMR0048,SIMU0279:User 279,GRANTED
2026,1月,13,周二,14:54:45,8B9117BE,SIMBR0347,SIMR0347,SIMU0165:User 165,GRANTED
2026,1月,13,周二,14:54:45,5FF2F656,SIMBR0198,SIMR0198,SIMU0120:User 120,GRANTED
2026,1月,13,周二,14:54:45,853BC8DF,SIMBR0116,SIMR0116,SIMU0092:User 92,GRANTED
2026,1月,13,周二,14:54:45,A7A30652,SIMBR0084,SIMR0084,SIMU0094:User 94,GRANTED
2026,1月,13,周二,14:54:45,CB2FA116,SIMBR0157,SIMR0157,SIMU0172:User 172,GRANTED
2026,1月,13,周二,14:54:45,75D7C714,SIMBR0323,SIMR0323,SIMU0005:User 5,GRANTED
2026,1月,13,周二,14:54:45,6CEC1FDF,BR004,RES001,SIMU0230:User 230,DENIED
2026,1月,13,周二,14:54:45,FE83648E,SIMBR0216,SIMR0216,SIMU0142:User 142,GRANTED
2026,1月,13,周二,14:54:45,31C1AEEF,SIMBR0096,SIMR0096,SIMU0039:User 39,GRANTED
2026,1月,13,周二,14:54:45,E0F41E54,SIMBR0384,SIMR0384,SIMU0176:User 176,GRANTED
2026,1月,13,周二,14:54:45,CD0D9101,SIMBR0181,SIMR0181,SIMU0135:User 135,GRANTED
2026,1月,13,周二,14:54:45,AF6C110D,SIMBR0048,SIMR0048,SIMU0080:User 80,GRANTED
2026,1月,13,周二,14:54:45,1DE07196,SIMBR0258,SIMR0258,SIMU0274:User 274,GRANTED
2026,1月,13,周二,14:54:45,B2D6FCB4,SIMBR0116,SIMR0116,SIMU0086:User 86,GRANTED
2026,1月,13,周二,14:54:45,B6F02DDB,SIMBR0031,SIMR0031,SIMU0156:User 156,GRANTED
2026,1月,13,周二,14:54:45,628D5BBC,SIMBR0308,SIMR0308,SIMU0041:User 41,GRANTED
2026,1月,13,周二,14:54:45,905C3DCB,SIMBR0057,SIMR0057,SIMU0070:User 70,GRANTED
2026,1月,13,周二,14:54:45,9FA88CE9,SIMBR0042,SIMR0042,SIMU0049:User 49,GRANTED
2026,1月,13,周二,14:54:45,86937632,SIMBR0177,SIMR0177,SIMU0187:User 187,GRANTED
2026,1月,13,周二,14:54:45,E6DCC382,BR017,RES010,SIMU0158:User 158,DENIED
2026,1月,13,周二,14:54:45,15D30411,SIMBR0390,SIMR0390,SIMU0289:User 289,GRANTED
2026,1月,13,周二,14:54:45,394DF2A8,SIMBR0291,SIMR0291,SIMU0111:User 111,GRANTED
2026,1月,13,周二,14:54:45,D0B8FC16,SIMBR0039,SIMR0039,SIMU0185:User 185,GRANTED
2026,1月,13,周二,14:54:45,6BDE4067,SIMBR0357,SIMR0357,SIMU0114:User 114,GRANTED
2026,1月,13,周二,14:54:45,10321BC3,SIMBR0172,SIMR0172,SIMU0042:User 42,GRANTED
2026,1月,13,周二,14:54:45,37E9D9C0,SIMBR0080,SIMR0080,SIMU0034:User 34,GRANTED
2026,1月,13,周二,14:54:45,F6E7D08A,SIMBR0149,SIMR0149,SIMU0001:User 1,GRANTED
2026,1月,13,周二,14:54:45,EFC60F14,SIMBR0319,SIMR0319,SIMU0286:User 286,GRANTED
2026,1月,13,周二,14:54:45,66FC8294,BR002,RES021,SIMU0180:User 180,DENIED
2026,1月,13,周二,14:54:45,8C19D42A,SIMBR0159,SIMR0159,SIMU0284:User 284,GRANTED
2026,1月,13,周二,14:54:45,B9D6BC00,SIMBR0310,SIMR0310,SIMU0107:User 107,GRANTED
2026,1月,13,周二,14:54:45,050D9DEF,SIMBR0350,SIMR0350,SIMU0128:User 128,GRANTED
2026,1月,13,周二,14:54:45,CB0F203D,SIMBR0116,SIMR0116,SIMU0124:User 124,GRANTED
2026,1月,13,周二,14:54:45,A9E67E95,SIMBR0218,SIMR0218,SIMU0243:User 243,GRANTED
2026,1月,13,周二,14:54:45,128D7B1F,SIMBR0216,SIMR0216,SIMU0121:User 121,GRANTED
2026,1月,13,周二,14:54:45,41981850,SIMBR0065,SIMR0065,SIMU0263:User 263,GRANTED
2026,1月,13,周二,14:54:45,5D5C3450,SIMBR0089,SIMR0089,SIMU0131:User 131,GRANTED
2026,1月,13,周二,14:54:45,8B9117BE,SIMBR0394,SIMR0394,SIMU0165:User 165,GRANTED
2026,1月,13,周二,14:54:45,F832AB7A,SIMBR0249,SIMR0249,SIMU0139:User 139,GRANTED
2026,1月,13,周二,14:54:45,41981850,SIMBR0218,SIMR0218,SIMU0263:User 263,GRANTED
2026,1月,13,周二,14:54:45,1B14F9BC,SIMBR0370,SIMR0370,SIMU0065:User 65,GRANTED
2026,1月,13,周二,14:54:45,80BC1A17,SIMBR0090,SIMR0090,SIMU0112:User 112,GRANTED
2026,1月,13,周二,14:54:45,C44E5E52,SIMBR0205,SIMR0205,SIMU0002:User 2,GRANTED
2026,1月,13,周二,14:54:45,DA33A96E,SIMBR0133,SIMR0133,SIMU0190:User 190,GRANTED
2026,1月,13,周二,14:54:45,95379CDB,SIMBR0289,SIMR0289,f46ee39b-ac9d-4193-a478-f8cfc35cec07:gagaga a,GRANTED
2026,1月,13,周二,14:54:45,BA841717,SIMBR0014,SIMR0014,SIMU0064:User 64,GRANTED
2026,1月,13,周二,14:54:45,5334DCE6,SIMBR0318,SIMR0318,SIMU0179:User 179,GRANTED
2026,1月,13,周二,14:54:45,2056B86F,SIMBR0307,SIMR0307,SIMU0067:User 67,GRANTED
2026,1月,13,周二,14:54:45,F616A325,SIMBR0140,SIMR0140,SIMU0194:User 194,GRANTED
2026,1月,13,周二,14:54:45,4D83FE2E,SIMBR0062,SIMR0062,SIMU0056:User 56,GRANTED
2026,1月,13,周二,14:54:45,518BCEDD,SIMBR0317,SIMR0317,SIMU0011:User 11,GRANTED
2026,1月,13,周二,14:54:45,C1CE8342,SIMBR0313,SIMR0313,SIMU0018:User 18,GRANTED
2026,1月,13,周二,14:54:45,CB0F203D,SIMBR0019,SIMR0019,SIMU0124:User 124,GRANTED
2026,1月,13,周二,14:54:45,489655D2,SIMBR0057,SIMR0057,CON001:Wang Wu,DENIED
2026,1月,13,周二,14:54:45,5FF2F656,SIMBR0367,SIMR0367,SIMU0120:User 120,GRANTED
2026,1月,13,周二,14:54:45,A2903A49,SIMBR0104,SIMR0104,SIMU0043:User 43,GRANTED
2026,1月,13,周二,14:54:45,853BC8DF,SIMBR0283,SIMR0283,SIMU0092:User 92,GRANTED
2026,1月,13,周二,14:54:45,6A6279C3,SIMBR0367,SIMR0367,SIMU0178:User 178,GRANTED
2026,1月,13,周二,14:54:45,C0F19B1C,SIMBR0192,SIMR0192,SIMU0155:User 155,GRANTED
2026,1月,13,周二,14:54:45,2289A51E,SIMBR0198,SIMR0198,SIMU0273:User 273,GRANTED
2026,1月,13,周二,14:54:45,81F12C1B,SIMBR0192,SIMR0192,SIMU0200:User 200,GRANTED
2026,1月,13,周二,14:54:45,D0871CF1,SIMBR0015,SIMR0015,SIMU0007:User 7,GRANTED
2026,1月,13,周二,14:54:45,0641BA46,SIMBR0176,SIMR0176,SIMU0085:User 85,GRANTED
2026,1月,13,周二,14:54:46,E55AD432,SIMBR0187,SIMR0187,SIMU0134:User 134,GRANTED
2026,1月,13,周二,14:54:46,C718E607,SIMBR0367,SIMR0367,SIMU0089:User 89,GRANTED
2026,1月,13,周二,14:54:46,DA3D486F,SIMBR0169,SIMR0169,SIMU0028:User 28,GRANTED
2026,1月,13,周二,14:54:46,1812D558,SIMBR0324,SIMR0324,SIMU0214:User 214,GRANTED
2026,1月,13,周二,14:54:46,0DE450B1,SIMBR0262,SIMR0262,SIMU0016:User 16,GRANTED
2026,1月,13,周二,14:54:46,8BC6335E,SIMBR0351,SIMR0351,SIMU0204:User 204,GRANTED
2026,1月,13,周二,14:54:46,7D277C80,SIMBR0256,SIMR0256,SIMU0212:User 212,GRANTED
2026,1月,13,周二,14:54:46,6CEC1FDF,SIMBR0132,SIMR0132,SIMU0230:User 230,GRANTED
2026,1月,13,周二,14:54:46,33F39C8F,SIMBR0163,SIMR0163,SIMU0205:User 205,GRANTED
2026,1月,13,周二,14:54:46,2D060B76,SIMBR0054,SIMR0054,SIMU0162:User 162,GRANTED
2026,1月,13,周二,14:54:46,A53931BD,SIMBR0031,SIMR0031,SIMU0058:User 58,GRANTED
2026,1月,13,周二,14:54:46,E07F08A6,SIMBR0338,SIMR0338,SIMU0246:User 246,GRANTED
2026,1月,13,周二,14:54:46,E55AD432,SIMBR0130,SIMR0130,SIMU0134:User 134,GRANTED
2026,1月,13,周二,14:54:46,5D5C3450,SIMBR0225,SIMR0225,SIMU0131:User 131,GRANTED
2026,1月,13,周二,14:54:46,C584F9D3,SIMBR0166,SIMR0166,EMP001:Zhang San,DENIED
2026,1月,13,周二,14:54:46,23858FDA,SIMBR0191,SIMR0191,SIMU0098:User 98,GRANTED
2026,1月,13,周二,14:54:46,7CA376A0,SIMBR0347,SIMR0347,SIMU0102:User 102,GRANTED
2026,1月,13,周二,14:54:46,C3943F18,SIMBR0385,SIMR0385,SIMU0113:User 113,GRANTED
2026,1月,13,周二,14:54:46,2289A51E,SIMBR0042,SIMR0042,SIMU0273:User 273,GRANTED
2026,1月,13,周二,14:54:46,6FFD7F45,SIMBR0099,SIMR0099,SIMU0198:User 198,GRANTED
2026,1月,13,周二,14:54:46,BA893511,SIMBR0369,SIMR0369,SIMU0269:User 269,GRANTED
2026,1月,13,周二,14:54:46,1812D558,SIMBR0082,SIMR0082,SIMU0214:User 214,GRANTED
2026,1月,13,周二,14:54:46,95777979,SIMBR0070,SIMR0070,SIMU0051:User 51,GRANTED
2026,1月,13,周二,14:54:46,7C28253F,SIMBR0008,SIMR0008,SIMU0027:User 27,GRANTED
2026,1月,13,周二,14:54:46,983FD996,SIMBR0304,SIMR0304,SIMU0225:User 225,GRANTED
2026,1月,13,周二,14:54:46,643D2F0C,SIMBR0375,SIMR0375,SIMU0048:User 48,GRANTED
2026,1月,13,周二,14:54:46,A4F77AE3,SIMBR0242,SIMR0242,SIMU0031:User 31,GRANTED
2026,1月,13,周二,14:54:46,2C249415,SIMBR0037,SIMR0037,SIMU0276:User 276,GRANTED
2026,1月,13,周二,14:54:46,CD0D9101,SIMBR0252,SIMR0252,SIMU0135:User 135,GRANTED
2026,1月,13,周二,14:54:46,BEBCE825,SIMBR0019,SIMR0019,SIMU0270:User 270,GRANTED
2026,1月,13,周二,14:54:46,D324F0AC,SIMBR0059,SIMR0059,SIMU0108:User 108,GRANTED
2026,1月,13,周二,14:54:46,7B914E9E,SIMBR0399,SIMR0399,SIMU0215:User 215,GRANTED
2026,1月,13,周二,14:54:46,3DC555DE,SIMBR0137,SIMR0137,SIMU0300:User 300,GRANTED
2026,1月,13,周二,14:54:46,E07F08A6,SIMBR0213,SIMR0213,SIMU0246:User 246,GRANTED
2026,1月,13,周二,14:54:46,A2903A49,SIMBR0115,SIMR0115,SIMU0043:User 43,GRANTED
2026,1月,13,周二,14:54:46,D87DCC23,SIMBR0051,SIMR0051,SIMU0006:User 6,GRANTED
2026,1月,13,周二,14:54:46,2C249415,SIMBR0021,SIMR0021,SIMU0276:User 276,GRANTED
2026,1月,13,周二,14:54:46,3A52D444,SIMBR0113,SIMR0113,SIMU0166:User 166,GRANTED
2026,1月,13,周二,14:54:46,3B9B3EAE,SIMBR0059,SIMR0059,SIMU0144:User 144,GRANTED
2026,1月,13,周二,14:54:46,BA893511,SIMBR0152,SIMR0152,SIMU0269:User 269,GRANTED
2026,1月,13,周二,14:54:46,20917633,SIMBR0136,SIMR0136,SIMU0296:User 296,GRANTED
2026,1月,13,周二,14:54:46,602AF119,SIMBR0400,SIMR0400,SIMU0223:User 223,GRANTED
2026,1月,13,周二,14:54:46,050D9DEF,SIMBR0317,SIMR0317,SIMU0128:User 128,GRANTED
2026,1月,13,周二,14:54:46,E6D64EED,SIMBR0051,SIMR0051,SIMU0105:User 105,GRANTED
2026,1月,13,周二,14:54:46,A2903A49,SIMBR0057,SIMR0057,SIMU0043:User 43,GRANTED
2026,1月,13,周二,14:54:46,1E4AD759,SIMBR0050,SIMR0050,SIMU0029:User 29,GRANTED
2026,1月,13,周二,14:54:46,95379CDB,SIMBR0104,SIMR0104,f46ee39b-ac9d-4193-a478-f8cfc35cec07:gagaga a,GRANTED
2026,1月,13,周二,14:54:46,D0B8FC16,SIMBR0148,SIMR0148,SIMU0185:User 185,GRANTED
2026,1月,13,周二,14:54:46,A0043AC2,SIMBR0177,SIMR0177,SIMU0040:User 40,GRANTED
2026,1月,13,周二,14:54:46,D832D5F3,SIMBR0398,SIMR0398,SIMU0261:User 261,GRANTED
2026,1月,13,周二,14:54:46,359F9D02,SIMBR0103,SIMR0103,SIMU0087:User 87,GRANTED
2026,1月,13,周二,14:54:46,C584F9D3,SIMBR0194,SIMR0194,EMP001:Zhang San,DENIED
2026,1月,13,周二,14:54:46,69A8F764,SIMBR0323,SIMR0323,SIMU0240:User 240,GRANTED
2026,1月,13,周二,14:54:46,0A675EEC,SIMBR0002,SIMR0002,SIMU0138:User 138,GRANTED
2026,1月,13,周二,14:54:46,FD75651D,BR011,RES026,SIMU0238:User 238,DENIED
2026,1月,13,周二,14:54:46,F6E7D08A,SIMBR0280,SIMR0280,SIMU0001:User 1,GRANTED
2026,1月,13,周二,14:54:46,95777979,SIMBR0172,SIMR0172,SIMU0051:User 51,GRANTED
2026,1月,13,周二,14:54:46,BD4961D3,SIMBR0190,SIMR0190,SIMU0169:User 169,GRANTED
2026,1月,13,周二,14:54:46,95777979,SIMBR0016,SIMR0016,SIMU0051:User 51,GRANTED
2026,1月,13,周二,14:54:46,CB0F203D,BR001,RES020,SIMU0124:User 124,DENIED
2026,1月,13,周二,14:54:46,A51F7B4F,SIMBR0029,SIMR0029,SIMU0277:User 277,GRANTED
2026,1月,13,周二,14:54:46,F6E7D08A,SIMBR0037,SIMR0037,SIMU0001:User 1,GRANTED
2026,1月,13,周二,14:54:46,2289A51E,SIMBR0124,SIMR0124,SIMU0273:User 273,GRANTED
2026,1月,13,周二,14:54:46,F853E5E9,BR009,RES025,SIMU0119:User 119,DENIED
2026,1月,13,周二,14:54:46,7C28253F,SIMBR0358,SIMR0358,SIMU0027:User 27,GRANTED
2026,1月,13,周二,14:54:46,D87DCC23,SIMBR0137,SIMR0137,SIMU0006:User 6,GRANTED
2026,1月,13,周二,14:54:46,A5A16F78,SIMBR0302,SIMR0302,SIMU0294:User 294,GRANTED
2026,1月,13,周二,14:54:46,C0CB4AFF,SIMBR0283,SIMR0283,SIMU0235:User 235,GRANTED
2026,1月,13,周二,14:54:46,F3B58DFF,SIMBR0072,SIMR0072,SIMU0076:User 76,GRANTED
2026,1月,13,周二,14:54:46,546575AC,SIMBR0242,SIMR0242,SIMU0140:User 140,GRANTED
2026,1月,13,周二,14:54:46,0FB515EE,SIMBR0076,SIMR0076,SIMU0033:User 33,GRANTED
2026,1月,13,周二,14:54:46,1EE4C053,SIMBR0179,SIMR0179,SIMU0026:User 26,GRANTED
2026,1月,13,周二,14:54:46,DB66EC85,SIMBR0218,SIMR0218,SIMU0100:User 100,GRANTED
2026,1月,13,周二,14:54:46,9A00F337,SIMBR0019,SIMR0019,SIMU0285:User 285,GRANTED
2026,1月,13,周二,14:54:46,C2EDBC0C,SIMBR0314,SIMR0314,SIMU0226:User 226,GRANTED
2026,1月,13,周二,14:54:46,10321BC3,SIMBR0057,SIMR0057,SIMU0042:User 42,GRANTED
2026,1月,13,周二,14:54:46,54C5EDBD,SIMBR0336,SIMR0336,SIMU0145:User 145,GRANTED
2026,1月,13,周二,14:54:46,C39400FA,SIMBR0030,SIMR0030,SIMU0078:User 78,GRANTED
2026,1月,13,周二,14:54:46,1792E539,SIMBR0336,SIMR0336,SIMU0292:User 292,GRANTED
2026,1月,13,周二,14:54:46,C0993563,SIMBR0340,SIMR0340,SIMU0209:User 209,GRANTED
2026,1月,13,周二,14:54:46,C2F816DD,SIMBR0110,SIMR0110,SIMU0266:User 266,GRANTED
2026,1月,13,周二,14:54:46,358D24E5,SIMBR0048,SIMR0048,SIMU0130:User 130,GRANTED
2026,1月,13,周二,14:54:46,E137F666,SIMBR0369,SIMR0369,SIMU0220:User 220,GRANTED
2026,1月,13,周二,14:54:46,3CC4126C,SIMBR0364,SIMR0364,SIMU0099:User 99,GRANTED
2026,1月,13,周二,14:54:46,D3E409F0,SIMBR0007,SIMR0007,SIMU0012:User 12,GRANTED
2026,1月,13,周二,14:54:46,5FF2F656,SIMBR0291,SIMR0291,SIMU0120:User 120,GRANTED
2026,1月,13,周二,14:54:46,24DE0286,BR013,RES006,SIMU0221:User 221,DENIED
2026,1月,13,周二,14:54:46,9FA88CE9,SIMBR0338,SIMR0338,SIMU0049:User 49,GRANTED
2026,1月,13,周二,14:54:46,C5A57784,SIMBR0359,SIMR0359,SIMU0072:User 72,GRANTED
2026,1月,13,周二,14:54:46,0FB515EE,SIMBR0284,SIMR0284,SIMU0033:User 33,GRANTED
2026,1月,13,周二,14:54:46,394DF2A8,SIMBR0247,SIMR0247,SIMU0111:User 111,GRANTED
2026,1月,13,周二,14:54:46,45BE30A8,SIMBR0325,SIMR0325,8d1a5202-9052-4f93-bf5a-4deffdf65fd3:a q,GRANTED
2026,1月,13,周二,14:54:46,4758C16D,SIMBR0080,SIMR0080,SIMU0147:User 147,GRANTED
2026,1月,13,周二,14:54:46,7CA376A0,SIMBR0145,SIMR0145,SIMU0102:User 102,GRANTED
2026,1月,13,周二,14:54:46,4DFA0FE5,SIMBR0383,SIMR0383,SIMU0255:User 255,GRANTED
2026,1月,13,周二,14:54:46,D716AAF5,SIMBR0392,SIMR0392,SIMU0170:User 170,GRANTED
2026,1月,13,周二,14:54:46,2289A51E,SIMBR0031,SIMR0031,SIMU0273:User 273,GRANTED
2026,1月,13,周二,14:54:46,1DE07196,SIMBR0121,SIMR0121,SIMU0274:User 274,GRANTED
2026,1月,13,周二,14:54:46,CA15B29F,SIMBR0108,SIMR0108,SIMU0206:User 206,GRANTED
2026,1月,13,周二,14:54:46,3B9B3EAE,SIMBR0337,SIMR0337,SIMU0144:User 144,GRANTED
2026,1月,13,周二,14:54:46,E0F41E54,SIMBR0137,SIMR0137,SIMU0176:User 176,GRANTED
2026,1月,13,周二,14:54:46,9615FFCC,SIMBR0071,SIMR0071,SIMU0010:User 10,GRANTED
2026,1月,13,周二,14:54:46,C6173DD5,BR015,RES008,SIMU0023:User 23,DENIED
2026,1月,13,周二,14:54:46,D87DCC23,SIMBR0294,SIMR0294,SIMU0006:User 6,GRANTED
2026,1月,13,周二,14:54:46,B13BB6C7,SIMBR0295,SIMR0295,SIMU0167:User 167,GRANTED
2026,1月,13,周二,14:54:46,35C69784,SIMBR0119,SIMR0119,SIMU0168:User 168,GRANTED
2026,1月,13,周二,14:54:46,BA893511,SIMBR0337,SIMR0337,SIMU0269:User 269,GRANTED
2026,1月,13,周二,14:54:46,C04BAEE8,SIMBR0222,SIMR0222,SIMU0129:User 129,GRANTED
2026,1月,13,周二,14:54:46,F0ADE55C,SIMBR0021,SIMR0021,SIMU0237:User 237,GRANTED
2026,1月,13,周二,14:54:46,2E121B44,SIMBR0050,SIMR0050,SIMU0258:User 258,GRANTED
2026,1月,13,周二,14:54:46,9FA88CE9,SIMBR0020,SIMR0020,SIMU0049:User 49,GRANTED
2026,1月,13,周二,14:54:46,A9E67E95,SIMBR0183,SIMR0183,SIMU0243:User 243,GRANTED
2026,1月,13,周二,14:54:46,E2506042,SIMBR0238,SIMR0238,SIMU0101:User 101,GRANTED
2026,1月,13,周二,14:54:46,80AC649D,SIMBR0358,SIMR0358,SIMU0088:User 88,GRANTED
2026,1月,13,周二,14:54:46,D1BB07EE,SIMBR0281,SIMR0281,SIMU0287:User 287,GRANTED
2026,1月,13,周二,14:54:46,D716AAF5,SIMBR0318,SIMR0318,SIMU0170:User 170,GRANTED
2026,1月,13,周二,14:54:46,9A00F337,SIMBR0137,SIMR0137,SIMU0285:User 285,GRANTED
2026,1月,13,周二,14:54:46,F616A325,SIMBR0127,SIMR0127,SIMU0194:User 194,GRANTED
2026,1月,13,周二,14:54:46,E775A860,SIMBR0196,SIMR0196,SIMU0248:User 248,GRANTED
2026,1月,13,周二,14:54:46,C5A57784,SIMBR0279,SIMR0279,SIMU0072:User 72,GRANTED
2026,1月,13,周二,14:54:46,6BDE4067,SIMBR0277,SIMR0277,SIMU0114:User 114,GRANTED
2026,1月,13,周二,14:54:46,85471FCB,SIMBR0193,SIMR0193,SIMU0054:User 54,GRANTED
2026,1月,13,周二,14:54:46,80AC649D,SIMBR0310,SIMR0310,SIMU0088:User 88,GRANTED
2026,1月,13,周二,14:54:46,3870BA5D,SIMBR0353,SIMR0353,SIMU0173:User 173,GRANTED
2026,1月,13,周二,14:54:46,95777979,SIMBR0372,SIMR0372,SIMU0051:User 51,GRANTED
2026,1月,13,周二,14:54:46,6213A883,SIMBR0395,SIMR0395,SIMU0249:User 249,GRANTED
2026,1月,13,周二,14:54:46,582A6476,SIMBR0126,SIMR0126,SIMU0046:User 46,GRANTED
2026,1月,13,周二,14:54:46,D0B8FC16,SIMBR0261,SIMR0261,SIMU0185:User 185,GRANTED
2026,1月,13,周二,14:54:46,E55AD432,SIMBR0220,SIMR0220,SIMU0134:User 134,GRANTED
2026,1月,13,周二,14:54:46,57DBFC15,SIMBR0357,SIMR0357,SIMU0290:User 290,GRANTED
2026,1月,13,周二,14:54:46,F832AB7A,SIMBR0166,SIMR0166,SIMU0139:User 139,GRANTED
2026,1月,13,周二,14:54:46,559213A2,SIMBR0323,SIMR0323,SIMU0047:User 47,GRANTED
2026,1月,13,周二,14:54:46,F6E7D08A,SIMBR0172,SIMR0172,SIMU0001:User 1,GRANTED
2026,1月,13,周二,14:54:46,49B45DCD,SIMBR0008,SIMR0008,SIMU0272:User 272,GRANTED
2026,1月,13,周二,14:54:46,FEF21F79,SIMBR0048,SIMR0048,SIMU0159:User 159,GRANTED
2026,1月,13,周二,14:54:46,354118DA,SIMBR0154,SIMR0154,SIMU0052:User 52,GRANTED
2026,1月,13,周二,14:54:46,7C3923AE,SIMBR0234,SIMR0234,SIMU0210:User 210,GRANTED
2026,1月,13,周二,14:54:46,AA3155BB,SIMBR0041,SIMR0041,SIMU0050:User 50,GRANTED
2026,1月,13,周二,14:54:46,7C28253F,SIMBR0393,SIMR0393,SIMU0027:User 27,GRANTED
2026,1月,13,周二,14:54:46,58B55845,SIMBR0004,SIMR0004,EMP002:Li Si,DENIED
2026,1月,13,周二,14:54:46,C584F9D3,SIMBR0121,SIMR0121,EMP001:Zhang San,DENIED
2026,1月,13,周二,14:54:46,C72DAED8,SIMBR0347,SIMR0347,SIMU0117:User 117,GRANTED
2026,1月,13,周二,14:54:46,853BC8DF,SIMBR0022,SIMR0022,SIMU0092:User 92,GRANTED
2026,1月,13,周二,14:54:46,F6E7D08A,SIMBR0121,SIMR0121,SIMU0001:User 1,GRANTED
2026,1月,13,周二,14:54:46,9A00F337,SIMBR0309,SIMR0309,SIMU0285:User 285,GRANTED
2026,1月,13,周二,14:54:46,D78DDFDE,SIMBR0165,SIMR0165,SIMU0252:User 252,GRANTED
2026,1月,13,周二,14:54:46,EFC60F14,SIMBR0311,SIMR0311,SIMU0286:User 286,GRANTED
2026,1月,13,周二,14:54:46,E137F666,BR001,RES020,SIMU0220:User 220,DENIED
2026,1月,13,周二,14:54:46,3122BEFD,SIMBR0086,SIMR0086,SIMU0066:User 66,GRANTED
2026,1月,13,周二,14:54:46,DA33A96E,SIMBR0380,SIMR0380,SIMU0190:User 190,GRANTED
2026,1月,13,周二,14:54:46,84F825EE,SIMBR0348,SIMR0348,SIMU0150:User 150,GRANTED
2026,1月,13,周二,14:54:46,5AC1CCB2,SIMBR0266,SIMR0266,SIMU0264:User 264,GRANTED
2026,1月,13,周二,14:54:46,27BDB972,SIMBR0346,SIMR0346,SIMU0244:User 244,GRANTED
2026,1月,13,周二,14:54:46,E6D64EED,SIMBR0074,SIMR0074,SIMU0105:User 105,GRANTED
2026,1月,13,周二,14:54:46,7C3923AE,SIMBR0299,SIMR0299,SIMU0210:User 210,GRANTED
2026,1月,13,周二,14:54:46,3B7FFD92,SIMBR0235,SIMR0235,SIMU0256:User 256,GRANTED
2026,1月,13,周二,14:54:46,CA296753,BR026,RES019,SIMU0055:User 55,DENIED
2026,1月,13,周二,14:54:46,37FA6637,SIMBR0266,SIMR0266,SIMU0199:User 199,GRANTED
2026,1月,13,周二,14:54:46,A5A16F78,SIMBR0135,SIMR0135,SIMU0294:User 294,GRANTED
2026,1月,13,周二,14:54:46,11BD165A,SIMBR0193,SIMR0193,SIMU0154:User 154,GRANTED
2026,1月,13,周二,14:54:46,1792E539,SIMBR0203,SIMR0203,SIMU0292:User 292,GRANTED
2026,1月,13,周二,14:54:46,9615FFCC,SIMBR0172,SIMR0172,SIMU0010:User 10,GRANTED
2026,1月,13,周二,14:54:46,B6F02DDB,SIMBR0288,SIMR0288,SIMU0156:User 156,GRANTED
2026,1月,13,周二,14:54:46,359F9D02,SIMBR0187,SIMR0187,SIMU0087:User 87,GRANTED
2026,1月,13,周二,14:54:46,24546BD0,SIMBR0112,SIMR0112,SIMU0251:User 251,GRANTED
2026,1月,13,周二,14:54:46,D6BC3463,SIMBR0265,SIMR0265,SIMU0037:User 37,GRANTED
2026,1月,13,周二,14:54:46,C0993563,SIMBR0348,SIMR0348,SIMU0209:User 209,GRANTED
2026,1月,13,周二,14:54:46,80BC1A17,SIMBR0294,SIMR0294,SIMU0112:User 112,GRANTED
2026,1月,13,周二,14:54:46,C46D887F,SIMBR0339,SIMR0339,SIMU0254:User 254,GRANTED
2026,1月,13,周二,14:54:46,359F9D02,SIMBR0390,SIMR0390,SIMU0087:User 87,GRANTED
2026,1月,13,周二,14:54:46,D716AAF5,SIMBR0236,SIMR0236,SIMU0170:User 170,GRANTED
2026,1月,13,周二,14:54:46,53A1B264,SIMBR0001,SIMR0001,SIMU0017:User 17,GRANTED
2026,1月,13,周二,14:54:46,EFC60F14,SIMBR0331,SIMR0331,SIMU0286:User 286,GRANTED
2026,1月,13,周二,14:54:46,AB055C88,SIMBR0279,SIMR0279,SIMU0024:User 24,GRANTED
2026,1月,13,周二,14:54:46,128D7B1F,SIMBR0371,SIMR0371,SIMU0121:User 121,GRANTED
2026,1月,13,周二,14:54:46,BA821DBA,SIMBR0104,SIMR0104,SIMU0148:User 148,GRANTED
2026,1月,13,周二,14:54:46,9A00F337,SIMBR0018,SIMR0018,SIMU0285:User 285,GRANTED
2026,1月,13,周二,14:54:46,6714B510,SIMBR0269,SIMR0269,SIMU0160:User 160,GRANTED
2026,1月,13,周二,14:54:46,80AC649D,SIMBR0073,SIMR0073,SIMU0088:User 88,GRANTED
2026,1月,13,周二,14:54:46,E393950E,SIMBR0099,SIMR0099,SIMU0195:User 195,GRANTED
2026,1月,13,周二,14:54:46,0DE450B1,SIMBR0084,SIMR0084,SIMU0016:User 16,GRANTED
2026,1月,13,周二,14:54:46,78D4B102,SIMBR0267,SIMR0267,SIMU0283:User 283,GRANTED
2026,1月,13,周二,14:54:46,FBFF5A63,SIMBR0367,SIMR0367,SIMU0184:User 184,GRANTED
2026,1月,13,周二,14:54:46,CA15B29F,SIMBR0295,SIMR0295,SIMU0206:User 206,GRANTED
2026,1月,13,周二,14:54:46,C0CB4AFF,SIMBR0055,SIMR0055,SIMU0235:User 235,GRANTED
2026,1月,13,周二,14:54:46,8BF81A2A,SIMBR0277,SIMR0277,SIMU0233:User 233,GRANTED
2026,1月,13,周二,14:54:46,97A9597E,SIMBR0027,SIMR0027,SIMU0030:User 30,GRANTED
2026,1月,13,周二,14:54:46,41981850,SIMBR0224,SIMR0224,SIMU0263:User 263,GRANTED
2026,1月,13,周二,14:54:46,B77EBDC0,SIMBR0180,SIMR0180,SIMU0203:User 203,GRANTED
2026,1月,13,周二,14:54:46,C2EDBC0C,SIMBR0280,SIMR0280,SIMU0226:User 226,GRANTED
2026,1月,13,周二,14:54:46,72A4E470,SIMBR0384,SIMR0384,SIMU0268:User 268,GRANTED
2026,1月,13,周二,14:54:46,5560EC7D,SIMBR0141,SIMR0141,SIMU0109:User 109,GRANTED
2026,1月,13,周二,14:54:46,1A3D1ED6,BR006,RES002,SIMU0231:User 231,DENIED
2026,1月,13,周二,14:54:46,290F7C52,SIMBR0239,SIMR0239,SIMU0216:User 216,GRANTED
2026,1月,13,周二,14:54:46,B0DFB305,SIMBR0025,SIMR0025,SIMU0151:User 151,GRANTED
2026,1月,13,周二,14:54:46,874CC50E,SIMBR0133,SIMR0133,SIMU0036:User 36,GRANTED
2026,1月,13,周二,14:54:46,643D2F0C,SIMBR0220,SIMR0220,SIMU0048:User 48,GRANTED
2026,1月,13,周二,14:54:46,3A395E30,SIMBR0298,SIMR0298,SIMU0280:User 280,GRANTED
2026,1月,13,周二,14:54:46,4FC5D562,SIMBR0007,SIMR0007,SIMU0275:User 275,GRANTED
2026,1月,13,周二,14:54:46,C3943F18,SIMBR0113,SIMR0113,SIMU0113:User 113,GRANTED
2026,1月,13,周二,14:54:47,CEC0E003,SIMBR0387,SIMR0387,SIMU0009:User 9,GRANTED
2026,1月,13,周二,14:54:47,2289A51E,SIMBR0378,SIMR0378,SIMU0273:User 273,GRANTED
2026,1月,13,周二,14:54:47,7CA376A0,SIMBR0395,SIMR0395,SIMU0102:User 102,GRANTED
2026,1月,13,周二,14:54:47,F1D4B1B6,SIMBR0141,SIMR0141,SIMU0247:User 247,GRANTED
2026,1月,13,周二,14:54:47,16ED8B1D,SIMBR0173,SIMR0173,SIMU0073:User 73,GRANTED
2026,1月,13,周二,14:54:47,518BCEDD,SIMBR0080,SIMR0080,SIMU0011:User 11,GRANTED
2026,1月,13,周二,14:54:47,E6D64EED,BR004,RES001,SIMU0105:User 105,DENIED
2026,1月,13,周二,14:54:47,A74F536B,SIMBR0285,SIMR0285,SIMU0097:User 97,GRANTED
2026,1月,13,周二,14:54:47,11BD165A,SIMBR0344,SIMR0344,SIMU0154:User 154,GRANTED
2026,1月,13,周二,14:54:47,354118DA,SIMBR0092,SIMR0092,SIMU0052:User 52,GRANTED
2026,1月,13,周二,14:54:47,81F12C1B,SIMBR0345,SIMR0345,SIMU0200:User 200,GRANTED
2026,1月,13,周二,14:54:47,C57735BB,SIMBR0238,SIMR0238,SIMU0242:User 242,GRANTED
2026,1月,13,周二,14:54:47,24546BD0,BR001,RES020,SIMU0251:User 251,DENIED
2026,1月,13,周二,14:54:47,4DFA0FE5,SIMBR0330,SIMR0330,SIMU0255:User 255,GRANTED
2026,1月,13,周二,14:54:47,3A395E30,SIMBR0261,SIMR0261,SIMU0280:User 280,GRANTED
2026,1月,13,周二,14:54:47,A2903A49,SIMBR0090,SIMR0090,SIMU0043:User 43,GRANTED
2026,1月,13,周二,14:54:47,F0ADE55C,SIMBR0060,SIMR0060,SIMU0237:User 237,GRANTED
2026,1月,13,周二,14:54:47,61095621,SIMBR0129,SIMR0129,SIMU0137:User 137,GRANTED
2026,1月,13,周二,14:54:47,6BDE4067,SIMBR0088,SIMR0088,SIMU0114:User 114,GRANTED
2026,1月,13,周二,14:54:47,E116EA41,SIMBR0258,SIMR0258,SIMU0127:User 127,GRANTED
2026,1月,13,周二,14:54:47,E116EA41,SIMBR0010,SIMR0010,SIMU0127:User 127,GRANTED
2026,1月,13,周二,14:54:47,DCB76AA3,SIMBR0165,SIMR0165,SIMU0228:User 228,GRANTED
2026,1月,13,周二,14:54:47,66FC8294,SIMBR0137,SIMR0137,SIMU0180:User 180,GRANTED
2026,1月,13,周二,14:54:47,FBFF5A63,SIMBR0023,SIMR0023,SIMU0184:User 184,GRANTED
2026,1月,13,周二,14:54:47,9A00F337,SIMBR0046,SIMR0046,SIMU0285:User 285,GRANTED
2026,1月,13,周二,14:54:47,54C5EDBD,SIMBR0063,SIMR0063,SIMU0145:User 145,GRANTED
2026,1月,13,周二,14:54:47,F0ADE55C,SIMBR0188,SIMR0188,SIMU0237:User 237,GRANTED
2026,1月,13,周二,14:54:47,69A8F764,SIMBR0329,SIMR0329,SIMU0240:User 240,GRANTED
2026,1月,13,周二,14:54:47,7CA376A0,SIMBR0303,SIMR0303,SIMU0102:User 102,GRANTED
2026,1月,13,周二,14:54:47,F04FDB11,SIMBR0102,SIMR0102,SIMU0125:User 125,GRANTED
2026,1月,13,周二,14:54:47,C1CE8342,SIMBR0128,SIMR0128,SIMU0018:User 18,GRANTED
2026,1月,13,周二,14:54:47,3A395E30,SIMBR0085,SIMR0085,SIMU0280:User 280,GRANTED
2026,1月,13,周二,14:54:47,F616A325,SIMBR0206,SIMR0206,SIMU0194:User 194,GRANTED
2026,1月,13,周二,14:54:47,D3799252,SIMBR0325,SIMR0325,SIMU0022:User 22,GRANTED
2026,1月,13,周二,14:54:47,8884A944,SIMBR0393,SIMR0393,SIMU0295:User 295,GRANTED
2026,1月,13,周二,14:54:47,37FA6637,BR012,RES005,SIMU0199:User 199,DENIED
2026,1月,13,周二,14:54:47,69A8F764,SIMBR0101,SIMR0101,SIMU0240:User 240,GRANTED
2026,1月,13,周二,14:54:47,A4F77AE3,BR002,RES021,SIMU0031:User 31,DENIED
2026,1月,13,周二,14:54:47,CA296753,SIMBR0173,SIMR0173,SIMU0055:User 55,GRANTED
2026,1月,13,周二,14:54:47,7B092D88,SIMBR0393,SIMR0393,SIMU0236:User 236,GRANTED
2026,1月,13,周二,14:54:47,44B3ADEE,SIMBR0019,SIMR0019,SIMU0157:User 157,GRANTED
2026,1月,13,周二,14:54:47,290F7C52,SIMBR0138,SIMR0138,SIMU0216:User 216,GRANTED
2026,1月,13,周二,14:54:47,CB2FA116,SIMBR0177,SIMR0177,SIMU0172:User 172,GRANTED
2026,1月,13,周二,14:54:47,068AFAB6,SIMBR0174,SIMR0174,SIMU0115:User 115,GRANTED
2026,1月,13,周二,14:54:47,F3B58DFF,SIMBR0268,SIMR0268,SIMU0076:User 76,GRANTED
2026,1月,13,周二,14:54:47,3122BEFD,SIMBR0385,SIMR0385,SIMU0066:User 66,GRANTED
2026,1月,13,周二,14:54:47,53A1B264,SIMBR0381,SIMR0381,SIMU0017:User 17,GRANTED
2026,1月,13,周二,14:54:47,21A13EE6,SIMBR0360,SIMR0360,SIMU0133:User 133,GRANTED
2026,1月,13,周二,14:54:47,24546BD0,SIMBR0317,SIMR0317,SIMU0251:User 251,GRANTED
2026,1月,13,周二,14:54:47,3870BA5D,SIMBR0359,SIMR0359,SIMU0173:User 173,GRANTED
2026,1月,13,周二,14:54:47,CB0F203D,SIMBR0113,SIMR0113,SIMU0124:User 124,GRANTED
2026,1月,13,周二,14:54:47,21A13EE6,SIMBR0079,SIMR0079,SIMU0133:User 133,GRANTED
2026,1月,13,周二,14:54:47,21A13EE6,SIMBR0058,SIMR0058,SIMU0133:User 133,GRANTED
2026,1月,13,周二,14:54:47,F04FDB11,SIMBR0365,SIMR0365,SIMU0125:User 125,GRANTED
2026,1月,13,周二,14:54:47,7C28253F,SIMBR0054,SIMR0054,SIMU0027:User 27,GRANTED
2026,1月,13,周二,14:54:47,E55AD432,SIMBR0135,SIMR0135,SIMU0134:User 134,GRANTED
2026,1月,13,周二,14:54:47,18788AAF,SIMBR0158,SIMR0158,SIMU0298:User 298,GRANTED
2026,1月,13,周二,14:54:47,A234EF8B,SIMBR0065,SIMR0065,SIMU0069:User 69,GRANTED
2026,1月,13,周二,14:54:47,2C249415,SIMBR0229,SIMR0229,SIMU0276:User 276,GRANTED
2026,1月,13,周二,14:54:47,181D33C7,SIMBR0345,SIMR0345,SIMU0227:User 227,GRANTED
2026,1月,13,周二,14:54:47,1CA3AA4C,SIMBR0044,SIMR0044,SIMU0014:User 14,GRANTED
2026,1月,13,周二,14:54:47,7B914E9E,SIMBR0276,SIMR0276,SIMU0215:User 215,GRANTED
2026,1月,13,周二,14:54:47,20917633,SIMBR0169,SIMR0169,SIMU0296:User 296,GRANTED
2026,1月,13,周二,14:54:47,A9E67E95,SIMBR0339,SIMR0339,SIMU0243:User 243,GRANTED
2026,1月,13,周二,14:54:47,56C4C8CF,SIMBR0370,SIMR0370,SIMU0077:User 77,GRANTED
2026,1月,13,周二,14:54:47,27BDB972,SIMBR0011,SIMR0011,SIMU0244:User 244,GRANTED
2026,1月,13,周二,14:54:47,F9B71846,SIMBR0087,SIMR0087,SIMU0196:User 196,GRANTED
2026,1月,13,周二,14:54:47,8BF81A2A,SIMBR0069,SIMR0069,SIMU0233:User 233,GRANTED
2026,1月,13,周二,14:54:47,47C3A99F,SIMBR0338,SIMR0338,SIMU0136:User 136,GRANTED
2026,1月,13,周二,14:54:47,A5DEC594,SIMBR0316,SIMR0316,SIMU0084:User 84,GRANTED
2026,1月,13,周二,14:54:47,BA1008EF,SIMBR0152,SIMR0152,SIMU0083:User 83,GRANTED
2026,1月,13,周二,14:54:47,B0B2BCE6,SIMBR0142,SIMR0142,SIMU0208:User 208,GRANTED
2026,1月,13,周二,14:54:47,5560EC7D,SIMBR0078,SIMR0078,SIMU0109:User 109,GRANTED
2026,1月,13,周二,14:54:47,0FB515EE,SIMBR0108,SIMR0108,SIMU0033:User 33,GRANTED
2026,1月,13,周二,14:54:47,F1D4B1B6,SIMBR0045,SIMR0045,SIMU0247:User 247,GRANTED
2026,1月,13,周二,14:54:47,C72DAED8,SIMBR0297,SIMR0297,SIMU0117:User 117,GRANTED
2026,1月,13,周二,14:54:47,C3943F18,SIMBR0058,SIMR0058,SIMU0113:User 113,GRANTED
2026,1月,13,周二,14:54:47,FC9C0D71,SIMBR0042,SIMR0042,SIMU0093:User 93,GRANTED
2026,1月,13,周二,14:54:47,BC450719,SIMBR0006,SIMR0006,SIMU0013:User 13,GRANTED
2026,1月,13,周二,14:54:47,4FC5D562,SIMBR0263,SIMR0263,SIMU0275:User 275,GRANTED
2026,1月,13,周二,14:54:47,A5DEC594,SIMBR0080,SIMR0080,SIMU0084:User 84,GRANTED
2026,1月,13,周二,14:54:47,EEC38563,SIMBR0399,SIMR0399,SIMU0141:User 141,GRANTED
2026,1月,13,周二,14:54:47,CBD2A48A,SIMBR0050,SIMR0050,SIMU0021:User 21,GRANTED
2026,1月,13,周二,14:54:47,701D5B3A,SIMBR0009,SIMR0009,SIMU0211:User 211,GRANTED
2026,1月,13,周二,14:54:47,BA6DDD0B,SIMBR0019,SIMR0019,SIMU0146:User 146,GRANTED
2026,1月,13,周二,14:54:47,701D5B3A,SIMBR0160,SIMR0160,SIMU0211:User 211,GRANTED
2026,1月,13,周二,14:54:47,C39400FA,SIMBR0088,SIMR0088,SIMU0078:User 78,GRANTED
2026,1月,13,周二,14:54:47,F6E7D08A,SIMBR0053,SIMR0053,SIMU0001:User 1,GRANTED
2026,1月,13,周二,14:54:47,2D060B76,BR018,RES011,SIMU0162:User 162,DENIED
2026,1月,13,周二,14:54:47,15AB7C7D,SIMBR0036,SIMR0036,SIMU0096:User 96,GRANTED
2026,1月,13,周二,14:54:47,7B914E9E,SIMBR0156,SIMR0156,SIMU0215:User 215,GRANTED
2026,1月,13,周二,14:54:47,D87DCC23,BR026,RES019,SIMU0006:User 6,DENIED
2026,1月,13,周二,14:54:47,A74F536B,SIMBR0058,SIMR0058,SIMU0097:User 97,GRANTED
2026,1月,13,周二,14:54:47,1DE07196,SIMBR0103,SIMR0103,SIMU0274:User 274,GRANTED
2026,1月,13,周二,14:54:47,4B59E256,SIMBR0156,SIMR0156,SIMU0182:User 182,GRANTED
2026,1月,13,周二,14:54:47,29200997,SIMBR0207,SIMR0207,SIMU0186:User 186,GRANTED
2026,1月,13,周二,14:54:47,33F39C8F,SIMBR0342,SIMR0342,SIMU0205:User 205,GRANTED
2026,1月,13,周二,14:54:47,A0043AC2,SIMBR0110,SIMR0110,SIMU0040:User 40,GRANTED
2026,1月,13,周二,14:54:47,8C19D42A,SIMBR0029,SIMR0029,SIMU0284:User 284,GRANTED
2026,1月,13,周二,14:54:47,B3E8626A,SIMBR0147,SIMR0147,SIMU0239:User 239,GRANTED
2026,1月,13,周二,14:54:47,E2506042,SIMBR0028,SIMR0028,SIMU0101:User 101,GRANTED
2026,1月,13,周二,14:54:47,BC450719,SIMBR0360,SIMR0360,SIMU0013:User 13,GRANTED
2026,1月,13,周二,14:54:47,290F7C52,SIMBR0072,SIMR0072,SIMU0216:User 216,GRANTED
2026,1月,13,周二,14:54:47,C72DAED8,SIMBR0362,SIMR0362,SIMU0117:User 117,GRANTED
2026,1月,13,周二,14:54:47,B0B2BCE6,BR006,RES002,SIMU0208:User 208,DENIED
2026,1月,13,周二,14:54:47,C50459DB,SIMBR0290,SIMR0290,SIMU0262:User 262,GRANTED
2026,1月,13,周二,14:54:47,6E7782F8,BR012,RES005,INT001:Zhao Liu,GRANTED
2026,1月,13,周二,14:54:47,5D5C3450,SIMBR0286,SIMR0286,SIMU0131:User 131,GRANTED
2026,1月,13,周二,14:54:47,C39400FA,BR026,RES019,SIMU0078:User 78,DENIED
2026,1月,13,周二,14:54:47,01513E26,SIMBR0165,SIMR0165,SIMU0181:User 181,GRANTED
2026,1月,13,周二,14:54:47,01513E26,SIMBR0172,SIMR0172,SIMU0181:User 181,GRANTED
2026,1月,13,周二,14:54:47,F3B58DFF,SIMBR0009,SIMR0009,SIMU0076:User 76,GRANTED
2026,1月,13,周二,14:54:47,359F9D02,SIMBR0331,SIMR0331,SIMU0087:User 87,GRANTED
2026,1月,13,周二,14:54:47,1DE07196,SIMBR0223,SIMR0223,SIMU0274:User 274,GRANTED
2026,1月,13,周二,14:54:47,7CA376A0,SIMBR0229,SIMR0229,SIMU0102:User 102,GRANTED
2026,1月,13,周二,14:54:47,273F3B3E,SIMBR0342,SIMR0342,SIMU0224:User 224,GRANTED
2026,1月,13,周二,14:54:47,B33C40D7,SIMBR0175,SIMR0175,SIMU0015:User 15,GRANTED
2026,1月,13,周二,14:54:47,518BCEDD,SIMBR0362,SIMR0362,SIMU0011:User 11,GRANTED
2026,1月,13,周二,14:54:47,C5A57784,SIMBR0017,SIMR0017,SIMU0072:User 72,GRANTED
2026,1月,13,周二,14:54:47,0641BA46,SIMBR0246,SIMR0246,SIMU0085:User 85,GRANTED
2026,1月,13,周二,14:54:47,56619802,SIMBR0031,SIMR0031,SIMU0202:User 202,GRANTED
2026,1月,13,周二,14:54:47,CB1ACCC7,SIMBR0230,SIMR0230,SIMU0110:User 110,GRANTED
2026,1月,13,周二,14:54:47,D78DDFDE,SIMBR0123,SIMR0123,SIMU0252:User 252,GRANTED
2026,1月,13,周二,14:54:47,F6E7D08A,SIMBR0007,SIMR0007,SIMU0001:User 1,GRANTED
2026,1月,13,周二,14:54:47,4758C16D,SIMBR0328,SIMR0328,SIMU0147:User 147,GRANTED
2026,1月,13,周二,14:54:47,CA296753,SIMBR0277,SIMR0277,SIMU0055:User 55,GRANTED
2026,1月,13,周二,14:54:47,0FB515EE,SIMBR0297,SIMR0297,SIMU0033:User 33,GRANTED
2026,1月,13,周二,14:54:47,94264C0C,SIMBR0218,SIMR0218,SIMU0118:User 118,GRANTED
2026,1月,13,周二,14:54:47,6B7D13ED,SIMBR0123,SIMR0123,SIMU0191:User 191,GRANTED
2026,1月,13,周二,14:54:47,21A13EE6,SIMBR0328,SIMR0328,SIMU0133:User 133,GRANTED
2026,1月,13,周二,14:54:47,5C4195BE,SIMBR0116,SIMR0116,SIMU0288:User 288,GRANTED
2026,1月,13,周二,14:54:47,F9B71846,SIMBR0178,SIMR0178,SIMU0196:User 196,GRANTED
2026,1月,13,周二,14:54:47,CA15B29F,SIMBR0195,SIMR0195,SIMU0206:User 206,GRANTED
2026,1月,13,周二,14:54:47,5C4195BE,SIMBR0305,SIMR0305,SIMU0288:User 288,GRANTED
2026,1月,13,周二,14:54:47,E93FF152,SIMBR0093,SIMR0093,SIMU0197:User 197,GRANTED
2026,1月,13,周二,14:54:47,4AF57AEF,SIMBR0229,SIMR0229,SIMU0193:User 193,GRANTED
2026,1月,13,周二,14:54:47,D0B8FC16,SIMBR0346,SIMR0346,SIMU0185:User 185,GRANTED
2026,1月,13,周二,14:54:47,E393950E,SIMBR0275,SIMR0275,SIMU0195:User 195,GRANTED
2026,1月,13,周二,14:54:47,A0043AC2,SIMBR0022,SIMR0022,SIMU0040:User 40,GRANTED
2026,1月,13,周二,14:54:47,80AC649D,SIMBR0067,SIMR0067,SIMU0088:User 88,GRANTED
2026,1月,13,周二,14:54:47,9D3B8CFC,SIMBR0138,SIMR0138,SIMU0095:User 95,GRANTED
2026,1月,13,周二,14:54:47,C72DAED8,SIMBR0348,SIMR0348,SIMU0117:User 117,GRANTED
2026,1月,13,周二,14:54:47,80AC649D,SIMBR0102,SIMR0102,SIMU0088:User 88,GRANTED
2026,1月,13,周二,14:54:47,643D2F0C,SIMBR0009,SIMR0009,SIMU0048:User 48,GRANTED
2026,1月,13,周二,14:54:47,273F3B3E,SIMBR0095,SIMR0095,SIMU0224:User 224,GRANTED
2026,1月,13,周二,14:54:47,A2903A49,SIMBR0165,SIMR0165,SIMU0043:User 43,GRANTED
2026,1月,13,周二,14:54:47,628D5BBC,SIMBR0366,SIMR0366,SIMU0041:User 41,GRANTED
2026,1月,13,周二,14:54:47,DF7754DF,SIMBR0137,SIMR0137,SIMU0019:User 19,GRANTED
2026,1月,13,周二,14:54:47,95777979,SIMBR0319,SIMR0319,SIMU0051:User 51,GRANTED
2026,1月,13,周二,14:54:47,7BEB2168,SIMBR0304,SIMR0304,SIMU0282:User 282,GRANTED
2026,1月,13,周二,14:54:47,2D060B76,SIMBR0072,SIMR0072,SIMU0162:User 162,GRANTED
2026,1月,13,周二,14:54:47,8B29C7CC,SIMBR0031,SIMR0031,SIMU0175:User 175,GRANTED
2026,1月,13,周二,14:54:47,78D74DDD,BR003,RES022,VIS001:Qian Qi,DENIED
2026,1月,13,周二,14:54:47,57DBFC15,SIMBR0371,SIMR0371,SIMU0290:User 290,GRANTED
2026,1月,13,周二,14:54:47,1EBD89C8,SIMBR0268,SIMR0268,SIMU0123:User 123,GRANTED
2026,1月,13,周二,14:54:47,58B690ED,SIMBR0017,SIMR0017,SIMU0081:User 81,GRANTED
2026,1月,13,周二,14:54:47,D0B8FC16,SIMBR0109,SIMR0109,SIMU0185:User 185,GRANTED
2026,1月,13,周二,14:54:47,C7C3B16D,BR004,RES001,SIMU0259:User 259,DENIED
2026,1月,13,周二,14:54:47,58B55845,SIMBR0358,SIMR0358,EMP002:Li Si,DENIED
2026,1月,13,周二,14:54:47,C2F816DD,SIMBR0082,SIMR0082,SIMU0266:User 266,GRANTED
2026,1月,13,周二,14:54:47,45BE30A8,SIMBR0309,SIMR0309,8d1a5202-9052-4f93-bf5a-4deffdf65fd3:a q,GRANTED
2026,1月,13,周二,14:54:47,EFC60F14,BR014,RES007,SIMU0286:User 286,DENIED
2026,1月,13,周二,14:54:47,33F39C8F,SIMBR0102,SIMR0102,SIMU0205:User 205,GRANTED
2026,1月,13,周二,14:54:47,CD0D9101,BR022,RES015,SIMU0135:User 135,DENIED
2026,1月,13,周二,14:54:47,C46D887F,SIMBR0230,SIMR0230,SIMU0254:User 254,GRANTED
2026,1月,13,周二,14:54:47,5AC1CCB2,BR015,RES008,SIMU0264:User 264,DENIED
2026,1月,13,周二,14:54:47,2EEB40A9,SIMBR0127,SIMR0127,SIMU0260:User 260,GRANTED
2026,1月,13,周二,14:54:47,50B332C8,SIMBR0145,SIMR0145,SIMU0122:User 122,GRANTED
2026,1月,13,周二,14:54:47,F3B58DFF,SIMBR0258,SIMR0258,SIMU0076:User 76,GRANTED
2026,1月,13,周二,14:54:47,1792E539,SIMBR0189,SIMR0189,SIMU0292:User 292,GRANTED
2026,1月,13,周二,14:54:47,B13BB6C7,SIMBR0271,SIMR0271,SIMU0167:User 167,GRANTED
2026,1月,13,周二,14:54:47,8BF81A2A,SIMBR0363,SIMR0363,SIMU0233:User 233,GRANTED
2026,1月,13,周二,14:54:47,FE83648E,SIMBR0192,SIMR0192,SIMU0142:User 142,GRANTED
2026,1月,13,周二,14:54:47,10321BC3,SIMBR0377,SIMR0377,SIMU0042:User 42,GRANTED
2026,1月,13,周二,14:54:47,D0171F97,BR011,RES026,SIMU0032:User 32,DENIED
2026,1月,13,周二,14:54:47,9615FFCC,SIMBR0017,SIMR0017,SIMU0010:User 10,GRANTED
2026,1月,13,周二,14:54:47,273F3B3E,SIMBR0258,SIMR0258,SIMU0224:User 224,GRANTED
2026,1月,13,周二,14:54:47,905C3DCB,SIMBR0077,SIMR0077,SIMU0070:User 70,GRANTED
2026,1月,13,周二,14:54:47,2289A51E,SIMBR0114,SIMR0114,SIMU0273:User 273,GRANTED
2026,1月,13,周二,14:54:47,58B690ED,BR008,RES003,SIMU0081:User 81,DENIED
2026,1月,13,周二,14:54:47,CB2FA116,SIMBR0051,SIMR0051,SIMU0172:User 172,GRANTED
2026,1月,13,周二,14:54:47,CA296753,SIMBR0381,SIMR0381,SIMU0055:User 55,GRANTED
2026,1月,13,周二,14:54:47,50B332C8,SIMBR0055,SIMR0055,SIMU0122:User 122,GRANTED
2026,1月,13,周二,14:54:47,24A968FA,SIMBR0200,SIMR0200,SIMU0241:User 241,GRANTED
2026,1月,13,周二,14:54:47,F3B58DFF,SIMBR0092,SIMR0092,SIMU0076:User 76,GRANTED
2026,1月,13,周二,14:54:47,7C3923AE,SIMBR0283,SIMR0283,SIMU0210:User 210,GRANTED
2026,1月,13,周二,14:54:47,7C3923AE,SIMBR0040,SIMR0040,SIMU0210:User 210,GRANTED
2026,1月,13,周二,14:54:47,80BC1A17,SIMBR0002,SIMR0002,SIMU0112:User 112,GRANTED
2026,1月,13,周二,14:54:47,18788AAF,SIMBR0107,SIMR0107,SIMU0298:User 298,GRANTED
2026,1月,13,周二,14:54:47,54722E38,SIMBR0206,SIMR0206,SIMU0222:User 222,GRANTED
2026,1月,13,周二,14:54:47,D78DDFDE,BR014,RES007,SIMU0252:User 252,DENIED
2026,1月,13,周二,14:54:47,57ED1495,SIMBR0357,SIMR0357,SIMU0250:User 250,GRANTED
2026,1月,13,周二,14:54:47,E8751622,SIMBR0304,SIMR0304,SIMU0161:User 161,GRANTED
2026,1月,13,周二,14:54:47,58B55845,BR022,RES015,EMP002:Li Si,DENIED
2026,1月,13,周二,14:54:47,33F39C8F,SIMBR0059,SIMR0059,SIMU0205:User 205,GRANTED
2026,1月,13,周二,14:54:47,1792E539,SIMBR0046,SIMR0046,SIMU0292:User 292,GRANTED
2026,1月,13,周二,14:54:47,95777979,SIMBR0261,SIMR0261,SIMU0051:User 51,GRANTED
2026,1月,13,周二,14:54:47,85471FCB,SIMBR0023,SIMR0023,SIMU0054:User 54,GRANTED
2026,1月,13,周二,14:54:47,DB66EC85,SIMBR0395,SIMR0395,SIMU0100:User 100,GRANTED
2026,1月,13,周二,14:54:47,24A968FA,SIMBR0146,SIMR0146,SIMU0241:User 241,GRANTED
2026,1月,13,周二,14:54:48,CBD2A48A,SIMBR0366,SIMR0366,SIMU0021:User 21,GRANTED
2026,1月,13,周二,14:54:48,80BC1A17,SIMBR0128,SIMR0128,SIMU0112:User 112,GRANTED
2026,1月,13,周二,14:54:48,A234EF8B,SIMBR0027,SIMR0027,SIMU0069:User 69,GRANTED
2026,1月,13,周二,14:54:48,B3E8626A,SIMBR0372,SIMR0372,SIMU0239:User 239,GRANTED
2026,1月,13,周二,14:54:48,D0B8FC16,BR012,RES005,SIMU0185:User 185,DENIED
2026,1月,13,周二,14:54:48,85471FCB,SIMBR0181,SIMR0181,SIMU0054:User 54,GRANTED
2026,1月,13,周二,14:54:48,9615FFCC,SIMBR0323,SIMR0323,SIMU0010:User 10,GRANTED
2026,1月,13,周二,14:54:48,B1990B96,SIMBR0035,SIMR0035,SIMU0106:User 106,GRANTED
2026,1月,13,周二,14:54:48,E116EA41,SIMBR0375,SIMR0375,SIMU0127:User 127,GRANTED
2026,1月,13,周二,14:54:48,46895123,SIMBR0205,SIMR0205,SIMU0132:User 132,GRANTED
2026,1月,13,周二,14:54:48,128D7B1F,SIMBR0039,SIMR0039,SIMU0121:User 121,GRANTED
2026,1月,13,周二,14:54:48,3A52D444,SIMBR0350,SIMR0350,SIMU0166:User 166,GRANTED
2026,1月,13,周二,14:54:48,F832AB7A,SIMBR0203,SIMR0203,SIMU0139:User 139,GRANTED
2026,1月,13,周二,14:54:48,A5A16F78,SIMBR0146,SIMR0146,SIMU0294:User 294,GRANTED
2026,1月,13,周二,14:54:48,6A6279C3,SIMBR0316,SIMR0316,SIMU0178:User 178,GRANTED
2026,1月,13,周二,14:54:48,C169BAEB,SIMBR0125,SIMR0125,SIMU0174:User 174,GRANTED
2026,1月,13,周二,14:54:48,95777979,SIMBR0322,SIMR0322,SIMU0051:User 51,GRANTED
2026,1月,13,周二,14:54:48,B1990B96,BR009,RES025,SIMU0106:User 106,DENIED
2026,1月,13,周二,14:54:48,5334DCE6,SIMBR0038,SIMR0038,SIMU0179:User 179,GRANTED
2026,1月,13,周二,14:54:48,E137F666,SIMBR0346,SIMR0346,SIMU0220:User 220,GRANTED
2026,1月,13,周二,14:54:48,47A80030,SIMBR0256,SIMR0256,SIMU0234:User 234,GRANTED
2026,1月,13,周二,14:54:48,354118DA,SIMBR0355,SIMR0355,SIMU0052:User 52,GRANTED
2026,1月,13,周二,14:54:48,3EA1EF87,SIMBR0135,SIMR0135,SIMU0229:User 229,GRANTED
2026,1月,13,周二,14:54:48,2D060B76,SIMBR0228,SIMR0228,SIMU0162:User 162,GRANTED
2026,1月,13,周二,14:54:48,B33C40D7,SIMBR0015,SIMR0015,SIMU0015:User 15,GRANTED
2026,1月,13,周二,14:54:48,2E121B44,SIMBR0339,SIMR0339,SIMU0258:User 258,GRANTED
2026,1月,13,周二,14:54:48,628D5BBC,SIMBR0233,SIMR0233,SIMU0041:User 41,GRANTED
2026,1月,13,周二,14:54:48,BA841717,SIMBR0378,SIMR0378,SIMU0064:User 64,GRANTED
2026,1月,13,周二,14:54:48,0EA23D3A,SIMBR0325,SIMR0325,SIMU0062:User 62,GRANTED
2026,1月,13,周二,14:54:48,B095C629,SIMBR0110,SIMR0110,SIMU0257:User 257,GRANTED
2026,1月,13,周二,14:54:48,C46D887F,SIMBR0358,SIMR0358,SIMU0254:User 254,GRANTED
2026,1月,13,周二,14:54:48,69A8F764,SIMBR0162,SIMR0162,SIMU0240:User 240,GRANTED
2026,1月,13,周二,14:54:48,54722E38,SIMBR0297,SIMR0297,SIMU0222:User 222,GRANTED
2026,1月,13,周二,14:54:48,7413D955,SIMBR0388,SIMR0388,SIMU0075:User 75,GRANTED
2026,1月,13,周二,14:54:48,4D83FE2E,SIMBR0150,SIMR0150,SIMU0056:User 56,GRANTED
2026,1月,13,周二,14:54:48,5334DCE6,SIMBR0087,SIMR0087,SIMU0179:User 179,GRANTED
2026,1月,13,周二,14:54:48,AA3155BB,SIMBR0232,SIMR0232,SIMU0050:User 50,GRANTED
2026,1月,13,周二,14:54:48,F8F80D07,SIMBR0088,SIMR0088,SIMU0253:User 253,GRANTED
2026,1月,13,周二,14:54:48,5560EC7D,BR016,RES009,SIMU0109:User 109,DENIED
2026,1月,13,周二,14:54:48,6F12BFA3,BR010,RES004,SIMU0218:User 218,DENIED
2026,1月,13,周二,14:54:48,FC05A793,SIMBR0145,SIMR0145,SIMU0071:User 71,GRANTED
2026,1月,13,周二,14:54:48,D87DCC23,SIMBR0269,SIMR0269,SIMU0006:User 6,GRANTED
2026,1月,13,周二,14:54:48,BEBCE825,SIMBR0173,SIMR0173,SIMU0270:User 270,GRANTED
2026,1月,13,周二,14:54:48,DCB76AA3,SIMBR0113,SIMR0113,SIMU0228:User 228,GRANTED
2026,1月,13,周二,14:54:48,86937632,SIMBR0022,SIMR0022,SIMU0187:User 187,GRANTED
2026,1月,13,周二,14:54:48,B095C629,BR005,RES023,SIMU0257:User 257,DENIED
2026,1月,13,周二,14:54:48,2056B86F,SIMBR0145,SIMR0145,SIMU0067:User 67,GRANTED
2026,1月,13,周二,14:54:48,6C174D63,SIMBR0084,SIMR0084,SIMU0116:User 116,GRANTED
2026,1月,13,周二,14:54:48,3A52D444,SIMBR0032,SIMR0032,SIMU0166:User 166,GRANTED
2026,1月,13,周二,14:54:48,DA3D486F,SIMBR0171,SIMR0171,SIMU0028:User 28,GRANTED
2026,1月,13,周二,14:54:48,E116EA41,SIMBR0336,SIMR0336,SIMU0127:User 127,GRANTED
2026,1月,13,周二,14:54:48,C169BAEB,SIMBR0115,SIMR0115,SIMU0174:User 174,GRANTED
2026,1月,13,周二,14:54:48,31C1AEEF,SIMBR0122,SIMR0122,SIMU0039:User 39,GRANTED
2026,1月,13,周二,14:54:48,13990099,SIMBR0180,SIMR0180,SIMU0008:User 8,GRANTED
2026,1月,13,周二,14:54:48,A2903A49,SIMBR0043,SIMR0043,SIMU0043:User 43,GRANTED
2026,1月,13,周二,14:54:48,BD4961D3,SIMBR0342,SIMR0342,SIMU0169:User 169,GRANTED
2026,1月,13,周二,14:54:48,0DE450B1,SIMBR0313,SIMR0313,SIMU0016:User 16,GRANTED
2026,1月,13,周二,14:54:48,C2EDBC0C,SIMBR0186,SIMR0186,SIMU0226:User 226,GRANTED
2026,1月,13,周二,14:54:48,CD0D9101,SIMBR0353,SIMR0353,SIMU0135:User 135,GRANTED
2026,1月,13,周二,14:54:48,290F7C52,SIMBR0171,SIMR0171,SIMU0216:User 216,GRANTED
2026,1月,13,周二,14:54:48,7BEB2168,SIMBR0079,SIMR0079,SIMU0282:User 282,GRANTED
2026,1月,13,周二,14:54:48,C1CE8342,SIMBR0331,SIMR0331,SIMU0018:User 18,GRANTED
2026,1月,13,周二,14:54:48,3DC555DE,SIMBR0368,SIMR0368,SIMU0300:User 300,GRANTED
2026,1月,13,周二,14:54:48,853BC8DF,SIMBR0085,SIMR0085,SIMU0092:User 92,GRANTED
2026,1月,13,周二,14:54:48,C1CE8342,SIMBR0032,SIMR0032,SIMU0018:User 18,GRANTED
2026,1月,13,周二,14:54:48,CB0F203D,SIMBR0172,SIMR0172,SIMU0124:User 124,GRANTED
2026,1月,13,周二,14:54:48,6B7D13ED,SIMBR0313,SIMR0313,SIMU0191:User 191,GRANTED
2026,1月,13,周二,14:54:48,BA893511,SIMBR0119,SIMR0119,SIMU0269:User 269,GRANTED
2026,1月,13,周二,14:54:48,FC05A793,SIMBR0212,SIMR0212,SIMU0071:User 71,GRANTED
2026,1月,13,周二,14:54:48,0EE439B9,SIMBR0379,SIMR0379,SIMU0004:User 4,GRANTED
2026,1月,13,周二,14:54:48,CA782D54,SIMBR0362,SIMR0362,SIMU0219:User 219,GRANTED
2026,1月,13,周二,14:54:48,69A8F764,SIMBR0193,SIMR0193,SIMU0240:User 240,GRANTED
2026,1月,13,周二,14:54:48,3A395E30,SIMBR0388,SIMR0388,SIMU0280:User 280,GRANTED
2026,1月,13,周二,14:54:48,F04FDB11,SIMBR0220,SIMR0220,SIMU0125:User 125,GRANTED
2026,1月,13,周二,14:54:48,FAE4DEC5,SIMBR0148,SIMR0148,SIMU0053:User 53,GRANTED
2026,1月,13,周二,14:54:48,F616A325,SIMBR0196,SIMR0196,SIMU0194:User 194,GRANTED
2026,1月,13,周二,14:54:48,35C69784,SIMBR0362,SIMR0362,SIMU0168:User 168,GRANTED
2026,1月,13,周二,14:54:48,23858FDA,SIMBR0197,SIMR0197,SIMU0098:User 98,GRANTED
2026,1月,13,周二,14:54:48,F0ADE55C,SIMBR0291,SIMR0291,SIMU0237:User 237,GRANTED
2026,1月,13,周二,14:54:48,40BD64A5,SIMBR0008,SIMR0008,SIMU0245:User 245,GRANTED
2026,1月,13,周二,14:54:48,F6E7D08A,SIMBR0054,SIMR0054,SIMU0001:User 1,GRANTED
2026,1月,13,周二,14:54:48,643D2F0C,SIMBR0137,SIMR0137,SIMU0048:User 48,GRANTED
2026,1月,13,周二,14:54:48,8BF81A2A,SIMBR0009,SIMR0009,SIMU0233:User 233,GRANTED
2026,1月,13,周二,14:54:48,CA782D54,SIMBR0129,SIMR0129,SIMU0219:User 219,GRANTED
2026,1月,13,周二,14:54:48,3DC555DE,SIMBR0043,SIMR0043,SIMU0300:User 300,GRANTED
2026,1月,13,周二,14:54:48,3CC4126C,SIMBR0051,SIMR0051,SIMU0099:User 99,GRANTED
2026,1月,13,周二,14:54:48,80BC1A17,SIMBR0345,SIMR0345,SIMU0112:User 112,GRANTED
2026,1月,13,周二,14:54:48,5E9892AA,SIMBR0340,SIMR0340,SIMU0293:User 293,GRANTED
2026,1月,13,周二,14:54:48,3122BEFD,SIMBR0359,SIMR0359,SIMU0066:User 66,GRANTED
2026,1月,13,周二,14:54:48,DF7754DF,SIMBR0163,SIMR0163,SIMU0019:User 19,GRANTED
2026,1月,13,周二,14:54:48,C31E01F0,SIMBR0036,SIMR0036,SIMU0192:User 192,GRANTED
2026,1月,13,周二,14:54:48,29200997,SIMBR0100,SIMR0100,SIMU0186:User 186,GRANTED
2026,1月,13,周二,14:54:48,72A4E470,SIMBR0075,SIMR0075,SIMU0268:User 268,GRANTED
2026,1月,13,周二,14:54:48,A7A30652,SIMBR0199,SIMR0199,SIMU0094:User 94,GRANTED
2026,1月,13,周二,14:54:48,D87DCC23,BR022,RES015,SIMU0006:User 6,DENIED
2026,1月,13,周二,14:54:48,C72DAED8,SIMBR0355,SIMR0355,SIMU0117:User 117,GRANTED
2026,1月,13,周二,14:54:48,59E1ACA0,SIMBR0189,SIMR0189,SIMU0090:User 90,GRANTED
2026,1月,13,周二,14:54:48,643D2F0C,SIMBR0248,SIMR0248,SIMU0048:User 48,GRANTED
2026,1月,13,周二,14:54:48,9FA88CE9,SIMBR0065,SIMR0065,SIMU0049:User 49,GRANTED
2026,1月,13,周二,14:54:48,80AC649D,SIMBR0060,SIMR0060,SIMU0088:User 88,GRANTED
2026,1月,13,周二,14:54:48,1EBD89C8,SIMBR0081,SIMR0081,SIMU0123:User 123,GRANTED
2026,1月,13,周二,14:54:48,49B45DCD,SIMBR0185,SIMR0185,SIMU0272:User 272,GRANTED
2026,1月,13,周二,14:54:48,3870BA5D,SIMBR0159,SIMR0159,SIMU0173:User 173,GRANTED
2026,1月,13,周二,14:54:48,7B914E9E,SIMBR0282,SIMR0282,SIMU0215:User 215,GRANTED
2026,1月,13,周二,14:54:48,E116EA41,SIMBR0240,SIMR0240,SIMU0127:User 127,GRANTED
2026,1月,13,周二,14:54:48,F3B58DFF,SIMBR0371,SIMR0371,SIMU0076:User 76,GRANTED
2026,1月,13,周二,14:54:48,495297EE,SIMBR0305,SIMR0305,SIMU0038:User 38,GRANTED
2026,1月,13,周二,14:54:48,C04BAEE8,SIMBR0195,SIMR0195,SIMU0129:User 129,GRANTED
2026,1月,13,周二,14:54:48,24DE0286,SIMBR0325,SIMR0325,SIMU0221:User 221,GRANTED
2026,1月,13,周二,14:54:48,56619802,BR014,RES007,SIMU0202:User 202,DENIED
2026,1月,13,周二,14:54:48,47C3A99F,SIMBR0350,SIMR0350,SIMU0136:User 136,GRANTED
2026,1月,13,周二,14:54:48,9FA88CE9,SIMBR0144,SIMR0144,SIMU0049:User 49,GRANTED
2026,1月,13,周二,14:54:48,853BC8DF,SIMBR0168,SIMR0168,SIMU0092:User 92,GRANTED
2026,1月,13,周二,14:54:48,359F9D02,SIMBR0029,SIMR0029,SIMU0087:User 87,GRANTED
2026,1月,13,周二,14:54:48,E2506042,SIMBR0293,SIMR0293,SIMU0101:User 101,GRANTED
2026,1月,13,周二,14:54:48,D3799252,SIMBR0056,SIMR0056,SIMU0022:User 22,GRANTED
2026,1月,13,周二,14:54:48,D0B8FC16,SIMBR0123,SIMR0123,SIMU0185:User 185,GRANTED
2026,1月,13,周二,14:54:48,EF6713BA,SIMBR0102,SIMR0102,SIMU0153:User 153,GRANTED
2026,1月,13,周二,14:54:48,48744B29,SIMBR0152,SIMR0152,SIMU0035:User 35,GRANTED
2026,1月,13,周二,14:54:48,AB055C88,BR007,RES024,SIMU0024:User 24,DENIED
2026,1月,13,周二,14:54:48,6C174D63,SIMBR0205,SIMR0205,SIMU0116:User 116,GRANTED
2026,1月,13,周二,14:54:48,E2506042,SIMBR0086,SIMR0086,SIMU0101:User 101,GRANTED
2026,1月,13,周二,14:54:48,3B22F02A,SIMBR0318,SIMR0318,SIMU0299:User 299,GRANTED
2026,1月,13,周二,14:54:48,9615FFCC,SIMBR0061,SIMR0061,SIMU0010:User 10,GRANTED
2026,1月,13,周二,14:54:48,58B55845,SIMBR0034,SIMR0034,EMP002:Li Si,DENIED
2026,1月,13,周二,14:54:48,B0DFB305,SIMBR0239,SIMR0239,SIMU0151:User 151,GRANTED
2026,1月,13,周二,14:54:48,A4F77AE3,SIMBR0260,SIMR0260,SIMU0031:User 31,GRANTED
2026,1月,13,周二,14:54:48,F0ADE55C,SIMBR0095,SIMR0095,SIMU0237:User 237,GRANTED
2026,1月,13,周二,14:54:48,50B332C8,SIMBR0034,SIMR0034,SIMU0122:User 122,GRANTED
2026,1月,13,周二,14:54:48,9A00F337,BR012,RES005,SIMU0285:User 285,DENIED
2026,1月,13,周二,14:54:48,8884A944,BR002,RES021,SIMU0295:User 295,DENIED
2026,1月,13,周二,14:54:48,95379CDB,BR004,RES001,f46ee39b-ac9d-4193-a478-f8cfc35cec07:gagaga a,GRANTED
2026,1月,13,周二,14:54:48,7B914E9E,SIMBR0216,SIMR0216,SIMU0215:User 215,GRANTED
2026,1月,13,周二,14:54:48,D0871CF1,SIMBR0392,SIMR0392,SIMU0007:User 7,GRANTED
2026,1月,13,周二,14:54:48,181D33C7,SIMBR0129,SIMR0129,SIMU0227:User 227,GRANTED
2026,1月,13,周二,14:54:48,24DE0286,SIMBR0077,SIMR0077,SIMU0221:User 221,GRANTED
2026,1月,13,周二,14:54:48,DA33A96E,SIMBR0023,SIMR0023,SIMU0190:User 190,GRANTED
2026,1月,13,周二,14:54:48,B095C629,SIMBR0113,SIMR0113,SIMU0257:User 257,GRANTED
2026,1月,13,周二,14:54:48,C5A57784,SIMBR0081,SIMR0081,SIMU0072:User 72,GRANTED
2026,1月,13,周二,14:54:48,13990099,SIMBR0209,SIMR0209,SIMU0008:User 8,GRANTED
2026,1月,13,周二,14:54:48,40A1D543,SIMBR0261,SIMR0261,SIMU0267:User 267,GRANTED
2026,1月,13,周二,14:54:48,20917633,SIMBR0228,SIMR0228,SIMU0296:User 296,GRANTED
2026,1月,13,周二,14:54:48,E6D64EED,SIMBR0176,SIMR0176,SIMU0105:User 105,GRANTED
2026,1月,13,周二,14:54:48,4758C16D,SIMBR0311,SIMR0311,SIMU0147:User 147,GRANTED
2026,1月,13,周二,14:54:48,D2C7D462,SIMBR0094,SIMR0094,SIMU0061:User 61,GRANTED
2026,1月,13,周二,14:54:48,B095C629,SIMBR0075,SIMR0075,SIMU0257:User 257,GRANTED
2026,1月,13,周二,14:54:48,4B59E256,SIMBR0147,SIMR0147,SIMU0182:User 182,GRANTED
2026,1月,13,周二,14:54:48,495297EE,SIMBR0267,SIMR0267,SIMU0038:User 38,GRANTED
2026,1月,13,周二,14:54:48,54C5EDBD,SIMBR0013,SIMR0013,SIMU0145:User 145,GRANTED
2026,1月,13,周二,14:54:48,91E5E6B0,SIMBR0102,SIMR0102,SIMU0079:User 79,GRANTED
2026,1月,13,周二,14:54:48,BA6DDD0B,SIMBR0172,SIMR0172,SIMU0146:User 146,GRANTED
2026,1月,13,周二,14:54:48,A2903A49,SIMBR0007,SIMR0007,SIMU0043:User 43,GRANTED
2026,1月,13,周二,14:54:48,628D5BBC,SIMBR0093,SIMR0093,SIMU0041:User 41,GRANTED
2026,1月,13,周二,14:54:48,3DDB17B7,SIMBR0314,SIMR0314,SIMU0044:User 44,GRANTED
2026,1月,13,周二,14:54:48,27BDB972,SIMBR0031,SIMR0031,SIMU0244:User 244,GRANTED
2026,1月,13,周二,14:54:48,58B690ED,SIMBR0188,SIMR0188,SIMU0081:User 81,GRANTED
2026,1月,13,周二,14:54:48,A51F7B4F,SIMBR0281,SIMR0281,SIMU0277:User 277,GRANTED
2026,1月,13,周二,14:54:48,8C19D42A,SIMBR0164,SIMR0164,SIMU0284:User 284,GRANTED
2026,1月,13,周二,14:54:48,7CA376A0,BR012,RES005,SIMU0102:User 102,DENIED
2026,1月,13,周二,14:54:48,3B22F02A,SIMBR0276,SIMR0276,SIMU0299:User 299,GRANTED
2026,1月,13,周二,14:54:48,7CA376A0,SIMBR0096,SIMR0096,SIMU0102:User 102,GRANTED
2026,1月,13,周二,14:54:48,0FB515EE,SIMBR0398,SIMR0398,SIMU0033:User 33,GRANTED
2026,1月,13,周二,14:54:48,78D74DDD,SIMBR0149,SIMR0149,VIS001:Qian Qi,DENIED
2026,1月,13,周二,14:54:48,128D7B1F,SIMBR0039,SIMR0039,SIMU0121:User 121,GRANTED
2026,1月,13,周二,14:54:48,BD4961D3,SIMBR0057,SIMR0057,SIMU0169:User 169,GRANTED
2026,1月,13,周二,14:54:48,9FA88CE9,SIMBR0122,SIMR0122,SIMU0049:User 49,GRANTED
2026,1月,13,周二,14:54:48,59E1ACA0,SIMBR0343,SIMR0343,SIMU0090:User 90,GRANTED
2026,1月,13,周二,14:54:48,58B690ED,BR021,RES014,SIMU0081:User 81,DENIED
2026,1月,13,周二,14:54:48,DA3D486F,SIMBR0091,SIMR0091,SIMU0028:User 28,GRANTED
2026,1月,13,周二,14:54:48,24DE0286,SIMBR0386,SIMR0386,SIMU0221:User 221,GRANTED
2026,1月,13,周二,14:54:48,8CBA0F42,SIMBR0170,SIMR0170,SIMU0152:User 152,GRANTED
2026,1月,13,周二,14:54:48,01513E26,SIMBR0147,SIMR0147,SIMU0181:User 181,GRANTED
2026,1月,13,周二,14:54:48,C44E5E52,SIMBR0182,SIMR0182,SIMU0002:User 2,GRANTED
2026,1月,13,周二,14:54:48,01FC696F,SIMBR0135,SIMR0135,SIMU0068:User 68,GRANTED
2026,1月,13,周二,14:54:48,DA3D486F,SIMBR0247,SIMR0247,SIMU0028:User 28,GRANTED
2026,1月,13,周二,14:54:48,CD0D9101,SIMBR0128,SIMR0128,SIMU0135:User 135,GRANTED
2026,1月,13,周二,14:54:48,EFC60F14,SIMBR0287,SIMR0287,SIMU0286:User 286,GRANTED
2026,1月,13,周二,14:54:48,CB1ACCC7,SIMBR0253,SIMR0253,SIMU0110:User 110,GRANTED
2026,1月,13,周二,14:54:48,1E74F408,BR003,RES022,SIMU0171:User 171,DENIED
2026,1月,13,周二,14:54:48,F853E5E9,SIMBR0158,SIMR0158,SIMU0119:User 119,GRANTED
2026,1月,13,周二,14:54:48,AF6C110D,SIMBR0378,SIMR0378,SIMU0080:User 80,GRANTED
2026,1月,13,周二,14:54:48,C169BAEB,SIMBR0193,SIMR0193,SIMU0174:User 174,GRANTED
2026,1月,13,周二,14:54:48,23858FDA,SIMBR0046,SIMR0046,SIMU0098:User 98,GRANTED
2026,1月,13,周二,14:54:48,9D3B8CFC,SIMBR0275,SIMR0275,SIMU0095:User 95,GRANTED
2026,1月,13,周二,14:54:48,49B45DCD,SIMBR0154,SIMR0154,SIMU0272:User 272,GRANTED
2026,1月,13,周二,14:54:48,BA893511,SIMBR0218,SIMR0218,SIMU0269:User 269,GRANTED
2026,1月,13,周二,14:54:48,F3B58DFF,SIMBR0164,SIMR0164,SIMU0076:User 76,GRANTED
2026,1月,13,周二,14:54:48,050D9DEF,SIMBR0223,SIMR0223,SIMU0128:User 128,GRANTED
2026,1月,13,周二,14:54:48,47C3A99F,SIMBR0166,SIMR0166,SIMU0136:User 136,GRANTED
2026,1月,13,周二,14:54:48,BA893511,SIMBR0323,SIMR0323,SIMU0269:User 269,GRANTED
2026,1月,13,周二,14:54:48,57ED1495,SIMBR0299,SIMR0299,SIMU0250:User 250,GRANTED
2026,1月,13,周二,14:54:48,FBBEF95C,SIMBR0123,SIMR0123,SIMU0025:User 25,GRANTED
2026,1月,13,周二,14:54:48,495297EE,SIMBR0077,SIMR0077,SIMU0038:User 38,GRANTED
2026,1月,13,周二,14:54:48,6C174D63,SIMBR0006,SIMR0006,SIMU0116:User 116,GRANTED
2026,1月,13,周二,14:54:48,E6D64EED,SIMBR0280,SIMR0280,SIMU0105:User 105,GRANTED
2026,1月,13,周二,14:54:48,14103484,SIMBR0290,SIMR0290,SIMU0074:User 74,GRANTED
2026,1月,13,周二,14:54:48,18788AAF,SIMBR0224,SIMR0224,SIMU0298:User 298,GRANTED
2026,1月,13,周二,14:54:48,F1D4B1B6,SIMBR0167,SIMR0167,SIMU0247:User 247,GRANTED
2026,1月,13,周二,14:54:48,D78DDFDE,SIMBR0303,SIMR0303,SIMU0252:User 252,GRANTED
2026,1月,13,周二,14:54:48,80BC1A17,SIMBR0245,SIMR0245,SIMU0112:User 112,GRANTED
2026,1月,13,周二,14:54:49,3B22F02A,SIMBR0120,SIMR0120,SIMU0299:User 299,GRANTED
2026,1月,13,周二,14:54:49,31C1AEEF,SIMBR0023,SIMR0023,SIMU0039:User 39,GRANTED
2026,1月,13,周二,14:54:49,DF7754DF,SIMBR0370,SIMR0370,SIMU0019:User 19,GRANTED
2026,1月,13,周二,14:54:49,A5A16F78,SIMBR0141,SIMR0141,SIMU0294:User 294,GRANTED
2026,1月,13,周二,14:54:49,F9B71846,SIMBR0352,SIMR0352,SIMU0196:User 196,GRANTED
2026,1月,13,周二,14:54:49,56C4C8CF,SIMBR0044,SIMR0044,SIMU0077:User 77,GRANTED
2026,1月,13,周二,14:54:49,59E1ACA0,SIMBR0302,SIMR0302,SIMU0090:User 90,GRANTED
2026,1月,13,周二,14:54:49,1E4AD759,SIMBR0340,SIMR0340,SIMU0029:User 29,GRANTED
2026,1月,13,周二,14:54:49,47C3A99F,SIMBR0132,SIMR0132,SIMU0136:User 136,GRANTED
2026,1月,13,周二,14:54:49,56C4C8CF,SIMBR0244,SIMR0244,SIMU0077:User 77,GRANTED
2026,1月,13,周二,14:54:49,01513E26,SIMBR0287,SIMR0287,SIMU0181:User 181,GRANTED
2026,1月,13,周二,14:54:49,C57735BB,SIMBR0147,SIMR0147,SIMU0242:User 242,GRANTED
2026,1月,13,周二,14:54:49,4D83FE2E,SIMBR0344,SIMR0344,SIMU0056:User 56,GRANTED
2026,1月,13,周二,14:54:49,A74F536B,SIMBR0135,SIMR0135,SIMU0097:User 97,GRANTED
2026,1月,13,周二,14:54:49,B13BB6C7,SIMBR0212,SIMR0212,SIMU0167:User 167,GRANTED
2026,1月,13,周二,14:54:49,EFC60F14,SIMBR0202,SIMR0202,SIMU0286:User 286,GRANTED
2026,1月,13,周二,14:54:49,45BE30A8,SIMBR0171,SIMR0171,8d1a5202-9052-4f93-bf5a-4deffdf65fd3:a q,GRANTED
2026,1月,13,周二,14:54:49,5D5C3450,SIMBR0145,SIMR0145,SIMU0131:User 131,GRANTED
2026,1月,13,周二,14:54:49,B9D6BC00,SIMBR0125,SIMR0125,SIMU0107:User 107,GRANTED
2026,1月,13,周二,14:54:49,3DDB17B7,BR004,RES001,SIMU0044:User 44,DENIED
2026,1月,13,周二,14:54:49,A74F536B,SIMBR0326,SIMR0326,SIMU0097:User 97,GRANTED
2026,1月,13,周二,14:54:49,23858FDA,SIMBR0282,SIMR0282,SIMU0098:User 98,GRANTED
2026,1月,13,周二,14:54:49,36330273,SIMBR0394,SIMR0394,SIMU0291:User 291,GRANTED
2026,1月,13,周二,14:54:49,D0B8FC16,SIMBR0250,SIMR0250,SIMU0185:User 185,GRANTED
2026,1月,13,周二,14:54:49,F3B58DFF,SIMBR0264,SIMR0264,SIMU0076:User 76,GRANTED
2026,1月,13,周二,14:54:49,24546BD0,SIMBR0165,SIMR0165,SIMU0251:User 251,GRANTED
2026,1月,13,周二,14:54:49,27BDB972,SIMBR0358,SIMR0358,SIMU0244:User 244,GRANTED
2026,1月,13,周二,14:54:49,4D153C4A,SIMBR0029,SIMR0029,SIMU0104:User 104,GRANTED
2026,1月,13,周二,14:54:49,81F12C1B,SIMBR0041,SIMR0041,SIMU0200:User 200,GRANTED
2026,1月,13,周二,14:54:49,A2903A49,SIMBR0300,SIMR0300,SIMU0043:User 43,GRANTED
2026,1月,13,周二,14:54:49,61095621,SIMBR0214,SIMR0214,SIMU0137:User 137,GRANTED
2026,1月,13,周二,14:54:49,394DF2A8,SIMBR0023,SIMR0023,SIMU0111:User 111,GRANTED
2026,1月,13,周二,14:54:49,54722E38,SIMBR0281,SIMR0281,SIMU0222:User 222,GRANTED
2026,1月,13,周二,14:54:49,4758C16D,SIMBR0369,SIMR0369,SIMU0147:User 147,GRANTED
2026,1月,13,周二,14:54:49,F853E5E9,SIMBR0146,SIMR0146,SIMU0119:User 119,GRANTED
2026,1月,13,周二,14:54:49,A2589816,SIMBR0312,SIMR0312,SIMU0082:User 82,GRANTED
2026,1月,13,周二,14:54:49,CB1ACCC7,SIMBR0025,SIMR0025,SIMU0110:User 110,GRANTED
2026,1月,13,周二,14:54:49,2D060B76,SIMBR0022,SIMR0022,SIMU0162:User 162,GRANTED
2026,1月,13,周二,14:54:49,B3E8626A,SIMBR0331,SIMR0331,SIMU0239:User 239,GRANTED
2026,1月,13,周二,14:54:49,D324F0AC,SIMBR0323,SIMR0323,SIMU0108:User 108,GRANTED
2026,1月,13,周二,14:54:49,24546BD0,SIMBR0092,SIMR0092,SIMU0251:User 251,GRANTED
2026,1月,13,周二,14:54:49,C57735BB,BR016,RES009,SIMU0242:User 242,DENIED
2026,1月,13,周二,14:54:49,AA3155BB,SIMBR0248,SIMR0248,SIMU0050:User 50,GRANTED
2026,1月,13,周二,14:54:49,D324F0AC,BR001,RES020,SIMU0108:User 108,DENIED
2026,1月,13,周二,14:54:49,BA821DBA,SIMBR0273,SIMR0273,SIMU0148:User 148,GRANTED
2026,1月,13,周二,14:54:49,A2903A49,SIMBR0074,SIMR0074,SIMU0043:User 43,GRANTED
2026,1月,13,周二,14:54:49,7D277C80,SIMBR0232,SIMR0232,SIMU0212:User 212,GRANTED
2026,1月,13,周二,14:54:49,C6E3BF57,SIMBR0169,SIMR0169,SIMU0297:User 297,GRANTED
2026,1月,13,周二,14:54:49,BD4961D3,SIMBR0328,SIMR0328,SIMU0169:User 169,GRANTED
2026,1月,13,周二,14:54:49,3B22F02A,SIMBR0065,SIMR0065,SIMU0299:User 299,GRANTED
2026,1月,13,周二,14:54:49,BA0243B9,SIMBR0390,SIMR0390,PM001:Sun Ba,DENIED
2026,1月,13,周二,14:54:49,FAE4DEC5,SIMBR0207,SIMR0207,SIMU0053:User 53,GRANTED
2026,1月,13,周二,14:54:49,24A968FA,SIMBR0193,SIMR0193,SIMU0241:User 241,GRANTED
2026,1月,13,周二,14:54:49,4AF57AEF,SIMBR0388,SIMR0388,SIMU0193:User 193,GRANTED
2026,1月,13,周二,14:54:49,359F9D02,SIMBR0318,SIMR0318,SIMU0087:User 87,GRANTED
2026,1月,13,周二,14:54:49,359F9D02,SIMBR0030,SIMR0030,SIMU0087:User 87,GRANTED
2026,1月,13,周二,14:54:49,75D7C714,SIMBR0012,SIMR0012,SIMU0005:User 5,GRANTED
2026,1月,13,周二,14:54:49,C44E5E52,SIMBR0280,SIMR0280,SIMU0002:User 2,GRANTED
2026,1月,13,周二,14:54:49,964B6B12,SIMBR0356,SIMR0356,SIMU0003:User 3,GRANTED
2026,1月,13,周二,14:54:49,23858FDA,SIMBR0029,SIMR0029,SIMU0098:User 98,GRANTED
2026,1月,13,周二,14:54:49,964B6B12,SIMBR0185,SIMR0185,SIMU0003:User 3,GRANTED
2026,1月,13,周二,14:54:49,7413D955,SIMBR0359,SIMR0359,SIMU0075:User 75,GRANTED
2026,1月,13,周二,14:54:49,D716AAF5,BR011,RES026,SIMU0170:User 170,DENIED
2026,1月,13,周二,14:54:49,FC05A793,SIMBR0172,SIMR0172,SIMU0071:User 71,GRANTED
2026,1月,13,周二,14:54:49,B77EBDC0,SIMBR0282,SIMR0282,SIMU0203:User 203,GRANTED
2026,1月,13,周二,14:54:49,538EE2BF,SIMBR0301,SIMR0301,SIMU0177:User 177,GRANTED
2026,1月,13,周二,14:54:49,1DE07196,SIMBR0167,SIMR0167,SIMU0274:User 274,GRANTED
2026,1月,13,周二,14:54:49,8CBA0F42,SIMBR0269,SIMR0269,SIMU0152:User 152,GRANTED
2026,1月,13,周二,14:54:49,B1990B96,SIMBR0093,SIMR0093,SIMU0106:User 106,GRANTED
2026,1月,13,周二,14:54:49,7413D955,SIMBR0048,SIMR0048,SIMU0075:User 75,GRANTED
2026,1月,13,周二,14:54:49,45B37997,SIMBR0208,SIMR0208,SIMU0163:User 163,GRANTED
2026,1月,13,周二,14:54:49,8EA215FF,SIMBR0389,SIMR0389,SIMU0201:User 201,GRANTED
2026,1月,13,周二,14:54:49,69A8F764,SIMBR0306,SIMR0306,SIMU0240:User 240,GRANTED
2026,1月,13,周二,14:54:49,290F7C52,SIMBR0047,SIMR0047,SIMU0216:User 216,GRANTED
2026,1月,13,周二,14:54:49,3CC4126C,SIMBR0231,SIMR0231,SIMU0099:User 99,GRANTED
2026,1月,13,周二,14:54:49,50B332C8,SIMBR0393,SIMR0393,SIMU0122:User 122,GRANTED
2026,1月,13,周二,14:54:49,F0ADE55C,SIMBR0089,SIMR0089,SIMU0237:User 237,GRANTED
2026,1月,13,周二,14:54:49,4AF57AEF,SIMBR0385,SIMR0385,SIMU0193:User 193,GRANTED
2026,1月,13,周二,14:54:49,27BDB972,SIMBR0185,SIMR0185,SIMU0244:User 244,GRANTED
2026,1月,13,周二,14:54:49,D324F0AC,SIMBR0162,SIMR0162,SIMU0108:User 108,GRANTED
2026,1月,13,周二,14:54:49,273F3B3E,SIMBR0256,SIMR0256,SIMU0224:User 224,GRANTED
2026,1月,13,周二,14:54:49,54722E38,SIMBR0016,SIMR0016,SIMU0222:User 222,GRANTED
2026,1月,13,周二,14:54:49,37FA6637,SIMBR0217,SIMR0217,SIMU0199:User 199,GRANTED
2026,1月,13,周二,14:54:49,B1990B96,SIMBR0289,SIMR0289,SIMU0106:User 106,GRANTED
2026,1月,13,周二,14:54:49,97A9597E,SIMBR0111,SIMR0111,SIMU0030:User 30,GRANTED
2026,1月,13,周二,14:54:49,DCB76AA3,SIMBR0088,SIMR0088,SIMU0228:User 228,GRANTED
2026,1月,13,周二,14:54:49,1A88116F,SIMBR0208,SIMR0208,SIMU0063:User 63,GRANTED
2026,1月,13,周二,14:54:49,853BC8DF,SIMBR0183,SIMR0183,SIMU0092:User 92,GRANTED
2026,1月,13,周二,14:54:49,3870BA5D,SIMBR0280,SIMR0280,SIMU0173:User 173,GRANTED
2026,1月,13,周二,14:54:49,EFC60F14,SIMBR0198,SIMR0198,SIMU0286:User 286,GRANTED
2026,1月,13,周二,14:54:49,C584F9D3,SIMBR0225,SIMR0225,EMP001:Zhang San,DENIED
2026,1月,13,周二,14:54:49,F90964BF,SIMBR0098,SIMR0098,SIMU0091:User 91,GRANTED
2026,1月,13,周二,14:54:49,DA33A96E,SIMBR0118,SIMR0118,SIMU0190:User 190,GRANTED
2026,1月,13,周二,14:54:49,128D7B1F,SIMBR0105,SIMR0105,SIMU0121:User 121,GRANTED
2026,1月,13,周二,14:54:49,559213A2,SIMBR0308,SIMR0308,SIMU0047:User 47,GRANTED
2026,1月,13,周二,14:54:49,8D67E6D5,SIMBR0179,SIMR0179,SIMU0045:User 45,GRANTED
2026,1月,13,周二,14:54:49,CEC0E003,SIMBR0314,SIMR0314,SIMU0009:User 9,GRANTED
2026,1月,13,周二,14:54:49,CA15B29F,SIMBR0147,SIMR0147,SIMU0206:User 206,GRANTED
2026,1月,13,周二,14:54:49,CA15B29F,SIMBR0353,SIMR0353,SIMU0206:User 206,GRANTED
2026,1月,13,周二,14:54:49,56619802,SIMBR0335,SIMR0335,SIMU0202:User 202,GRANTED
2026,1月,13,周二,14:54:49,3A395E30,BR014,RES007,SIMU0280:User 280,DENIED
2026,1月,13,周二,14:54:49,2C249415,SIMBR0326,SIMR0326,SIMU0276:User 276,GRANTED
2026,1月,13,周二,14:54:49,16ED8B1D,SIMBR0169,SIMR0169,SIMU0073:User 73,GRANTED
2026,1月,13,周二,14:54:49,49B45DCD,SIMBR0104,SIMR0104,SIMU0272:User 272,GRANTED
2026,1月,13,周二,14:54:49,CA15B29F,SIMBR0027,SIMR0027,SIMU0206:User 206,GRANTED
2026,1月,13,周二,14:54:49,628D5BBC,SIMBR0076,SIMR0076,SIMU0041:User 41,GRANTED
2026,1月,13,周二,14:54:49,E2F9D137,SIMBR0151,SIMR0151,SIMU0217:User 217,GRANTED
2026,1月,13,周二,14:54:49,DA3D486F,BR015,RES008,SIMU0028:User 28,DENIED
2026,1月,13,周二,14:54:49,54722E38,SIMBR0353,SIMR0353,SIMU0222:User 222,GRANTED
2026,1月,13,周二,14:54:49,9A00F337,SIMBR0228,SIMR0228,SIMU0285:User 285,GRANTED
2026,1月,13,周二,14:54:49,D1BB07EE,SIMBR0109,SIMR0109,SIMU0287:User 287,GRANTED
2026,1月,13,周二,14:54:49,B33C40D7,SIMBR0147,SIMR0147,SIMU0015:User 15,GRANTED
2026,1月,13,周二,14:54:49,2EEB40A9,SIMBR0266,SIMR0266,SIMU0260:User 260,GRANTED
2026,1月,13,周二,14:54:49,23858FDA,SIMBR0078,SIMR0078,SIMU0098:User 98,GRANTED
2026,1月,13,周二,14:54:49,2289A51E,SIMBR0395,SIMR0395,SIMU0273:User 273,GRANTED
2026,1月,13,周二,14:54:49,59E1ACA0,SIMBR0387,SIMR0387,SIMU0090:User 90,GRANTED
2026,1月,13,周二,14:54:49,0641BA46,SIMBR0292,SIMR0292,SIMU0085:User 85,GRANTED
2026,1月,13,周二,14:54:49,8BC6335E,SIMBR0063,SIMR0063,SIMU0204:User 204,GRANTED
2026,1月,13,周二,14:54:49,0DE450B1,SIMBR0093,SIMR0093,SIMU0016:User 16,GRANTED
2026,1月,13,周二,14:54:49,8884A944,SIMBR0373,SIMR0373,SIMU0295:User 295,GRANTED
2026,1月,13,周二,14:54:49,6BDE4067,SIMBR0074,SIMR0074,SIMU0114:User 114,GRANTED
2026,1月,13,周二,14:54:49,397975BA,SIMBR0048,SIMR0048,SIMU0164:User 164,GRANTED
2026,1月,13,周二,14:54:49,B33C40D7,SIMBR0160,SIMR0160,SIMU0015:User 15,GRANTED
2026,1月,13,周二,14:54:49,FEF21F79,SIMBR0091,SIMR0091,SIMU0159:User 159,GRANTED
2026,1月,13,周二,14:54:49,7CA376A0,SIMBR0277,SIMR0277,SIMU0102:User 102,GRANTED
2026,1月,13,周二,14:54:49,4D83FE2E,SIMBR0364,SIMR0364,SIMU0056:User 56,GRANTED
2026,1月,13,周二,14:54:49,24546BD0,SIMBR0022,SIMR0022,SIMU0251:User 251,GRANTED
2026,1月,13,周二,14:54:49,E775A860,SIMBR0102,SIMR0102,SIMU0248:User 248,GRANTED
2026,1月,13,周二,14:54:49,8B29C7CC,SIMBR0213,SIMR0213,SIMU0175:User 175,GRANTED
2026,1月,13,周二,14:54:49,8EA215FF,SIMBR0110,SIMR0110,SIMU0201:User 201,GRANTED
2026,1月,13,周二,14:54:49,A74F536B,SIMBR0212,SIMR0212,SIMU0097:User 97,GRANTED
2026,1月,13,周二,14:54:49,D504C218,SIMBR0149,SIMR0149,SIMU0060:User 60,GRANTED
2026,1月,13,周二,14:54:49,8B9117BE,SIMBR0396,SIMR0396,SIMU0165:User 165,GRANTED
2026,1月,13,周二,14:54:49,24A968FA,SIMBR0170,SIMR0170,SIMU0241:User 241,GRANTED
2026,1月,13,周二,14:54:49,31C1AEEF,SIMBR0128,SIMR0128,SIMU0039:User 39,GRANTED
2026,1月,13,周二,14:54:49,0540806D,SIMBR0008,SIMR0008,SIMU0265:User 265,GRANTED
2026,1月,13,周二,14:54:49,E393950E,SIMBR0120,SIMR0120,SIMU0195:User 195,GRANTED
2026,1月,13,周二,14:54:49,290F7C52,BR024,RES017,SIMU0216:User 216,DENIED
2026,1月,13,周二,14:54:49,C3943F18,SIMBR0355,SIMR0355,SIMU0113:User 113,GRANTED
2026,1月,13,周二,14:54:49,290F7C52,SIMBR0332,SIMR0332,SIMU0216:User 216,GRANTED
2026,1月,13,周二,14:54:49,D0B8FC16,SIMBR0079,SIMR0079,SIMU0185:User 185,GRANTED
2026,1月,13,周二,14:54:49,6213A883,SIMBR0202,SIMR0202,SIMU0249:User 249,GRANTED
2026,1月,13,周二,14:54:49,CB2FA116,SIMBR0277,SIMR0277,SIMU0172:User 172,GRANTED
2026,1月,13,周二,14:54:49,F9B71846,SIMBR0021,SIMR0021,SIMU0196:User 196,GRANTED
2026,1月,13,周二,14:54:49,E55AD432,SIMBR0292,SIMR0292,SIMU0134:User 134,GRANTED
2026,1月,13,周二,14:54:49,41981850,SIMBR0328,SIMR0328,SIMU0263:User 263,GRANTED
2026,1月,13,周二,14:54:49,36330273,SIMBR0158,SIMR0158,SIMU0291:User 291,GRANTED
2026,1月,13,周二,14:54:49,0540806D,SIMBR0202,SIMR0202,SIMU0265:User 265,GRANTED
2026,1月,13,周二,14:54:49,1E4AD759,BR007,RES024,SIMU0029:User 29,DENIED
2026,1月,13,周二,14:54:49,16ED8B1D,SIMBR0226,SIMR0226,SIMU0073:User 73,GRANTED
2026,1月,13,周二,14:54:49,8BF81A2A,SIMBR0295,SIMR0295,SIMU0233:User 233,GRANTED
2026,1月,13,周二,14:54:49,56C4C8CF,SIMBR0278,SIMR0278,SIMU0077:User 77,GRANTED
2026,1月,13,周二,14:54:49,95777979,SIMBR0048,SIMR0048,SIMU0051:User 51,GRANTED
2026,1月,13,周二,14:54:49,80AC649D,SIMBR0331,SIMR0331,SIMU0088:User 88,GRANTED
2026,1月,13,周二,14:54:49,7B092D88,SIMBR0269,SIMR0269,SIMU0236:User 236,GRANTED
2026,1月,13,周二,14:54:49,0A675EEC,SIMBR0055,SIMR0055,SIMU0138:User 138,GRANTED
2026,1月,13,周二,14:54:49,8884A944,SIMBR0159,SIMR0159,SIMU0295:User 295,GRANTED
2026,1月,13,周二,14:54:49,48744B29,SIMBR0017,SIMR0017,SIMU0035:User 35,GRANTED
2026,1月,13,周二,14:54:49,3B22F02A,BR026,RES019,SIMU0299:User 299,DENIED
2026,1月,13,周二,14:54:49,3B7FFD92,SIMBR0174,SIMR0174,SIMU0256:User 256,GRANTED
2026,1月,13,周二,14:54:49,C2F816DD,SIMBR0309,SIMR0309,SIMU0266:User 266,GRANTED
2026,1月,13,周二,14:54:49,27BDB972,SIMBR0185,SIMR0185,SIMU0244:User 244,GRANTED
2026,1月,13,周二,14:54:49,46895123,SIMBR0394,SIMR0394,SIMU0132:User 132,GRANTED
2026,1月,13,周二,14:54:49,6A6279C3,SIMBR0053,SIMR0053,SIMU0178:User 178,GRANTED
2026,1月,13,周二,14:54:49,BA821DBA,SIMBR0088,SIMR0088,SIMU0148:User 148,GRANTED
2026,1月,13,周二,14:54:49,BA893511,SIMBR0287,SIMR0287,SIMU0269:User 269,GRANTED
2026,1月,13,周二,14:54:49,489655D2,SIMBR0384,SIMR0384,CON001:Wang Wu,DENIED
2026,1月,13,周二,14:54:49,C7C3B16D,SIMBR0119,SIMR0119,SIMU0259:User 259,GRANTED
2026,1月,13,周二,14:54:49,10321BC3,SIMBR0340,SIMR0340,SIMU0042:User 42,GRANTED
2026,1月,13,周二,14:54:49,D6BC3463,SIMBR0193,SIMR0193,SIMU0037:User 37,GRANTED
2026,1月,13,周二,14:54:49,C44E5E52,SIMBR0008,SIMR0008,SIMU0002:User 2,GRANTED
2026,1月,13,周二,14:54:49,3DDB17B7,SIMBR0308,SIMR0308,SIMU0044:User 44,GRANTED
2026,1月,13,周二,14:54:49,50B332C8,SIMBR0277,SIMR0277,SIMU0122:User 122,GRANTED
2026,1月,13,周二,14:54:49,A9E67E95,BR023,RES016,SIMU0243:User 243,DENIED
2026,1月,13,周二,14:54:49,BC450719,SIMBR0216,SIMR0216,SIMU0013:User 13,GRANTED
2026,1月,13,周二,14:54:49,FBBEF95C,SIMBR0346,SIMR0346,SIMU0025:User 25,GRANTED
2026,1月,13,周二,14:54:49,A0043AC2,SIMBR0375,SIMR0375,SIMU0040:User 40,GRANTED
2026,1月,13,周二,14:54:49,905C3DCB,BR010,RES004,SIMU0070:User 70,DENIED
2026,1月,13,周二,14:54:49,BEBCE825,BR001,RES020,SIMU0270:User 270,DENIED
2026,1月,13,周二,14:54:49,78D4B102,SIMBR0202,SIMR0202,SIMU0283:User 283,GRANTED
2026,1月,13,周二,14:54:49,273F3B3E,SIMBR0228,SIMR0228,SIMU0224:User 224,GRANTED
2026,1月,13,周二,14:54:49,8B29C7CC,SIMBR0347,SIMR0347,SIMU0175:User 175,GRANTED
2026,1月,13,周二,14:54:49,CB2FA116,SIMBR0239,SIMR0239,SIMU0172:User 172,GRANTED
2026,1月,13,周二,14:54:49,AE2F46DE,SIMBR0032,SIMR0032,SIMU0232:User 232,GRANTED
2026,1月,13,周二,14:54:49,24A968FA,SIMBR0159,SIMR0159,SIMU0241:User 241,GRANTED
2026,1月,13,周二,14:54:49,3DDB17B7,SIMBR0300,SIMR0300,SIMU0044:User 44,GRANTED
2026,1月,13,周二,14:54:49,E137F666,SIMBR0066,SIMR0066,SIMU0220:User 220,GRANTED
2026,1月,13,周二,14:54:49,0EE439B9,SIMBR0278,SIMR0278,SIMU0004:User 4,GRANTED
2026,1月,13,周二,14:54:49,1DE07196,BR008,RES003,SIMU0274:User 274,DENIED
2026,1月,13,周二,14:54:49,49B45DCD,SIMBR0379,SIMR0379,SIMU0272:User 272,GRANTED
2026,1月,13,周二,14:54:49,397975BA,SIMBR0072,SIMR0072,SIMU0164:User 164,GRANTED
2026,1月,13,周二,14:54:49,E393950E,SIMBR0104,SIMR0104,SIMU0195:User 195,GRANTED
2026,1月,13,周二,14:54:49,7BEB2168,SIMBR0097,SIMR0097,SIMU0282:User 282,GRANTED
2026,1月,13,周二,14:54:49,E2506042,SIMBR0371,SIMR0371,SIMU0101:User 101,GRANTED
2026,1月,13,周二,14:54:49,DA33A96E,SIMBR0246,SIMR0246,SIMU0190:User 190,GRANTED
2026,1月,13,周二,14:54:49,7CE9CF19,SIMBR0027,SIMR0027,SIMU0020:User 20,GRANTED
2026,1月,13,周二,14:54:49,546575AC,SIMBR0224,SIMR0224,SIMU0140:User 140,GRANTED
2026,1月,13,周二,14:54:49,628D5BBC,SIMBR0207,SIMR0207,SIMU0041:User 41,GRANTED
2026,1月,13,周二,14:54:49,6CEC1FDF,SIMBR0271,SIMR0271,SIMU0230:User 230,GRANTED
2026,1月,13,周二,14:54:49,582A6476,SIMBR0253,SIMR0253,SIMU0046:User 46,GRANTED
2026,1月,13,周二,14:54:50,CEC0E003,SIMBR0078,SIMR0078,SIMU0009:User 9,GRANTED
2026,1月,13,周二,14:54:50,3B9B3EAE,SIMBR0234,SIMR0234,SIMU0144:User 144,GRANTED
2026,1月,13,周二,14:54:50,B095C629,SIMBR0203,SIMR0203,SIMU0257:User 257,GRANTED
2026,1月,13,周二,14:54:50,B13BB6C7,SIMBR0309,SIMR0309,SIMU0167:User 167,GRANTED
2026,1月,13,周二,14:54:50,C6E3BF57,SIMBR0175,SIMR0175,SIMU0297:User 297,GRANTED
2026,1月,13,周二,14:54:50,5560EC7D,SIMBR0269,SIMR0269,SIMU0109:User 109,GRANTED
2026,1月,13,周二,14:54:50,8EA215FF,SIMBR0115,SIMR0115,SIMU0201:User 201,GRANTED
2026,1月,13,周二,14:54:50,13F09473,SIMBR0288,SIMR0288,SIMU0279:User 279,GRANTED
2026,1月,13,周二,14:54:50,8C19D42A,SIMBR0031,SIMR0031,SIMU0284:User 284,GRANTED
2026,1月,13,周二,14:54:50,6F12BFA3,SIMBR0353,SIMR0353,SIMU0218:User 218,GRANTED
2026,1月,13,周二,14:54:50,4DFA0FE5,SIMBR0163,SIMR0163,SIMU0255:User 255,GRANTED
2026,1月,13,周二,14:54:50,CA15B29F,SIMBR0086,SIMR0086,SIMU0206:User 206,GRANTED
2026,1月,13,周二,14:54:50,C6173DD5,SIMBR0071,SIMR0071,SIMU0023:User 23,GRANTED
2026,1月,13,周二,14:54:50,56619802,SIMBR0392,SIMR0392,SIMU0202:User 202,GRANTED
2026,1月,13,周二,14:54:50,33F39C8F,SIMBR0256,SIMR0256,SIMU0205:User 205,GRANTED
2026,1月,13,周二,14:54:50,4D83FE2E,SIMBR0300,SIMR0300,SIMU0056:User 56,GRANTED
2026,1月,13,周二,14:54:50,C39400FA,SIMBR0354,SIMR0354,SIMU0078:User 78,GRANTED
2026,1月,13,周二,14:54:50,E2F9D137,SIMBR0085,SIMR0085,SIMU0217:User 217,GRANTED
2026,1月,13,周二,14:54:50,983FD996,SIMBR0230,SIMR0230,SIMU0225:User 225,GRANTED
2026,1月,13,周二,14:54:50,C3943F18,SIMBR0081,SIMR0081,SIMU0113:User 113,GRANTED
2026,1月,13,周二,14:54:50,394DF2A8,BR010,RES004,SIMU0111:User 111,DENIED
2026,1月,13,周二,14:54:50,80BC1A17,SIMBR0339,SIMR0339,SIMU0112:User 112,GRANTED
2026,1月,13,周二,14:54:50,A51F7B4F,SIMBR0250,SIMR0250,SIMU0277:User 277,GRANTED
2026,1月,13,周二,14:54:50,F04FDB11,SIMBR0250,SIMR0250,SIMU0125:User 125,GRANTED
2026,1月,13,周二,14:54:50,15AB7C7D,BR016,RES009,SIMU0096:User 96,DENIED
2026,1月,13,周二,14:54:50,4FC5D562,SIMBR0304,SIMR0304,SIMU0275:User 275,GRANTED
2026,1月,13,周二,14:54:50,A2589816,SIMBR0206,SIMR0206,SIMU0082:User 82,GRANTED
2026,1月,13,周二,14:54:50,13F09473,SIMBR0284,SIMR0284,SIMU0279:User 279,GRANTED
2026,1月,13,周二,14:54:50,128D7B1F,SIMBR0142,SIMR0142,SIMU0121:User 121,GRANTED
2026,1月,13,周二,14:54:50,C2F816DD,SIMBR0363,SIMR0363,SIMU0266:User 266,GRANTED
2026,1月,13,周二,14:54:50,FD75651D,SIMBR0089,SIMR0089,SIMU0238:User 238,GRANTED
2026,1月,13,周二,14:54:50,DF7754DF,SIMBR0029,SIMR0029,SIMU0019:User 19,GRANTED
2026,1月,13,周二,14:54:50,81F12C1B,SIMBR0153,SIMR0153,SIMU0200:User 200,GRANTED
2026,1月,13,周二,14:54:50,5E9892AA,SIMBR0265,SIMR0265,SIMU0293:User 293,GRANTED
2026,1月,13,周二,14:54:50,FC05A793,SIMBR0122,SIMR0122,SIMU0071:User 71,GRANTED
2026,1月,13,周二,14:54:50,7413D955,BR020,RES013,SIMU0075:User 75,DENIED
2026,1月,13,周二,14:54:50,BA821DBA,SIMBR0266,SIMR0266,SIMU0148:User 148,GRANTED
2026,1月,13,周二,14:54:50,6B7D13ED,SIMBR0015,SIMR0015,SIMU0191:User 191,GRANTED
2026,1月,13,周二,14:54:50,86937632,BR011,RES026,SIMU0187:User 187,DENIED
2026,1月,13,周二,14:54:50,80AC649D,SIMBR0023,SIMR0023,SIMU0088:User 88,GRANTED
2026,1月,13,周二,14:54:50,E2F9D137,SIMBR0168,SIMR0168,SIMU0217:User 217,GRANTED
2026,1月,13,周二,14:54:50,DA33A96E,SIMBR0308,SIMR0308,SIMU0190:User 190,GRANTED
2026,1月,13,周二,14:54:50,CB0F203D,SIMBR0262,SIMR0262,SIMU0124:User 124,GRANTED
2026,1月,13,周二,14:54:50,FE83648E,SIMBR0173,SIMR0173,SIMU0142:User 142,GRANTED
2026,1月,13,周二,14:54:50,D49E4724,SIMBR0071,SIMR0071,SIMU0278:User 278,GRANTED
2026,1月,13,周二,14:54:50,35C69784,SIMBR0029,SIMR0029,SIMU0168:User 168,GRANTED
2026,1月,13,周二,14:54:50,6C174D63,SIMBR0157,SIMR0157,SIMU0116:User 116,GRANTED
2026,1月,13,周二,14:54:50,36330273,SIMBR0167,SIMR0167,SIMU0291:User 291,GRANTED
2026,1月,13,周二,14:54:50,E2F9D137,SIMBR0103,SIMR0103,SIMU0217:User 217,GRANTED
2026,1月,13,周二,14:54:50,A2903A49,SIMBR0101,SIMR0101,SIMU0043:User 43,GRANTED
2026,1月,13,周二,14:54:50,E116EA41,SIMBR0251,SIMR0251,SIMU0127:User 127,GRANTED
2026,1月,13,周二,14:54:50,905C3DCB,SIMBR0284,SIMR0284,SIMU0070:User 70,GRANTED
2026,1月,13,周二,14:54:50,81F12C1B,SIMBR0104,SIMR0104,SIMU0200:User 200,GRANTED
2026,1月,13,周二,14:54:50,A9E67E95,SIMBR0147,SIMR0147,SIMU0243:User 243,GRANTED
2026,1月,13,周二,14:54:50,86937632,SIMBR0252,SIMR0252,SIMU0187:User 187,GRANTED
2026,1月,13,周二,14:54:50,45BE30A8,SIMBR0012,SIMR0012,8d1a5202-9052-4f93-bf5a-4deffdf65fd3:a q,GRANTED
2026,1月,13,周二,14:54:50,CB2FA116,SIMBR0111,SIMR0111,SIMU0172:User 172,GRANTED
2026,1月,13,周二,14:54:50,050D9DEF,SIMBR0121,SIMR0121,SIMU0128:User 128,GRANTED
2026,1月,13,周二,14:54:50,C7C3B16D,SIMBR0170,SIMR0170,SIMU0259:User 259,GRANTED
2026,1月,13,周二,14:54:50,F9B71846,SIMBR0035,SIMR0035,SIMU0196:User 196,GRANTED
2026,1月,13,周二,14:54:50,44B3ADEE,SIMBR0159,SIMR0159,SIMU0157:User 157,GRANTED
2026,1月,13,周二,14:54:50,6B7D13ED,BR020,RES013,SIMU0191:User 191,DENIED
2026,1月,13,周二,14:54:50,FC9C0D71,SIMBR0198,SIMR0198,SIMU0093:User 93,GRANTED
2026,1月,13,周二,14:54:50,C57735BB,SIMBR0208,SIMR0208,SIMU0242:User 242,GRANTED
2026,1月,13,周二,14:54:50,A0043AC2,BR023,RES016,SIMU0040:User 40,DENIED
2026,1月,13,周二,14:54:50,628D5BBC,SIMBR0150,SIMR0150,SIMU0041:User 41,GRANTED
2026,1月,13,周二,14:54:50,24A968FA,SIMBR0208,SIMR0208,SIMU0241:User 241,GRANTED
2026,1月,13,周二,14:54:50,AF6C110D,SIMBR0230,SIMR0230,SIMU0080:User 80,GRANTED
2026,1月,13,周二,14:54:50,6714B510,SIMBR0277,SIMR0277,SIMU0160:User 160,GRANTED
2026,1月,13,周二,14:54:50,F9B71846,SIMBR0274,SIMR0274,SIMU0196:User 196,GRANTED
2026,1月,13,周二,14:54:50,FEB7592C,SIMBR0105,SIMR0105,SIMU0059:User 59,GRANTED
2026,1月,13,周二,14:54:50,AE2F46DE,SIMBR0184,SIMR0184,SIMU0232:User 232,GRANTED
2026,1月,13,周二,14:54:50,CB2FA116,BR016,RES009,SIMU0172:User 172,DENIED
2026,1月,13,周二,14:54:50,C6173DD5,SIMBR0282,SIMR0282,SIMU0023:User 23,GRANTED
2026,1月,13,周二,14:54:50,20917633,SIMBR0081,SIMR0081,SIMU0296:User 296,GRANTED
2026,1月,13,周二,14:54:50,CA15B29F,SIMBR0084,SIMR0084,SIMU0206:User 206,GRANTED
2026,1月,13,周二,14:54:50,2D060B76,SIMBR0120,SIMR0120,SIMU0162:User 162,GRANTED
2026,1月,13,周二,14:54:50,FE83648E,SIMBR0166,SIMR0166,SIMU0142:User 142,GRANTED
2026,1月,13,周二,14:54:50,F8F80D07,SIMBR0215,SIMR0215,SIMU0253:User 253,GRANTED
2026,1月,13,周二,14:54:50,E6DCC382,SIMBR0314,SIMR0314,SIMU0158:User 158,GRANTED
2026,1月,13,周二,14:54:50,2056B86F,SIMBR0288,SIMR0288,SIMU0067:User 67,GRANTED
2026,1月,13,周二,14:54:50,1A88116F,SIMBR0016,SIMR0016,SIMU0063:User 63,GRANTED
2026,1月,13,周二,14:54:50,BEBCE825,SIMBR0204,SIMR0204,SIMU0270:User 270,GRANTED
2026,1月,13,周二,14:54:50,BA893511,SIMBR0353,SIMR0353,SIMU0269:User 269,GRANTED
2026,1月,13,周二,14:54:50,C72DAED8,SIMBR0030,SIMR0030,SIMU0117:User 117,GRANTED
2026,1月,13,周二,14:54:50,F04FDB11,SIMBR0220,SIMR0220,SIMU0125:User 125,GRANTED
2026,1月,13,周二,14:54:50,7D277C80,SIMBR0323,SIMR0323,SIMU0212:User 212,GRANTED
2026,1月,13,周二,14:54:50,DF7754DF,SIMBR0133,SIMR0133,SIMU0019:User 19,GRANTED
2026,1月,13,周二,14:54:50,FAE4DEC5,SIMBR0224,SIMR0224,SIMU0053:User 53,GRANTED
2026,1月,13,周二,14:54:50,D0B8FC16,SIMBR0383,SIMR0383,SIMU0185:User 185,GRANTED
2026,1月,13,周二,14:54:50,61095621,SIMBR0093,SIMR0093,SIMU0137:User 137,GRANTED
2026,1月,13,周二,14:54:50,66FC8294,SIMBR0006,SIMR0006,SIMU0180:User 180,GRANTED
2026,1月,13,周二,14:54:50,0CFFFBA0,SIMBR0169,SIMR0169,SIMU0189:User 189,GRANTED
2026,1月,13,周二,14:54:50,489655D2,SIMBR0072,SIMR0072,CON001:Wang Wu,DENIED
2026,1月,13,周二,14:54:50,3122BEFD,SIMBR0051,SIMR0051,SIMU0066:User 66,GRANTED
2026,1月,13,周二,14:54:50,6A6279C3,SIMBR0381,SIMR0381,SIMU0178:User 178,GRANTED
2026,1月,13,周二,14:54:50,85471FCB,SIMBR0092,SIMR0092,SIMU0054:User 54,GRANTED
2026,1月,13,周二,14:54:50,5AC1CCB2,SIMBR0370,SIMR0370,SIMU0264:User 264,GRANTED
2026,1月,13,周二,14:54:50,602AF119,SIMBR0031,SIMR0031,SIMU0223:User 223,GRANTED
2026,1月,13,周二,14:54:50,5AC1CCB2,SIMBR0001,SIMR0001,SIMU0264:User 264,GRANTED
2026,1月,13,周二,14:54:50,397975BA,SIMBR0262,SIMR0262,SIMU0164:User 164,GRANTED
2026,1月,13,周二,14:54:50,C0F19B1C,SIMBR0262,SIMR0262,SIMU0155:User 155,GRANTED
2026,1月,13,周二,14:54:50,81F12C1B,SIMBR0275,SIMR0275,SIMU0200:User 200,GRANTED
2026,1月,13,周二,14:54:50,8884A944,SIMBR0192,SIMR0192,SIMU0295:User 295,GRANTED
2026,1月,13,周二,14:54:50,75D7C714,BR024,RES017,SIMU0005:User 5,DENIED
2026,1月,13,周二,14:54:50,1812D558,SIMBR0356,SIMR0356,SIMU0214:User 214,GRANTED
2026,1月,13,周二,14:54:50,AF6C110D,SIMBR0195,SIMR0195,SIMU0080:User 80,GRANTED
2026,1月,13,周二,14:54:50,A53931BD,BR007,RES024,SIMU0058:User 58,DENIED
2026,1月,13,周二,14:54:50,29200997,SIMBR0087,SIMR0087,SIMU0186:User 186,GRANTED
2026,1月,13,周二,14:54:50,1CA3AA4C,SIMBR0061,SIMR0061,SIMU0014:User 14,GRANTED
2026,1月,13,周二,14:54:50,33F39C8F,SIMBR0040,SIMR0040,SIMU0205:User 205,GRANTED
2026,1月,13,周二,14:54:50,4B59E256,SIMBR0232,SIMR0232,SIMU0182:User 182,GRANTED
2026,1月,13,周二,14:54:50,A53931BD,SIMBR0126,SIMR0126,SIMU0058:User 58,GRANTED
2026,1月,13,周二,14:54:50,4D153C4A,SIMBR0265,SIMR0265,SIMU0104:User 104,GRANTED
2026,1月,13,周二,14:54:50,6714B510,SIMBR0030,SIMR0030,SIMU0160:User 160,GRANTED
2026,1月,13,周二,14:54:50,E55AD432,SIMBR0162,SIMR0162,SIMU0134:User 134,GRANTED
2026,1月,13,周二,14:54:50,518BCEDD,SIMBR0114,SIMR0114,SIMU0011:User 11,GRANTED
2026,1月,13,周二,14:54:50,874CC50E,SIMBR0197,SIMR0197,SIMU0036:User 36,GRANTED
2026,1月,13,周二,14:54:50,A234EF8B,SIMBR0318,SIMR0318,SIMU0069:User 69,GRANTED
2026,1月,13,周二,14:54:50,AE2F46DE,SIMBR0036,SIMR0036,SIMU0232:User 232,GRANTED
2026,1月,13,周二,14:54:50,A4F77AE3,SIMBR0087,SIMR0087,SIMU0031:User 31,GRANTED
2026,1月,13,周二,14:54:50,CA782D54,BR019,RES012,SIMU0219:User 219,DENIED
2026,1月,13,周二,14:54:50,3CC4126C,SIMBR0243,SIMR0243,SIMU0099:User 99,GRANTED
2026,1月,13,周二,14:54:50,3B9B3EAE,SIMBR0282,SIMR0282,SIMU0144:User 144,GRANTED
2026,1月,13,周二,14:54:50,BA6DDD0B,SIMBR0387,SIMR0387,SIMU0146:User 146,GRANTED
2026,1月,13,周二,14:54:50,C2F816DD,SIMBR0029,SIMR0029,SIMU0266:User 266,GRANTED
2026,1月,13,周二,14:54:50,7C28253F,SIMBR0383,SIMR0383,SIMU0027:User 27,GRANTED
2026,1月,13,周二,14:54:50,80BC1A17,SIMBR0066,SIMR0066,SIMU0112:User 112,GRANTED
2026,1月,13,周二,14:54:50,6213A883,SIMBR0025,SIMR0025,SIMU0249:User 249,GRANTED
2026,1月,13,周二,14:54:50,C1CE8342,BR006,RES002,SIMU0018:User 18,DENIED
2026,1月,13,周二,14:54:50,01513E26,SIMBR0024,SIMR0024,SIMU0181:User 181,GRANTED
2026,1月,13,周二,14:54:50,874CC50E,SIMBR0032,SIMR0032,SIMU0036:User 36,GRANTED
2026,1月,13,周二,14:54:50,C169BAEB,SIMBR0259,SIMR0259,SIMU0174:User 174,GRANTED
2026,1月,13,周二,14:54:50,546575AC,SIMBR0250,SIMR0250,SIMU0140:User 140,GRANTED
2026,1月,13,周二,14:54:50,40A1D543,SIMBR0339,SIMR0339,SIMU0267:User 267,GRANTED
2026,1月,13,周二,14:54:50,F3B58DFF,SIMBR0017,SIMR0017,SIMU0076:User 76,GRANTED
2026,1月,13,周二,14:54:50,BA0243B9,SIMBR0063,SIMR0063,PM001:Sun Ba,DENIED
2026,1月,13,周二,14:54:50,518BCEDD,SIMBR0079,SIMR0079,SIMU0011:User 11,GRANTED
2026,1月,13,周二,14:54:50,1812D558,SIMBR0197,SIMR0197,SIMU0214:User 214,GRANTED
2026,1月,13,周二,14:54:50,24546BD0,SIMBR0025,SIMR0025,SIMU0251:User 251,GRANTED
2026,1月,13,周二,14:54:50,31C1AEEF,SIMBR0184,SIMR0184,SIMU0039:User 39,GRANTED
2026,1月,13,周二,14:54:50,D2C7D462,SIMBR0360,SIMR0360,SIMU0061:User 61,GRANTED
2026,1月,13,周二,14:54:50,33F39C8F,SIMBR0348,SIMR0348,SIMU0205:User 205,GRANTED
2026,1月,13,周二,14:54:50,CCACC23C,SIMBR0024,SIMR0024,SIMU0149:User 149,GRANTED
2026,1月,13,周二,14:54:50,D1BB07EE,SIMBR0074,SIMR0074,SIMU0287:User 287,GRANTED
2026,1月,13,周二,14:54:50,45B37997,BR017,RES010,SIMU0163:User 163,DENIED
2026,1月,13,周二,14:54:50,C1CE8342,SIMBR0358,SIMR0358,SIMU0018:User 18,GRANTED
2026,1月,13,周二,14:54:50,DCB76AA3,SIMBR0014,SIMR0014,SIMU0228:User 228,GRANTED
2026,1月,13,周二,14:54:50,15D30411,SIMBR0236,SIMR0236,SIMU0289:User 289,GRANTED
2026,1月,13,周二,14:54:50,CA296753,SIMBR0334,SIMR0334,SIMU0055:User 55,GRANTED
2026,1月,13,周二,14:54:50,47A80030,SIMBR0192,SIMR0192,SIMU0234:User 234,GRANTED
2026,1月,13,周二,14:54:50,BEBCE825,SIMBR0256,SIMR0256,SIMU0270:User 270,GRANTED
2026,1月,13,周二,14:54:50,0DE450B1,SIMBR0133,SIMR0133,SIMU0016:User 16,GRANTED
2026,1月,13,周二,14:54:50,6E7782F8,SIMBR0020,SIMR0020,INT001:Zhao Liu,DENIED
2026,1月,13,周二,14:54:50,BC450719,SIMBR0330,SIMR0330,SIMU0013:User 13,GRANTED
2026,1月,13,周二,14:54:50,0EE439B9,SIMBR0271,SIMR0271,SIMU0004:User 4,GRANTED
2026,1月,13,周二,14:54:50,3870BA5D,SIMBR0162,SIMR0162,SIMU0173:User 173,GRANTED
2026,1月,13,周二,14:54:50,CBD2A48A,SIMBR0087,SIMR0087,SIMU0021:User 21,GRANTED
2026,1月,13,周二,14:54:50,8B29C7CC,SIMBR0228,SIMR0228,SIMU0175:User 175,GRANTED
2026,1月,13,周二,14:54:50,9615FFCC,SIMBR0076,SIMR0076,SIMU0010:User 10,GRANTED
2026,1月,13,周二,14:54:50,DF7754DF,SIMBR0008,SIMR0008,SIMU0019:User 19,GRANTED
2026,1月,13,周二,14:54:50,8C19D42A,SIMBR0208,SIMR0208,SIMU0284:User 284,GRANTED
2026,1月,13,周二,14:54:50,6714B510,SIMBR0036,SIMR0036,SIMU0160:User 160,GRANTED
2026,1月,13,周二,14:54:50,A4F77AE3,SIMBR0388,SIMR0388,SIMU0031:User 31,GRANTED
2026,1月,13,周二,14:54:50,73913F8C,SIMBR0326,SIMR0326,SIMU0188:User 188,GRANTED
2026,1月,13,周二,14:54:50,C72DAED8,SIMBR0154,SIMR0154,SIMU0117:User 117,GRANTED
2026,1月,13,周二,14:54:50,FB68A282,SIMBR0380,SIMR0380,SIMU0183:User 183,GRANTED
2026,1月,13,周二,14:54:50,36330273,SIMBR0006,SIMR0006,SIMU0291:User 291,GRANTED
2026,1月,13,周二,14:54:50,72A4E470,SIMBR0104,SIMR0104,SIMU0268:User 268,GRANTED
2026,1月,13,周二,14:54:50,A2589816,SIMBR0265,SIMR0265,SIMU0082:User 82,GRANTED
2026,1月,13,周二,14:54:50,6F12BFA3,SIMBR0033,SIMR0033,SIMU0218:User 218,GRANTED
2026,1月,13,周二,14:54:50,8C19D42A,SIMBR0364,SIMR0364,SIMU0284:User 284,GRANTED
2026,1月,13,周二,14:54:50,FAE4DEC5,SIMBR0103,SIMR0103,SIMU0053:User 53,GRANTED
2026,1月,13,周二,14:54:50,7B914E9E,SIMBR0362,SIMR0362,SIMU0215:User 215,GRANTED
2026,1月,13,周二,14:54:50,53A1B264,BR015,RES008,SIMU0017:User 17,DENIED
2026,1月,13,周二,14:54:50,36330273,SIMBR0348,SIMR0348,SIMU0291:User 291,GRANTED
2026,1月,13,周二,14:54:50,F90964BF,SIMBR0011,SIMR0011,SIMU0091:User 91,GRANTED
2026,1月,13,周二,14:54:50,2EEB40A9,SIMBR0228,SIMR0228,SIMU0260:User 260,GRANTED
2026,1月,13,周二,14:54:50,6B7D13ED,SIMBR0143,SIMR0143,SIMU0191:User 191,GRANTED
2026,1月,13,周二,14:54:50,B13BB6C7,SIMBR0123,SIMR0123,SIMU0167:User 167,GRANTED
2026,1月,13,周二,14:54:50,BEBCE825,SIMBR0194,SIMR0194,SIMU0270:User 270,GRANTED
2026,1月,13,周二,14:54:50,D2C7D462,SIMBR0172,SIMR0172,SIMU0061:User 61,GRANTED
2026,1月,13,周二,14:54:50,3DC555DE,SIMBR0150,SIMR0150,SIMU0300:User 300,GRANTED
2026,1月,13,周二,14:54:50,20917633,SIMBR0187,SIMR0187,SIMU0296:User 296,GRANTED
2026,1月,13,周二,14:54:50,359F9D02,SIMBR0161,SIMR0161,SIMU0087:User 87,GRANTED
2026,1月,13,周二,14:54:50,C0CB4AFF,SIMBR0096,SIMR0096,SIMU0235:User 235,GRANTED
2026,1月,13,周二,14:54:50,18788AAF,SIMBR0002,SIMR0002,SIMU0298:User 298,GRANTED
2026,1月,13,周二,14:54:50,13F09473,SIMBR0112,SIMR0112,SIMU0279:User 279,GRANTED
2026,1月,13,周二,14:54:50,1CA3AA4C,SIMBR0358,SIMR0358,SIMU0014:User 14,GRANTED
2026,1月,13,周二,14:54:50,7B914E9E,SIMBR0205,SIMR0205,SIMU0215:User 215,GRANTED
2026,1月,13,周二,14:54:50,C04BAEE8,SIMBR0319,SIMR0319,SIMU0129:User 129,GRANTED
2026,1月,13,周二,14:54:50,068AFAB6,SIMBR0350,SIMR0350,SIMU0115:User 115,GRANTED
2026,1月,13,周二,14:54:50,C0F19B1C,SIMBR0218,SIMR0218,SIMU0155:User 155,GRANTED
2026,1月,13,周二,14:54:50,CA296753,BR008,RES003,SIMU0055:User 55,DENIED
2026,1月,13,周二,14:54:50,53A1B264,SIMBR0278,SIMR0278,SIMU0017:User 17,GRANTED
2026,1月,13,周二,14:54:50,21A13EE6,SIMBR0307,SIMR0307,SIMU0133:User 133,GRANTED
2026,1月,13,周二,14:54:50,CA296753,SIMBR0054,SIMR0054,SIMU0055:User 55,GRANTED
2026,1月,13,周二,14:54:50,0641BA46,SIMBR0320,SIMR0320,SIMU0085:User 85,GRANTED
2026,1月,13,周二,14:54:50,AF6C110D,SIMBR0232,SIMR0232,SIMU0080:User 80,GRANTED
2026,1月,13,周二,14:54:50,15D30411,SIMBR0014,SIMR0014,SIMU0289:User 289,GRANTED
2026,1月,13,周二,14:54:51,D1BB07EE,SIMBR0009,SIMR0009,SIMU0287:User 287,GRANTED
2026,1月,13,周二,14:54:51,CBD2A48A,BR024,RES017,SIMU0021:User 21,DENIED
2026,1月,13,周二,14:54:51,A89B9996,SIMBR0113,SIMR0113,SIMU0213:User 213,GRANTED
2026,1月,13,周二,14:54:51,050D9DEF,SIMBR0030,SIMR0030,SIMU0128:User 128,GRANTED
2026,1月,13,周二,14:54:51,DCB76AA3,SIMBR0369,SIMR0369,SIMU0228:User 228,GRANTED
2026,1月,13,周二,14:54:51,3870BA5D,SIMBR0193,SIMR0193,SIMU0173:User 173,GRANTED
2026,1月,13,周二,14:54:51,1A88116F,SIMBR0057,SIMR0057,SIMU0063:User 63,GRANTED
2026,1月,13,周二,14:54:51,D504C218,SIMBR0100,SIMR0100,SIMU0060:User 60,GRANTED
2026,1月,13,周二,14:54:51,1EE4C053,SIMBR0378,SIMR0378,SIMU0026:User 26,GRANTED
2026,1月,13,周二,14:54:51,50B332C8,SIMBR0247,SIMR0247,SIMU0122:User 122,GRANTED
2026,1月,13,周二,14:54:51,10321BC3,SIMBR0342,SIMR0342,SIMU0042:User 42,GRANTED
2026,1月,13,周二,14:54:51,C584F9D3,SIMBR0312,SIMR0312,EMP001:Zhang San,DENIED
2026,1月,13,周二,14:54:51,81F12C1B,SIMBR0203,SIMR0203,SIMU0200:User 200,GRANTED
2026,1月,13,周二,14:54:51,0540806D,SIMBR0301,SIMR0301,SIMU0265:User 265,GRANTED
2026,1月,13,周二,14:54:51,8C19D42A,SIMBR0266,SIMR0266,SIMU0284:User 284,GRANTED
2026,1月,13,周二,14:54:51,A89B9996,SIMBR0370,SIMR0370,SIMU0213:User 213,GRANTED
2026,1月,13,周二,14:54:51,B3E8626A,SIMBR0056,SIMR0056,SIMU0239:User 239,GRANTED
2026,1月,13,周二,14:54:51,15D30411,SIMBR0266,SIMR0266,SIMU0289:User 289,GRANTED
2026,1月,13,周二,14:54:51,2056B86F,SIMBR0084,SIMR0084,SIMU0067:User 67,GRANTED
2026,1月,13,周二,14:54:51,A7A30652,BR017,RES010,SIMU0094:User 94,DENIED
2026,1月,13,周二,14:54:51,72A4E470,SIMBR0152,SIMR0152,SIMU0268:User 268,GRANTED
2026,1月,13,周二,14:54:51,F3B58DFF,SIMBR0298,SIMR0298,SIMU0076:User 76,GRANTED
2026,1月,13,周二,14:54:51,559213A2,SIMBR0398,SIMR0398,SIMU0047:User 47,GRANTED
2026,1月,13,周二,14:54:51,44B3ADEE,SIMBR0335,SIMR0335,SIMU0157:User 157,GRANTED
2026,1月,13,周二,14:54:51,46895123,SIMBR0321,SIMR0321,SIMU0132:User 132,GRANTED
2026,1月,13,周二,14:54:51,AE2F46DE,SIMBR0266,SIMR0266,SIMU0232:User 232,GRANTED
2026,1月,13,周二,14:54:51,CBD2A48A,SIMBR0368,SIMR0368,SIMU0021:User 21,GRANTED
2026,1月,13,周二,14:54:51,C31E01F0,SIMBR0174,SIMR0174,SIMU0192:User 192,GRANTED
2026,1月,13,周二,14:54:51,E0F41E54,SIMBR0082,SIMR0082,SIMU0176:User 176,GRANTED
2026,1月,13,周二,14:54:51,128D7B1F,SIMBR0338,SIMR0338,SIMU0121:User 121,GRANTED
2026,1月,13,周二,14:54:51,C0F19B1C,SIMBR0203,SIMR0203,SIMU0155:User 155,GRANTED
2026,1月,13,周二,14:54:51,B33C40D7,SIMBR0190,SIMR0190,SIMU0015:User 15,GRANTED
2026,1月,13,周二,14:54:51,D0B8FC16,SIMBR0155,SIMR0155,SIMU0185:User 185,GRANTED
2026,1月,13,周二,14:54:51,CB0F203D,SIMBR0025,SIMR0025,SIMU0124:User 124,GRANTED
2026,1月,13,周二,14:54:51,56C4C8CF,SIMBR0081,SIMR0081,SIMU0077:User 77,GRANTED
2026,1月,13,周二,14:54:51,4758C16D,SIMBR0255,SIMR0255,SIMU0147:User 147,GRANTED
2026,1月,13,周二,14:54:51,983FD996,SIMBR0395,SIMR0395,SIMU0225:User 225,GRANTED
2026,1月,13,周二,14:54:51,3A52D444,SIMBR0119,SIMR0119,SIMU0166:User 166,GRANTED
2026,1月,13,周二,14:54:51,CEC0E003,SIMBR0327,SIMR0327,SIMU0009:User 9,GRANTED
2026,1月,13,周二,14:54:51,10321BC3,SIMBR0063,SIMR0063,SIMU0042:User 42,GRANTED
2026,1月,13,周二,14:54:51,15AB7C7D,SIMBR0182,SIMR0182,SIMU0096:User 96,GRANTED
2026,1月,13,周二,14:54:51,F9B71846,SIMBR0351,SIMR0351,SIMU0196:User 196,GRANTED
2026,1月,13,周二,14:54:51,3B7FFD92,BR017,RES010,SIMU0256:User 256,DENIED
2026,1月,13,周二,14:54:51,59E1ACA0,SIMBR0372,SIMR0372,SIMU0090:User 90,GRANTED
2026,1月,13,周二,14:54:51,20D788EC,SIMBR0041,SIMR0041,SIMU0271:User 271,GRANTED
2026,1月,13,周二,14:54:51,E775A860,SIMBR0316,SIMR0316,SIMU0248:User 248,GRANTED
2026,1月,13,周二,14:54:51,C1CE8342,BR003,RES022,SIMU0018:User 18,DENIED
2026,1月,13,周二,14:54:51,7C3923AE,SIMBR0285,SIMR0285,SIMU0210:User 210,GRANTED
2026,1月,13,周二,14:54:51,C39400FA,SIMBR0190,SIMR0190,SIMU0078:User 78,GRANTED
2026,1月,13,周二,14:54:51,BA1008EF,SIMBR0160,SIMR0160,SIMU0083:User 83,GRANTED
2026,1月,13,周二,14:54:51,69A8F764,SIMBR0217,SIMR0217,SIMU0240:User 240,GRANTED
2026,1月,13,周二,14:54:51,0540806D,SIMBR0231,SIMR0231,SIMU0265:User 265,GRANTED
2026,1月,13,周二,14:54:51,AF6C110D,SIMBR0233,SIMR0233,SIMU0080:User 80,GRANTED
2026,1月,13,周二,14:54:51,CB0F203D,SIMBR0227,SIMR0227,SIMU0124:User 124,GRANTED
2026,1月,13,周二,14:54:51,2EEB40A9,SIMBR0129,SIMR0129,SIMU0260:User 260,GRANTED
2026,1月,13,周二,14:54:51,E93FF152,SIMBR0287,SIMR0287,SIMU0197:User 197,GRANTED
2026,1月,13,周二,14:54:51,C169BAEB,SIMBR0368,SIMR0368,SIMU0174:User 174,GRANTED
2026,1月,13,周二,14:54:51,61095621,SIMBR0311,SIMR0311,SIMU0137:User 137,GRANTED
2026,1月,13,周二,14:54:51,E07F08A6,SIMBR0159,SIMR0159,SIMU0246:User 246,GRANTED
2026,1月,13,周二,14:54:51,6CEC1FDF,SIMBR0062,SIMR0062,SIMU0230:User 230,GRANTED
2026,1月,13,周二,14:54:51,FBBEF95C,BR025,RES018,SIMU0025:User 25,DENIED
2026,1月,13,周二,14:54:51,94264C0C,SIMBR0319,SIMR0319,SIMU0118:User 118,GRANTED
2026,1月,13,周二,14:54:51,56619802,SIMBR0129,SIMR0129,SIMU0202:User 202,GRANTED
2026,1月,13,周二,14:54:51,E116EA41,SIMBR0135,SIMR0135,SIMU0127:User 127,GRANTED
2026,1月,13,周二,14:54:51,58B55845,SIMBR0304,SIMR0304,EMP002:Li Si,DENIED
2026,1月,13,周二,14:54:51,6B7D13ED,SIMBR0143,SIMR0143,SIMU0191:User 191,GRANTED
2026,1月,13,周二,14:54:51,33F39C8F,SIMBR0044,SIMR0044,SIMU0205:User 205,GRANTED
2026,1月,13,周二,14:54:51,4AF57AEF,SIMBR0042,SIMR0042,SIMU0193:User 193,GRANTED
2026,1月,13,周二,14:54:51,37FA6637,SIMBR0263,SIMR0263,SIMU0199:User 199,GRANTED
2026,1月,13,周二,14:54:51,45B37997,SIMBR0276,SIMR0276,SIMU0163:User 163,GRANTED
2026,1月,13,周二,14:54:51,C7C3B16D,SIMBR0052,SIMR0052,SIMU0259:User 259,GRANTED
2026,1月,13,周二,14:54:51,A89B9996,BR004,RES001,SIMU0213:User 213,DENIED
2026,1月,13,周二,14:54:51,4B59E256,BR022,RES015,SIMU0182:User 182,DENIED
2026,1月,13,周二,14:54:51,69A8F764,SIMBR0286,SIMR0286,SIMU0240:User 240,GRANTED
2026,1月,13,周二,14:54:51,5A758FE3,SIMBR0278,SIMR0278,SIMU0103:User 103,GRANTED
2026,1月,13,周二,14:54:51,5A758FE3,SIMBR0024,SIMR0024,SIMU0103:User 103,GRANTED
2026,1月,13,周二,14:54:51,C718E607,SIMBR0239,SIMR0239,SIMU0089:User 89,GRANTED
2026,1月,13,周二,14:54:51,FBFF5A63,SIMBR0214,SIMR0214,SIMU0184:User 184,GRANTED
2026,1月,13,周二,14:54:51,54722E38,SIMBR0057,SIMR0057,SIMU0222:User 222,GRANTED
2026,1月,13,周二,14:54:51,EFC60F14,SIMBR0155,SIMR0155,SIMU0286:User 286,GRANTED
2026,1月,13,周二,14:54:51,75D7C714,SIMBR0396,SIMR0396,SIMU0005:User 5,GRANTED
2026,1月,13,周二,14:54:51,BA6DDD0B,SIMBR0068,SIMR0068,SIMU0146:User 146,GRANTED
2026,1月,13,周二,14:54:51,1E4AD759,SIMBR0233,SIMR0233,SIMU0029:User 29,GRANTED
2026,1月,13,周二,14:54:51,C73CE928,SIMBR0336,SIMR0336,SIMU0281:User 281,GRANTED
2026,1月,13,周二,14:54:51,3122BEFD,SIMBR0221,SIMR0221,SIMU0066:User 66,GRANTED
2026,1月,13,周二,14:54:51,B13BB6C7,SIMBR0073,SIMR0073,SIMU0167:User 167,GRANTED
2026,1月,13,周二,14:54:51,21A13EE6,SIMBR0096,SIMR0096,SIMU0133:User 133,GRANTED
2026,1月,13,周二,14:54:51,BA893511,SIMBR0197,SIMR0197,SIMU0269:User 269,GRANTED
2026,1月,13,周二,14:54:51,24DE0286,SIMBR0177,SIMR0177,SIMU0221:User 221,GRANTED
2026,1月,13,周二,14:54:51,54722E38,SIMBR0348,SIMR0348,SIMU0222:User 222,GRANTED
2026,1月,13,周二,14:54:51,B33C40D7,SIMBR0322,SIMR0322,SIMU0015:User 15,GRANTED
2026,1月,13,周二,14:54:51,290F7C52,SIMBR0178,SIMR0178,SIMU0216:User 216,GRANTED
2026,1月,13,周二,14:54:51,A2903A49,SIMBR0342,SIMR0342,SIMU0043:User 43,GRANTED
2026,1月,13,周二,14:54:51,CEC0E003,SIMBR0179,SIMR0179,SIMU0009:User 9,GRANTED
2026,1月,13,周二,14:54:51,E6DCC382,SIMBR0005,SIMR0005,SIMU0158:User 158,GRANTED
2026,1月,13,周二,14:54:51,BA841717,SIMBR0313,SIMR0313,SIMU0064:User 64,GRANTED
2026,1月,13,周二,14:54:51,56C4C8CF,SIMBR0010,SIMR0010,SIMU0077:User 77,GRANTED
2026,1月,13,周二,14:54:51,C57735BB,SIMBR0218,SIMR0218,SIMU0242:User 242,GRANTED
2026,1月,13,周二,14:54:51,1A88116F,SIMBR0082,SIMR0082,SIMU0063:User 63,GRANTED
2026,1月,13,周二,14:54:51,2EEB40A9,SIMBR0194,SIMR0194,SIMU0260:User 260,GRANTED
2026,1月,13,周二,14:54:51,8B9117BE,SIMBR0272,SIMR0272,SIMU0165:User 165,GRANTED
2026,1月,13,周二,14:54:51,72A4E470,SIMBR0039,SIMR0039,SIMU0268:User 268,GRANTED
2026,1月,13,周二,14:54:51,9615FFCC,SIMBR0178,SIMR0178,SIMU0010:User 10,GRANTED
2026,1月,13,周二,14:54:51,874CC50E,SIMBR0009,SIMR0009,SIMU0036:User 36,GRANTED
2026,1月,13,周二,14:54:51,35C69784,SIMBR0077,SIMR0077,SIMU0168:User 168,GRANTED
2026,1月,13,周二,14:54:51,01FC696F,SIMBR0268,SIMR0268,SIMU0068:User 68,GRANTED
2026,1月,13,周二,14:54:51,3122BEFD,SIMBR0220,SIMR0220,SIMU0066:User 66,GRANTED
2026,1月,13,周二,14:54:51,489655D2,SIMBR0174,SIMR0174,CON001:Wang Wu,DENIED
2026,1月,13,周二,14:54:51,81F12C1B,SIMBR0191,SIMR0191,SIMU0200:User 200,GRANTED
2026,1月,13,周二,14:54:51,7B092D88,SIMBR0030,SIMR0030,SIMU0236:User 236,GRANTED
2026,1月,13,周二,14:54:51,0EE439B9,SIMBR0380,SIMR0380,SIMU0004:User 4,GRANTED
2026,1月,13,周二,14:54:51,0A675EEC,SIMBR0134,SIMR0134,SIMU0138:User 138,GRANTED
2026,1月,13,周二,14:54:51,6FFD7F45,SIMBR0259,SIMR0259,SIMU0198:User 198,GRANTED
2026,1月,13,周二,14:54:51,73913F8C,SIMBR0069,SIMR0069,SIMU0188:User 188,GRANTED
2026,1月,13,周二,14:54:51,24DE0286,SIMBR0272,SIMR0272,SIMU0221:User 221,GRANTED
2026,1月,13,周二,14:54:51,CA296753,BR002,RES021,SIMU0055:User 55,DENIED
2026,1月,13,周二,14:54:51,3A395E30,SIMBR0284,SIMR0284,SIMU0280:User 280,GRANTED
2026,1月,13,周二,14:54:51,B9D6BC00,SIMBR0192,SIMR0192,SIMU0107:User 107,GRANTED
2026,1月,13,周二,14:54:51,7C28253F,SIMBR0171,SIMR0171,SIMU0027:User 27,GRANTED
2026,1月,13,周二,14:54:51,31C1AEEF,SIMBR0013,SIMR0013,SIMU0039:User 39,GRANTED
2026,1月,13,周二,14:54:51,B77EBDC0,SIMBR0216,SIMR0216,SIMU0203:User 203,GRANTED
2026,1月,13,周二,14:54:51,47A80030,SIMBR0351,SIMR0351,SIMU0234:User 234,GRANTED
2026,1月,13,周二,14:54:51,8E0C2F27,SIMBR0240,SIMR0240,SIMU0126:User 126,GRANTED
2026,1月,13,周二,14:54:51,8B9117BE,SIMBR0143,SIMR0143,SIMU0165:User 165,GRANTED
2026,1月,13,周二,14:54:51,4B59E256,SIMBR0116,SIMR0116,SIMU0182:User 182,GRANTED
2026,1月,13,周二,14:54:51,E137F666,SIMBR0053,SIMR0053,SIMU0220:User 220,GRANTED
2026,1月,13,周二,14:54:51,2C249415,SIMBR0061,SIMR0061,SIMU0276:User 276,GRANTED
2026,1月,13,周二,14:54:51,0DE450B1,SIMBR0114,SIMR0114,SIMU0016:User 16,GRANTED
2026,1月,13,周二,14:54:51,1B14F9BC,BR022,RES015,SIMU0065:User 65,DENIED
2026,1月,13,周二,14:54:51,D87DCC23,SIMBR0017,SIMR0017,SIMU0006:User 6,GRANTED
2026,1月,13,周二,14:54:51,CB1ACCC7,SIMBR0296,SIMR0296,SIMU0110:User 110,GRANTED
2026,1月,13,周二,14:54:51,BA893511,BR021,RES014,SIMU0269:User 269,DENIED
2026,1月,13,周二,14:54:51,33F39C8F,BR019,RES012,SIMU0205:User 205,DENIED
2026,1月,13,周二,14:54:51,BD4961D3,SIMBR0172,SIMR0172,SIMU0169:User 169,GRANTED
2026,1月,13,周二,14:54:51,84F825EE,SIMBR0186,SIMR0186,SIMU0150:User 150,GRANTED
2026,1月,13,周二,14:54:51,58B55845,SIMBR0396,SIMR0396,EMP002:Li Si,DENIED
2026,1月,13,周二,14:54:51,518BCEDD,SIMBR0305,SIMR0305,SIMU0011:User 11,GRANTED
2026,1月,13,周二,14:54:51,13F09473,SIMBR0036,SIMR0036,SIMU0279:User 279,GRANTED
2026,1月,13,周二,14:54:51,7C3923AE,SIMBR0385,SIMR0385,SIMU0210:User 210,GRANTED
2026,1月,13,周二,14:54:51,61095621,SIMBR0167,SIMR0167,SIMU0137:User 137,GRANTED
2026,1月,13,周二,14:54:51,47C3A99F,SIMBR0383,SIMR0383,SIMU0136:User 136,GRANTED
2026,1月,13,周二,14:54:51,C46D887F,SIMBR0127,SIMR0127,SIMU0254:User 254,GRANTED
2026,1月,13,周二,14:54:51,0FB515EE,SIMBR0204,SIMR0204,SIMU0033:User 33,GRANTED
2026,1月,13,周二,14:54:51,01513E26,SIMBR0313,SIMR0313,SIMU0181:User 181,GRANTED
2026,1月,13,周二,14:54:51,983FD996,SIMBR0348,SIMR0348,SIMU0225:User 225,GRANTED
2026,1月,13,周二,14:54:51,20D788EC,SIMBR0338,SIMR0338,SIMU0271:User 271,GRANTED
2026,1月,13,周二,14:54:51,15D30411,SIMBR0128,SIMR0128,SIMU0289:User 289,GRANTED
2026,1月,13,周二,14:54:51,01FC696F,SIMBR0285,SIMR0285,SIMU0068:User 68,GRANTED
2026,1月,13,周二,14:54:51,546575AC,SIMBR0088,SIMR0088,SIMU0140:User 140,GRANTED
2026,1月,13,周二,14:54:51,37E9D9C0,BR026,RES019,SIMU0034:User 34,DENIED
2026,1月,13,周二,14:54:51,D832D5F3,SIMBR0061,SIMR0061,SIMU0261:User 261,GRANTED
2026,1月,13,周二,14:54:51,489655D2,SIMBR0377,SIMR0377,CON001:Wang Wu,DENIED
2026,1月,13,周二,14:54:51,359F9D02,SIMBR0016,SIMR0016,SIMU0087:User 87,GRANTED
2026,1月,13,周二,14:54:51,8EA215FF,SIMBR0075,SIMR0075,SIMU0201:User 201,GRANTED
2026,1月,13,周二,14:54:51,F04FDB11,SIMBR0052,SIMR0052,SIMU0125:User 125,GRANTED
2026,1月,13,周二,14:54:51,B33C40D7,SIMBR0120,SIMR0120,SIMU0015:User 15,GRANTED
2026,1月,13,周二,14:54:51,69A8F764,SIMBR0263,SIMR0263,SIMU0240:User 240,GRANTED
2026,1月,13,周二,14:54:51,874CC50E,SIMBR0292,SIMR0292,SIMU0036:User 36,GRANTED
2026,1月,13,周二,14:54:51,DB66EC85,SIMBR0033,SIMR0033,SIMU0100:User 100,GRANTED
2026,1月,13,周二,14:54:51,C04BAEE8,SIMBR0078,SIMR0078,SIMU0129:User 129,GRANTED
2026,1月,13,周二,14:54:51,11BD165A,SIMBR0338,SIMR0338,SIMU0154:User 154,GRANTED
2026,1月,13,周二,14:54:51,54C5EDBD,SIMBR0070,SIMR0070,SIMU0145:User 145,GRANTED
2026,1月,13,周二,14:54:51,7CA376A0,SIMBR0215,SIMR0215,SIMU0102:User 102,GRANTED
2026,1月,13,周二,14:54:51,B0DFB305,SIMBR0346,SIMR0346,SIMU0151:User 151,GRANTED
2026,1月,13,周二,14:54:51,15D30411,SIMBR0203,SIMR0203,SIMU0289:User 289,GRANTED
2026,1月,13,周二,14:54:51,13990099,SIMBR0251,SIMR0251,SIMU0008:User 8,GRANTED
2026,1月,13,周二,14:54:51,3DC555DE,SIMBR0259,SIMR0259,SIMU0300:User 300,GRANTED
2026,1月,13,周二,14:54:51,068AFAB6,SIMBR0043,SIMR0043,SIMU0115:User 115,GRANTED
2026,1月,13,周二,14:54:51,B9D6BC00,SIMBR0262,SIMR0262,SIMU0107:User 107,GRANTED
2026,1月,13,周二,14:54:51,27BDB972,SIMBR0098,SIMR0098,SIMU0244:User 244,GRANTED
2026,1月,13,周二,14:54:51,7B092D88,SIMBR0209,SIMR0209,SIMU0236:User 236,GRANTED
2026,1月,13,周二,14:54:51,D0871CF1,SIMBR0338,SIMR0338,SIMU0007:User 7,GRANTED
2026,1月,13,周二,14:54:51,1A88116F,SIMBR0350,SIMR0350,SIMU0063:User 63,GRANTED
2026,1月,13,周二,14:54:51,24DE0286,SIMBR0121,SIMR0121,SIMU0221:User 221,GRANTED
2026,1月,13,周二,14:54:51,D3799252,SIMBR0177,SIMR0177,SIMU0022:User 22,GRANTED
2026,1月,13,周二,14:54:51,F616A325,SIMBR0282,SIMR0282,SIMU0194:User 194,GRANTED
2026,1月,13,周二,14:54:51,9FA88CE9,SIMBR0361,SIMR0361,SIMU0049:User 49,GRANTED
2026,1月,13,周二,14:54:51,397975BA,SIMBR0009,SIMR0009,SIMU0164:User 164,GRANTED
2026,1月,13,周二,14:54:51,20D788EC,SIMBR0013,SIMR0013,SIMU0271:User 271,GRANTED
2026,1月,13,周二,14:54:51,01513E26,SIMBR0262,SIMR0262,SIMU0181:User 181,GRANTED
2026,1月,13,周二,14:54:51,78D74DDD,SIMBR0084,SIMR0084,VIS001:Qian Qi,DENIED
2026,1月,13,周二,14:54:51,CCACC23C,SIMBR0400,SIMR0400,SIMU0149:User 149,GRANTED
2026,1月,13,周二,14:54:51,F90964BF,SIMBR0138,SIMR0138,SIMU0091:User 91,GRANTED
2026,1月,13,周二,14:54:51,B3E8626A,SIMBR0387,SIMR0387,SIMU0239:User 239,GRANTED
2026,1月,13,周二,14:54:51,F90964BF,SIMBR0158,SIMR0158,SIMU0091:User 91,GRANTED
2026,1月,13,周二,14:54:51,FD75651D,BR011,RES026,SIMU0238:User 238,DENIED
2026,1月,13,周二,14:54:51,AB055C88,SIMBR0291,SIMR0291,SIMU0024:User 24,GRANTED
2026,1月,13,周二,14:54:51,54C5EDBD,SIMBR0295,SIMR0295,SIMU0145:User 145,GRANTED
2026,1月,13,周二,14:54:51,21A13EE6,SIMBR0068,SIMR0068,SIMU0133:User 133,GRANTED
2026,1月,13,周二,14:54:51,BA841717,SIMBR0373,SIMR0373,SIMU0064:User 64,GRANTED
2026,1月,13,周二,14:54:51,B9D6BC00,SIMBR0195,SIMR0195,SIMU0107:User 107,GRANTED
2026,1月,13,周二,14:54:51,3B7FFD92,BR002,RES021,SIMU0256:User 256,DENIED
2026,1月,13,周二,14:54:51,1EBD89C8,SIMBR0092,SIMR0092,SIMU0123:User 123,GRANTED
2026,1月,13,周二,14:54:51,54C5EDBD,SIMBR0211,SIMR0211,SIMU0145:User 145,GRANTED
2026,1月,13,周二,14:54:51,C73CE928,SIMBR0169,SIMR0169,SIMU0281:User 281,GRANTED
2026,1月,13,周二,14:54:51,FE83648E,SIMBR0244,SIMR0244,SIMU0142:User 142,GRANTED
2026,1月,13,周二,14:54:51,397975BA,SIMBR0395,SIMR0395,SIMU0164:User 164,GRANTED
2026,1月,13,周二,14:54:51,40BD64A5,SIMBR0203,SIMR0203,SIMU0245:User 245,GRANTED
2026,1月,13,周二,14:54:51,2D060B76,SIMBR0033,SIMR0033,SIMU0162:User 162,GRANTED
2026,1月,13,周二,14:54:51,33F39C8F,SIMBR0153,SIMR0153,SIMU0205:User 205,GRANTED
2026,1月,13,周二,14:54:52,546575AC,SIMBR0309,SIMR0309,SIMU0140:User 140,GRANTED
2026,1月,13,周二,14:54:52,C04BAEE8,SIMBR0324,SIMR0324,SIMU0129:User 129,GRANTED
2026,1月,13,周二,14:54:52,E8751622,SIMBR0017,SIMR0017,SIMU0161:User 161,GRANTED
2026,1月,13,周二,14:54:52,2D060B76,SIMBR0216,SIMR0216,SIMU0162:User 162,GRANTED
2026,1月,13,周二,14:54:52,86937632,SIMBR0376,SIMR0376,SIMU0187:User 187,GRANTED
2026,1月,13,周二,14:54:52,5E9892AA,SIMBR0108,SIMR0108,SIMU0293:User 293,GRANTED
2026,1月,13,周二,14:54:52,BEBCE825,SIMBR0009,SIMR0009,SIMU0270:User 270,GRANTED
2026,1月,13,周二,14:54:52,394DF2A8,BR013,RES006,SIMU0111:User 111,DENIED
2026,1月,13,周二,14:54:52,35C69784,SIMBR0358,SIMR0358,SIMU0168:User 168,GRANTED
2026,1月,13,周二,14:54:52,A7A30652,BR005,RES023,SIMU0094:User 94,DENIED
2026,1月,13,周二,14:54:52,4FC5D562,SIMBR0292,SIMR0292,SIMU0275:User 275,GRANTED
2026,1月,13,周二,14:54:52,8CBA0F42,SIMBR0010,SIMR0010,SIMU0152:User 152,GRANTED
2026,1月,13,周二,14:54:52,0FB515EE,SIMBR0211,SIMR0211,SIMU0033:User 33,GRANTED
2026,1月,13,周二,14:54:52,6FFD7F45,SIMBR0310,SIMR0310,SIMU0198:User 198,GRANTED
2026,1月,13,周二,14:54:52,D0171F97,SIMBR0150,SIMR0150,SIMU0032:User 32,GRANTED
2026,1月,13,周二,14:54:52,0DE450B1,SIMBR0012,SIMR0012,SIMU0016:User 16,GRANTED
2026,1月,13,周二,14:54:52,FE83648E,SIMBR0373,SIMR0373,SIMU0142:User 142,GRANTED
2026,1月,13,周二,14:54:52,A74F536B,SIMBR0376,SIMR0376,SIMU0097:User 97,GRANTED
2026,1月,13,周二,14:54:52,45BE30A8,SIMBR0016,SIMR0016,8d1a5202-9052-4f93-bf5a-4deffdf65fd3:a q,GRANTED
2026,1月,13,周二,14:54:52,C44E5E52,SIMBR0344,SIMR0344,SIMU0002:User 2,GRANTED
2026,1月,13,周二,14:54:52,5C4195BE,SIMBR0367,SIMR0367,SIMU0288:User 288,GRANTED
2026,1月,13,周二,14:54:52,1812D558,SIMBR0131,SIMR0131,SIMU0214:User 214,GRANTED
2026,1月,13,周二,14:54:52,40BD64A5,SIMBR0063,SIMR0063,SIMU0245:User 245,GRANTED
2026,1月,13,周二,14:54:52,BA0243B9,SIMBR0028,SIMR0028,PM001:Sun Ba,DENIED
2026,1月,13,周二,14:54:52,1B14F9BC,SIMBR0037,SIMR0037,SIMU0065:User 65,GRANTED
2026,1月,13,周二,14:54:52,2EEB40A9,SIMBR0092,SIMR0092,SIMU0260:User 260,GRANTED
2026,1月,13,周二,14:54:52,A7A30652,SIMBR0355,SIMR0355,SIMU0094:User 94,GRANTED
2026,1月,13,周二,14:54:52,BA1008EF,SIMBR0359,SIMR0359,SIMU0083:User 83,GRANTED
2026,1月,13,周二,14:54:52,8BF81A2A,SIMBR0145,SIMR0145,SIMU0233:User 233,GRANTED
2026,1月,13,周二,14:54:52,57DBFC15,SIMBR0265,SIMR0265,SIMU0290:User 290,GRANTED
2026,1月,13,周二,14:54:52,13F09473,SIMBR0130,SIMR0130,SIMU0279:User 279,GRANTED
2026,1月,13,周二,14:54:52,80BC1A17,SIMBR0022,SIMR0022,SIMU0112:User 112,GRANTED
2026,1月,13,周二,14:54:52,2C249415,SIMBR0275,SIMR0275,SIMU0276:User 276,GRANTED
2026,1月,13,周二,14:54:52,BA1008EF,BR009,RES025,SIMU0083:User 83,DENIED
2026,1月,13,周二,14:54:52,46895123,SIMBR0055,SIMR0055,SIMU0132:User 132,GRANTED
2026,1月,13,周二,14:54:52,58B55845,SIMBR0130,SIMR0130,EMP002:Li Si,DENIED
2026,1月,13,周二,14:54:52,C5A57784,SIMBR0399,SIMR0399,SIMU0072:User 72,GRANTED
2026,1月,13,周二,14:54:52,48744B29,SIMBR0029,SIMR0029,SIMU0035:User 35,GRANTED
2026,1月,13,周二,14:54:52,6BDE4067,BR008,RES003,SIMU0114:User 114,DENIED
2026,1月,13,周二,14:54:52,FBFF5A63,SIMBR0380,SIMR0380,SIMU0184:User 184,GRANTED
2026,1月,13,周二,14:54:52,C2EDBC0C,SIMBR0292,SIMR0292,SIMU0226:User 226,GRANTED
2026,1月,13,周二,14:54:52,56C4C8CF,SIMBR0039,SIMR0039,SIMU0077:User 77,GRANTED
2026,1月,13,周二,14:54:52,C2F816DD,SIMBR0261,SIMR0261,SIMU0266:User 266,GRANTED
2026,1月,13,周二,14:54:52,3A395E30,SIMBR0031,SIMR0031,SIMU0280:User 280,GRANTED
2026,1月,13,周二,14:54:52,49B45DCD,SIMBR0294,SIMR0294,SIMU0272:User 272,GRANTED
2026,1月,13,周二,14:54:52,C1CE8342,SIMBR0377,SIMR0377,SIMU0018:User 18,GRANTED
2026,1月,13,周二,14:54:52,56619802,SIMBR0262,SIMR0262,SIMU0202:User 202,GRANTED
2026,1月,13,周二,14:54:52,030D82CF,SIMBR0098,SIMR0098,SIMU0207:User 207,GRANTED
2026,1月,13,周二,14:54:52,40BD64A5,SIMBR0390,SIMR0390,SIMU0245:User 245,GRANTED
2026,1月,13,周二,14:54:52,57DBFC15,SIMBR0288,SIMR0288,SIMU0290:User 290,GRANTED
2026,1月,13,周二,14:54:52,5A758FE3,BR021,RES014,SIMU0103:User 103,DENIED
2026,1月,13,周二,14:54:52,E116EA41,SIMBR0044,SIMR0044,SIMU0127:User 127,GRANTED
2026,1月,13,周二,14:54:52,1A3D1ED6,SIMBR0089,SIMR0089,SIMU0231:User 231,GRANTED
2026,1月,13,周二,14:54:52,31C1AEEF,SIMBR0001,SIMR0001,SIMU0039:User 39,GRANTED
2026,1月,13,周二,14:54:52,C0993563,SIMBR0253,SIMR0253,SIMU0209:User 209,GRANTED
2026,1月,13,周二,14:54:52,6213A883,SIMBR0227,SIMR0227,SIMU0249:User 249,GRANTED
2026,1月,13,周二,14:54:52,B9D6BC00,SIMBR0176,SIMR0176,SIMU0107:User 107,GRANTED
2026,1月,13,周二,14:54:52,3DC555DE,SIMBR0169,SIMR0169,SIMU0300:User 300,GRANTED
2026,1月,13,周二,14:54:52,1CA3AA4C,SIMBR0291,SIMR0291,SIMU0014:User 14,GRANTED
2026,1月,13,周二,14:54:52,BA841717,SIMBR0232,SIMR0232,SIMU0064:User 64,GRANTED
2026,1月,13,周二,14:54:52,BC450719,SIMBR0214,SIMR0214,SIMU0013:User 13,GRANTED
2026,1月,13,周二,14:54:52,6FFD7F45,SIMBR0082,SIMR0082,SIMU0198:User 198,GRANTED
2026,1月,13,周二,14:54:52,1792E539,SIMBR0303,SIMR0303,SIMU0292:User 292,GRANTED
2026,1月,13,周二,14:54:52,E2F9D137,SIMBR0058,SIMR0058,SIMU0217:User 217,GRANTED
2026,1月,13,周二,14:54:52,A74F536B,SIMBR0385,SIMR0385,SIMU0097:User 97,GRANTED
2026,1月,13,周二,14:54:52,7C28253F,SIMBR0006,SIMR0006,SIMU0027:User 27,GRANTED
2026,1月,13,周二,14:54:52,6FFD7F45,SIMBR0038,SIMR0038,SIMU0198:User 198,GRANTED
2026,1月,13,周二,14:54:52,C718E607,SIMBR0392,SIMR0392,SIMU0089:User 89,GRANTED
2026,1月,13,周二,14:54:52,86937632,SIMBR0191,SIMR0191,SIMU0187:User 187,GRANTED
2026,1月,13,周二,14:54:52,29200997,SIMBR0326,SIMR0326,SIMU0186:User 186,GRANTED
2026,1月,13,周二,14:54:52,45B37997,SIMBR0015,SIMR0015,SIMU0163:User 163,GRANTED
2026,1月,13,周二,14:54:52,DF7754DF,SIMBR0147,SIMR0147,SIMU0019:User 19,GRANTED
2026,1月,13,周二,14:54:52,B2D6FCB4,SIMBR0317,SIMR0317,SIMU0086:User 86,GRANTED
2026,1月,13,周二,14:54:52,E55AD432,SIMBR0137,SIMR0137,SIMU0134:User 134,GRANTED
2026,1月,13,周二,14:54:52,78D4B102,SIMBR0315,SIMR0315,SIMU0283:User 283,GRANTED
2026,1月,13,周二,14:54:52,E2506042,SIMBR0124,SIMR0124,SIMU0101:User 101,GRANTED
2026,1月,13,周二,14:54:52,F6E7D08A,SIMBR0368,SIMR0368,SIMU0001:User 1,GRANTED
2026,1月,13,周二,14:54:52,2C249415,BR001,RES020,SIMU0276:User 276,DENIED
2026,1月,13,周二,14:54:52,C7C3B16D,SIMBR0379,SIMR0379,SIMU0259:User 259,GRANTED
2026,1月,13,周二,14:54:52,C50459DB,SIMBR0123,SIMR0123,SIMU0262:User 262,GRANTED
2026,1月,13,周二,14:54:52,69A8F764,SIMBR0332,SIMR0332,SIMU0240:User 240,GRANTED
2026,1月,13,周二,14:54:52,E55AD432,SIMBR0367,SIMR0367,SIMU0134:User 134,GRANTED
2026,1月,13,周二,14:54:52,45B37997,SIMBR0016,SIMR0016,SIMU0163:User 163,GRANTED
2026,1月,13,周二,14:54:52,2056B86F,SIMBR0336,SIMR0336,SIMU0067:User 67,GRANTED
2026,1月,13,周二,14:54:52,D87DCC23,BR008,RES003,SIMU0006:User 6,DENIED
2026,1月,13,周二,14:54:52,CBD2A48A,SIMBR0036,SIMR0036,SIMU0021:User 21,GRANTED
2026,1月,13,周二,14:54:52,DB66EC85,BR006,RES002,SIMU0100:User 100,DENIED
2026,1月,13,周二,14:54:52,1CA3AA4C,SIMBR0007,SIMR0007,SIMU0014:User 14,GRANTED
2026,1月,13,周二,14:54:52,F8F80D07,SIMBR0104,SIMR0104,SIMU0253:User 253,GRANTED
2026,1月,13,周二,14:54:52,CB1ACCC7,BR018,RES011,SIMU0110:User 110,DENIED
2026,1月,13,周二,14:54:52,FC05A793,SIMBR0042,SIMR0042,SIMU0071:User 71,GRANTED
2026,1月,13,周二,14:54:52,97A9597E,SIMBR0188,SIMR0188,SIMU0030:User 30,GRANTED
2026,1月,13,周二,14:54:52,0EE439B9,SIMBR0332,SIMR0332,SIMU0004:User 4,GRANTED
2026,1月,13,周二,14:54:52,C2F816DD,SIMBR0315,SIMR0315,SIMU0266:User 266,GRANTED
2026,1月,13,周二,14:54:52,69A8F764,SIMBR0292,SIMR0292,SIMU0240:User 240,GRANTED
2026,1月,13,周二,14:54:52,20D788EC,SIMBR0232,SIMR0232,SIMU0271:User 271,GRANTED
2026,1月,13,周二,14:54:52,1B14F9BC,SIMBR0067,SIMR0067,SIMU0065:User 65,GRANTED
2026,1月,13,周二,14:54:52,9D3B8CFC,SIMBR0120,SIMR0120,SIMU0095:User 95,GRANTED
2026,1月,13,周二,14:54:52,86937632,SIMBR0195,SIMR0195,SIMU0187:User 187,GRANTED
2026,1月,13,周二,14:54:52,0EA23D3A,SIMBR0121,SIMR0121,SIMU0062:User 62,GRANTED
2026,1月,13,周二,14:54:52,A51F7B4F,SIMBR0237,SIMR0237,SIMU0277:User 277,GRANTED
2026,1月,13,周二,14:54:52,0DE450B1,SIMBR0033,SIMR0033,SIMU0016:User 16,GRANTED
2026,1月,13,周二,14:54:52,E6DCC382,SIMBR0226,SIMR0226,SIMU0158:User 158,GRANTED
2026,1月,13,周二,14:54:52,5560EC7D,SIMBR0034,SIMR0034,SIMU0109:User 109,GRANTED
2026,1月,13,周二,14:54:52,B0B2BCE6,SIMBR0115,SIMR0115,SIMU0208:User 208,GRANTED
2026,1月,13,周二,14:54:52,49B45DCD,SIMBR0117,SIMR0117,SIMU0272:User 272,GRANTED
2026,1月,13,周二,14:54:52,8BF81A2A,BR010,RES004,SIMU0233:User 233,DENIED
2026,1月,13,周二,14:54:52,18788AAF,SIMBR0231,SIMR0231,SIMU0298:User 298,GRANTED
2026,1月,13,周二,14:54:52,8C19D42A,SIMBR0040,SIMR0040,SIMU0284:User 284,GRANTED
2026,1月,13,周二,14:54:52,9A00F337,SIMBR0024,SIMR0024,SIMU0285:User 285,GRANTED
2026,1月,13,周二,14:54:52,41981850,SIMBR0102,SIMR0102,SIMU0263:User 263,GRANTED
2026,1月,13,周二,14:54:52,54C5EDBD,SIMBR0134,SIMR0134,SIMU0145:User 145,GRANTED
2026,1月,13,周二,14:54:52,F3B58DFF,SIMBR0132,SIMR0132,SIMU0076:User 76,GRANTED
2026,1月,13,周二,14:54:52,D832D5F3,SIMBR0349,SIMR0349,SIMU0261:User 261,GRANTED
2026,1月,13,周二,14:54:52,CD0D9101,SIMBR0121,SIMR0121,SIMU0135:User 135,GRANTED
2026,1月,13,周二,14:54:52,874CC50E,BR008,RES003,SIMU0036:User 36,DENIED
2026,1月,13,周二,14:54:52,E07F08A6,SIMBR0373,SIMR0373,SIMU0246:User 246,GRANTED
2026,1月,13,周二,14:54:52,B0B2BCE6,SIMBR0256,SIMR0256,SIMU0208:User 208,GRANTED
2026,1月,13,周二,14:54:52,BA1008EF,SIMBR0164,SIMR0164,SIMU0083:User 83,GRANTED
2026,1月,13,周二,14:54:52,D2C7D462,SIMBR0066,SIMR0066,SIMU0061:User 61,GRANTED
2026,1月,13,周二,14:54:52,394DF2A8,SIMBR0281,SIMR0281,SIMU0111:User 111,GRANTED
2026,1月,13,周二,14:54:52,A74F536B,SIMBR0217,SIMR0217,SIMU0097:User 97,GRANTED
2026,1月,13,周二,14:54:52,10321BC3,SIMBR0144,SIMR0144,SIMU0042:User 42,GRANTED
2026,1月,13,周二,14:54:52,6CEC1FDF,SIMBR0192,SIMR0192,SIMU0230:User 230,GRANTED
2026,1月,13,周二,14:54:52,6A6279C3,SIMBR0069,SIMR0069,SIMU0178:User 178,GRANTED
2026,1月,13,周二,14:54:52,1DE07196,BR023,RES016,SIMU0274:User 274,DENIED
2026,1月,13,周二,14:54:52,B1990B96,SIMBR0327,SIMR0327,SIMU0106:User 106,GRANTED
2026,1月,13,周二,14:54:52,050D9DEF,SIMBR0090,SIMR0090,SIMU0128:User 128,GRANTED
2026,1月,13,周二,14:54:52,397975BA,SIMBR0088,SIMR0088,SIMU0164:User 164,GRANTED
2026,1月,13,周二,14:54:52,AA3155BB,SIMBR0143,SIMR0143,SIMU0050:User 50,GRANTED
2026,1月,13,周二,14:54:52,559213A2,BR020,RES013,SIMU0047:User 47,DENIED
2026,1月,13,周二,14:54:52,46895123,BR016,RES009,SIMU0132:User 132,DENIED
2026,1月,13,周二,14:54:52,B0B2BCE6,SIMBR0249,SIMR0249,SIMU0208:User 208,GRANTED
2026,1月,13,周二,14:54:52,6FFD7F45,SIMBR0066,SIMR0066,SIMU0198:User 198,GRANTED
2026,1月,13,周二,14:54:52,C2EDBC0C,SIMBR0051,SIMR0051,SIMU0226:User 226,GRANTED
2026,1月,13,周二,14:54:52,91E5E6B0,SIMBR0052,SIMR0052,SIMU0079:User 79,GRANTED
2026,1月,13,周二,14:54:52,E6D64EED,SIMBR0236,SIMR0236,SIMU0105:User 105,GRANTED
2026,1月,13,周二,14:54:52,18788AAF,SIMBR0273,SIMR0273,SIMU0298:User 298,GRANTED
2026,1月,13,周二,14:54:52,4D153C4A,SIMBR0393,SIMR0393,SIMU0104:User 104,GRANTED
2026,1月,13,周二,14:54:52,A89B9996,SIMBR0135,SIMR0135,SIMU0213:User 213,GRANTED
2026,1月,13,周二,14:54:52,3B22F02A,SIMBR0380,SIMR0380,SIMU0299:User 299,GRANTED
2026,1月,13,周二,14:54:52,8EA215FF,SIMBR0264,SIMR0264,SIMU0201:User 201,GRANTED
2026,1月,13,周二,14:54:52,C44E5E52,SIMBR0070,SIMR0070,SIMU0002:User 2,GRANTED
2026,1月,13,周二,14:54:52,C169BAEB,SIMBR0239,SIMR0239,SIMU0174:User 174,GRANTED
2026,1月,13,周二,14:54:52,11BD165A,SIMBR0269,SIMR0269,SIMU0154:User 154,GRANTED
2026,1月,13,周二,14:54:52,37FA6637,SIMBR0204,SIMR0204,SIMU0199:User 199,GRANTED
2026,1月,13,周二,14:54:52,DF7754DF,SIMBR0291,SIMR0291,SIMU0019:User 19,GRANTED
2026,1月,13,周二,14:54:52,49B45DCD,SIMBR0110,SIMR0110,SIMU0272:User 272,GRANTED
2026,1月,13,周二,14:54:52,6CEC1FDF,SIMBR0259,SIMR0259,SIMU0230:User 230,GRANTED
2026,1月,13,周二,14:54:52,24546BD0,SIMBR0279,SIMR0279,SIMU0251:User 251,GRANTED
2026,1月,13,周二,14:54:52,B13BB6C7,SIMBR0162,SIMR0162,SIMU0167:User 167,GRANTED
2026,1月,13,周二,14:54:52,A74F536B,SIMBR0063,SIMR0063,SIMU0097:User 97,GRANTED
2026,1月,13,周二,14:54:52,75D7C714,SIMBR0252,SIMR0252,SIMU0005:User 5,GRANTED
2026,1月,13,周二,14:54:52,33F39C8F,SIMBR0169,SIMR0169,SIMU0205:User 205,GRANTED
2026,1月,13,周二,14:54:52,8BF81A2A,SIMBR0339,SIMR0339,SIMU0233:User 233,GRANTED
2026,1月,13,周二,14:54:52,1EBD89C8,SIMBR0293,SIMR0293,SIMU0123:User 123,GRANTED
2026,1月,13,周二,14:54:52,A9E67E95,SIMBR0173,SIMR0173,SIMU0243:User 243,GRANTED
2026,1月,13,周二,14:54:52,DA3D486F,SIMBR0116,SIMR0116,SIMU0028:User 28,GRANTED
2026,1月,13,周二,14:54:52,D6BC3463,SIMBR0235,SIMR0235,SIMU0037:User 37,GRANTED
2026,1月,13,周二,14:54:52,7B914E9E,SIMBR0063,SIMR0063,SIMU0215:User 215,GRANTED
2026,1月,13,周二,14:54:52,D2C7D462,SIMBR0092,SIMR0092,SIMU0061:User 61,GRANTED
2026,1月,13,周二,14:54:52,BEBCE825,SIMBR0064,SIMR0064,SIMU0270:User 270,GRANTED
2026,1月,13,周二,14:54:52,C169BAEB,SIMBR0094,SIMR0094,SIMU0174:User 174,GRANTED
2026,1月,13,周二,14:54:52,CB1ACCC7,SIMBR0345,SIMR0345,SIMU0110:User 110,GRANTED
2026,1月,13,周二,14:54:52,24DE0286,SIMBR0131,SIMR0131,SIMU0221:User 221,GRANTED
2026,1月,13,周二,14:54:52,EF6713BA,SIMBR0104,SIMR0104,SIMU0153:User 153,GRANTED
2026,1月,13,周二,14:54:52,B13BB6C7,SIMBR0102,SIMR0102,SIMU0167:User 167,GRANTED
2026,1月,13,周二,14:54:52,01513E26,SIMBR0200,SIMR0200,SIMU0181:User 181,GRANTED
2026,1月,13,周二,14:54:52,D87DCC23,SIMBR0327,SIMR0327,SIMU0006:User 6,GRANTED
2026,1月,13,周二,14:54:52,D504C218,SIMBR0047,SIMR0047,SIMU0060:User 60,GRANTED
2026,1月,13,周二,14:54:52,B13BB6C7,BR012,RES005,SIMU0167:User 167,DENIED
2026,1月,13,周二,14:54:52,8CBA0F42,BR024,RES017,SIMU0152:User 152,DENIED
2026,1月,13,周二,14:54:52,8B9117BE,SIMBR0173,SIMR0173,SIMU0165:User 165,GRANTED
2026,1月,13,周二,14:54:52,81F12C1B,SIMBR0192,SIMR0192,SIMU0200:User 200,GRANTED
2026,1月,13,周二,14:54:52,128D7B1F,SIMBR0053,SIMR0053,SIMU0121:User 121,GRANTED
2026,1月,13,周二,14:54:52,0A675EEC,SIMBR0084,SIMR0084,SIMU0138:User 138,GRANTED
2026,1月,13,周二,14:54:52,C46D887F,SIMBR0257,SIMR0257,SIMU0254:User 254,GRANTED
2026,1月,13,周二,14:54:52,6213A883,SIMBR0238,SIMR0238,SIMU0249:User 249,GRANTED
2026,1月,13,周二,14:54:52,DA33A96E,BR016,RES009,SIMU0190:User 190,DENIED
2026,1月,13,周二,14:54:52,F6E7D08A,SIMBR0204,SIMR0204,SIMU0001:User 1,GRANTED
2026,1月,13,周二,14:54:52,2EEB40A9,SIMBR0337,SIMR0337,SIMU0260:User 260,GRANTED
2026,1月,13,周二,14:54:52,A2903A49,BR001,RES020,SIMU0043:User 43,DENIED
2026,1月,13,周二,14:54:52,4FC5D562,SIMBR0220,SIMR0220,SIMU0275:User 275,GRANTED
2026,1月,13,周二,14:54:52,C7C3B16D,SIMBR0244,SIMR0244,SIMU0259:User 259,GRANTED
2026,1月,13,周二,14:54:52,14103484,SIMBR0093,SIMR0093,SIMU0074:User 74,GRANTED
2026,1月,13,周二,14:54:52,B77EBDC0,SIMBR0100,SIMR0100,SIMU0203:User 203,GRANTED
2026,1月,13,周二,14:54:52,0EE439B9,SIMBR0193,SIMR0193,SIMU0004:User 4,GRANTED
2026,1月,13,周二,14:54:52,85471FCB,SIMBR0329,SIMR0329,SIMU0054:User 54,GRANTED
2026,1月,13,周二,14:54:52,C7C3B16D,SIMBR0075,SIMR0075,SIMU0259:User 259,GRANTED
2026,1月,13,周二,14:54:52,3B22F02A,SIMBR0212,SIMR0212,SIMU0299:User 299,GRANTED
2026,1月,13,周二,14:54:52,27BDB972,SIMBR0002,SIMR0002,SIMU0244:User 244,GRANTED
2026,1月,13,周二,14:54:52,D78DDFDE,SIMBR0108,SIMR0108,SIMU0252:User 252,GRANTED
2026,1月,13,周二,14:54:52,81F12C1B,SIMBR0220,SIMR0220,SIMU0200:User 200,GRANTED
2026,1月,13,周二,14:54:52,6714B510,BR008,RES003,SIMU0160:User 160,DENIED
2026,1月,13,周二,14:54:52,5560EC7D,SIMBR0050,SIMR0050,SIMU0109:User 109,GRANTED
2026,1月,13,周二,14:54:52,31C1AEEF,SIMBR0148,SIMR0148,SIMU0039:User 39,GRANTED
2026,1月,13,周二,14:54:52,A234EF8B,SIMBR0057,SIMR0057,SIMU0069:User 69,GRANTED
2026,1月,13,周二,14:54:52,C0F19B1C,SIMBR0139,SIMR0139,SIMU0155:User 155,GRANTED
2026,1月,13,周二,14:54:52,97A9597E,SIMBR0353,SIMR0353,SIMU0030:User 30,GRANTED
2026,1月,13,周二,14:54:52,1812D558,SIMBR0133,SIMR0133,SIMU0214:User 214,GRANTED
2026,1月,13,周二,14:54:53,5A758FE3,SIMBR0024,SIMR0024,SIMU0103:User 103,GRANTED
2026,1月,13,周二,14:54:53,B0DFB305,SIMBR0058,SIMR0058,SIMU0151:User 151,GRANTED
2026,1月,13,周二,14:54:53,53A1B264,SIMBR0038,SIMR0038,SIMU0017:User 17,GRANTED
2026,1月,13,周二,14:54:53,5D5C3450,SIMBR0385,SIMR0385,SIMU0131:User 131,GRANTED
2026,1月,13,周二,14:54:53,56C4C8CF,SIMBR0314,SIMR0314,SIMU0077:User 77,GRANTED
2026,1月,13,周二,14:54:53,1792E539,SIMBR0088,SIMR0088,SIMU0292:User 292,GRANTED
2026,1月,13,周二,14:54:53,CD0D9101,SIMBR0331,SIMR0331,SIMU0135:User 135,GRANTED
2026,1月,13,周二,14:54:53,CB2FA116,SIMBR0204,SIMR0204,SIMU0172:User 172,GRANTED
2026,1月,13,周二,14:54:53,C04BAEE8,SIMBR0195,SIMR0195,SIMU0129:User 129,GRANTED
2026,1月,13,周二,14:54:53,21A13EE6,SIMBR0287,SIMR0287,SIMU0133:User 133,GRANTED
2026,1月,13,周二,14:54:53,6714B510,SIMBR0278,SIMR0278,SIMU0160:User 160,GRANTED
2026,1月,13,周二,14:54:53,33F39C8F,BR004,RES001,SIMU0205:User 205,DENIED
2026,1月,13,周二,14:54:53,3870BA5D,SIMBR0285,SIMR0285,SIMU0173:User 173,GRANTED
2026,1月,13,周二,14:54:53,DA33A96E,SIMBR0131,SIMR0131,SIMU0190:User 190,GRANTED
2026,1月,13,周二,14:54:53,41981850,BR007,RES024,SIMU0263:User 263,DENIED
2026,1月,13,周二,14:54:53,1E4AD759,SIMBR0203,SIMR0203,SIMU0029:User 29,GRANTED
2026,1月,13,周二,14:54:53,A89B9996,SIMBR0012,SIMR0012,SIMU0213:User 213,GRANTED
2026,1月,13,周二,14:54:53,6714B510,SIMBR0314,SIMR0314,SIMU0160:User 160,GRANTED
2026,1月,13,周二,14:54:53,20D788EC,SIMBR0196,SIMR0196,SIMU0271:User 271,GRANTED
2026,1月,13,周二,14:54:53,1CA3AA4C,SIMBR0142,SIMR0142,SIMU0014:User 14,GRANTED
2026,1月,13,周二,14:54:53,DB66EC85,SIMBR0138,SIMR0138,SIMU0100:User 100,GRANTED
2026,1月,13,周二,14:54:53,E6DCC382,SIMBR0077,SIMR0077,SIMU0158:User 158,GRANTED
2026,1月,13,周二,14:54:53,37E9D9C0,SIMBR0361,SIMR0361,SIMU0034:User 34,GRANTED
2026,1月,13,周二,14:54:53,0641BA46,SIMBR0011,SIMR0011,SIMU0085:User 85,GRANTED
2026,1月,13,周二,14:54:53,8CBA0F42,SIMBR0117,SIMR0117,SIMU0152:User 152,GRANTED
2026,1月,13,周二,14:54:53,6FFD7F45,SIMBR0204,SIMR0204,SIMU0198:User 198,GRANTED
2026,1月,13,周二,14:54:53,FB68A282,SIMBR0061,SIMR0061,SIMU0183:User 183,GRANTED
2026,1月,13,周二,14:54:53,BD4961D3,SIMBR0304,SIMR0304,SIMU0169:User 169,GRANTED
2026,1月,13,周二,14:54:53,1DE07196,SIMBR0223,SIMR0223,SIMU0274:User 274,GRANTED
2026,1月,13,周二,14:54:53,85471FCB,SIMBR0028,SIMR0028,SIMU0054:User 54,GRANTED
2026,1月,13,周二,14:54:53,518BCEDD,SIMBR0267,SIMR0267,SIMU0011:User 11,GRANTED
2026,1月,13,周二,14:54:53,C46D887F,SIMBR0139,SIMR0139,SIMU0254:User 254,GRANTED
2026,1月,13,周二,14:54:53,84F825EE,SIMBR0382,SIMR0382,SIMU0150:User 150,GRANTED
2026,1月,13,周二,14:54:53,01513E26,SIMBR0306,SIMR0306,SIMU0181:User 181,GRANTED
2026,1月,13,周二,14:54:53,F0ADE55C,SIMBR0374,SIMR0374,SIMU0237:User 237,GRANTED
2026,1月,13,周二,14:54:53,1A3D1ED6,SIMBR0274,SIMR0274,SIMU0231:User 231,GRANTED
2026,1月,13,周二,14:54:53,48744B29,SIMBR0323,SIMR0323,SIMU0035:User 35,GRANTED
2026,1月,13,周二,14:54:53,489655D2,SIMBR0142,SIMR0142,CON001:Wang Wu,DENIED
2026,1月,13,周二,14:54:53,1A88116F,SIMBR0335,SIMR0335,SIMU0063:User 63,GRANTED
2026,1月,13,周二,14:54:53,BA0243B9,SIMBR0242,SIMR0242,PM001:Sun Ba,DENIED
2026,1月,13,周二,14:54:53,94264C0C,SIMBR0305,SIMR0305,SIMU0118:User 118,GRANTED
2026,1月,13,周二,14:54:53,14103484,SIMBR0115,SIMR0115,SIMU0074:User 74,GRANTED
2026,1月,13,周二,14:54:53,6FFD7F45,SIMBR0267,SIMR0267,SIMU0198:User 198,GRANTED
2026,1月,13,周二,14:54:53,C04BAEE8,SIMBR0181,SIMR0181,SIMU0129:User 129,GRANTED
2026,1月,13,周二,14:54:53,44B3ADEE,SIMBR0152,SIMR0152,SIMU0157:User 157,GRANTED
2026,1月,13,周二,14:54:53,E93FF152,SIMBR0251,SIMR0251,SIMU0197:User 197,GRANTED
2026,1月,13,周二,14:54:53,AF6C110D,SIMBR0152,SIMR0152,SIMU0080:User 80,GRANTED
2026,1月,13,周二,14:54:53,C0993563,SIMBR0138,SIMR0138,SIMU0209:User 209,GRANTED
2026,1月,13,周二,14:54:53,FC9C0D71,SIMBR0169,SIMR0169,SIMU0093:User 93,GRANTED
2026,1月,13,周二,14:54:53,F6E7D08A,SIMBR0032,SIMR0032,SIMU0001:User 1,GRANTED
2026,1月,13,周二,14:54:53,0CFFFBA0,SIMBR0133,SIMR0133,SIMU0189:User 189,GRANTED
2026,1月,13,周二,14:54:53,A51F7B4F,SIMBR0183,SIMR0183,SIMU0277:User 277,GRANTED
2026,1月,13,周二,14:54:53,A234EF8B,SIMBR0357,SIMR0357,SIMU0069:User 69,GRANTED
2026,1月,13,周二,14:54:53,0DE450B1,SIMBR0312,SIMR0312,SIMU0016:User 16,GRANTED
2026,1月,13,周二,14:54:53,45B37997,SIMBR0366,SIMR0366,SIMU0163:User 163,GRANTED
2026,1月,13,周二,14:54:53,48744B29,SIMBR0023,SIMR0023,SIMU0035:User 35,GRANTED
2026,1月,13,周二,14:54:53,964B6B12,SIMBR0400,SIMR0400,SIMU0003:User 3,GRANTED
2026,1月,13,周二,14:54:53,01513E26,SIMBR0032,SIMR0032,SIMU0181:User 181,GRANTED
2026,1月,13,周二,14:54:53,0FB515EE,SIMBR0216,SIMR0216,SIMU0033:User 33,GRANTED
2026,1月,13,周二,14:54:53,C6173DD5,SIMBR0359,SIMR0359,SIMU0023:User 23,GRANTED
2026,1月,13,周二,14:54:53,7413D955,BR009,RES025,SIMU0075:User 75,DENIED
2026,1月,13,周二,14:54:53,3870BA5D,SIMBR0208,SIMR0208,SIMU0173:User 173,GRANTED
2026,1月,13,周二,14:54:53,BA893511,SIMBR0130,SIMR0130,SIMU0269:User 269,GRANTED
2026,1月,13,周二,14:54:53,31C1AEEF,SIMBR0320,SIMR0320,SIMU0039:User 39,GRANTED
2026,1月,13,周二,14:54:53,4AF57AEF,SIMBR0071,SIMR0071,SIMU0193:User 193,GRANTED
2026,1月,13,周二,14:54:53,0EA23D3A,SIMBR0289,SIMR0289,SIMU0062:User 62,GRANTED
2026,1月,13,周二,14:54:53,905C3DCB,SIMBR0228,SIMR0228,SIMU0070:User 70,GRANTED
2026,1月,13,周二,14:54:53,2E121B44,SIMBR0050,SIMR0050,SIMU0258:User 258,GRANTED
2026,1月,13,周二,14:54:53,45BE30A8,SIMBR0284,SIMR0284,8d1a5202-9052-4f93-bf5a-4deffdf65fd3:a q,GRANTED
2026,1月,13,周二,14:54:53,59E1ACA0,SIMBR0129,SIMR0129,SIMU0090:User 90,GRANTED
2026,1月,13,周二,14:54:53,9D3B8CFC,SIMBR0032,SIMR0032,SIMU0095:User 95,GRANTED
2026,1月,13,周二,14:54:53,1EE4C053,SIMBR0367,SIMR0367,SIMU0026:User 26,GRANTED
2026,1月,13,周二,14:54:53,538EE2BF,SIMBR0305,SIMR0305,SIMU0177:User 177,GRANTED
2026,1月,13,周二,14:54:53,B095C629,BR010,RES004,SIMU0257:User 257,DENIED
2026,1月,13,周二,14:54:53,A89B9996,SIMBR0399,SIMR0399,SIMU0213:User 213,GRANTED
2026,1月,13,周二,14:54:53,E393950E,SIMBR0320,SIMR0320,SIMU0195:User 195,GRANTED
2026,1月,13,周二,14:54:53,54C5EDBD,BR025,RES018,SIMU0145:User 145,DENIED
2026,1月,13,周二,14:54:53,FC05A793,SIMBR0044,SIMR0044,SIMU0071:User 71,GRANTED
2026,1月,13,周二,14:54:53,95379CDB,SIMBR0219,SIMR0219,f46ee39b-ac9d-4193-a478-f8cfc35cec07:gagaga a,GRANTED
2026,1月,13,周二,14:54:53,5AC1CCB2,SIMBR0052,SIMR0052,SIMU0264:User 264,GRANTED
2026,1月,13,周二,14:54:53,905C3DCB,SIMBR0115,SIMR0115,SIMU0070:User 70,GRANTED
2026,1月,13,周二,14:54:53,FEB7592C,SIMBR0125,SIMR0125,SIMU0059:User 59,GRANTED
2026,1月,13,周二,14:54:53,3DDB17B7,SIMBR0162,SIMR0162,SIMU0044:User 44,GRANTED
2026,1月,13,周二,14:54:53,6213A883,SIMBR0203,SIMR0203,SIMU0249:User 249,GRANTED
2026,1月,13,周二,14:54:53,C50459DB,SIMBR0206,SIMR0206,SIMU0262:User 262,GRANTED
2026,1月,13,周二,14:54:53,0DE450B1,SIMBR0335,SIMR0335,SIMU0016:User 16,GRANTED
2026,1月,13,周二,14:54:53,24546BD0,SIMBR0008,SIMR0008,SIMU0251:User 251,GRANTED
2026,1月,13,周二,14:54:53,1DE07196,SIMBR0078,SIMR0078,SIMU0274:User 274,GRANTED
2026,1月,13,周二,14:54:53,5AC1CCB2,SIMBR0024,SIMR0024,SIMU0264:User 264,GRANTED
2026,1月,13,周二,14:54:53,C0CB4AFF,SIMBR0244,SIMR0244,SIMU0235:User 235,GRANTED
2026,1月,13,周二,14:54:53,C169BAEB,SIMBR0159,SIMR0159,SIMU0174:User 174,GRANTED
2026,1月,13,周二,14:54:53,8E0C2F27,SIMBR0306,SIMR0306,SIMU0126:User 126,GRANTED
2026,1月,13,周二,14:54:53,DCB76AA3,SIMBR0335,SIMR0335,SIMU0228:User 228,GRANTED
2026,1月,13,周二,14:54:53,F832AB7A,SIMBR0208,SIMR0208,SIMU0139:User 139,GRANTED
2026,1月,13,周二,14:54:53,01513E26,SIMBR0127,SIMR0127,SIMU0181:User 181,GRANTED
2026,1月,13,周二,14:54:53,8BF81A2A,SIMBR0276,SIMR0276,SIMU0233:User 233,GRANTED
2026,1月,13,周二,14:54:53,F6E7D08A,SIMBR0178,SIMR0178,SIMU0001:User 1,GRANTED
2026,1月,13,周二,14:54:53,A2589816,SIMBR0284,SIMR0284,SIMU0082:User 82,GRANTED
2026,1月,13,周二,14:54:53,3DDB17B7,SIMBR0049,SIMR0049,SIMU0044:User 44,GRANTED
2026,1月,13,周二,14:54:53,5C4195BE,SIMBR0245,SIMR0245,SIMU0288:User 288,GRANTED
2026,1月,13,周二,14:54:53,14103484,SIMBR0174,SIMR0174,SIMU0074:User 74,GRANTED
2026,1月,13,周二,14:54:53,13990099,SIMBR0172,SIMR0172,SIMU0008:User 8,GRANTED
2026,1月,13,周二,14:54:53,7C3923AE,SIMBR0186,SIMR0186,SIMU0210:User 210,GRANTED
2026,1月,13,周二,14:54:53,BD4961D3,SIMBR0235,SIMR0235,SIMU0169:User 169,GRANTED
2026,1月,13,周二,14:54:53,27BDB972,SIMBR0351,SIMR0351,SIMU0244:User 244,GRANTED
2026,1月,13,周二,14:54:53,01FC696F,SIMBR0112,SIMR0112,SIMU0068:User 68,GRANTED
2026,1月,13,周二,14:54:53,DA3D486F,SIMBR0231,SIMR0231,SIMU0028:User 28,GRANTED
2026,1月,13,周二,14:54:53,0EA23D3A,SIMBR0035,SIMR0035,SIMU0062:User 62,GRANTED
2026,1月,13,周二,14:54:53,546575AC,SIMBR0082,SIMR0082,SIMU0140:User 140,GRANTED
2026,1月,13,周二,14:54:53,27BDB972,SIMBR0062,SIMR0062,SIMU0244:User 244,GRANTED
2026,1月,13,周二,14:54:53,559213A2,SIMBR0031,SIMR0031,SIMU0047:User 47,GRANTED
2026,1月,13,周二,14:54:53,3122BEFD,SIMBR0271,SIMR0271,SIMU0066:User 66,GRANTED
2026,1月,13,周二,14:54:53,47C3A99F,SIMBR0166,SIMR0166,SIMU0136:User 136,GRANTED
2026,1月,13,周二,14:54:53,3CC4126C,SIMBR0059,SIMR0059,SIMU0099:User 99,GRANTED
2026,1月,13,周二,14:54:53,54C5EDBD,SIMBR0379,SIMR0379,SIMU0145:User 145,GRANTED
2026,1月,13,周二,14:54:53,37E9D9C0,SIMBR0321,SIMR0321,SIMU0034:User 34,GRANTED
2026,1月,13,周二,14:54:53,23858FDA,SIMBR0384,SIMR0384,SIMU0098:User 98,GRANTED
2026,1月,13,周二,14:54:53,F9B71846,SIMBR0264,SIMR0264,SIMU0196:User 196,GRANTED
2026,1月,13,周二,14:54:53,F0ADE55C,BR004,RES001,SIMU0237:User 237,DENIED
2026,1月,13,周二,14:54:53,C6173DD5,SIMBR0123,SIMR0123,SIMU0023:User 23,GRANTED
2026,1月,13,周二,14:54:53,E0F41E54,SIMBR0198,SIMR0198,SIMU0176:User 176,GRANTED
2026,1月,13,周二,14:54:53,8B29C7CC,SIMBR0032,SIMR0032,SIMU0175:User 175,GRANTED
2026,1月,13,周二,14:54:53,F853E5E9,SIMBR0049,SIMR0049,SIMU0119:User 119,GRANTED
2026,1月,13,周二,14:54:53,7CA376A0,SIMBR0162,SIMR0162,SIMU0102:User 102,GRANTED
2026,1月,13,周二,14:54:53,FC05A793,SIMBR0367,SIMR0367,SIMU0071:User 71,GRANTED
2026,1月,13,周二,14:54:53,9615FFCC,SIMBR0343,SIMR0343,SIMU0010:User 10,GRANTED
2026,1月,13,周二,14:54:53,273D28BF,SIMBR0137,SIMR0137,SIMU0057:User 57,GRANTED
2026,1月,13,周二,14:54:53,4758C16D,SIMBR0324,SIMR0324,SIMU0147:User 147,GRANTED
2026,1月,13,周二,14:54:53,2056B86F,SIMBR0075,SIMR0075,SIMU0067:User 67,GRANTED
2026,1月,13,周二,14:54:53,47A80030,SIMBR0207,SIMR0207,SIMU0234:User 234,GRANTED
2026,1月,13,周二,14:54:53,EF6713BA,SIMBR0132,SIMR0132,SIMU0153:User 153,GRANTED
2026,1月,13,周二,14:54:53,D0871CF1,SIMBR0100,SIMR0100,SIMU0007:User 7,GRANTED
2026,1月,13,周二,14:54:53,359F9D02,SIMBR0299,SIMR0299,SIMU0087:User 87,GRANTED
2026,1月,13,周二,14:54:53,4758C16D,SIMBR0362,SIMR0362,SIMU0147:User 147,GRANTED
2026,1月,13,周二,14:54:53,A5DEC594,SIMBR0321,SIMR0321,SIMU0084:User 84,GRANTED
2026,1月,13,周二,14:54:53,E6D64EED,SIMBR0329,SIMR0329,SIMU0105:User 105,GRANTED
2026,1月,13,周二,14:54:53,F9B71846,SIMBR0033,SIMR0033,SIMU0196:User 196,GRANTED
2026,1月,13,周二,14:54:53,54C5EDBD,SIMBR0043,SIMR0043,SIMU0145:User 145,GRANTED
2026,1月,13,周二,14:54:53,C72DAED8,SIMBR0072,SIMR0072,SIMU0117:User 117,GRANTED
2026,1月,13,周二,14:54:53,7B092D88,SIMBR0214,SIMR0214,SIMU0236:User 236,GRANTED
2026,1月,13,周二,14:54:53,41981850,SIMBR0044,SIMR0044,SIMU0263:User 263,GRANTED
2026,1月,13,周二,14:54:53,31C1AEEF,SIMBR0030,SIMR0030,SIMU0039:User 39,GRANTED
2026,1月,13,周二,14:54:53,A4F77AE3,SIMBR0231,SIMR0231,SIMU0031:User 31,GRANTED
2026,1月,13,周二,14:54:53,8EA215FF,BR011,RES026,SIMU0201:User 201,DENIED
2026,1月,13,周二,14:54:53,3B7FFD92,SIMBR0058,SIMR0058,SIMU0256:User 256,GRANTED
2026,1月,13,周二,14:54:53,559213A2,SIMBR0214,SIMR0214,SIMU0047:User 47,GRANTED
2026,1月,13,周二,14:54:53,559213A2,SIMBR0345,SIMR0345,SIMU0047:User 47,GRANTED
2026,1月,13,周二,14:54:53,FD75651D,SIMBR0266,SIMR0266,SIMU0238:User 238,GRANTED
2026,1月,13,周二,14:54:53,874CC50E,SIMBR0291,SIMR0291,SIMU0036:User 36,GRANTED
2026,1月,13,周二,14:54:53,AE2F46DE,SIMBR0336,SIMR0336,SIMU0232:User 232,GRANTED
2026,1月,13,周二,14:54:53,3CC4126C,SIMBR0091,SIMR0091,SIMU0099:User 99,GRANTED
2026,1月,13,周二,14:54:53,E393950E,BR019,RES012,SIMU0195:User 195,DENIED
2026,1月,13,周二,14:54:53,A2589816,SIMBR0096,SIMR0096,SIMU0082:User 82,GRANTED
2026,1月,13,周二,14:54:53,D2C7D462,SIMBR0315,SIMR0315,SIMU0061:User 61,GRANTED
2026,1月,13,周二,14:54:53,A2589816,SIMBR0171,SIMR0171,SIMU0082:User 82,GRANTED
2026,1月,13,周二,14:54:53,F616A325,SIMBR0073,SIMR0073,SIMU0194:User 194,GRANTED
2026,1月,13,周二,14:54:53,4B59E256,SIMBR0099,SIMR0099,SIMU0182:User 182,GRANTED
2026,1月,13,周二,14:54:53,0DE450B1,SIMBR0169,SIMR0169,SIMU0016:User 16,GRANTED
2026,1月,13,周二,14:54:53,F04FDB11,SIMBR0357,SIMR0357,SIMU0125:User 125,GRANTED
2026,1月,13,周二,14:54:53,B0B2BCE6,SIMBR0049,SIMR0049,SIMU0208:User 208,GRANTED
2026,1月,13,周二,14:54:53,3EA1EF87,SIMBR0015,SIMR0015,SIMU0229:User 229,GRANTED
2026,1月,13,周二,14:54:53,D0871CF1,SIMBR0274,SIMR0274,SIMU0007:User 7,GRANTED
2026,1月,13,周二,14:54:53,4DFA0FE5,SIMBR0313,SIMR0313,SIMU0255:User 255,GRANTED
2026,1月,13,周二,14:54:53,54C5EDBD,SIMBR0097,SIMR0097,SIMU0145:User 145,GRANTED
2026,1月,13,周二,14:54:53,8B9117BE,SIMBR0029,SIMR0029,SIMU0165:User 165,GRANTED
2026,1月,13,周二,14:54:53,AA3155BB,SIMBR0064,SIMR0064,SIMU0050:User 50,GRANTED
2026,1月,13,周二,14:54:53,3870BA5D,SIMBR0153,SIMR0153,SIMU0173:User 173,GRANTED
2026,1月,13,周二,14:54:53,C584F9D3,SIMBR0089,SIMR0089,EMP001:Zhang San,DENIED
2026,1月,13,周二,14:54:53,24DE0286,SIMBR0351,SIMR0351,SIMU0221:User 221,GRANTED
2026,1月,13,周二,14:54:53,A5A16F78,BR014,RES007,SIMU0294:User 294,DENIED
2026,1月,13,周二,14:54:53,A4F77AE3,SIMBR0202,SIMR0202,SIMU0031:User 31,GRANTED
2026,1月,13,周二,14:54:53,F04FDB11,SIMBR0175,SIMR0175,SIMU0125:User 125,GRANTED
2026,1月,13,周二,14:54:53,E6D64EED,SIMBR0017,SIMR0017,SIMU0105:User 105,GRANTED
2026,1月,13,周二,14:54:53,A5A16F78,SIMBR0272,SIMR0272,SIMU0294:User 294,GRANTED
2026,1月,13,周二,14:54:53,3DDB17B7,SIMBR0157,SIMR0157,SIMU0044:User 44,GRANTED
2026,1月,13,周二,14:54:53,49B45DCD,SIMBR0380,SIMR0380,SIMU0272:User 272,GRANTED
2026,1月,13,周二,14:54:53,A4F77AE3,SIMBR0312,SIMR0312,SIMU0031:User 31,GRANTED
2026,1月,13,周二,14:54:53,C1CE8342,SIMBR0093,SIMR0093,SIMU0018:User 18,GRANTED
2026,1月,13,周二,14:54:53,BEBCE825,SIMBR0396,SIMR0396,SIMU0270:User 270,GRANTED
2026,1月,13,周二,14:54:53,DA3D486F,SIMBR0097,SIMR0097,SIMU0028:User 28,GRANTED
2026,1月,13,周二,14:54:53,C0F19B1C,SIMBR0252,SIMR0252,SIMU0155:User 155,GRANTED
2026,1月,13,周二,14:54:53,FE83648E,SIMBR0343,SIMR0343,SIMU0142:User 142,GRANTED
2026,1月,13,周二,14:54:53,D716AAF5,SIMBR0373,SIMR0373,SIMU0170:User 170,GRANTED
2026,1月,13,周二,14:54:53,C7C3B16D,SIMBR0295,SIMR0295,SIMU0259:User 259,GRANTED
2026,1月,13,周二,14:54:53,84F825EE,SIMBR0076,SIMR0076,SIMU0150:User 150,GRANTED
2026,1月,13,周二,14:54:53,E6DCC382,SIMBR0084,SIMR0084,SIMU0158:User 158,GRANTED
2026,1月,13,周二,14:54:53,C718E607,SIMBR0148,SIMR0148,SIMU0089:User 89,GRANTED
2026,1月,13,周二,14:54:53,354118DA,SIMBR0054,SIMR0054,SIMU0052:User 52,GRANTED
2026,1月,13,周二,14:54:53,546575AC,SIMBR0096,SIMR0096,SIMU0140:User 140,GRANTED
2026,1月,13,周二,14:54:53,53A1B264,SIMBR0101,SIMR0101,SIMU0017:User 17,GRANTED
2026,1月,13,周二,14:54:53,29200997,SIMBR0265,SIMR0265,SIMU0186:User 186,GRANTED
2026,1月,13,周二,14:54:53,10321BC3,SIMBR0057,SIMR0057,SIMU0042:User 42,GRANTED
2026,1月,13,周二,14:54:53,8B29C7CC,SIMBR0005,SIMR0005,SIMU0175:User 175,GRANTED
2026,1月,13,周二,14:54:53,D1BB07EE,SIMBR0243,SIMR0243,SIMU0287:User 287,GRANTED
2026,1月,13,周二,14:54:53,27BDB972,SIMBR0081,SIMR0081,SIMU0244:User 244,GRANTED
2026,1月,13,周二,14:54:53,359F9D02,SIMBR0356,SIMR0356,SIMU0087:User 87,GRANTED
2026,1月,13,周二,14:54:53,CBD2A48A,SIMBR0123,SIMR0123,SIMU0021:User 21,GRANTED
2026,1月,13,周二,14:54:53,E393950E,SIMBR0287,SIMR0287,SIMU0195:User 195,GRANTED
2026,1月,13,周二,14:54:53,B2D6FCB4,SIMBR0186,SIMR0186,SIMU0086:User 86,GRANTED
2026,1月,13,周二,14:54:53,C1CE8342,SIMBR0386,SIMR0386,SIMU0018:User 18,GRANTED
2026,1月,13,周二,14:54:54,5334DCE6,SIMBR0176,SIMR0176,SIMU0179:User 179,GRANTED
2026,1月,13,周二,14:54:54,7B092D88,SIMBR0286,SIMR0286,SIMU0236:User 236,GRANTED
2026,1月,13,周二,14:54:54,35C69784,SIMBR0341,SIMR0341,SIMU0168:User 168,GRANTED
2026,1月,13,周二,14:54:54,9A00F337,SIMBR0188,SIMR0188,SIMU0285:User 285,GRANTED
2026,1月,13,周二,14:54:54,546575AC,SIMBR0289,SIMR0289,SIMU0140:User 140,GRANTED
2026,1月,13,周二,14:54:54,85471FCB,BR010,RES004,SIMU0054:User 54,DENIED
2026,1月,13,周二,14:54:54,36330273,SIMBR0378,SIMR0378,SIMU0291:User 291,GRANTED
2026,1月,13,周二,14:54:54,86937632,SIMBR0268,SIMR0268,SIMU0187:User 187,GRANTED
2026,1月,13,周二,14:54:54,D832D5F3,SIMBR0180,SIMR0180,SIMU0261:User 261,GRANTED
2026,1月,13,周二,14:54:54,1A3D1ED6,SIMBR0235,SIMR0235,SIMU0231:User 231,GRANTED
2026,1月,13,周二,14:54:54,273D28BF,SIMBR0089,SIMR0089,SIMU0057:User 57,GRANTED
2026,1月,13,周二,14:54:54,6FFD7F45,SIMBR0287,SIMR0287,SIMU0198:User 198,GRANTED
2026,1月,13,周二,14:54:54,E93FF152,SIMBR0149,SIMR0149,SIMU0197:User 197,GRANTED
2026,1月,13,周二,14:54:54,F616A325,SIMBR0010,SIMR0010,SIMU0194:User 194,GRANTED
2026,1月,13,周二,14:54:54,BD4961D3,SIMBR0377,SIMR0377,SIMU0169:User 169,GRANTED
2026,1月,13,周二,14:54:54,CB0F203D,BR014,RES007,SIMU0124:User 124,DENIED
2026,1月,13,周二,14:54:54,B77EBDC0,SIMBR0096,SIMR0096,SIMU0203:User 203,GRANTED
2026,1月,13,周二,14:54:54,3EA1EF87,SIMBR0254,SIMR0254,SIMU0229:User 229,GRANTED
2026,1月,13,周二,14:54:54,CA15B29F,BR010,RES004,SIMU0206:User 206,DENIED
2026,1月,13,周二,14:54:54,7CE9CF19,SIMBR0395,SIMR0395,SIMU0020:User 20,GRANTED
2026,1月,13,周二,14:54:54,1792E539,SIMBR0125,SIMR0125,SIMU0292:User 292,GRANTED
2026,1月,13,周二,14:54:54,24DE0286,SIMBR0300,SIMR0300,SIMU0221:User 221,GRANTED
2026,1月,13,周二,14:54:54,7B914E9E,SIMBR0068,SIMR0068,SIMU0215:User 215,GRANTED
2026,1月,13,周二,14:54:54,57ED1495,SIMBR0132,SIMR0132,SIMU0250:User 250,GRANTED
2026,1月,13,周二,14:54:54,CA296753,SIMBR0222,SIMR0222,SIMU0055:User 55,GRANTED
2026,1月,13,周二,14:54:54,1792E539,SIMBR0185,SIMR0185,SIMU0292:User 292,GRANTED
2026,1月,13,周二,14:54:54,56C4C8CF,SIMBR0213,SIMR0213,SIMU0077:User 77,GRANTED
2026,1月,13,周二,14:54:54,10321BC3,SIMBR0318,SIMR0318,SIMU0042:User 42,GRANTED
2026,1月,13,周二,14:54:54,5AC1CCB2,SIMBR0105,SIMR0105,SIMU0264:User 264,GRANTED
2026,1月,13,周二,14:54:54,D716AAF5,SIMBR0021,SIMR0021,SIMU0170:User 170,GRANTED
2026,1月,13,周二,14:54:54,24A968FA,SIMBR0133,SIMR0133,SIMU0241:User 241,GRANTED
2026,1月,13,周二,14:54:54,B2D6FCB4,SIMBR0148,SIMR0148,SIMU0086:User 86,GRANTED
2026,1月,13,周二,14:54:54,4D83FE2E,SIMBR0022,SIMR0022,SIMU0056:User 56,GRANTED
2026,1月,13,周二,14:54:54,C31E01F0,SIMBR0033,SIMR0033,SIMU0192:User 192,GRANTED
2026,1月,13,周二,14:54:54,050D9DEF,SIMBR0145,SIMR0145,SIMU0128:User 128,GRANTED
2026,1月,13,周二,14:54:54,983FD996,SIMBR0020,SIMR0020,SIMU0225:User 225,GRANTED
2026,1月,13,周二,14:54:54,58B690ED,SIMBR0204,SIMR0204,SIMU0081:User 81,GRANTED
2026,1月,13,周二,14:54:54,DCB76AA3,SIMBR0201,SIMR0201,SIMU0228:User 228,GRANTED
2026,1月,13,周二,14:54:54,8D67E6D5,SIMBR0016,SIMR0016,SIMU0045:User 45,GRANTED
2026,1月,13,周二,14:54:54,7C28253F,SIMBR0108,SIMR0108,SIMU0027:User 27,GRANTED
2026,1月,13,周二,14:54:54,FBFF5A63,SIMBR0043,SIMR0043,SIMU0184:User 184,GRANTED
2026,1月,13,周二,14:54:54,559213A2,SIMBR0157,SIMR0157,SIMU0047:User 47,GRANTED
2026,1月,13,周二,14:54:54,D832D5F3,SIMBR0110,SIMR0110,SIMU0261:User 261,GRANTED
2026,1月,13,周二,14:54:54,B0B2BCE6,SIMBR0083,SIMR0083,SIMU0208:User 208,GRANTED
2026,1月,13,周二,14:54:54,CBD2A48A,SIMBR0094,SIMR0094,SIMU0021:User 21,GRANTED
2026,1月,13,周二,14:54:54,F04FDB11,SIMBR0248,SIMR0248,SIMU0125:User 125,GRANTED
2026,1月,13,周二,14:54:54,87F48A64,SIMBR0075,SIMR0075,SIMU0143:User 143,GRANTED
2026,1月,13,周二,14:54:54,69A8F764,SIMBR0225,SIMR0225,SIMU0240:User 240,GRANTED
2026,1月,13,周二,14:54:54,C04BAEE8,SIMBR0249,SIMR0249,SIMU0129:User 129,GRANTED
2026,1月,13,周二,14:54:54,C0F19B1C,SIMBR0238,SIMR0238,SIMU0155:User 155,GRANTED
2026,1月,13,周二,14:54:54,0FB515EE,SIMBR0031,SIMR0031,SIMU0033:User 33,GRANTED
2026,1月,13,周二,14:54:54,1EBD89C8,SIMBR0166,SIMR0166,SIMU0123:User 123,GRANTED
2026,1月,13,周二,14:54:54,B33C40D7,SIMBR0342,SIMR0342,SIMU0015:User 15,GRANTED
2026,1月,13,周二,14:54:54,5A758FE3,SIMBR0371,SIMR0371,SIMU0103:User 103,GRANTED
2026,1月,13,周二,14:54:54,1812D558,SIMBR0056,SIMR0056,SIMU0214:User 214,GRANTED
2026,1月,13,周二,14:54:54,3B22F02A,SIMBR0179,SIMR0179,SIMU0299:User 299,GRANTED
2026,1月,13,周二,14:54:54,874CC50E,SIMBR0323,SIMR0323,SIMU0036:User 36,GRANTED
2026,1月,13,周二,14:54:54,B1990B96,SIMBR0002,SIMR0002,SIMU0106:User 106,GRANTED
2026,1月,13,周二,14:54:54,7D277C80,SIMBR0033,SIMR0033,SIMU0212:User 212,GRANTED
2026,1月,13,周二,14:54:54,46895123,SIMBR0364,SIMR0364,SIMU0132:User 132,GRANTED
2026,1月,13,周二,14:54:54,49B45DCD,SIMBR0065,SIMR0065,SIMU0272:User 272,GRANTED
2026,1月,13,周二,14:54:54,73913F8C,SIMBR0143,SIMR0143,SIMU0188:User 188,GRANTED
2026,1月,13,周二,14:54:54,354118DA,SIMBR0144,SIMR0144,SIMU0052:User 52,GRANTED
2026,1月,13,周二,14:54:54,3B7FFD92,SIMBR0113,SIMR0113,SIMU0256:User 256,GRANTED
2026,1月,13,周二,14:54:54,78D74DDD,SIMBR0365,SIMR0365,VIS001:Qian Qi,DENIED
2026,1月,13,周二,14:54:54,0A675EEC,SIMBR0277,SIMR0277,SIMU0138:User 138,GRANTED
2026,1月,13,周二,14:54:54,80AC649D,SIMBR0384,SIMR0384,SIMU0088:User 88,GRANTED
2026,1月,13,周二,14:54:54,47A80030,SIMBR0293,SIMR0293,SIMU0234:User 234,GRANTED
2026,1月,13,周二,14:54:54,C584F9D3,SIMBR0041,SIMR0041,EMP001:Zhang San,DENIED
2026,1月,13,周二,14:54:54,15AB7C7D,SIMBR0293,SIMR0293,SIMU0096:User 96,GRANTED
2026,1月,13,周二,14:54:54,1EBD89C8,SIMBR0226,SIMR0226,SIMU0123:User 123,GRANTED
2026,1月,13,周二,14:54:54,2C249415,SIMBR0360,SIMR0360,SIMU0276:User 276,GRANTED
2026,1月,13,周二,14:54:54,FC05A793,SIMBR0299,SIMR0299,SIMU0071:User 71,GRANTED
2026,1月,13,周二,14:54:54,FEF21F79,SIMBR0168,SIMR0168,SIMU0159:User 159,GRANTED
2026,1月,13,周二,14:54:54,983FD996,SIMBR0210,SIMR0210,SIMU0225:User 225,GRANTED
2026,1月,13,周二,14:54:54,E6D64EED,SIMBR0301,SIMR0301,SIMU0105:User 105,GRANTED
2026,1月,13,周二,14:54:54,29200997,SIMBR0137,SIMR0137,SIMU0186:User 186,GRANTED
2026,1月,13,周二,14:54:54,BC450719,SIMBR0368,SIMR0368,SIMU0013:User 13,GRANTED
2026,1月,13,周二,14:54:54,D6BC3463,BR006,RES002,SIMU0037:User 37,DENIED
2026,1月,13,周二,14:54:54,40A1D543,SIMBR0199,SIMR0199,SIMU0267:User 267,GRANTED
2026,1月,13,周二,14:54:54,1B14F9BC,SIMBR0316,SIMR0316,SIMU0065:User 65,GRANTED
2026,1月,13,周二,14:54:54,7413D955,SIMBR0198,SIMR0198,SIMU0075:User 75,GRANTED
2026,1月,13,周二,14:54:54,628D5BBC,SIMBR0291,SIMR0291,SIMU0041:User 41,GRANTED
2026,1月,13,周二,14:54:54,F832AB7A,SIMBR0081,SIMR0081,SIMU0139:User 139,GRANTED
2026,1月,13,周二,14:54:54,69A8F764,SIMBR0049,SIMR0049,SIMU0240:User 240,GRANTED
2026,1月,13,周二,14:54:54,3CC4126C,SIMBR0384,SIMR0384,SIMU0099:User 99,GRANTED
2026,1月,13,周二,14:54:54,0DE450B1,SIMBR0047,SIMR0047,SIMU0016:User 16,GRANTED
2026,1月,13,周二,14:54:54,D716AAF5,SIMBR0114,SIMR0114,SIMU0170:User 170,GRANTED
2026,1月,13,周二,14:54:54,73913F8C,SIMBR0151,SIMR0151,SIMU0188:User 188,GRANTED
2026,1月,13,周二,14:54:54,24546BD0,SIMBR0150,SIMR0150,SIMU0251:User 251,GRANTED
2026,1月,13,周二,14:54:54,983FD996,SIMBR0071,SIMR0071,SIMU0225:User 225,GRANTED
2026,1月,13,周二,14:54:54,628D5BBC,SIMBR0296,SIMR0296,SIMU0041:User 41,GRANTED
2026,1月,13,周二,14:54:54,7C28253F,SIMBR0086,SIMR0086,SIMU0027:User 27,GRANTED
2026,1月,13,周二,14:54:54,91E5E6B0,SIMBR0055,SIMR0055,SIMU0079:User 79,GRANTED
2026,1月,13,周二,14:54:54,C39400FA,SIMBR0087,SIMR0087,SIMU0078:User 78,GRANTED
2026,1月,13,周二,14:54:54,35C69784,SIMBR0080,SIMR0080,SIMU0168:User 168,GRANTED
2026,1月,13,周二,14:54:54,359F9D02,SIMBR0020,SIMR0020,SIMU0087:User 87,GRANTED
2026,1月,13,周二,14:54:54,D87DCC23,SIMBR0197,SIMR0197,SIMU0006:User 6,GRANTED
2026,1月,13,周二,14:54:54,C50459DB,SIMBR0320,SIMR0320,SIMU0262:User 262,GRANTED
2026,1月,13,周二,14:54:54,128D7B1F,SIMBR0150,SIMR0150,SIMU0121:User 121,GRANTED
2026,1月,13,周二,14:54:54,C584F9D3,SIMBR0221,SIMR0221,EMP001:Zhang San,DENIED
2026,1月,13,周二,14:54:54,29200997,SIMBR0168,SIMR0168,SIMU0186:User 186,GRANTED
2026,1月,13,周二,14:54:54,D0871CF1,SIMBR0172,SIMR0172,SIMU0007:User 7,GRANTED
2026,1月,13,周二,14:54:54,2D060B76,SIMBR0016,SIMR0016,SIMU0162:User 162,GRANTED
2026,1月,13,周二,14:54:54,84F825EE,SIMBR0096,SIMR0096,SIMU0150:User 150,GRANTED
2026,1月,13,周二,14:54:54,3870BA5D,SIMBR0278,SIMR0278,SIMU0173:User 173,GRANTED
2026,1月,13,周二,14:54:54,D49E4724,SIMBR0019,SIMR0019,SIMU0278:User 278,GRANTED
2026,1月,13,周二,14:54:54,DA3D486F,SIMBR0279,SIMR0279,SIMU0028:User 28,GRANTED
2026,1月,13,周二,14:54:54,358D24E5,SIMBR0228,SIMR0228,SIMU0130:User 130,GRANTED
2026,1月,13,周二,14:54:54,9A00F337,SIMBR0097,SIMR0097,SIMU0285:User 285,GRANTED
2026,1月,13,周二,14:54:54,6C174D63,SIMBR0158,SIMR0158,SIMU0116:User 116,GRANTED
2026,1月,13,周二,14:54:54,D0171F97,SIMBR0343,SIMR0343,SIMU0032:User 32,GRANTED
2026,1月,13,周二,14:54:54,58B55845,SIMBR0359,SIMR0359,EMP002:Li Si,DENIED
2026,1月,13,周二,14:54:54,3CC4126C,SIMBR0344,SIMR0344,SIMU0099:User 99,GRANTED
2026,1月,13,周二,14:54:54,E2506042,SIMBR0126,SIMR0126,SIMU0101:User 101,GRANTED
2026,1月,13,周二,14:54:54,3A52D444,SIMBR0006,SIMR0006,SIMU0166:User 166,GRANTED
2026,1月,13,周二,14:54:54,F832AB7A,SIMBR0226,SIMR0226,SIMU0139:User 139,GRANTED
2026,1月,13,周二,14:54:54,24546BD0,SIMBR0303,SIMR0303,SIMU0251:User 251,GRANTED
2026,1月,13,周二,14:54:54,FC9C0D71,BR021,RES014,SIMU0093:User 93,DENIED
2026,1月,13,周二,14:54:54,F853E5E9,SIMBR0187,SIMR0187,SIMU0119:User 119,GRANTED
2026,1月,13,周二,14:54:54,2EEB40A9,SIMBR0107,SIMR0107,SIMU0260:User 260,GRANTED
2026,1月,13,周二,14:54:54,C7C3B16D,SIMBR0363,SIMR0363,SIMU0259:User 259,GRANTED
2026,1月,13,周二,14:54:54,0540806D,SIMBR0195,SIMR0195,SIMU0265:User 265,GRANTED
2026,1月,13,周二,14:54:54,628D5BBC,SIMBR0154,SIMR0154,SIMU0041:User 41,GRANTED
2026,1月,13,周二,14:54:54,E93FF152,SIMBR0122,SIMR0122,SIMU0197:User 197,GRANTED
2026,1月,13,周二,14:54:54,C2EDBC0C,SIMBR0297,SIMR0297,SIMU0226:User 226,GRANTED
2026,1月,13,周二,14:54:54,4AF57AEF,SIMBR0016,SIMR0016,SIMU0193:User 193,GRANTED
2026,1月,13,周二,14:54:54,7B092D88,SIMBR0199,SIMR0199,SIMU0236:User 236,GRANTED
2026,1月,13,周二,14:54:54,57DBFC15,SIMBR0057,SIMR0057,SIMU0290:User 290,GRANTED
2026,1月,13,周二,14:54:54,B33C40D7,SIMBR0084,SIMR0084,SIMU0015:User 15,GRANTED
2026,1月,13,周二,14:54:54,3122BEFD,SIMBR0290,SIMR0290,SIMU0066:User 66,GRANTED
2026,1月,13,周二,14:54:54,F8F80D07,SIMBR0113,SIMR0113,SIMU0253:User 253,GRANTED
2026,1月,13,周二,14:54:54,0540806D,SIMBR0062,SIMR0062,SIMU0265:User 265,GRANTED
2026,1月,13,周二,14:54:54,0FB515EE,SIMBR0083,SIMR0083,SIMU0033:User 33,GRANTED
2026,1月,13,周二,14:54:54,58B55845,SIMBR0288,SIMR0288,EMP002:Li Si,DENIED
2026,1月,13,周二,14:54:54,A0043AC2,SIMBR0060,SIMR0060,SIMU0040:User 40,GRANTED
2026,1月,13,周二,14:54:54,F853E5E9,SIMBR0166,SIMR0166,SIMU0119:User 119,GRANTED
2026,1月,13,周二,14:54:54,10321BC3,SIMBR0190,SIMR0190,SIMU0042:User 42,GRANTED
2026,1月,13,周二,14:54:54,495297EE,SIMBR0083,SIMR0083,SIMU0038:User 38,GRANTED
2026,1月,13,周二,14:54:54,518BCEDD,SIMBR0286,SIMR0286,SIMU0011:User 11,GRANTED
2026,1月,13,周二,14:54:54,BA841717,SIMBR0075,SIMR0075,SIMU0064:User 64,GRANTED
2026,1月,13,周二,14:54:54,7413D955,SIMBR0305,SIMR0305,SIMU0075:User 75,GRANTED
2026,1月,13,周二,14:54:54,15D30411,SIMBR0093,SIMR0093,SIMU0289:User 289,GRANTED
2026,1月,13,周二,14:54:54,602AF119,SIMBR0294,SIMR0294,SIMU0223:User 223,GRANTED
2026,1月,13,周二,14:54:54,A5A16F78,SIMBR0130,SIMR0130,SIMU0294:User 294,GRANTED
2026,1月,13,周二,14:54:54,397975BA,SIMBR0007,SIMR0007,SIMU0164:User 164,GRANTED
2026,1月,13,周二,14:54:54,D49E4724,SIMBR0345,SIMR0345,SIMU0278:User 278,GRANTED
2026,1月,13,周二,14:54:54,3B7FFD92,SIMBR0129,SIMR0129,SIMU0256:User 256,GRANTED
2026,1月,13,周二,14:54:54,A4F77AE3,SIMBR0158,SIMR0158,SIMU0031:User 31,GRANTED
2026,1月,13,周二,14:54:54,B9D6BC00,SIMBR0364,SIMR0364,SIMU0107:User 107,GRANTED
2026,1月,13,周二,14:54:54,29200997,SIMBR0305,SIMR0305,SIMU0186:User 186,GRANTED
2026,1月,13,周二,14:54:54,C6173DD5,SIMBR0061,SIMR0061,SIMU0023:User 23,GRANTED
2026,1月,13,周二,14:54:54,6213A883,SIMBR0157,SIMR0157,SIMU0249:User 249,GRANTED
2026,1月,13,周二,14:54:54,DA3D486F,SIMBR0260,SIMR0260,SIMU0028:User 28,GRANTED
2026,1月,13,周二,14:54:54,9A00F337,SIMBR0293,SIMR0293,SIMU0285:User 285,GRANTED
2026,1月,13,周二,14:54:54,C73CE928,SIMBR0301,SIMR0301,SIMU0281:User 281,GRANTED
2026,1月,13,周二,14:54:54,A234EF8B,SIMBR0376,SIMR0376,SIMU0069:User 69,GRANTED
2026,1月,13,周二,14:54:54,CD0D9101,SIMBR0214,SIMR0214,SIMU0135:User 135,GRANTED
2026,1月,13,周二,14:54:54,CEC0E003,SIMBR0069,SIMR0069,SIMU0009:User 9,GRANTED
2026,1月,13,周二,14:54:54,24546BD0,SIMBR0187,SIMR0187,SIMU0251:User 251,GRANTED
2026,1月,13,周二,14:54:54,B095C629,SIMBR0270,SIMR0270,SIMU0257:User 257,GRANTED
2026,1月,13,周二,14:54:54,9A00F337,SIMBR0150,SIMR0150,SIMU0285:User 285,GRANTED
2026,1月,13,周二,14:54:54,C7C3B16D,SIMBR0292,SIMR0292,SIMU0259:User 259,GRANTED
2026,1月,13,周二,14:54:54,7C3923AE,SIMBR0223,SIMR0223,SIMU0210:User 210,GRANTED
2026,1月,13,周二,14:54:54,E6D64EED,SIMBR0326,SIMR0326,SIMU0105:User 105,GRANTED
2026,1月,13,周二,14:54:54,56C4C8CF,SIMBR0181,SIMR0181,SIMU0077:User 77,GRANTED
2026,1月,13,周二,14:54:54,559213A2,SIMBR0371,SIMR0371,SIMU0047:User 47,GRANTED
2026,1月,13,周二,14:54:54,F04FDB11,SIMBR0346,SIMR0346,SIMU0125:User 125,GRANTED
2026,1月,13,周二,14:54:54,9D3B8CFC,SIMBR0237,SIMR0237,SIMU0095:User 95,GRANTED
2026,1月,13,周二,14:54:54,538EE2BF,SIMBR0041,SIMR0041,SIMU0177:User 177,GRANTED
2026,1月,13,周二,14:54:54,F832AB7A,SIMBR0016,SIMR0016,SIMU0139:User 139,GRANTED
2026,1月,13,周二,14:54:54,495297EE,SIMBR0245,SIMR0245,SIMU0038:User 38,GRANTED
2026,1月,13,周二,14:54:54,3DDB17B7,SIMBR0400,SIMR0400,SIMU0044:User 44,GRANTED
2026,1月,13,周二,14:54:54,91E5E6B0,SIMBR0101,SIMR0101,SIMU0079:User 79,GRANTED
2026,1月,13,周二,14:54:54,2C249415,SIMBR0190,SIMR0190,SIMU0276:User 276,GRANTED
2026,1月,13,周二,14:54:54,DA3D486F,SIMBR0053,SIMR0053,SIMU0028:User 28,GRANTED
2026,1月,13,周二,14:54:54,F3B58DFF,SIMBR0376,SIMR0376,SIMU0076:User 76,GRANTED
2026,1月,13,周二,14:54:54,75D7C714,SIMBR0064,SIMR0064,SIMU0005:User 5,GRANTED
2026,1月,13,周二,14:54:54,602AF119,BR011,RES026,SIMU0223:User 223,DENIED
2026,1月,13,周二,14:54:54,A5DEC594,SIMBR0378,SIMR0378,SIMU0084:User 84,GRANTED
2026,1月,13,周二,14:54:54,E55AD432,SIMBR0358,SIMR0358,SIMU0134:User 134,GRANTED
2026,1月,13,周二,14:54:54,8BF81A2A,SIMBR0035,SIMR0035,SIMU0233:User 233,GRANTED
2026,1月,13,周二,14:54:54,2E121B44,SIMBR0197,SIMR0197,SIMU0258:User 258,GRANTED
2026,1月,13,周二,14:54:54,F6E7D08A,SIMBR0060,SIMR0060,SIMU0001:User 1,GRANTED
2026,1月,13,周二,14:54:54,489655D2,SIMBR0030,SIMR0030,CON001:Wang Wu,DENIED
2026,1月,13,周二,14:54:54,6213A883,SIMBR0139,SIMR0139,SIMU0249:User 249,GRANTED
2026,1月,13,周二,14:54:54,518BCEDD,SIMBR0107,SIMR0107,SIMU0011:User 11,GRANTED
2026,1月,13,周二,14:54:54,489655D2,SIMBR0122,SIMR0122,CON001:Wang Wu,DENIED
2026,1月,13,周二,14:54:54,A2903A49,SIMBR0075,SIMR0075,SIMU0043:User 43,GRANTED
2026,1月,13,周二,14:54:54,5FF2F656,SIMBR0123,SIMR0123,SIMU0120:User 120,GRANTED
2026,1月,13,周二,14:54:54,97A9597E,SIMBR0100,SIMR0100,SIMU0030:User 30,GRANTED
2026,1月,13,周二,14:54:54,8884A944,SIMBR0218,SIMR0218,SIMU0295:User 295,GRANTED
2026,1月,13,周二,14:54:54,7BEB2168,SIMBR0006,SIMR0006,SIMU0282:User 282,GRANTED
2026,1月,13,周二,14:54:54,181D33C7,SIMBR0342,SIMR0342,SIMU0227:User 227,GRANTED
2026,1月,13,周二,14:54:54,7C3923AE,SIMBR0306,SIMR0306,SIMU0210:User 210,GRANTED
2026,1月,13,周二,14:54:54,7C28253F,SIMBR0369,SIMR0369,SIMU0027:User 27,GRANTED
2026,1月,13,周二,14:54:54,78D74DDD,SIMBR0117,SIMR0117,VIS001:Qian Qi,DENIED
2026,1月,13,周二,14:54:54,D49E4724,SIMBR0110,SIMR0110,SIMU0278:User 278,GRANTED
2026,1月,13,周二,14:54:54,35C69784,SIMBR0343,SIMR0343,SIMU0168:User 168,GRANTED
2026,1月,13,周二,14:54:54,128D7B1F,SIMBR0242,SIMR0242,SIMU0121:User 121,GRANTED
2026,1月,13,周二,14:54:55,D6BC3463,SIMBR0119,SIMR0119,SIMU0037:User 37,GRANTED
2026,1月,13,周二,14:54:55,20D788EC,SIMBR0130,SIMR0130,SIMU0271:User 271,GRANTED
2026,1月,13,周二,14:54:55,CB2FA116,SIMBR0184,SIMR0184,SIMU0172:User 172,GRANTED
2026,1月,13,周二,14:54:55,40BD64A5,SIMBR0180,SIMR0180,SIMU0245:User 245,GRANTED
2026,1月,13,周二,14:54:55,47A80030,SIMBR0237,SIMR0237,SIMU0234:User 234,GRANTED
2026,1月,13,周二,14:54:55,10321BC3,SIMBR0138,SIMR0138,SIMU0042:User 42,GRANTED
2026,1月,13,周二,14:54:55,A74F536B,SIMBR0081,SIMR0081,SIMU0097:User 97,GRANTED
2026,1月,13,周二,14:54:55,14103484,SIMBR0092,SIMR0092,SIMU0074:User 74,GRANTED
2026,1月,13,周二,14:54:55,E07F08A6,SIMBR0020,SIMR0020,SIMU0246:User 246,GRANTED
2026,1月,13,周二,14:54:55,A74F536B,SIMBR0057,SIMR0057,SIMU0097:User 97,GRANTED
2026,1月,13,周二,14:54:55,FEB7592C,SIMBR0035,SIMR0035,SIMU0059:User 59,GRANTED
2026,1月,13,周二,14:54:55,69A8F764,SIMBR0396,SIMR0396,SIMU0240:User 240,GRANTED
2026,1月,13,周二,14:54:55,45B37997,SIMBR0277,SIMR0277,SIMU0163:User 163,GRANTED
2026,1月,13,周二,14:54:55,80AC649D,SIMBR0110,SIMR0110,SIMU0088:User 88,GRANTED
2026,1月,13,周二,14:54:55,FBFF5A63,SIMBR0171,SIMR0171,SIMU0184:User 184,GRANTED
2026,1月,13,周二,14:54:55,47C3A99F,SIMBR0055,SIMR0055,SIMU0136:User 136,GRANTED
2026,1月,13,周二,14:54:55,B1990B96,SIMBR0340,SIMR0340,SIMU0106:User 106,GRANTED
2026,1月,13,周二,14:54:55,6E7782F8,SIMBR0171,SIMR0171,INT001:Zhao Liu,DENIED
2026,1月,13,周二,14:54:55,D1BB07EE,SIMBR0015,SIMR0015,SIMU0287:User 287,GRANTED
2026,1月,13,周二,14:54:55,C6E3BF57,SIMBR0350,SIMR0350,SIMU0297:User 297,GRANTED
2026,1月,13,周二,14:54:55,1812D558,SIMBR0120,SIMR0120,SIMU0214:User 214,GRANTED
2026,1月,13,周二,14:54:55,CCACC23C,SIMBR0117,SIMR0117,SIMU0149:User 149,GRANTED
2026,1月,13,周二,14:54:55,94264C0C,SIMBR0040,SIMR0040,SIMU0118:User 118,GRANTED
2026,1月,13,周二,14:54:55,4758C16D,SIMBR0002,SIMR0002,SIMU0147:User 147,GRANTED
2026,1月,13,周二,14:54:55,37E9D9C0,SIMBR0375,SIMR0375,SIMU0034:User 34,GRANTED
2026,1月,13,周二,14:54:55,53A1B264,SIMBR0154,SIMR0154,SIMU0017:User 17,GRANTED
2026,1月,13,周二,14:54:55,6C174D63,SIMBR0282,SIMR0282,SIMU0116:User 116,GRANTED
2026,1月,13,周二,14:54:55,354118DA,SIMBR0101,SIMR0101,SIMU0052:User 52,GRANTED
2026,1月,13,周二,14:54:55,E116EA41,SIMBR0216,SIMR0216,SIMU0127:User 127,GRANTED
2026,1月,13,周二,14:54:55,1B14F9BC,SIMBR0251,SIMR0251,SIMU0065:User 65,GRANTED
2026,1月,13,周二,14:54:55,4DFA0FE5,SIMBR0296,SIMR0296,SIMU0255:User 255,GRANTED
2026,1月,13,周二,14:54:55,BA893511,SIMBR0150,SIMR0150,SIMU0269:User 269,GRANTED
2026,1月,13,周二,14:54:55,397975BA,SIMBR0119,SIMR0119,SIMU0164:User 164,GRANTED
2026,1月,13,周二,14:54:55,F616A325,SIMBR0177,SIMR0177,SIMU0194:User 194,GRANTED
2026,1月,13,周二,14:54:55,AB055C88,SIMBR0136,SIMR0136,SIMU0024:User 24,GRANTED
2026,1月,13,周二,14:54:55,C57735BB,SIMBR0016,SIMR0016,SIMU0242:User 242,GRANTED
2026,1月,13,周二,14:54:55,E6D64EED,SIMBR0129,SIMR0129,SIMU0105:User 105,GRANTED
2026,1月,13,周二,14:54:55,E393950E,SIMBR0376,SIMR0376,SIMU0195:User 195,GRANTED
2026,1月,13,周二,14:54:55,57ED1495,SIMBR0322,SIMR0322,SIMU0250:User 250,GRANTED
2026,1月,13,周二,14:54:55,1E4AD759,SIMBR0079,SIMR0079,SIMU0029:User 29,GRANTED
2026,1月,13,周二,14:54:55,C7C3B16D,SIMBR0320,SIMR0320,SIMU0259:User 259,GRANTED
2026,1月,13,周二,14:54:55,3EA1EF87,SIMBR0334,SIMR0334,SIMU0229:User 229,GRANTED
2026,1月,13,周二,14:54:55,5D5C3450,SIMBR0176,SIMR0176,SIMU0131:User 131,GRANTED
2026,1月,13,周二,14:54:55,A2903A49,BR018,RES011,SIMU0043:User 43,DENIED
2026,1月,13,周二,14:54:55,8EA215FF,SIMBR0066,SIMR0066,SIMU0201:User 201,GRANTED
2026,1月,13,周二,14:54:55,495297EE,SIMBR0264,SIMR0264,SIMU0038:User 38,GRANTED
2026,1月,13,周二,14:54:55,A74F536B,BR018,RES011,SIMU0097:User 97,DENIED
2026,1月,13,周二,14:54:55,CBD2A48A,SIMBR0165,SIMR0165,SIMU0021:User 21,GRANTED
2026,1月,13,周二,14:54:55,7CA376A0,SIMBR0145,SIMR0145,SIMU0102:User 102,GRANTED
2026,1月,13,周二,14:54:55,D0871CF1,SIMBR0389,SIMR0389,SIMU0007:User 7,GRANTED
2026,1月,13,周二,14:54:55,273F3B3E,BR017,RES010,SIMU0224:User 224,DENIED
2026,1月,13,周二,14:54:55,701D5B3A,SIMBR0395,SIMR0395,SIMU0211:User 211,GRANTED
2026,1月,13,周二,14:54:55,0EE439B9,SIMBR0319,SIMR0319,SIMU0004:User 4,GRANTED
2026,1月,13,周二,14:54:55,CB1ACCC7,SIMBR0395,SIMR0395,SIMU0110:User 110,GRANTED
2026,1月,13,周二,14:54:55,559213A2,SIMBR0206,SIMR0206,SIMU0047:User 47,GRANTED
2026,1月,13,周二,14:54:55,C72DAED8,SIMBR0199,SIMR0199,SIMU0117:User 117,GRANTED
2026,1月,13,周二,14:54:55,BA893511,SIMBR0073,SIMR0073,SIMU0269:User 269,GRANTED
2026,1月,13,周二,14:54:55,81F12C1B,SIMBR0194,SIMR0194,SIMU0200:User 200,GRANTED
2026,1月,13,周二,14:54:55,29200997,SIMBR0066,SIMR0066,SIMU0186:User 186,GRANTED
2026,1月,13,周二,14:54:55,5E9892AA,SIMBR0195,SIMR0195,SIMU0293:User 293,GRANTED
2026,1月,13,周二,14:54:55,E55AD432,SIMBR0350,SIMR0350,SIMU0134:User 134,GRANTED
2026,1月,13,周二,14:54:55,53A1B264,SIMBR0108,SIMR0108,SIMU0017:User 17,GRANTED
2026,1月,13,周二,14:54:55,3A395E30,BR009,RES025,SIMU0280:User 280,DENIED
2026,1月,13,周二,14:54:55,1EBD89C8,SIMBR0202,SIMR0202,SIMU0123:User 123,GRANTED
2026,1月,13,周二,14:54:55,DB66EC85,SIMBR0386,SIMR0386,SIMU0100:User 100,GRANTED
2026,1月,13,周二,14:54:55,20917633,SIMBR0160,SIMR0160,SIMU0296:User 296,GRANTED
2026,1月,13,周二,14:54:55,B33C40D7,SIMBR0302,SIMR0302,SIMU0015:User 15,GRANTED
2026,1月,13,周二,14:54:55,C0F19B1C,SIMBR0100,SIMR0100,SIMU0155:User 155,GRANTED
2026,1月,13,周二,14:54:55,354118DA,SIMBR0259,SIMR0259,SIMU0052:User 52,GRANTED
2026,1月,13,周二,14:54:55,E55AD432,SIMBR0236,SIMR0236,SIMU0134:User 134,GRANTED
2026,1月,13,周二,14:54:55,8D67E6D5,SIMBR0375,SIMR0375,SIMU0045:User 45,GRANTED
2026,1月,13,周二,14:54:55,5D5C3450,SIMBR0060,SIMR0060,SIMU0131:User 131,GRANTED
2026,1月,13,周二,14:54:55,F1D4B1B6,SIMBR0368,SIMR0368,SIMU0247:User 247,GRANTED
2026,1月,13,周二,14:54:55,7C3923AE,BR009,RES025,SIMU0210:User 210,DENIED
2026,1月,13,周二,14:54:55,73913F8C,SIMBR0120,SIMR0120,SIMU0188:User 188,GRANTED
2026,1月,13,周二,14:54:55,A53931BD,SIMBR0102,SIMR0102,SIMU0058:User 58,GRANTED
2026,1月,13,周二,14:54:55,B2D6FCB4,SIMBR0222,SIMR0222,SIMU0086:User 86,GRANTED
2026,1月,13,周二,14:54:55,48744B29,SIMBR0350,SIMR0350,SIMU0035:User 35,GRANTED
2026,1月,13,周二,14:54:55,E775A860,SIMBR0090,SIMR0090,SIMU0248:User 248,GRANTED
2026,1月,13,周二,14:54:55,53A1B264,SIMBR0208,SIMR0208,SIMU0017:User 17,GRANTED
2026,1月,13,周二,14:54:55,489655D2,SIMBR0099,SIMR0099,CON001:Wang Wu,DENIED
2026,1月,13,周二,14:54:55,030D82CF,SIMBR0107,SIMR0107,SIMU0207:User 207,GRANTED
2026,1月,13,周二,14:54:55,5D5C3450,SIMBR0149,SIMR0149,SIMU0131:User 131,GRANTED
2026,1月,13,周二,14:54:55,37E9D9C0,SIMBR0007,SIMR0007,SIMU0034:User 34,GRANTED
2026,1月,13,周二,14:54:55,54C5EDBD,SIMBR0204,SIMR0204,SIMU0145:User 145,GRANTED
2026,1月,13,周二,14:54:55,61095621,SIMBR0330,SIMR0330,SIMU0137:User 137,GRANTED
2026,1月,13,周二,14:54:55,0EA23D3A,SIMBR0138,SIMR0138,SIMU0062:User 62,GRANTED
2026,1月,13,周二,14:54:55,6CEC1FDF,SIMBR0042,SIMR0042,SIMU0230:User 230,GRANTED
2026,1月,13,周二,14:54:55,59E1ACA0,SIMBR0318,SIMR0318,SIMU0090:User 90,GRANTED
2026,1月,13,周二,14:54:55,C50459DB,SIMBR0358,SIMR0358,SIMU0262:User 262,GRANTED
2026,1月,13,周二,14:54:55,3B9B3EAE,SIMBR0006,SIMR0006,SIMU0144:User 144,GRANTED
2026,1月,13,周二,14:54:55,1A3D1ED6,SIMBR0281,SIMR0281,SIMU0231:User 231,GRANTED
2026,1月,13,周二,14:54:55,3EA1EF87,SIMBR0027,SIMR0027,SIMU0229:User 229,GRANTED
2026,1月,13,周二,14:54:55,D87DCC23,SIMBR0075,SIMR0075,SIMU0006:User 6,GRANTED
2026,1月,13,周二,14:54:55,BEBCE825,SIMBR0065,SIMR0065,SIMU0270:User 270,GRANTED
2026,1月,13,周二,14:54:55,C0CB4AFF,SIMBR0386,SIMR0386,SIMU0235:User 235,GRANTED
2026,1月,13,周二,14:54:55,BA0243B9,SIMBR0180,SIMR0180,PM001:Sun Ba,DENIED
2026,1月,13,周二,14:54:55,D1BB07EE,SIMBR0177,SIMR0177,SIMU0287:User 287,GRANTED
2026,1月,13,周二,14:54:55,FBBEF95C,SIMBR0119,SIMR0119,SIMU0025:User 25,GRANTED
2026,1月,13,周二,14:54:55,48744B29,SIMBR0120,SIMR0120,SIMU0035:User 35,GRANTED
2026,1月,13,周二,14:54:55,358D24E5,SIMBR0216,SIMR0216,SIMU0130:User 130,GRANTED
2026,1月,13,周二,14:54:55,BA6DDD0B,SIMBR0147,SIMR0147,SIMU0146:User 146,GRANTED
2026,1月,13,周二,14:54:55,AA3155BB,SIMBR0130,SIMR0130,SIMU0050:User 50,GRANTED
2026,1月,13,周二,14:54:55,6B7D13ED,SIMBR0251,SIMR0251,SIMU0191:User 191,GRANTED
2026,1月,13,周二,14:54:55,546575AC,SIMBR0153,SIMR0153,SIMU0140:User 140,GRANTED
2026,1月,13,周二,14:54:55,40BD64A5,SIMBR0133,SIMR0133,SIMU0245:User 245,GRANTED
2026,1月,13,周二,14:54:55,AA3155BB,SIMBR0304,SIMR0304,SIMU0050:User 50,GRANTED
2026,1月,13,周二,14:54:55,FC9C0D71,BR024,RES017,SIMU0093:User 93,DENIED
2026,1月,13,周二,14:54:55,030D82CF,SIMBR0135,SIMR0135,SIMU0207:User 207,GRANTED
2026,1月,13,周二,14:54:55,D3799252,SIMBR0093,SIMR0093,SIMU0022:User 22,GRANTED
2026,1月,13,周二,14:54:55,9A00F337,SIMBR0130,SIMR0130,SIMU0285:User 285,GRANTED
2026,1月,13,周二,14:54:55,01513E26,SIMBR0112,SIMR0112,SIMU0181:User 181,GRANTED
2026,1月,13,周二,14:54:55,A89B9996,SIMBR0143,SIMR0143,SIMU0213:User 213,GRANTED
2026,1月,13,周二,14:54:55,F04FDB11,SIMBR0400,SIMR0400,SIMU0125:User 125,GRANTED
2026,1月,13,周二,14:54:55,AF6C110D,SIMBR0157,SIMR0157,SIMU0080:User 80,GRANTED
2026,1月,13,周二,14:54:55,983FD996,SIMBR0398,SIMR0398,SIMU0225:User 225,GRANTED
2026,1月,13,周二,14:54:55,874CC50E,SIMBR0125,SIMR0125,SIMU0036:User 36,GRANTED
2026,1月,13,周二,14:54:55,D3E409F0,SIMBR0203,SIMR0203,SIMU0012:User 12,GRANTED
2026,1月,13,周二,14:54:55,24A968FA,SIMBR0226,SIMR0226,SIMU0241:User 241,GRANTED
2026,1月,13,周二,14:54:55,1EBD89C8,SIMBR0030,SIMR0030,SIMU0123:User 123,GRANTED
2026,1月,13,周二,14:54:55,FBBEF95C,SIMBR0182,SIMR0182,SIMU0025:User 25,GRANTED
2026,1月,13,周二,14:54:55,36330273,SIMBR0004,SIMR0004,SIMU0291:User 291,GRANTED
2026,1月,13,周二,14:54:55,5D5C3450,SIMBR0124,SIMR0124,SIMU0131:User 131,GRANTED
2026,1月,13,周二,14:54:55,BA6DDD0B,SIMBR0177,SIMR0177,SIMU0146:User 146,GRANTED
2026,1月,13,周二,14:54:55,FB68A282,SIMBR0359,SIMR0359,SIMU0183:User 183,GRANTED
2026,1月,13,周二,14:54:55,397975BA,SIMBR0335,SIMR0335,SIMU0164:User 164,GRANTED
2026,1月,13,周二,14:54:55,72A4E470,SIMBR0067,SIMR0067,SIMU0268:User 268,GRANTED
2026,1月,13,周二,14:54:55,BA841717,SIMBR0100,SIMR0100,SIMU0064:User 64,GRANTED
2026,1月,13,周二,14:54:55,AA3155BB,SIMBR0280,SIMR0280,SIMU0050:User 50,GRANTED
2026,1月,13,周二,14:54:55,1E74F408,SIMBR0208,SIMR0208,SIMU0171:User 171,GRANTED
2026,1月,13,周二,14:54:55,8C19D42A,SIMBR0208,SIMR0208,SIMU0284:User 284,GRANTED
2026,1月,13,周二,14:54:55,7B092D88,SIMBR0324,SIMR0324,SIMU0236:User 236,GRANTED
2026,1月,13,周二,14:54:55,D2C7D462,SIMBR0112,SIMR0112,SIMU0061:User 61,GRANTED
2026,1月,13,周二,14:54:55,35C69784,SIMBR0170,SIMR0170,SIMU0168:User 168,GRANTED
2026,1月,13,周二,14:54:55,CA296753,SIMBR0081,SIMR0081,SIMU0055:User 55,GRANTED
2026,1月,13,周二,14:54:55,C31E01F0,SIMBR0200,SIMR0200,SIMU0192:User 192,GRANTED
2026,1月,13,周二,14:54:55,F616A325,SIMBR0211,SIMR0211,SIMU0194:User 194,GRANTED
2026,1月,13,周二,14:54:55,BA821DBA,SIMBR0185,SIMR0185,SIMU0148:User 148,GRANTED
2026,1月,13,周二,14:54:55,C169BAEB,SIMBR0259,SIMR0259,SIMU0174:User 174,GRANTED
2026,1月,13,周二,14:54:55,95777979,SIMBR0207,SIMR0207,SIMU0051:User 51,GRANTED
2026,1月,13,周二,14:54:55,5FF2F656,SIMBR0012,SIMR0012,SIMU0120:User 120,GRANTED
2026,1月,13,周二,14:54:55,D504C218,SIMBR0202,SIMR0202,SIMU0060:User 60,GRANTED
2026,1月,13,周二,14:54:55,CB2FA116,SIMBR0102,SIMR0102,SIMU0172:User 172,GRANTED
2026,1月,13,周二,14:54:55,C584F9D3,SIMBR0066,SIMR0066,EMP001:Zhang San,DENIED
2026,1月,13,周二,14:54:55,8CBA0F42,SIMBR0019,SIMR0019,SIMU0152:User 152,GRANTED
2026,1月,13,周二,14:54:55,628D5BBC,SIMBR0141,SIMR0141,SIMU0041:User 41,GRANTED
2026,1月,13,周二,14:54:55,C50459DB,SIMBR0048,SIMR0048,SIMU0262:User 262,GRANTED
2026,1月,13,周二,14:54:55,E775A860,BR006,RES002,SIMU0248:User 248,DENIED
2026,1月,13,周二,14:54:55,C31E01F0,SIMBR0266,SIMR0266,SIMU0192:User 192,GRANTED
2026,1月,13,周二,14:54:55,46895123,SIMBR0142,SIMR0142,SIMU0132:User 132,GRANTED
2026,1月,13,周二,14:54:55,E6D64EED,SIMBR0013,SIMR0013,SIMU0105:User 105,GRANTED
2026,1月,13,周二,14:54:55,8884A944,SIMBR0140,SIMR0140,SIMU0295:User 295,GRANTED
2026,1月,13,周二,14:54:55,31C1AEEF,SIMBR0245,SIMR0245,SIMU0039:User 39,GRANTED
2026,1月,13,周二,14:54:55,C169BAEB,SIMBR0382,SIMR0382,SIMU0174:User 174,GRANTED
2026,1月,13,周二,14:54:55,F8F80D07,SIMBR0348,SIMR0348,SIMU0253:User 253,GRANTED
2026,1月,13,周二,14:54:55,B77EBDC0,SIMBR0318,SIMR0318,SIMU0203:User 203,GRANTED
2026,1月,13,周二,14:54:55,BA821DBA,BR011,RES026,SIMU0148:User 148,DENIED
2026,1月,13,周二,14:54:55,B0DFB305,SIMBR0026,SIMR0026,SIMU0151:User 151,GRANTED
2026,1月,13,周二,14:54:55,B0B2BCE6,SIMBR0396,SIMR0396,SIMU0208:User 208,GRANTED
2026,1月,13,周二,14:54:55,F04FDB11,SIMBR0199,SIMR0199,SIMU0125:User 125,GRANTED
2026,1月,13,周二,14:54:55,24546BD0,SIMBR0297,SIMR0297,SIMU0251:User 251,GRANTED
2026,1月,13,周二,14:54:55,D1BB07EE,SIMBR0253,SIMR0253,SIMU0287:User 287,GRANTED
2026,1月,13,周二,14:54:55,B9D6BC00,SIMBR0098,SIMR0098,SIMU0107:User 107,GRANTED
2026,1月,13,周二,14:54:55,E55AD432,SIMBR0137,SIMR0137,SIMU0134:User 134,GRANTED
2026,1月,13,周二,14:54:55,7B914E9E,SIMBR0322,SIMR0322,SIMU0215:User 215,GRANTED
2026,1月,13,周二,14:54:55,C72DAED8,SIMBR0371,SIMR0371,SIMU0117:User 117,GRANTED
2026,1月,13,周二,14:54:55,A2903A49,SIMBR0127,SIMR0127,SIMU0043:User 43,GRANTED
2026,1月,13,周二,14:54:55,CCACC23C,SIMBR0329,SIMR0329,SIMU0149:User 149,GRANTED
2026,1月,13,周二,14:54:55,5334DCE6,SIMBR0142,SIMR0142,SIMU0179:User 179,GRANTED
2026,1月,13,周二,14:54:55,6BDE4067,BR012,RES005,SIMU0114:User 114,DENIED
2026,1月,13,周二,14:54:55,BD4961D3,SIMBR0271,SIMR0271,SIMU0169:User 169,GRANTED
2026,1月,13,周二,14:54:55,5AC1CCB2,SIMBR0127,SIMR0127,SIMU0264:User 264,GRANTED
2026,1月,13,周二,14:54:55,49B45DCD,SIMBR0127,SIMR0127,SIMU0272:User 272,GRANTED
2026,1月,13,周二,14:54:55,72A4E470,SIMBR0209,SIMR0209,SIMU0268:User 268,GRANTED
2026,1月,13,周二,14:54:55,01513E26,SIMBR0140,SIMR0140,SIMU0181:User 181,GRANTED
2026,1月,13,周二,14:54:55,56C4C8CF,SIMBR0310,SIMR0310,SIMU0077:User 77,GRANTED
2026,1月,13,周二,14:54:55,6C174D63,SIMBR0142,SIMR0142,SIMU0116:User 116,GRANTED
2026,1月,13,周二,14:54:55,5C4195BE,SIMBR0304,SIMR0304,SIMU0288:User 288,GRANTED
2026,1月,13,周二,14:54:55,CB0F203D,SIMBR0309,SIMR0309,SIMU0124:User 124,GRANTED
2026,1月,13,周二,14:54:55,E393950E,SIMBR0350,SIMR0350,SIMU0195:User 195,GRANTED
2026,1月,13,周二,14:54:55,E6DCC382,SIMBR0030,SIMR0030,SIMU0158:User 158,GRANTED
2026,1月,13,周二,14:54:55,57ED1495,SIMBR0234,SIMR0234,SIMU0250:User 250,GRANTED
2026,1月,13,周二,14:54:55,7B092D88,SIMBR0190,SIMR0190,SIMU0236:User 236,GRANTED
2026,1月,13,周二,14:54:55,F8F80D07,SIMBR0124,SIMR0124,SIMU0253:User 253,GRANTED
2026,1月,13,周二,14:54:55,6E7782F8,SIMBR0174,SIMR0174,INT001:Zhao Liu,DENIED
2026,1月,13,周二,14:54:55,CBD2A48A,SIMBR0208,SIMR0208,SIMU0021:User 21,GRANTED
2026,1月,13,周二,14:54:55,53A1B264,SIMBR0338,SIMR0338,SIMU0017:User 17,GRANTED
2026,1月,13,周二,14:54:55,0EA23D3A,SIMBR0155,SIMR0155,SIMU0062:User 62,GRANTED
2026,1月,13,周二,14:54:55,E93FF152,BR016,RES009,SIMU0197:User 197,DENIED
2026,1月,13,周二,14:54:55,A7A30652,SIMBR0399,SIMR0399,SIMU0094:User 94,GRANTED
2026,1月,13,周二,14:54:55,538EE2BF,SIMBR0239,SIMR0239,SIMU0177:User 177,GRANTED
2026,1月,13,周二,14:54:55,853BC8DF,SIMBR0146,SIMR0146,SIMU0092:User 92,GRANTED
2026,1月,13,周二,14:54:55,F832AB7A,SIMBR0228,SIMR0228,SIMU0139:User 139,GRANTED
2026,1月,13,周二,14:54:55,3EA1EF87,SIMBR0193,SIMR0193,SIMU0229:User 229,GRANTED
2026,1月,13,周二,14:54:55,13990099,SIMBR0142,SIMR0142,SIMU0008:User 8,GRANTED
2026,1月,13,周二,14:54:55,7C3923AE,SIMBR0140,SIMR0140,SIMU0210:User 210,GRANTED
2026,1月,13,周二,14:54:55,273D28BF,SIMBR0252,SIMR0252,SIMU0057:User 57,GRANTED
2026,1月,13,周二,14:54:55,C57735BB,SIMBR0020,SIMR0020,SIMU0242:User 242,GRANTED
2026,1月,13,周二,14:54:55,E393950E,SIMBR0361,SIMR0361,SIMU0195:User 195,GRANTED
2026,1月,13,周二,14:54:55,4DFA0FE5,SIMBR0111,SIMR0111,SIMU0255:User 255,GRANTED
2026,1月,13,周二,14:54:56,A53931BD,SIMBR0235,SIMR0235,SIMU0058:User 58,GRANTED
2026,1月,13,周二,14:54:56,CB2FA116,SIMBR0194,SIMR0194,SIMU0172:User 172,GRANTED
2026,1月,13,周二,14:54:56,068AFAB6,SIMBR0367,SIMR0367,SIMU0115:User 115,GRANTED
2026,1月,13,周二,14:54:56,FC9C0D71,SIMBR0234,SIMR0234,SIMU0093:User 93,GRANTED
2026,1月,13,周二,14:54:56,030D82CF,SIMBR0234,SIMR0234,SIMU0207:User 207,GRANTED
2026,1月,13,周二,14:54:56,BA821DBA,SIMBR0336,SIMR0336,SIMU0148:User 148,GRANTED
2026,1月,13,周二,14:54:56,CBD2A48A,SIMBR0230,SIMR0230,SIMU0021:User 21,GRANTED
2026,1月,13,周二,14:54:56,47A80030,SIMBR0230,SIMR0230,SIMU0234:User 234,GRANTED
2026,1月,13,周二,14:54:56,BEBCE825,SIMBR0253,SIMR0253,SIMU0270:User 270,GRANTED
2026,1月,13,周二,14:54:56,81F12C1B,SIMBR0046,SIMR0046,SIMU0200:User 200,GRANTED
2026,1月,13,周二,14:54:56,AA3155BB,SIMBR0009,SIMR0009,SIMU0050:User 50,GRANTED
2026,1月,13,周二,14:54:56,E393950E,SIMBR0104,SIMR0104,SIMU0195:User 195,GRANTED
2026,1月,13,周二,14:54:56,E6DCC382,SIMBR0029,SIMR0029,SIMU0158:User 158,GRANTED
2026,1月,13,周二,14:54:56,36330273,SIMBR0029,SIMR0029,SIMU0291:User 291,GRANTED
2026,1月,13,周二,14:54:56,FBFF5A63,SIMBR0313,SIMR0313,SIMU0184:User 184,GRANTED
2026,1月,13,周二,14:54:56,4AF57AEF,SIMBR0386,SIMR0386,SIMU0193:User 193,GRANTED
2026,1月,13,周二,14:54:56,9615FFCC,SIMBR0218,SIMR0218,SIMU0010:User 10,GRANTED
2026,1月,13,周二,14:54:56,546575AC,BR012,RES005,SIMU0140:User 140,DENIED
2026,1月,13,周二,14:54:56,BD4961D3,SIMBR0221,SIMR0221,SIMU0169:User 169,GRANTED
2026,1月,13,周二,14:54:56,290F7C52,SIMBR0018,SIMR0018,SIMU0216:User 216,GRANTED
2026,1月,13,周二,14:54:56,5334DCE6,SIMBR0175,SIMR0175,SIMU0179:User 179,GRANTED
2026,1月,13,周二,14:54:56,6F12BFA3,SIMBR0063,SIMR0063,SIMU0218:User 218,GRANTED
2026,1月,13,周二,14:54:56,853BC8DF,SIMBR0298,SIMR0298,SIMU0092:User 92,GRANTED
2026,1月,13,周二,14:54:56,10321BC3,SIMBR0109,SIMR0109,SIMU0042:User 42,GRANTED
2026,1月,13,周二,14:54:56,D716AAF5,SIMBR0149,SIMR0149,SIMU0170:User 170,GRANTED
2026,1月,13,周二,14:54:56,72A4E470,SIMBR0044,SIMR0044,SIMU0268:User 268,GRANTED
2026,1月,13,周二,14:54:56,72A4E470,SIMBR0281,SIMR0281,SIMU0268:User 268,GRANTED
2026,1月,13,周二,14:54:56,538EE2BF,SIMBR0060,SIMR0060,SIMU0177:User 177,GRANTED
2026,1月,13,周二,14:54:56,D0B8FC16,SIMBR0302,SIMR0302,SIMU0185:User 185,GRANTED
2026,1月,13,周二,14:54:56,D49E4724,SIMBR0134,SIMR0134,SIMU0278:User 278,GRANTED
2026,1月,13,周二,14:54:56,75D7C714,SIMBR0004,SIMR0004,SIMU0005:User 5,GRANTED
2026,1月,13,周二,14:54:56,0EA23D3A,SIMBR0310,SIMR0310,SIMU0062:User 62,GRANTED
2026,1月,13,周二,14:54:56,53A1B264,SIMBR0013,SIMR0013,SIMU0017:User 17,GRANTED
2026,1月,13,周二,14:54:56,7C3923AE,SIMBR0137,SIMR0137,SIMU0210:User 210,GRANTED
2026,1月,13,周二,14:54:56,EEC38563,SIMBR0071,SIMR0071,SIMU0141:User 141,GRANTED
2026,1月,13,周二,14:54:56,47A80030,SIMBR0198,SIMR0198,SIMU0234:User 234,GRANTED
2026,1月,13,周二,14:54:56,F832AB7A,SIMBR0111,SIMR0111,SIMU0139:User 139,GRANTED
2026,1月,13,周二,14:54:56,80AC649D,SIMBR0311,SIMR0311,SIMU0088:User 88,GRANTED
2026,1月,13,周二,14:54:56,53A1B264,SIMBR0190,SIMR0190,SIMU0017:User 17,GRANTED
2026,1月,13,周二,14:54:56,A234EF8B,SIMBR0262,SIMR0262,SIMU0069:User 69,GRANTED
2026,1月,13,周二,14:54:56,DF7754DF,SIMBR0264,SIMR0264,SIMU0019:User 19,GRANTED
2026,1月,13,周二,14:54:56,CA15B29F,SIMBR0156,SIMR0156,SIMU0206:User 206,GRANTED
2026,1月,13,周二,14:54:56,CA15B29F,SIMBR0100,SIMR0100,SIMU0206:User 206,GRANTED
2026,1月,13,周二,14:54:56,3B22F02A,SIMBR0283,SIMR0283,SIMU0299:User 299,GRANTED
2026,1月,13,周二,14:54:56,538EE2BF,SIMBR0275,SIMR0275,SIMU0177:User 177,GRANTED
2026,1月,13,周二,14:54:56,394DF2A8,SIMBR0114,SIMR0114,SIMU0111:User 111,GRANTED
2026,1月,13,周二,14:54:56,358D24E5,BR012,RES005,SIMU0130:User 130,DENIED
2026,1月,13,周二,14:54:56,57DBFC15,SIMBR0073,SIMR0073,SIMU0290:User 290,GRANTED
2026,1月,13,周二,14:54:56,1792E539,SIMBR0340,SIMR0340,SIMU0292:User 292,GRANTED
2026,1月,13,周二,14:54:56,8D67E6D5,BR001,RES020,SIMU0045:User 45,DENIED
2026,1月,13,周二,14:54:56,273F3B3E,SIMBR0093,SIMR0093,SIMU0224:User 224,GRANTED
2026,1月,13,周二,14:54:56,0EE439B9,BR021,RES014,SIMU0004:User 4,DENIED
2026,1月,13,周二,14:54:56,F90964BF,SIMBR0302,SIMR0302,SIMU0091:User 91,GRANTED
2026,1月,13,周二,14:54:56,A234EF8B,SIMBR0041,SIMR0041,SIMU0069:User 69,GRANTED
2026,1月,13,周二,14:54:56,B1990B96,SIMBR0264,SIMR0264,SIMU0106:User 106,GRANTED
2026,1月,13,周二,14:54:56,A2589816,SIMBR0239,SIMR0239,SIMU0082:User 82,GRANTED
2026,1月,13,周二,14:54:56,8EA215FF,SIMBR0083,SIMR0083,SIMU0201:User 201,GRANTED
2026,1月,13,周二,14:54:56,0641BA46,SIMBR0006,SIMR0006,SIMU0085:User 85,GRANTED
2026,1月,13,周二,14:54:56,B2D6FCB4,SIMBR0363,SIMR0363,SIMU0086:User 86,GRANTED
2026,1月,13,周二,14:54:56,030D82CF,SIMBR0286,SIMR0286,SIMU0207:User 207,GRANTED
2026,1月,13,周二,14:54:56,21A13EE6,SIMBR0153,SIMR0153,SIMU0133:User 133,GRANTED
2026,1月,13,周二,14:54:56,D832D5F3,SIMBR0156,SIMR0156,SIMU0261:User 261,GRANTED
2026,1月,13,周二,14:54:56,8884A944,SIMBR0064,SIMR0064,SIMU0295:User 295,GRANTED
2026,1月,13,周二,14:54:56,643D2F0C,SIMBR0345,SIMR0345,SIMU0048:User 48,GRANTED
2026,1月,13,周二,14:54:56,F90964BF,SIMBR0115,SIMR0115,SIMU0091:User 91,GRANTED
2026,1月,13,周二,14:54:56,A7A30652,SIMBR0290,SIMR0290,SIMU0094:User 94,GRANTED
2026,1月,13,周二,14:54:56,1A88116F,SIMBR0012,SIMR0012,SIMU0063:User 63,GRANTED
2026,1月,13,周二,14:54:56,1CA3AA4C,SIMBR0399,SIMR0399,SIMU0014:User 14,GRANTED
2026,1月,13,周二,14:54:56,3DDB17B7,SIMBR0295,SIMR0295,SIMU0044:User 44,GRANTED
2026,1月,13,周二,14:54:56,6714B510,SIMBR0354,SIMR0354,SIMU0160:User 160,GRANTED
2026,1月,13,周二,14:54:56,C6173DD5,SIMBR0390,SIMR0390,SIMU0023:User 23,GRANTED
2026,1月,13,周二,14:54:56,D1BB07EE,SIMBR0169,SIMR0169,SIMU0287:User 287,GRANTED
2026,1月,13,周二,14:54:56,C6E3BF57,SIMBR0062,SIMR0062,SIMU0297:User 297,GRANTED
2026,1月,13,周二,14:54:56,C718E607,SIMBR0315,SIMR0315,SIMU0089:User 89,GRANTED
2026,1月,13,周二,14:54:56,4AF57AEF,SIMBR0239,SIMR0239,SIMU0193:User 193,GRANTED
2026,1月,13,周二,14:54:56,95379CDB,SIMBR0380,SIMR0380,f46ee39b-ac9d-4193-a478-f8cfc35cec07:gagaga a,GRANTED
2026,1月,13,周二,14:54:56,273F3B3E,SIMBR0378,SIMR0378,SIMU0224:User 224,GRANTED
2026,1月,13,周二,14:54:56,E2506042,SIMBR0033,SIMR0033,SIMU0101:User 101,GRANTED
2026,1月,13,周二,14:54:56,59E1ACA0,SIMBR0084,SIMR0084,SIMU0090:User 90,GRANTED
2026,1月,13,周二,14:54:56,CA296753,SIMBR0183,SIMR0183,SIMU0055:User 55,GRANTED
2026,1月,13,周二,14:54:56,1EBD89C8,SIMBR0008,SIMR0008,SIMU0123:User 123,GRANTED
2026,1月,13,周二,14:54:56,16ED8B1D,SIMBR0048,SIMR0048,SIMU0073:User 73,GRANTED
2026,1月,13,周二,14:54:56,7C3923AE,SIMBR0018,SIMR0018,SIMU0210:User 210,GRANTED
2026,1月,13,周二,14:54:56,DB66EC85,SIMBR0007,SIMR0007,SIMU0100:User 100,GRANTED
2026,1月,13,周二,14:54:56,E93FF152,SIMBR0041,SIMR0041,SIMU0197:User 197,GRANTED
2026,1月,13,周二,14:54:56,24DE0286,SIMBR0036,SIMR0036,SIMU0221:User 221,GRANTED
2026,1月,13,周二,14:54:56,3A395E30,SIMBR0089,SIMR0089,SIMU0280:User 280,GRANTED
2026,1月,13,周二,14:54:56,9FA88CE9,SIMBR0179,SIMR0179,SIMU0049:User 49,GRANTED
2026,1月,13,周二,14:54:56,5C4195BE,SIMBR0171,SIMR0171,SIMU0288:User 288,GRANTED
2026,1月,13,周二,14:54:56,73913F8C,SIMBR0255,SIMR0255,SIMU0188:User 188,GRANTED
2026,1月,13,周二,14:54:56,F1D4B1B6,SIMBR0077,SIMR0077,SIMU0247:User 247,GRANTED
2026,1月,13,周二,14:54:56,5C4195BE,SIMBR0028,SIMR0028,SIMU0288:User 288,GRANTED
2026,1月,13,周二,14:54:56,6714B510,SIMBR0301,SIMR0301,SIMU0160:User 160,GRANTED
2026,1月,13,周二,14:54:56,AA3155BB,SIMBR0327,SIMR0327,SIMU0050:User 50,GRANTED
2026,1月,13,周二,14:54:56,628D5BBC,SIMBR0055,SIMR0055,SIMU0041:User 41,GRANTED
2026,1月,13,周二,14:54:56,8BC6335E,SIMBR0101,SIMR0101,SIMU0204:User 204,GRANTED
2026,1月,13,周二,14:54:56,F3B58DFF,SIMBR0218,SIMR0218,SIMU0076:User 76,GRANTED
2026,1月,13,周二,14:54:56,E2F9D137,SIMBR0190,SIMR0190,SIMU0217:User 217,GRANTED
2026,1月,13,周二,14:54:56,BA1008EF,SIMBR0382,SIMR0382,SIMU0083:User 83,GRANTED
2026,1月,13,周二,14:54:56,61095621,SIMBR0140,SIMR0140,SIMU0137:User 137,GRANTED
2026,1月,13,周二,14:54:56,CBD2A48A,SIMBR0276,SIMR0276,SIMU0021:User 21,GRANTED
2026,1月,13,周二,14:54:56,0EE439B9,SIMBR0055,SIMR0055,SIMU0004:User 4,GRANTED
2026,1月,13,周二,14:54:56,1EE4C053,SIMBR0219,SIMR0219,SIMU0026:User 26,GRANTED
2026,1月,13,周二,14:54:56,D504C218,SIMBR0099,SIMR0099,SIMU0060:User 60,GRANTED
2026,1月,13,周二,14:54:56,21A13EE6,SIMBR0196,SIMR0196,SIMU0133:User 133,GRANTED
2026,1月,13,周二,14:54:56,CA15B29F,SIMBR0342,SIMR0342,SIMU0206:User 206,GRANTED
2026,1月,13,周二,14:54:56,A2589816,SIMBR0079,SIMR0079,SIMU0082:User 82,GRANTED
2026,1月,13,周二,14:54:56,BA841717,SIMBR0176,SIMR0176,SIMU0064:User 64,GRANTED
2026,1月,13,周二,14:54:56,A53931BD,SIMBR0304,SIMR0304,SIMU0058:User 58,GRANTED
2026,1月,13,周二,14:54:56,1DE07196,SIMBR0351,SIMR0351,SIMU0274:User 274,GRANTED
2026,1月,13,周二,14:54:56,397975BA,SIMBR0283,SIMR0283,SIMU0164:User 164,GRANTED
2026,1月,13,周二,14:54:56,C04BAEE8,SIMBR0144,SIMR0144,SIMU0129:User 129,GRANTED
2026,1月,13,周二,14:54:56,B0B2BCE6,SIMBR0323,SIMR0323,SIMU0208:User 208,GRANTED
2026,1月,13,周二,14:54:56,546575AC,SIMBR0206,SIMR0206,SIMU0140:User 140,GRANTED
2026,1月,13,周二,14:54:56,0A675EEC,SIMBR0385,SIMR0385,SIMU0138:User 138,GRANTED
2026,1月,13,周二,14:54:56,D324F0AC,SIMBR0124,SIMR0124,SIMU0108:User 108,GRANTED
2026,1月,13,周二,14:54:56,4FC5D562,SIMBR0304,SIMR0304,SIMU0275:User 275,GRANTED
2026,1月,13,周二,14:54:56,75D7C714,SIMBR0040,SIMR0040,SIMU0005:User 5,GRANTED
2026,1月,13,周二,14:54:56,20D788EC,SIMBR0295,SIMR0295,SIMU0271:User 271,GRANTED
2026,1月,13,周二,14:54:56,B9D6BC00,SIMBR0104,SIMR0104,SIMU0107:User 107,GRANTED
2026,1月,13,周二,14:54:56,0FB515EE,SIMBR0036,SIMR0036,SIMU0033:User 33,GRANTED
2026,1月,13,周二,14:54:56,068AFAB6,BR004,RES001,SIMU0115:User 115,DENIED
2026,1月,13,周二,14:54:56,5FF2F656,BR007,RES024,SIMU0120:User 120,DENIED
2026,1月,13,周二,14:54:56,A51F7B4F,SIMBR0369,SIMR0369,SIMU0277:User 277,GRANTED
2026,1月,13,周二,14:54:56,B2D6FCB4,SIMBR0044,SIMR0044,SIMU0086:User 86,GRANTED
2026,1月,13,周二,14:54:56,358D24E5,BR022,RES015,SIMU0130:User 130,DENIED
2026,1月,13,周二,14:54:56,49B45DCD,SIMBR0184,SIMR0184,SIMU0272:User 272,GRANTED
2026,1月,13,周二,14:54:56,5C4195BE,SIMBR0343,SIMR0343,SIMU0288:User 288,GRANTED
2026,1月,13,周二,14:54:56,AF6C110D,SIMBR0336,SIMR0336,SIMU0080:User 80,GRANTED
2026,1月,13,周二,14:54:56,F90964BF,SIMBR0346,SIMR0346,SIMU0091:User 91,GRANTED
2026,1月,13,周二,14:54:56,AA3155BB,SIMBR0007,SIMR0007,SIMU0050:User 50,GRANTED
2026,1月,13,周二,14:54:56,95379CDB,SIMBR0061,SIMR0061,f46ee39b-ac9d-4193-a478-f8cfc35cec07:gagaga a,GRANTED
2026,1月,13,周二,14:54:56,DA3D486F,SIMBR0218,SIMR0218,SIMU0028:User 28,GRANTED
2026,1月,13,周二,14:54:56,84F825EE,SIMBR0108,SIMR0108,SIMU0150:User 150,GRANTED
2026,1月,13,周二,14:54:56,1EE4C053,SIMBR0391,SIMR0391,SIMU0026:User 26,GRANTED
2026,1月,13,周二,14:54:56,CB1ACCC7,SIMBR0305,SIMR0305,SIMU0110:User 110,GRANTED
2026,1月,13,周二,14:54:56,2056B86F,SIMBR0329,SIMR0329,SIMU0067:User 67,GRANTED
2026,1月,13,周二,14:54:56,18788AAF,BR004,RES001,SIMU0298:User 298,DENIED
2026,1月,13,周二,14:54:56,C7C3B16D,SIMBR0194,SIMR0194,SIMU0259:User 259,GRANTED
2026,1月,13,周二,14:54:56,FB68A282,SIMBR0205,SIMR0205,SIMU0183:User 183,GRANTED
2026,1月,13,周二,14:54:56,7CA376A0,SIMBR0314,SIMR0314,SIMU0102:User 102,GRANTED
2026,1月,13,周二,14:54:56,C50459DB,SIMBR0258,SIMR0258,SIMU0262:User 262,GRANTED
2026,1月,13,周二,14:54:56,24DE0286,SIMBR0176,SIMR0176,SIMU0221:User 221,GRANTED
2026,1月,13,周二,14:54:56,397975BA,SIMBR0208,SIMR0208,SIMU0164:User 164,GRANTED
2026,1月,13,周二,14:54:56,538EE2BF,SIMBR0079,SIMR0079,SIMU0177:User 177,GRANTED
2026,1月,13,周二,14:54:56,27BDB972,SIMBR0228,SIMR0228,SIMU0244:User 244,GRANTED
2026,1月,13,周二,14:54:56,24A968FA,SIMBR0251,SIMR0251,SIMU0241:User 241,GRANTED
2026,1月,13,周二,14:54:56,FBFF5A63,SIMBR0216,SIMR0216,SIMU0184:User 184,GRANTED
2026,1月,13,周二,14:54:56,47A80030,SIMBR0234,SIMR0234,SIMU0234:User 234,GRANTED
2026,1月,13,周二,14:54:56,E93FF152,SIMBR0136,SIMR0136,SIMU0197:User 197,GRANTED
2026,1月,13,周二,14:54:56,66FC8294,SIMBR0047,SIMR0047,SIMU0180:User 180,GRANTED
2026,1月,13,周二,14:54:56,643D2F0C,SIMBR0140,SIMR0140,SIMU0048:User 48,GRANTED
2026,1月,13,周二,14:54:56,20917633,SIMBR0223,SIMR0223,SIMU0296:User 296,GRANTED
2026,1月,13,周二,14:54:56,495297EE,SIMBR0070,SIMR0070,SIMU0038:User 38,GRANTED
2026,1月,13,周二,14:54:56,4DFA0FE5,SIMBR0067,SIMR0067,SIMU0255:User 255,GRANTED
2026,1月,13,周二,14:54:56,FBFF5A63,SIMBR0083,SIMR0083,SIMU0184:User 184,GRANTED
2026,1月,13,周二,14:54:56,B0B2BCE6,SIMBR0262,SIMR0262,SIMU0208:User 208,GRANTED
2026,1月,13,周二,14:54:56,EF6713BA,SIMBR0016,SIMR0016,SIMU0153:User 153,GRANTED
2026,1月,13,周二,14:54:56,29200997,SIMBR0205,SIMR0205,SIMU0186:User 186,GRANTED
2026,1月,13,周二,14:54:56,59E1ACA0,SIMBR0357,SIMR0357,SIMU0090:User 90,GRANTED
2026,1月,13,周二,14:54:56,0CFFFBA0,SIMBR0171,SIMR0171,SIMU0189:User 189,GRANTED
2026,1月,13,周二,14:54:56,7BEB2168,SIMBR0036,SIMR0036,SIMU0282:User 282,GRANTED
2026,1月,13,周二,14:54:56,D0171F97,SIMBR0272,SIMR0272,SIMU0032:User 32,GRANTED
2026,1月,13,周二,14:54:56,0DE450B1,SIMBR0166,SIMR0166,SIMU0016:User 16,GRANTED
2026,1月,13,周二,14:54:56,CA296753,SIMBR0334,SIMR0334,SIMU0055:User 55,GRANTED
2026,1月,13,周二,14:54:56,6E7782F8,SIMBR0107,SIMR0107,INT001:Zhao Liu,DENIED
2026,1月,13,周二,14:54:56,BD4961D3,SIMBR0325,SIMR0325,SIMU0169:User 169,GRANTED
2026,1月,13,周二,14:54:56,3CC4126C,SIMBR0014,SIMR0014,SIMU0099:User 99,GRANTED
2026,1月,13,周二,14:54:56,3870BA5D,SIMBR0136,SIMR0136,SIMU0173:User 173,GRANTED
2026,1月,13,周二,14:54:56,7D277C80,SIMBR0271,SIMR0271,SIMU0212:User 212,GRANTED
2026,1月,13,周二,14:54:56,5A758FE3,SIMBR0299,SIMR0299,SIMU0103:User 103,GRANTED
2026,1月,13,周二,14:54:56,5E9892AA,SIMBR0276,SIMR0276,SIMU0293:User 293,GRANTED
2026,1月,13,周二,14:54:56,983FD996,SIMBR0021,SIMR0021,SIMU0225:User 225,GRANTED
2026,1月,13,周二,14:54:56,983FD996,SIMBR0281,SIMR0281,SIMU0225:User 225,GRANTED
2026,1月,13,周二,14:54:56,5AC1CCB2,SIMBR0259,SIMR0259,SIMU0264:User 264,GRANTED
2026,1月,13,周二,14:54:56,2EEB40A9,SIMBR0362,SIMR0362,SIMU0260:User 260,GRANTED
2026,1月,13,周二,14:54:56,8E0C2F27,SIMBR0017,SIMR0017,SIMU0126:User 126,GRANTED
2026,1月,13,周二,14:54:56,BA821DBA,SIMBR0219,SIMR0219,SIMU0148:User 148,GRANTED
2026,1月,13,周二,14:54:56,582A6476,SIMBR0109,SIMR0109,SIMU0046:User 46,GRANTED
2026,1月,13,周二,14:54:56,6C174D63,SIMBR0055,SIMR0055,SIMU0116:User 116,GRANTED
2026,1月,13,周二,14:54:56,489655D2,SIMBR0330,SIMR0330,CON001:Wang Wu,DENIED
2026,1月,13,周二,14:54:56,B0B2BCE6,SIMBR0307,SIMR0307,SIMU0208:User 208,GRANTED
2026,1月,13,周二,14:54:56,1812D558,SIMBR0105,SIMR0105,SIMU0214:User 214,GRANTED
2026,1月,13,周二,14:54:56,B77EBDC0,SIMBR0194,SIMR0194,SIMU0203:User 203,GRANTED
2026,1月,13,周二,14:54:56,48744B29,SIMBR0220,SIMR0220,SIMU0035:User 35,GRANTED
2026,1月,13,周二,14:54:56,F3B58DFF,SIMBR0218,SIMR0218,SIMU0076:User 76,GRANTED
2026,1月,13,周二,14:54:56,B33C40D7,SIMBR0095,SIMR0095,SIMU0015:User 15,GRANTED
2026,1月,13,周二,14:54:56,3EA1EF87,SIMBR0067,SIMR0067,SIMU0229:User 229,GRANTED
2026,1月,13,周二,14:54:56,C0993563,SIMBR0054,SIMR0054,SIMU0209:User 209,GRANTED
2026,1月,13,周二,14:54:56,6E7782F8,BR020,RES013,INT001:Zhao Liu,DENIED
2026,1月,13,周二,14:54:56,24A968FA,SIMBR0093,SIMR0093,SIMU0241:User 241,GRANTED
2026,1月,13,周二,14:54:56,1792E539,SIMBR0197,SIMR0197,SIMU0292:User 292,GRANTED
2026,1月,13,周二,14:54:56,582A6476,SIMBR0178,SIMR0178,SIMU0046:User 46,GRANTED
2026,1月,13,周二,14:54:56,3A52D444,SIMBR0348,SIMR0348,SIMU0166:User 166,GRANTED
2026,1月,13,周二,14:54:56,7C3923AE,SIMBR0044,SIMR0044,SIMU0210:User 210,GRANTED
2026,1月,13,周二,14:54:56,97A9597E,SIMBR0138,SIMR0138,SIMU0030:User 30,GRANTED
2026,1月,13,周二,14:54:56,24A968FA,SIMBR0152,SIMR0152,SIMU0241:User 241,GRANTED
2026,1月,13,周二,14:54:56,4AF57AEF,SIMBR0022,SIMR0022,SIMU0193:User 193,GRANTED
2026,1月,13,周二,14:54:56,8C19D42A,SIMBR0239,SIMR0239,SIMU0284:User 284,GRANTED
2026,1月,13,周二,14:54:56,01513E26,SIMBR0051,SIMR0051,SIMU0181:User 181,GRANTED
2026,1月,13,周二,14:54:57,5A758FE3,BR021,RES014,SIMU0103:User 103,DENIED
2026,1月,13,周二,14:54:57,C31E01F0,SIMBR0395,SIMR0395,SIMU0192:User 192,GRANTED
2026,1月,13,周二,14:54:57,35C69784,SIMBR0310,SIMR0310,SIMU0168:User 168,GRANTED
2026,1月,13,周二,14:54:57,59E1ACA0,SIMBR0372,SIMR0372,SIMU0090:User 90,GRANTED
2026,1月,13,周二,14:54:57,A74F536B,SIMBR0299,SIMR0299,SIMU0097:User 97,GRANTED
2026,1月,13,周二,14:54:57,4AF57AEF,SIMBR0110,SIMR0110,SIMU0193:User 193,GRANTED
2026,1月,13,周二,14:54:57,D0B8FC16,SIMBR0289,SIMR0289,SIMU0185:User 185,GRANTED
2026,1月,13,周二,14:54:57,C39400FA,SIMBR0068,SIMR0068,SIMU0078:User 78,GRANTED
2026,1月,13,周二,14:54:57,A53931BD,SIMBR0314,SIMR0314,SIMU0058:User 58,GRANTED
2026,1月,13,周二,14:54:57,5D5C3450,SIMBR0316,SIMR0316,SIMU0131:User 131,GRANTED
2026,1月,13,周二,14:54:57,BEBCE825,SIMBR0139,SIMR0139,SIMU0270:User 270,GRANTED
2026,1月,13,周二,14:54:57,0EE439B9,SIMBR0035,SIMR0035,SIMU0004:User 4,GRANTED
2026,1月,13,周二,14:54:57,FC05A793,SIMBR0018,SIMR0018,SIMU0071:User 71,GRANTED
2026,1月,13,周二,14:54:57,50B332C8,SIMBR0042,SIMR0042,SIMU0122:User 122,GRANTED
2026,1月,13,周二,14:54:57,582A6476,SIMBR0281,SIMR0281,SIMU0046:User 46,GRANTED
2026,1月,13,周二,14:54:57,BA841717,SIMBR0192,SIMR0192,SIMU0064:User 64,GRANTED
2026,1月,13,周二,14:54:57,B77EBDC0,SIMBR0290,SIMR0290,SIMU0203:User 203,GRANTED
2026,1月,13,周二,14:54:57,983FD996,SIMBR0333,SIMR0333,SIMU0225:User 225,GRANTED
2026,1月,13,周二,14:54:57,FE83648E,SIMBR0122,SIMR0122,SIMU0142:User 142,GRANTED
2026,1月,13,周二,14:54:57,FD75651D,SIMBR0055,SIMR0055,SIMU0238:User 238,GRANTED
2026,1月,13,周二,14:54:57,C73CE928,SIMBR0243,SIMR0243,SIMU0281:User 281,GRANTED
2026,1月,13,周二,14:54:57,86937632,SIMBR0355,SIMR0355,SIMU0187:User 187,GRANTED
2026,1月,13,周二,14:54:57,8BC6335E,SIMBR0134,SIMR0134,SIMU0204:User 204,GRANTED
2026,1月,13,周二,14:54:57,3A395E30,SIMBR0235,SIMR0235,SIMU0280:User 280,GRANTED
2026,1月,13,周二,14:54:57,5FF2F656,BR018,RES011,SIMU0120:User 120,DENIED
2026,1月,13,周二,14:54:57,030D82CF,SIMBR0116,SIMR0116,SIMU0207:User 207,GRANTED
2026,1月,13,周二,14:54:57,C169BAEB,SIMBR0144,SIMR0144,SIMU0174:User 174,GRANTED
2026,1月,13,周二,14:54:57,3CC4126C,SIMBR0086,SIMR0086,SIMU0099:User 99,GRANTED
2026,1月,13,周二,14:54:57,58B55845,SIMBR0334,SIMR0334,EMP002:Li Si,DENIED
2026,1月,13,周二,14:54:57,F853E5E9,BR019,RES012,SIMU0119:User 119,DENIED
2026,1月,13,周二,14:54:57,B1990B96,BR023,RES016,SIMU0106:User 106,DENIED
2026,1月,13,周二,14:54:57,3CC4126C,SIMBR0011,SIMR0011,SIMU0099:User 99,GRANTED
2026,1月,13,周二,14:54:57,A5DEC594,SIMBR0325,SIMR0325,SIMU0084:User 84,GRANTED
2026,1月,13,周二,14:54:57,C0CB4AFF,SIMBR0084,SIMR0084,SIMU0235:User 235,GRANTED
2026,1月,13,周二,14:54:57,33F39C8F,SIMBR0080,SIMR0080,SIMU0205:User 205,GRANTED
2026,1月,13,周二,14:54:57,0FB515EE,SIMBR0135,SIMR0135,SIMU0033:User 33,GRANTED
2026,1月,13,周二,14:54:57,CCACC23C,SIMBR0393,SIMR0393,SIMU0149:User 149,GRANTED
2026,1月,13,周二,14:54:57,15D30411,SIMBR0223,SIMR0223,SIMU0289:User 289,GRANTED
2026,1月,13,周二,14:54:57,3B22F02A,SIMBR0377,SIMR0377,SIMU0299:User 299,GRANTED
2026,1月,13,周二,14:54:57,2056B86F,BR013,RES006,SIMU0067:User 67,DENIED
2026,1月,13,周二,14:54:57,0CFFFBA0,SIMBR0327,SIMR0327,SIMU0189:User 189,GRANTED
2026,1月,13,周二,14:54:57,4D153C4A,SIMBR0009,SIMR0009,SIMU0104:User 104,GRANTED
2026,1月,13,周二,14:54:57,20D788EC,SIMBR0025,SIMR0025,SIMU0271:User 271,GRANTED
2026,1月,13,周二,14:54:57,A0043AC2,SIMBR0380,SIMR0380,SIMU0040:User 40,GRANTED
2026,1月,13,周二,14:54:57,3EA1EF87,SIMBR0207,SIMR0207,SIMU0229:User 229,GRANTED
2026,1月,13,周二,14:54:57,B9D6BC00,SIMBR0141,SIMR0141,SIMU0107:User 107,GRANTED
2026,1月,13,周二,14:54:57,5560EC7D,SIMBR0050,SIMR0050,SIMU0109:User 109,GRANTED
2026,1月,13,周二,14:54:57,40A1D543,SIMBR0134,SIMR0134,SIMU0267:User 267,GRANTED
2026,1月,13,周二,14:54:57,A4F77AE3,SIMBR0002,SIMR0002,SIMU0031:User 31,GRANTED
2026,1月,13,周二,14:54:57,EF6713BA,SIMBR0274,SIMR0274,SIMU0153:User 153,GRANTED
2026,1月,13,周二,14:54:57,F0ADE55C,SIMBR0203,SIMR0203,SIMU0237:User 237,GRANTED
2026,1月,13,周二,14:54:57,A5A16F78,SIMBR0148,SIMR0148,SIMU0294:User 294,GRANTED
2026,1月,13,周二,14:54:57,3B7FFD92,SIMBR0238,SIMR0238,SIMU0256:User 256,GRANTED
2026,1月,13,周二,14:54:57,F8F80D07,SIMBR0163,SIMR0163,SIMU0253:User 253,GRANTED
2026,1月,13,周二,14:54:57,7C3923AE,SIMBR0104,SIMR0104,SIMU0210:User 210,GRANTED
2026,1月,13,周二,14:54:57,54722E38,SIMBR0115,SIMR0115,SIMU0222:User 222,GRANTED
2026,1月,13,周二,14:54:57,C0CB4AFF,SIMBR0229,SIMR0229,SIMU0235:User 235,GRANTED
2026,1月,13,周二,14:54:57,B6F02DDB,SIMBR0044,SIMR0044,SIMU0156:User 156,GRANTED
2026,1月,13,周二,14:54:57,FB68A282,BR021,RES014,SIMU0183:User 183,DENIED
2026,1月,13,周二,14:54:57,6B7D13ED,SIMBR0330,SIMR0330,SIMU0191:User 191,GRANTED
2026,1月,13,周二,14:54:57,4B59E256,SIMBR0220,SIMR0220,SIMU0182:User 182,GRANTED
2026,1月,13,周二,14:54:57,BA841717,SIMBR0324,SIMR0324,SIMU0064:User 64,GRANTED
2026,1月,13,周二,14:54:57,B3E8626A,SIMBR0011,SIMR0011,SIMU0239:User 239,GRANTED
2026,1月,13,周二,14:54:57,C1CE8342,SIMBR0236,SIMR0236,SIMU0018:User 18,GRANTED
2026,1月,13,周二,14:54:57,128D7B1F,SIMBR0310,SIMR0310,SIMU0121:User 121,GRANTED
2026,1月,13,周二,14:54:57,8CBA0F42,SIMBR0154,SIMR0154,SIMU0152:User 152,GRANTED
2026,1月,13,周二,14:54:57,84F825EE,SIMBR0049,SIMR0049,SIMU0150:User 150,GRANTED
2026,1月,13,周二,14:54:57,4B59E256,SIMBR0253,SIMR0253,SIMU0182:User 182,GRANTED
2026,1月,13,周二,14:54:57,33F39C8F,SIMBR0296,SIMR0296,SIMU0205:User 205,GRANTED
2026,1月,13,周二,14:54:57,3CC4126C,SIMBR0099,SIMR0099,SIMU0099:User 99,GRANTED
2026,1月,13,周二,14:54:57,50B332C8,SIMBR0205,SIMR0205,SIMU0122:User 122,GRANTED
2026,1月,13,周二,14:54:57,C31E01F0,SIMBR0041,SIMR0041,SIMU0192:User 192,GRANTED
2026,1月,13,周二,14:54:57,CEC0E003,SIMBR0010,SIMR0010,SIMU0009:User 9,GRANTED
2026,1月,13,周二,14:54:57,FEB7592C,SIMBR0328,SIMR0328,SIMU0059:User 59,GRANTED
2026,1月,13,周二,14:54:57,5C4195BE,SIMBR0396,SIMR0396,SIMU0288:User 288,GRANTED
2026,1月,13,周二,14:54:57,3DC555DE,SIMBR0322,SIMR0322,SIMU0300:User 300,GRANTED
2026,1月,13,周二,14:54:57,36330273,SIMBR0347,SIMR0347,SIMU0291:User 291,GRANTED
2026,1月,13,周二,14:54:57,CB1ACCC7,SIMBR0303,SIMR0303,SIMU0110:User 110,GRANTED
2026,1月,13,周二,14:54:57,7BEB2168,SIMBR0310,SIMR0310,SIMU0282:User 282,GRANTED
2026,1月,13,周二,14:54:57,BD4961D3,SIMBR0131,SIMR0131,SIMU0169:User 169,GRANTED
2026,1月,13,周二,14:54:57,602AF119,SIMBR0261,SIMR0261,SIMU0223:User 223,GRANTED
2026,1月,13,周二,14:54:57,D1BB07EE,SIMBR0274,SIMR0274,SIMU0287:User 287,GRANTED
2026,1月,13,周二,14:54:57,CA296753,SIMBR0228,SIMR0228,SIMU0055:User 55,GRANTED
2026,1月,13,周二,14:54:57,E137F666,SIMBR0171,SIMR0171,SIMU0220:User 220,GRANTED
2026,1月,13,周二,14:54:57,BA1008EF,SIMBR0174,SIMR0174,SIMU0083:User 83,GRANTED
2026,1月,13,周二,14:54:57,F3B58DFF,SIMBR0163,SIMR0163,SIMU0076:User 76,GRANTED
2026,1月,13,周二,14:54:57,46895123,SIMBR0394,SIMR0394,SIMU0132:User 132,GRANTED
2026,1月,13,周二,14:54:57,D87DCC23,SIMBR0169,SIMR0169,SIMU0006:User 6,GRANTED
2026,1月,13,周二,14:54:57,394DF2A8,SIMBR0122,SIMR0122,SIMU0111:User 111,GRANTED
2026,1月,13,周二,14:54:57,3DC555DE,SIMBR0146,SIMR0146,SIMU0300:User 300,GRANTED
2026,1月,13,周二,14:54:57,E07F08A6,SIMBR0161,SIMR0161,SIMU0246:User 246,GRANTED
2026,1月,13,周二,14:54:57,874CC50E,SIMBR0105,SIMR0105,SIMU0036:User 36,GRANTED
2026,1月,13,周二,14:54:57,C7C3B16D,SIMBR0003,SIMR0003,SIMU0259:User 259,GRANTED
2026,1月,13,周二,14:54:57,C0993563,SIMBR0049,SIMR0049,SIMU0209:User 209,GRANTED
2026,1月,13,周二,14:54:57,91E5E6B0,SIMBR0309,SIMR0309,SIMU0079:User 79,GRANTED
2026,1月,13,周二,14:54:57,0EA23D3A,SIMBR0311,SIMR0311,SIMU0062:User 62,GRANTED
2026,1月,13,周二,14:54:57,3B9B3EAE,SIMBR0358,SIMR0358,SIMU0144:User 144,GRANTED
2026,1月,13,周二,14:54:57,C5A57784,SIMBR0394,SIMR0394,SIMU0072:User 72,GRANTED
2026,1月,13,周二,14:54:57,FAE4DEC5,SIMBR0134,SIMR0134,SIMU0053:User 53,GRANTED
2026,1月,13,周二,14:54:57,29200997,SIMBR0334,SIMR0334,SIMU0186:User 186,GRANTED
2026,1月,13,周二,14:54:57,538EE2BF,SIMBR0297,SIMR0297,SIMU0177:User 177,GRANTED
2026,1月,13,周二,14:54:57,1792E539,SIMBR0115,SIMR0115,SIMU0292:User 292,GRANTED
2026,1月,13,周二,14:54:57,BA841717,SIMBR0014,SIMR0014,SIMU0064:User 64,GRANTED
2026,1月,13,周二,14:54:57,72A4E470,SIMBR0251,SIMR0251,SIMU0268:User 268,GRANTED
2026,1月,13,周二,14:54:57,E137F666,SIMBR0334,SIMR0334,SIMU0220:User 220,GRANTED
2026,1月,13,周二,14:54:57,394DF2A8,SIMBR0196,SIMR0196,SIMU0111:User 111,GRANTED
2026,1月,13,周二,14:54:57,D2C7D462,SIMBR0296,SIMR0296,SIMU0061:User 61,GRANTED
2026,1月,13,周二,14:54:57,FAE4DEC5,SIMBR0263,SIMR0263,SIMU0053:User 53,GRANTED
2026,1月,13,周二,14:54:57,37E9D9C0,SIMBR0385,SIMR0385,SIMU0034:User 34,GRANTED
2026,1月,13,周二,14:54:57,8CBA0F42,SIMBR0082,SIMR0082,SIMU0152:User 152,GRANTED
2026,1月,13,周二,14:54:57,20917633,SIMBR0304,SIMR0304,SIMU0296:User 296,GRANTED
2026,1月,13,周二,14:54:57,F90964BF,SIMBR0101,SIMR0101,SIMU0091:User 91,GRANTED
2026,1月,13,周二,14:54:57,6FFD7F45,SIMBR0175,SIMR0175,SIMU0198:User 198,GRANTED
2026,1月,13,周二,14:54:57,3A52D444,SIMBR0117,SIMR0117,SIMU0166:User 166,GRANTED
2026,1月,13,周二,14:54:57,0EA23D3A,SIMBR0260,SIMR0260,SIMU0062:User 62,GRANTED
2026,1月,13,周二,14:54:57,24A968FA,SIMBR0062,SIMR0062,SIMU0241:User 241,GRANTED
2026,1月,13,周二,14:54:57,128D7B1F,SIMBR0260,SIMR0260,SIMU0121:User 121,GRANTED
2026,1月,13,周二,14:54:57,FBFF5A63,SIMBR0400,SIMR0400,SIMU0184:User 184,GRANTED
2026,1月,13,周二,14:54:57,E07F08A6,SIMBR0002,SIMR0002,SIMU0246:User 246,GRANTED
2026,1月,13,周二,14:54:57,B9D6BC00,SIMBR0365,SIMR0365,SIMU0107:User 107,GRANTED
2026,1月,13,周二,14:54:57,58B55845,SIMBR0258,SIMR0258,EMP002:Li Si,DENIED
2026,1月,13,周二,14:54:57,3B22F02A,SIMBR0035,SIMR0035,SIMU0299:User 299,GRANTED
2026,1月,13,周二,14:54:57,6FFD7F45,SIMBR0113,SIMR0113,SIMU0198:User 198,GRANTED
2026,1月,13,周二,14:54:57,3DC555DE,SIMBR0296,SIMR0296,SIMU0300:User 300,GRANTED
2026,1月,13,周二,14:54:57,54C5EDBD,BR010,RES004,SIMU0145:User 145,DENIED
2026,1月,13,周二,14:54:57,3B7FFD92,SIMBR0370,SIMR0370,SIMU0256:User 256,GRANTED
2026,1月,13,周二,14:54:57,84F825EE,SIMBR0221,SIMR0221,SIMU0150:User 150,GRANTED
2026,1月,13,周二,14:54:57,D324F0AC,SIMBR0369,SIMR0369,SIMU0108:User 108,GRANTED
2026,1月,13,周二,14:54:57,C44E5E52,SIMBR0285,SIMR0285,SIMU0002:User 2,GRANTED
2026,1月,13,周二,14:54:57,36330273,SIMBR0234,SIMR0234,SIMU0291:User 291,GRANTED
2026,1月,13,周二,14:54:57,9FA88CE9,SIMBR0184,SIMR0184,SIMU0049:User 49,GRANTED
2026,1月,13,周二,14:54:57,57ED1495,SIMBR0309,SIMR0309,SIMU0250:User 250,GRANTED
2026,1月,13,周二,14:54:57,AA3155BB,SIMBR0240,SIMR0240,SIMU0050:User 50,GRANTED
2026,1月,13,周二,14:54:57,7C28253F,SIMBR0035,SIMR0035,SIMU0027:User 27,GRANTED
2026,1月,13,周二,14:54:57,23858FDA,SIMBR0128,SIMR0128,SIMU0098:User 98,GRANTED
2026,1月,13,周二,14:54:57,48744B29,SIMBR0018,SIMR0018,SIMU0035:User 35,GRANTED
2026,1月,13,周二,14:54:57,A0043AC2,SIMBR0394,SIMR0394,SIMU0040:User 40,GRANTED
2026,1月,13,周二,14:54:57,D78DDFDE,BR022,RES015,SIMU0252:User 252,DENIED
2026,1月,13,周二,14:54:57,B095C629,SIMBR0309,SIMR0309,SIMU0257:User 257,GRANTED
2026,1月,13,周二,14:54:57,7BEB2168,SIMBR0125,SIMR0125,SIMU0282:User 282,GRANTED
2026,1月,13,周二,14:54:57,CEC0E003,SIMBR0127,SIMR0127,SIMU0009:User 9,GRANTED
2026,1月,13,周二,14:54:57,E0F41E54,SIMBR0180,SIMR0180,SIMU0176:User 176,GRANTED
2026,1月,13,周二,14:54:57,1A88116F,SIMBR0247,SIMR0247,SIMU0063:User 63,GRANTED
2026,1月,13,周二,14:54:57,643D2F0C,SIMBR0090,SIMR0090,SIMU0048:User 48,GRANTED
2026,1月,13,周二,14:54:57,C31E01F0,SIMBR0199,SIMR0199,SIMU0192:User 192,GRANTED
2026,1月,13,周二,14:54:57,B2D6FCB4,SIMBR0318,SIMR0318,SIMU0086:User 86,GRANTED
2026,1月,13,周二,14:54:57,95777979,SIMBR0099,SIMR0099,SIMU0051:User 51,GRANTED
2026,1月,13,周二,14:54:57,B6F02DDB,SIMBR0400,SIMR0400,SIMU0156:User 156,GRANTED
2026,1月,13,周二,14:54:57,BA841717,SIMBR0103,SIMR0103,SIMU0064:User 64,GRANTED
2026,1月,13,周二,14:54:57,128D7B1F,SIMBR0252,SIMR0252,SIMU0121:User 121,GRANTED
2026,1月,13,周二,14:54:57,3870BA5D,SIMBR0015,SIMR0015,SIMU0173:User 173,GRANTED
2026,1月,13,周二,14:54:57,4AF57AEF,SIMBR0152,SIMR0152,SIMU0193:User 193,GRANTED
2026,1月,13,周二,14:54:57,A0043AC2,SIMBR0347,SIMR0347,SIMU0040:User 40,GRANTED
2026,1月,13,周二,14:54:57,CCACC23C,SIMBR0392,SIMR0392,SIMU0149:User 149,GRANTED
2026,1月,13,周二,14:54:57,66FC8294,SIMBR0124,SIMR0124,SIMU0180:User 180,GRANTED
2026,1月,13,周二,14:54:57,81F12C1B,SIMBR0024,SIMR0024,SIMU0200:User 200,GRANTED
2026,1月,13,周二,14:54:57,874CC50E,SIMBR0389,SIMR0389,SIMU0036:User 36,GRANTED
2026,1月,13,周二,14:54:57,80BC1A17,BR024,RES017,SIMU0112:User 112,DENIED
2026,1月,13,周二,14:54:57,D3E409F0,SIMBR0211,SIMR0211,SIMU0012:User 12,GRANTED
2026,1月,13,周二,14:54:57,54C5EDBD,SIMBR0337,SIMR0337,SIMU0145:User 145,GRANTED
2026,1月,13,周二,14:54:57,983FD996,SIMBR0216,SIMR0216,SIMU0225:User 225,GRANTED
2026,1月,13,周二,14:54:57,44B3ADEE,SIMBR0007,SIMR0007,SIMU0157:User 157,GRANTED
2026,1月,13,周二,14:54:57,D0171F97,SIMBR0272,SIMR0272,SIMU0032:User 32,GRANTED
2026,1月,13,周二,14:54:57,1EE4C053,SIMBR0094,SIMR0094,SIMU0026:User 26,GRANTED
2026,1月,13,周二,14:54:57,F6E7D08A,SIMBR0047,SIMR0047,SIMU0001:User 1,GRANTED
2026,1月,13,周二,14:54:57,EFC60F14,SIMBR0081,SIMR0081,SIMU0286:User 286,GRANTED
2026,1月,13,周二,14:54:57,B6F02DDB,SIMBR0297,SIMR0297,SIMU0156:User 156,GRANTED
2026,1月,13,周二,14:54:57,394DF2A8,SIMBR0096,SIMR0096,SIMU0111:User 111,GRANTED
2026,1月,13,周二,14:54:57,397975BA,BR002,RES021,SIMU0164:User 164,DENIED
2026,1月,13,周二,14:54:57,273D28BF,SIMBR0191,SIMR0191,SIMU0057:User 57,GRANTED
2026,1月,13,周二,14:54:57,14103484,SIMBR0193,SIMR0193,SIMU0074:User 74,GRANTED
2026,1月,13,周二,14:54:57,5AC1CCB2,SIMBR0056,SIMR0056,SIMU0264:User 264,GRANTED
2026,1月,13,周二,14:54:57,A234EF8B,SIMBR0390,SIMR0390,SIMU0069:User 69,GRANTED
2026,1月,13,周二,14:54:57,CB0F203D,SIMBR0172,SIMR0172,SIMU0124:User 124,GRANTED
2026,1月,13,周二,14:54:57,B0B2BCE6,SIMBR0251,SIMR0251,SIMU0208:User 208,GRANTED
2026,1月,13,周二,14:54:57,B33C40D7,SIMBR0137,SIMR0137,SIMU0015:User 15,GRANTED
2026,1月,13,周二,14:54:57,D0871CF1,SIMBR0366,SIMR0366,SIMU0007:User 7,GRANTED
2026,1月,13,周二,14:54:57,14103484,SIMBR0164,SIMR0164,SIMU0074:User 74,GRANTED
2026,1月,13,周二,14:54:57,B13BB6C7,SIMBR0162,SIMR0162,SIMU0167:User 167,GRANTED
2026,1月,13,周二,14:54:57,1A3D1ED6,SIMBR0056,SIMR0056,SIMU0231:User 231,GRANTED
2026,1月,13,周二,14:54:57,9FA88CE9,SIMBR0057,SIMR0057,SIMU0049:User 49,GRANTED
2026,1月,13,周二,14:54:57,81F12C1B,SIMBR0203,SIMR0203,SIMU0200:User 200,GRANTED
2026,1月,13,周二,14:54:57,050D9DEF,SIMBR0111,SIMR0111,SIMU0128:User 128,GRANTED
2026,1月,13,周二,14:54:57,46895123,SIMBR0094,SIMR0094,SIMU0132:User 132,GRANTED
2026,1月,13,周二,14:54:57,44B3ADEE,SIMBR0298,SIMR0298,SIMU0157:User 157,GRANTED
2026,1月,13,周二,14:54:57,B0DFB305,SIMBR0329,SIMR0329,SIMU0151:User 151,GRANTED
2026,1月,13,周二,14:54:57,01FC696F,SIMBR0006,SIMR0006,SIMU0068:User 68,GRANTED
2026,1月,13,周二,14:54:57,BA841717,SIMBR0167,SIMR0167,SIMU0064:User 64,GRANTED
2026,1月,13,周二,14:54:57,45B37997,SIMBR0151,SIMR0151,SIMU0163:User 163,GRANTED
2026,1月,13,周二,14:54:57,F0ADE55C,SIMBR0199,SIMR0199,SIMU0237:User 237,GRANTED
2026,1月,13,周二,14:54:57,AA3155BB,SIMBR0300,SIMR0300,SIMU0050:User 50,GRANTED
2026,1月,13,周二,14:54:57,E93FF152,SIMBR0231,SIMR0231,SIMU0197:User 197,GRANTED
2026,1月,13,周二,14:54:57,8BC6335E,SIMBR0172,SIMR0172,SIMU0204:User 204,GRANTED
2026,1月,13,周二,14:54:57,359F9D02,SIMBR0212,SIMR0212,SIMU0087:User 87,GRANTED
2026,1月,13,周二,14:54:57,FEB7592C,SIMBR0160,SIMR0160,SIMU0059:User 59,GRANTED
2026,1月,13,周二,14:54:57,8CBA0F42,BR016,RES009,SIMU0152:User 152,DENIED
2026,1月,13,周二,14:54:57,8BF81A2A,SIMBR0221,SIMR0221,SIMU0233:User 233,GRANTED
2026,1月,13,周二,14:54:57,FE83648E,SIMBR0396,SIMR0396,SIMU0142:User 142,GRANTED
2026,1月,13,周二,14:54:57,7413D955,SIMBR0016,SIMR0016,SIMU0075:User 75,GRANTED
2026,1月,13,周二,14:54:57,20D788EC,BR007,RES024,SIMU0271:User 271,DENIED
2026,1月,13,周二,14:54:58,181D33C7,SIMBR0156,SIMR0156,SIMU0227:User 227,GRANTED
2026,1月,13,周二,14:54:58,D6BC3463,SIMBR0052,SIMR0052,SIMU0037:User 37,GRANTED
2026,1月,13,周二,14:54:58,3DC555DE,SIMBR0024,SIMR0024,SIMU0300:User 300,GRANTED
2026,1月,13,周二,14:54:58,14103484,SIMBR0085,SIMR0085,SIMU0074:User 74,GRANTED
2026,1月,13,周二,14:54:58,FD75651D,SIMBR0014,SIMR0014,SIMU0238:User 238,GRANTED
2026,1月,13,周二,14:54:58,48744B29,BR003,RES022,SIMU0035:User 35,DENIED
2026,1月,13,周二,14:54:58,9A00F337,SIMBR0224,SIMR0224,SIMU0285:User 285,GRANTED
2026,1月,13,周二,14:54:58,C169BAEB,SIMBR0390,SIMR0390,SIMU0174:User 174,GRANTED
2026,1月,13,周二,14:54:58,10321BC3,SIMBR0060,SIMR0060,SIMU0042:User 42,GRANTED
2026,1月,13,周二,14:54:58,BA6DDD0B,SIMBR0302,SIMR0302,SIMU0146:User 146,GRANTED
2026,1月,13,周二,14:54:58,D3E409F0,SIMBR0121,SIMR0121,SIMU0012:User 12,GRANTED
2026,1月,13,周二,14:54:58,BD4961D3,SIMBR0008,SIMR0008,SIMU0169:User 169,GRANTED
2026,1月,13,周二,14:54:58,44B3ADEE,SIMBR0111,SIMR0111,SIMU0157:User 157,GRANTED
2026,1月,13,周二,14:54:58,95379CDB,SIMBR0255,SIMR0255,f46ee39b-ac9d-4193-a478-f8cfc35cec07:gagaga a,GRANTED
2026,1月,13,周二,14:54:58,6A6279C3,SIMBR0376,SIMR0376,SIMU0178:User 178,GRANTED
2026,1月,13,周二,14:54:58,6714B510,SIMBR0215,SIMR0215,SIMU0160:User 160,GRANTED
2026,1月,13,周二,14:54:58,61095621,SIMBR0144,SIMR0144,SIMU0137:User 137,GRANTED
2026,1月,13,周二,14:54:58,DA33A96E,SIMBR0133,SIMR0133,SIMU0190:User 190,GRANTED
2026,1月,13,周二,14:54:58,E8751622,SIMBR0210,SIMR0210,SIMU0161:User 161,GRANTED
2026,1月,13,周二,14:54:58,DCB76AA3,BR013,RES006,SIMU0228:User 228,DENIED
2026,1月,13,周二,14:54:58,F8F80D07,SIMBR0357,SIMR0357,SIMU0253:User 253,GRANTED
2026,1月,13,周二,14:54:58,A0043AC2,SIMBR0266,SIMR0266,SIMU0040:User 40,GRANTED
2026,1月,13,周二,14:54:58,A4F77AE3,SIMBR0123,SIMR0123,SIMU0031:User 31,GRANTED
2026,1月,13,周二,14:54:58,33F39C8F,SIMBR0232,SIMR0232,SIMU0205:User 205,GRANTED
2026,1月,13,周二,14:54:58,D832D5F3,SIMBR0008,SIMR0008,SIMU0261:User 261,GRANTED
2026,1月,13,周二,14:54:58,AF6C110D,SIMBR0280,SIMR0280,SIMU0080:User 80,GRANTED
2026,1月,13,周二,14:54:58,701D5B3A,SIMBR0326,SIMR0326,SIMU0211:User 211,GRANTED
2026,1月,13,周二,14:54:58,8E0C2F27,SIMBR0381,SIMR0381,SIMU0126:User 126,GRANTED
2026,1月,13,周二,14:54:58,54C5EDBD,SIMBR0169,SIMR0169,SIMU0145:User 145,GRANTED
2026,1月,13,周二,14:54:58,27BDB972,SIMBR0054,SIMR0054,SIMU0244:User 244,GRANTED
2026,1月,13,周二,14:54:58,24DE0286,SIMBR0140,SIMR0140,SIMU0221:User 221,GRANTED
2026,1月,13,周二,14:54:58,A0043AC2,BR001,RES020,SIMU0040:User 40,DENIED
2026,1月,13,周二,14:54:58,D1BB07EE,SIMBR0313,SIMR0313,SIMU0287:User 287,GRANTED
2026,1月,13,周二,14:54:58,6A6279C3,SIMBR0371,SIMR0371,SIMU0178:User 178,GRANTED
2026,1月,13,周二,14:54:58,489655D2,SIMBR0208,SIMR0208,CON001:Wang Wu,DENIED
2026,1月,13,周二,14:54:58,D49E4724,SIMBR0106,SIMR0106,SIMU0278:User 278,GRANTED
2026,1月,13,周二,14:54:58,57ED1495,SIMBR0178,SIMR0178,SIMU0250:User 250,GRANTED
2026,1月,13,周二,14:54:58,6CEC1FDF,SIMBR0342,SIMR0342,SIMU0230:User 230,GRANTED
2026,1月,13,周二,14:54:58,2289A51E,SIMBR0169,SIMR0169,SIMU0273:User 273,GRANTED
2026,1月,13,周二,14:54:58,21A13EE6,SIMBR0387,SIMR0387,SIMU0133:User 133,GRANTED
2026,1月,13,周二,14:54:58,1A88116F,SIMBR0236,SIMR0236,SIMU0063:User 63,GRANTED
2026,1月,13,周二,14:54:58,20917633,SIMBR0322,SIMR0322,SIMU0296:User 296,GRANTED
2026,1月,13,周二,14:54:58,CB0F203D,SIMBR0216,SIMR0216,SIMU0124:User 124,GRANTED
2026,1月,13,周二,14:54:58,AF6C110D,SIMBR0099,SIMR0099,SIMU0080:User 80,GRANTED
2026,1月,13,周二,14:54:58,DCB76AA3,SIMBR0394,SIMR0394,SIMU0228:User 228,GRANTED
2026,1月,13,周二,14:54:58,D6BC3463,SIMBR0214,SIMR0214,SIMU0037:User 37,GRANTED
2026,1月,13,周二,14:54:58,CA296753,SIMBR0364,SIMR0364,SIMU0055:User 55,GRANTED
2026,1月,13,周二,14:54:58,0CFFFBA0,SIMBR0289,SIMR0289,SIMU0189:User 189,GRANTED
2026,1月,13,周二,14:54:58,13990099,SIMBR0012,SIMR0012,SIMU0008:User 8,GRANTED
2026,1月,13,周二,14:54:58,354118DA,SIMBR0206,SIMR0206,SIMU0052:User 52,GRANTED
2026,1月,13,周二,14:54:58,FB68A282,BR026,RES019,SIMU0183:User 183,DENIED
2026,1月,13,周二,14:54:58,C57735BB,SIMBR0042,SIMR0042,SIMU0242:User 242,GRANTED
2026,1月,13,周二,14:54:58,2E121B44,SIMBR0074,SIMR0074,SIMU0258:User 258,GRANTED
2026,1月,13,周二,14:54:58,61095621,SIMBR0337,SIMR0337,SIMU0137:User 137,GRANTED
2026,1月,13,周二,14:54:58,2056B86F,SIMBR0335,SIMR0335,SIMU0067:User 67,GRANTED
2026,1月,13,周二,14:54:58,C0F19B1C,SIMBR0178,SIMR0178,SIMU0155:User 155,GRANTED
2026,1月,13,周二,14:54:58,EFC60F14,SIMBR0239,SIMR0239,SIMU0286:User 286,GRANTED
2026,1月,13,周二,14:54:58,24546BD0,SIMBR0285,SIMR0285,SIMU0251:User 251,GRANTED
2026,1月,13,周二,14:54:58,CBD2A48A,SIMBR0121,SIMR0121,SIMU0021:User 21,GRANTED
2026,1月,13,周二,14:54:58,030D82CF,SIMBR0384,SIMR0384,SIMU0207:User 207,GRANTED
2026,1月,13,周二,14:54:58,3EA1EF87,SIMBR0371,SIMR0371,SIMU0229:User 229,GRANTED
2026,1月,13,周二,14:54:58,8D67E6D5,SIMBR0016,SIMR0016,SIMU0045:User 45,GRANTED
2026,1月,13,周二,14:54:58,DA3D486F,BR017,RES010,SIMU0028:User 28,DENIED
2026,1月,13,周二,14:54:58,CEC0E003,SIMBR0254,SIMR0254,SIMU0009:User 9,GRANTED
2026,1月,13,周二,14:54:58,3DC555DE,SIMBR0233,SIMR0233,SIMU0300:User 300,GRANTED
2026,1月,13,周二,14:54:58,582A6476,SIMBR0389,SIMR0389,SIMU0046:User 46,GRANTED
2026,1月,13,周二,14:54:58,CD0D9101,SIMBR0031,SIMR0031,SIMU0135:User 135,GRANTED
2026,1月,13,周二,14:54:58,B13BB6C7,SIMBR0152,SIMR0152,SIMU0167:User 167,GRANTED
2026,1月,13,周二,14:54:58,FAE4DEC5,SIMBR0316,SIMR0316,SIMU0053:User 53,GRANTED
2026,1月,13,周二,14:54:58,905C3DCB,SIMBR0156,SIMR0156,SIMU0070:User 70,GRANTED
2026,1月,13,周二,14:54:58,B1990B96,SIMBR0028,SIMR0028,SIMU0106:User 106,GRANTED
2026,1月,13,周二,14:54:58,FC05A793,SIMBR0282,SIMR0282,SIMU0071:User 71,GRANTED
2026,1月,13,周二,14:54:58,AE2F46DE,SIMBR0223,SIMR0223,SIMU0232:User 232,GRANTED
2026,1月,13,周二,14:54:58,AF6C110D,SIMBR0156,SIMR0156,SIMU0080:User 80,GRANTED
2026,1月,13,周二,14:54:58,A4F77AE3,SIMBR0136,SIMR0136,SIMU0031:User 31,GRANTED
2026,1月,13,周二,14:54:58,23858FDA,SIMBR0294,SIMR0294,SIMU0098:User 98,GRANTED
2026,1月,13,周二,14:54:58,54C5EDBD,SIMBR0306,SIMR0306,SIMU0145:User 145,GRANTED
2026,1月,13,周二,14:54:58,7B092D88,SIMBR0177,SIMR0177,SIMU0236:User 236,GRANTED
2026,1月,13,周二,14:54:58,2E121B44,SIMBR0164,SIMR0164,SIMU0258:User 258,GRANTED
2026,1月,13,周二,14:54:58,2E121B44,SIMBR0222,SIMR0222,SIMU0258:User 258,GRANTED
2026,1月,13,周二,14:54:58,6BDE4067,SIMBR0358,SIMR0358,SIMU0114:User 114,GRANTED
2026,1月,13,周二,14:54:58,1A88116F,SIMBR0251,SIMR0251,SIMU0063:User 63,GRANTED
2026,1月,13,周二,14:54:58,964B6B12,SIMBR0400,SIMR0400,SIMU0003:User 3,GRANTED
2026,1月,13,周二,14:54:58,3DC555DE,SIMBR0084,SIMR0084,SIMU0300:User 300,GRANTED
2026,1月,13,周二,14:54:58,FEB7592C,SIMBR0038,SIMR0038,SIMU0059:User 59,GRANTED
2026,1月,13,周二,14:54:58,F3B58DFF,SIMBR0259,SIMR0259,SIMU0076:User 76,GRANTED
2026,1月,13,周二,14:54:58,6714B510,SIMBR0319,SIMR0319,SIMU0160:User 160,GRANTED
2026,1月,13,周二,14:54:58,B13BB6C7,SIMBR0214,SIMR0214,SIMU0167:User 167,GRANTED
2026,1月,13,周二,14:54:58,354118DA,SIMBR0100,SIMR0100,SIMU0052:User 52,GRANTED
2026,1月,13,周二,14:54:58,C04BAEE8,SIMBR0245,SIMR0245,SIMU0129:User 129,GRANTED
2026,1月,13,周二,14:54:58,2E121B44,SIMBR0155,SIMR0155,SIMU0258:User 258,GRANTED
2026,1月,13,周二,14:54:58,20D788EC,SIMBR0312,SIMR0312,SIMU0271:User 271,GRANTED
2026,1月,13,周二,14:54:58,B095C629,BR013,RES006,SIMU0257:User 257,DENIED
2026,1月,13,周二,14:54:58,CD0D9101,SIMBR0100,SIMR0100,SIMU0135:User 135,GRANTED
2026,1月,13,周二,14:54:58,29200997,SIMBR0300,SIMR0300,SIMU0186:User 186,GRANTED
2026,1月,13,周二,14:54:58,B9D6BC00,SIMBR0224,SIMR0224,SIMU0107:User 107,GRANTED
2026,1月,13,周二,14:54:58,CBD2A48A,BR007,RES024,SIMU0021:User 21,DENIED
2026,1月,13,周二,14:54:58,0EA23D3A,SIMBR0156,SIMR0156,SIMU0062:User 62,GRANTED
2026,1月,13,周二,14:54:58,D3E409F0,BR018,RES011,SIMU0012:User 12,DENIED
2026,1月,13,周二,14:54:58,4D153C4A,SIMBR0125,SIMR0125,SIMU0104:User 104,GRANTED
2026,1月,13,周二,14:54:58,18788AAF,SIMBR0266,SIMR0266,SIMU0298:User 298,GRANTED
2026,1月,13,周二,14:54:58,78D74DDD,SIMBR0060,SIMR0060,VIS001:Qian Qi,DENIED
2026,1月,13,周二,14:54:58,F1D4B1B6,SIMBR0275,SIMR0275,SIMU0247:User 247,GRANTED
2026,1月,13,周二,14:54:58,01513E26,SIMBR0305,SIMR0305,SIMU0181:User 181,GRANTED
2026,1月,13,周二,14:54:58,A234EF8B,SIMBR0051,SIMR0051,SIMU0069:User 69,GRANTED
2026,1月,13,周二,14:54:58,BA893511,SIMBR0063,SIMR0063,SIMU0269:User 269,GRANTED
2026,1月,13,周二,14:54:58,C5A57784,BR009,RES025,SIMU0072:User 72,DENIED
2026,1月,13,周二,14:54:58,40A1D543,SIMBR0332,SIMR0332,SIMU0267:User 267,GRANTED
2026,1月,13,周二,14:54:58,701D5B3A,SIMBR0025,SIMR0025,SIMU0211:User 211,GRANTED
2026,1月,13,周二,14:54:58,8D67E6D5,SIMBR0279,SIMR0279,SIMU0045:User 45,GRANTED
2026,1月,13,周二,14:54:58,6C174D63,SIMBR0178,SIMR0178,SIMU0116:User 116,GRANTED
2026,1月,13,周二,14:54:58,C718E607,SIMBR0258,SIMR0258,SIMU0089:User 89,GRANTED
2026,1月,13,周二,14:54:58,B13BB6C7,SIMBR0261,SIMR0261,SIMU0167:User 167,GRANTED
2026,1月,13,周二,14:54:58,A4F77AE3,SIMBR0017,SIMR0017,SIMU0031:User 31,GRANTED
2026,1月,13,周二,14:54:58,DCB76AA3,SIMBR0033,SIMR0033,SIMU0228:User 228,GRANTED
2026,1月,13,周二,14:54:58,59E1ACA0,SIMBR0084,SIMR0084,SIMU0090:User 90,GRANTED
2026,1月,13,周二,14:54:58,3B22F02A,SIMBR0088,SIMR0088,SIMU0299:User 299,GRANTED
2026,1月,13,周二,14:54:58,BC450719,SIMBR0371,SIMR0371,SIMU0013:User 13,GRANTED
2026,1月,13,周二,14:54:58,C0F19B1C,SIMBR0188,SIMR0188,SIMU0155:User 155,GRANTED
2026,1月,13,周二,14:54:58,6C174D63,SIMBR0121,SIMR0121,SIMU0116:User 116,GRANTED
2026,1月,13,周二,14:54:58,CEC0E003,SIMBR0267,SIMR0267,SIMU0009:User 9,GRANTED
2026,1月,13,周二,14:54:58,D6BC3463,SIMBR0006,SIMR0006,SIMU0037:User 37,GRANTED
2026,1月,13,周二,14:54:58,F832AB7A,SIMBR0077,SIMR0077,SIMU0139:User 139,GRANTED
2026,1月,13,周二,14:54:58,DA3D486F,SIMBR0320,SIMR0320,SIMU0028:User 28,GRANTED
2026,1月,13,周二,14:54:58,0FB515EE,SIMBR0043,SIMR0043,SIMU0033:User 33,GRANTED
2026,1月,13,周二,14:54:58,40A1D543,BR001,RES020,SIMU0267:User 267,DENIED
2026,1月,13,周二,14:54:58,6CEC1FDF,SIMBR0310,SIMR0310,SIMU0230:User 230,GRANTED
2026,1月,13,周二,14:54:58,9A00F337,SIMBR0159,SIMR0159,SIMU0285:User 285,GRANTED
2026,1月,13,周二,14:54:58,1E74F408,SIMBR0099,SIMR0099,SIMU0171:User 171,GRANTED
2026,1月,13,周二,14:54:58,47A80030,SIMBR0017,SIMR0017,SIMU0234:User 234,GRANTED
2026,1月,13,周二,14:54:58,5FF2F656,SIMBR0183,SIMR0183,SIMU0120:User 120,GRANTED
2026,1月,13,周二,14:54:58,D3E409F0,SIMBR0011,SIMR0011,SIMU0012:User 12,GRANTED
2026,1月,13,周二,14:54:58,2056B86F,SIMBR0385,SIMR0385,SIMU0067:User 67,GRANTED
2026,1月,13,周二,14:54:58,D3E409F0,SIMBR0249,SIMR0249,SIMU0012:User 12,GRANTED
2026,1月,13,周二,14:54:58,16ED8B1D,BR006,RES002,SIMU0073:User 73,DENIED
2026,1月,13,周二,14:54:58,F1D4B1B6,SIMBR0285,SIMR0285,SIMU0247:User 247,GRANTED
2026,1月,13,周二,14:54:58,B095C629,SIMBR0360,SIMR0360,SIMU0257:User 257,GRANTED
2026,1月,13,周二,14:54:58,2D060B76,BR006,RES002,SIMU0162:User 162,DENIED
2026,1月,13,周二,14:54:58,1B14F9BC,SIMBR0166,SIMR0166,SIMU0065:User 65,GRANTED
2026,1月,13,周二,14:54:58,628D5BBC,SIMBR0393,SIMR0393,SIMU0041:User 41,GRANTED
2026,1月,13,周二,14:54:58,538EE2BF,SIMBR0146,SIMR0146,SIMU0177:User 177,GRANTED
2026,1月,13,周二,14:54:58,C04BAEE8,SIMBR0243,SIMR0243,SIMU0129:User 129,GRANTED
2026,1月,13,周二,14:54:58,A51F7B4F,SIMBR0319,SIMR0319,SIMU0277:User 277,GRANTED
2026,1月,13,周二,14:54:58,559213A2,SIMBR0288,SIMR0288,SIMU0047:User 47,GRANTED
2026,1月,13,周二,14:54:58,3CC4126C,SIMBR0284,SIMR0284,SIMU0099:User 99,GRANTED
2026,1月,13,周二,14:54:58,EEC38563,SIMBR0067,SIMR0067,SIMU0141:User 141,GRANTED
2026,1月,13,周二,14:54:58,7413D955,SIMBR0077,SIMR0077,SIMU0075:User 75,GRANTED
2026,1月,13,周二,14:54:58,B77EBDC0,SIMBR0081,SIMR0081,SIMU0203:User 203,GRANTED
2026,1月,13,周二,14:54:58,359F9D02,SIMBR0256,SIMR0256,SIMU0087:User 87,GRANTED
2026,1月,13,周二,14:54:58,AE2F46DE,SIMBR0398,SIMR0398,SIMU0232:User 232,GRANTED
2026,1月,13,周二,14:54:58,AB055C88,SIMBR0016,SIMR0016,SIMU0024:User 24,GRANTED
2026,1月,13,周二,14:54:58,27BDB972,SIMBR0180,SIMR0180,SIMU0244:User 244,GRANTED
2026,1月,13,周二,14:54:58,EEC38563,SIMBR0137,SIMR0137,SIMU0141:User 141,GRANTED
2026,1月,13,周二,14:54:58,5FF2F656,SIMBR0019,SIMR0019,SIMU0120:User 120,GRANTED
2026,1月,13,周二,14:54:58,C584F9D3,SIMBR0345,SIMR0345,EMP001:Zhang San,DENIED
2026,1月,13,周二,14:54:58,69A8F764,SIMBR0174,SIMR0174,SIMU0240:User 240,GRANTED
2026,1月,13,周二,14:54:58,A234EF8B,SIMBR0261,SIMR0261,SIMU0069:User 69,GRANTED
2026,1月,13,周二,14:54:58,48744B29,SIMBR0043,SIMR0043,SIMU0035:User 35,GRANTED
2026,1月,13,周二,14:54:58,D3799252,SIMBR0075,SIMR0075,SIMU0022:User 22,GRANTED
2026,1月,13,周二,14:54:58,58B55845,SIMBR0345,SIMR0345,EMP002:Li Si,DENIED
2026,1月,13,周二,14:54:58,6BDE4067,BR016,RES009,SIMU0114:User 114,DENIED
2026,1月,13,周二,14:54:58,6FFD7F45,SIMBR0333,SIMR0333,SIMU0198:User 198,GRANTED
2026,1月,13,周二,14:54:58,E0F41E54,SIMBR0268,SIMR0268,SIMU0176:User 176,GRANTED
2026,1月,13,周二,14:54:58,C57735BB,SIMBR0054,SIMR0054,SIMU0242:User 242,GRANTED
2026,1月,13,周二,14:54:58,33F39C8F,SIMBR0173,SIMR0173,SIMU0205:User 205,GRANTED
2026,1月,13,周二,14:54:58,D3799252,SIMBR0002,SIMR0002,SIMU0022:User 22,GRANTED
2026,1月,13,周二,14:54:58,3A395E30,SIMBR0193,SIMR0193,SIMU0280:User 280,GRANTED
2026,1月,13,周二,14:54:58,6FFD7F45,SIMBR0377,SIMR0377,SIMU0198:User 198,GRANTED
2026,1月,13,周二,14:54:58,518BCEDD,SIMBR0181,SIMR0181,SIMU0011:User 11,GRANTED
2026,1月,13,周二,14:54:58,A51F7B4F,SIMBR0181,SIMR0181,SIMU0277:User 277,GRANTED
2026,1月,13,周二,14:54:58,F0ADE55C,SIMBR0149,SIMR0149,SIMU0237:User 237,GRANTED
2026,1月,13,周二,14:54:58,37E9D9C0,SIMBR0004,SIMR0004,SIMU0034:User 34,GRANTED
2026,1月,13,周二,14:54:58,C3943F18,SIMBR0178,SIMR0178,SIMU0113:User 113,GRANTED
2026,1月,13,周二,14:54:58,95777979,SIMBR0369,SIMR0369,SIMU0051:User 51,GRANTED
2026,1月,13,周二,14:54:58,3CC4126C,SIMBR0345,SIMR0345,SIMU0099:User 99,GRANTED
2026,1月,13,周二,14:54:58,61095621,SIMBR0142,SIMR0142,SIMU0137:User 137,GRANTED
2026,1月,13,周二,14:54:58,AB055C88,BR006,RES002,SIMU0024:User 24,DENIED
2026,1月,13,周二,14:54:58,BD4961D3,SIMBR0001,SIMR0001,SIMU0169:User 169,GRANTED
2026,1月,13,周二,14:54:58,7BEB2168,SIMBR0213,SIMR0213,SIMU0282:User 282,GRANTED
2026,1月,13,周二,14:54:58,6C174D63,SIMBR0330,SIMR0330,SIMU0116:User 116,GRANTED
2026,1月,13,周二,14:54:58,C1CE8342,SIMBR0189,SIMR0189,SIMU0018:User 18,GRANTED
2026,1月,13,周二,14:54:58,78D4B102,SIMBR0182,SIMR0182,SIMU0283:User 283,GRANTED
2026,1月,13,周二,14:54:58,6FFD7F45,SIMBR0135,SIMR0135,SIMU0198:User 198,GRANTED
2026,1月,13,周二,14:54:58,853BC8DF,SIMBR0320,SIMR0320,SIMU0092:User 92,GRANTED
2026,1月,13,周二,14:54:58,B6F02DDB,SIMBR0391,SIMR0391,SIMU0156:User 156,GRANTED
2026,1月,13,周二,14:54:58,CCACC23C,SIMBR0310,SIMR0310,SIMU0149:User 149,GRANTED
2026,1月,13,周二,14:54:58,BC450719,SIMBR0278,SIMR0278,SIMU0013:User 13,GRANTED
2026,1月,13,周二,14:54:58,3DC555DE,SIMBR0283,SIMR0283,SIMU0300:User 300,GRANTED
2026,1月,13,周二,14:54:58,10321BC3,SIMBR0241,SIMR0241,SIMU0042:User 42,GRANTED
2026,1月,13,周二,14:54:58,E6D64EED,SIMBR0017,SIMR0017,SIMU0105:User 105,GRANTED
2026,1月,13,周二,14:54:58,37FA6637,SIMBR0382,SIMR0382,SIMU0199:User 199,GRANTED
2026,1月,13,周二,14:54:58,964B6B12,SIMBR0182,SIMR0182,SIMU0003:User 3,GRANTED
2026,1月,13,周二,14:54:58,36330273,BR008,RES003,SIMU0291:User 291,DENIED
2026,1月,13,周二,14:54:58,FBFF5A63,BR018,RES011,SIMU0184:User 184,DENIED
2026,1月,13,周二,14:54:58,F3B58DFF,SIMBR0267,SIMR0267,SIMU0076:User 76,GRANTED
2026,1月,13,周二,14:54:58,40BD64A5,SIMBR0358,SIMR0358,SIMU0245:User 245,GRANTED
2026,1月,13,周二,14:54:58,BEBCE825,SIMBR0160,SIMR0160,SIMU0270:User 270,GRANTED
2026,1月,13,周二,14:54:58,86937632,SIMBR0204,SIMR0204,SIMU0187:User 187,GRANTED
2026,1月,13,周二,14:54:58,964B6B12,SIMBR0152,SIMR0152,SIMU0003:User 3,GRANTED
2026,1月,13,周二,14:54:58,FBFF5A63,SIMBR0304,SIMR0304,SIMU0184:User 184,GRANTED
2026,1月,13,周二,14:54:59,701D5B3A,BR015,RES008,SIMU0211:User 211,DENIED
2026,1月,13,周二,14:54:59,FC9C0D71,SIMBR0392,SIMR0392,SIMU0093:User 93,GRANTED
2026,1月,13,周二,14:54:59,E137F666,SIMBR0350,SIMR0350,SIMU0220:User 220,GRANTED
2026,1月,13,周二,14:54:59,CB1ACCC7,BR015,RES008,SIMU0110:User 110,DENIED
2026,1月,13,周二,14:54:59,EFC60F14,SIMBR0119,SIMR0119,SIMU0286:User 286,GRANTED
2026,1月,13,周二,14:54:59,4D83FE2E,SIMBR0071,SIMR0071,SIMU0056:User 56,GRANTED
2026,1月,13,周二,14:54:59,BA841717,SIMBR0126,SIMR0126,SIMU0064:User 64,GRANTED
2026,1月,13,周二,14:54:59,8C19D42A,SIMBR0383,SIMR0383,SIMU0284:User 284,GRANTED
2026,1月,13,周二,14:54:59,A7A30652,BR008,RES003,SIMU0094:User 94,DENIED
2026,1月,13,周二,14:54:59,DA33A96E,SIMBR0289,SIMR0289,SIMU0190:User 190,GRANTED
2026,1月,13,周二,14:54:59,E775A860,SIMBR0335,SIMR0335,SIMU0248:User 248,GRANTED
2026,1月,13,周二,14:54:59,84F825EE,SIMBR0117,SIMR0117,SIMU0150:User 150,GRANTED
2026,1月,13,周二,14:54:59,95379CDB,SIMBR0125,SIMR0125,f46ee39b-ac9d-4193-a478-f8cfc35cec07:gagaga a,GRANTED
2026,1月,13,周二,14:54:59,59E1ACA0,SIMBR0224,SIMR0224,SIMU0090:User 90,GRANTED
2026,1月,13,周二,14:54:59,B33C40D7,SIMBR0108,SIMR0108,SIMU0015:User 15,GRANTED
2026,1月,13,周二,14:54:59,C46D887F,SIMBR0322,SIMR0322,SIMU0254:User 254,GRANTED
2026,1月,13,周二,14:54:59,D0871CF1,SIMBR0384,SIMR0384,SIMU0007:User 7,GRANTED
2026,1月,13,周二,14:54:59,8BF81A2A,SIMBR0314,SIMR0314,SIMU0233:User 233,GRANTED
2026,1月,13,周二,14:54:59,A5A16F78,SIMBR0231,SIMR0231,SIMU0294:User 294,GRANTED
2026,1月,13,周二,14:54:59,20D788EC,SIMBR0259,SIMR0259,SIMU0271:User 271,GRANTED
2026,1月,13,周二,14:54:59,538EE2BF,SIMBR0147,SIMR0147,SIMU0177:User 177,GRANTED
2026,1月,13,周二,14:54:59,3CC4126C,SIMBR0178,SIMR0178,SIMU0099:User 99,GRANTED
2026,1月,13,周二,14:54:59,D6BC3463,SIMBR0053,SIMR0053,SIMU0037:User 37,GRANTED
2026,1月,13,周二,14:54:59,8EA215FF,SIMBR0221,SIMR0221,SIMU0201:User 201,GRANTED
2026,1月,13,周二,14:54:59,8B29C7CC,SIMBR0044,SIMR0044,SIMU0175:User 175,GRANTED
2026,1月,13,周二,14:54:59,489655D2,SIMBR0134,SIMR0134,CON001:Wang Wu,DENIED
2026,1月,13,周二,14:54:59,7BEB2168,SIMBR0172,SIMR0172,SIMU0282:User 282,GRANTED
2026,1月,13,周二,14:54:59,A234EF8B,SIMBR0106,SIMR0106,SIMU0069:User 69,GRANTED
2026,1月,13,周二,14:54:59,C46D887F,SIMBR0315,SIMR0315,SIMU0254:User 254,GRANTED
2026,1月,13,周二,14:54:59,8B9117BE,SIMBR0168,SIMR0168,SIMU0165:User 165,GRANTED
2026,1月,13,周二,14:54:59,C6E3BF57,SIMBR0148,SIMR0148,SIMU0297:User 297,GRANTED
2026,1月,13,周二,14:54:59,95379CDB,SIMBR0283,SIMR0283,f46ee39b-ac9d-4193-a478-f8cfc35cec07:gagaga a,GRANTED
2026,1月,13,周二,14:54:59,0CFFFBA0,SIMBR0143,SIMR0143,SIMU0189:User 189,GRANTED
2026,1月,13,周二,14:54:59,11BD165A,SIMBR0298,SIMR0298,SIMU0154:User 154,GRANTED
2026,1月,13,周二,14:54:59,8BC6335E,SIMBR0003,SIMR0003,SIMU0204:User 204,GRANTED
2026,1月,13,周二,14:54:59,3122BEFD,SIMBR0296,SIMR0296,SIMU0066:User 66,GRANTED
2026,1月,13,周二,14:54:59,D1BB07EE,SIMBR0263,SIMR0263,SIMU0287:User 287,GRANTED
2026,1月,13,周二,14:54:59,6A6279C3,SIMBR0128,SIMR0128,SIMU0178:User 178,GRANTED
2026,1月,13,周二,14:54:59,273F3B3E,SIMBR0053,SIMR0053,SIMU0224:User 224,GRANTED
2026,1月,13,周二,14:54:59,10321BC3,SIMBR0285,SIMR0285,SIMU0042:User 42,GRANTED
2026,1月,13,周二,14:54:59,F0ADE55C,BR001,RES020,SIMU0237:User 237,DENIED
2026,1月,13,周二,14:54:59,FC9C0D71,SIMBR0228,SIMR0228,SIMU0093:User 93,GRANTED
2026,1月,13,周二,14:54:59,3122BEFD,SIMBR0328,SIMR0328,SIMU0066:User 66,GRANTED
2026,1月,13,周二,14:54:59,C1CE8342,SIMBR0157,SIMR0157,SIMU0018:User 18,GRANTED
2026,1月,13,周二,14:54:59,1E74F408,SIMBR0059,SIMR0059,SIMU0171:User 171,GRANTED
2026,1月,13,周二,14:54:59,CA15B29F,SIMBR0075,SIMR0075,SIMU0206:User 206,GRANTED
2026,1月,13,周二,14:54:59,50B332C8,SIMBR0210,SIMR0210,SIMU0122:User 122,GRANTED
2026,1月,13,周二,14:54:59,F1D4B1B6,SIMBR0307,SIMR0307,SIMU0247:User 247,GRANTED
2026,1月,13,周二,14:54:59,273F3B3E,SIMBR0023,SIMR0023,SIMU0224:User 224,GRANTED
2026,1月,13,周二,14:54:59,E2506042,SIMBR0186,SIMR0186,SIMU0101:User 101,GRANTED
2026,1月,13,周二,14:54:59,5A758FE3,SIMBR0248,SIMR0248,SIMU0103:User 103,GRANTED
2026,1月,13,周二,14:54:59,354118DA,SIMBR0102,SIMR0102,SIMU0052:User 52,GRANTED
2026,1月,13,周二,14:54:59,E137F666,SIMBR0129,SIMR0129,SIMU0220:User 220,GRANTED
2026,1月,13,周二,14:54:59,FBFF5A63,SIMBR0190,SIMR0190,SIMU0184:User 184,GRANTED
2026,1月,13,周二,14:54:59,EFC60F14,SIMBR0163,SIMR0163,SIMU0286:User 286,GRANTED
2026,1月,13,周二,14:54:59,CCACC23C,SIMBR0263,SIMR0263,SIMU0149:User 149,GRANTED
2026,1月,13,周二,14:54:59,F8F80D07,SIMBR0130,SIMR0130,SIMU0253:User 253,GRANTED
2026,1月,13,周二,14:54:59,3B22F02A,SIMBR0042,SIMR0042,SIMU0299:User 299,GRANTED
2026,1月,13,周二,14:54:59,1B14F9BC,SIMBR0224,SIMR0224,SIMU0065:User 65,GRANTED
2026,1月,13,周二,14:54:59,2289A51E,SIMBR0313,SIMR0313,SIMU0273:User 273,GRANTED
2026,1月,13,周二,14:54:59,53A1B264,SIMBR0197,SIMR0197,SIMU0017:User 17,GRANTED
2026,1月,13,周二,14:54:59,85471FCB,SIMBR0341,SIMR0341,SIMU0054:User 54,GRANTED
2026,1月,13,周二,14:54:59,3EA1EF87,SIMBR0260,SIMR0260,SIMU0229:User 229,GRANTED
2026,1月,13,周二,14:54:59,3B7FFD92,SIMBR0026,SIMR0026,SIMU0256:User 256,GRANTED
2026,1月,13,周二,14:54:59,15D30411,SIMBR0100,SIMR0100,SIMU0289:User 289,GRANTED
2026,1月,13,周二,14:54:59,7B092D88,SIMBR0072,SIMR0072,SIMU0236:User 236,GRANTED
2026,1月,13,周二,14:54:59,2056B86F,SIMBR0053,SIMR0053,SIMU0067:User 67,GRANTED
2026,1月,13,周二,14:54:59,A7A30652,SIMBR0176,SIMR0176,SIMU0094:User 94,GRANTED
2026,1月,13,周二,14:54:59,2D060B76,SIMBR0257,SIMR0257,SIMU0162:User 162,GRANTED
2026,1月,13,周二,14:54:59,A4F77AE3,SIMBR0339,SIMR0339,SIMU0031:User 31,GRANTED
2026,1月,13,周二,14:54:59,518BCEDD,SIMBR0161,SIMR0161,SIMU0011:User 11,GRANTED
2026,1月,13,周二,14:54:59,C31E01F0,SIMBR0117,SIMR0117,SIMU0192:User 192,GRANTED
2026,1月,13,周二,14:54:59,1CA3AA4C,BR007,RES024,SIMU0014:User 14,DENIED
2026,1月,13,周二,14:54:59,C57735BB,SIMBR0342,SIMR0342,SIMU0242:User 242,GRANTED
2026,1月,13,周二,14:54:59,E393950E,BR022,RES015,SIMU0195:User 195,DENIED
2026,1月,13,周二,14:54:59,C584F9D3,SIMBR0139,SIMR0139,EMP001:Zhang San,DENIED
2026,1月,13,周二,14:54:59,FD75651D,SIMBR0209,SIMR0209,SIMU0238:User 238,GRANTED
2026,1月,13,周二,14:54:59,EFC60F14,SIMBR0154,SIMR0154,SIMU0286:User 286,GRANTED
2026,1月,13,周二,14:54:59,DB66EC85,SIMBR0342,SIMR0342,SIMU0100:User 100,GRANTED
2026,1月,13,周二,14:54:59,8884A944,SIMBR0157,SIMR0157,SIMU0295:User 295,GRANTED
2026,1月,13,周二,14:54:59,56C4C8CF,SIMBR0148,SIMR0148,SIMU0077:User 77,GRANTED
2026,1月,13,周二,14:54:59,78D4B102,SIMBR0381,SIMR0381,SIMU0283:User 283,GRANTED
2026,1月,13,周二,14:54:59,F853E5E9,SIMBR0079,SIMR0079,SIMU0119:User 119,GRANTED
2026,1月,13,周二,14:54:59,BA821DBA,SIMBR0158,SIMR0158,SIMU0148:User 148,GRANTED
2026,1月,13,周二,14:54:59,E393950E,SIMBR0318,SIMR0318,SIMU0195:User 195,GRANTED
2026,1月,13,周二,14:54:59,CB1ACCC7,SIMBR0074,SIMR0074,SIMU0110:User 110,GRANTED
2026,1月,13,周二,14:54:59,546575AC,SIMBR0391,SIMR0391,SIMU0140:User 140,GRANTED
2026,1月,13,周二,14:54:59,D716AAF5,SIMBR0343,SIMR0343,SIMU0170:User 170,GRANTED
2026,1月,13,周二,14:54:59,FB68A282,BR016,RES009,SIMU0183:User 183,DENIED
2026,1月,13,周二,14:54:59,40A1D543,SIMBR0331,SIMR0331,SIMU0267:User 267,GRANTED
2026,1月,13,周二,14:54:59,85471FCB,SIMBR0237,SIMR0237,SIMU0054:User 54,GRANTED
2026,1月,13,周二,14:54:59,FB68A282,BR021,RES014,SIMU0183:User 183,DENIED
2026,1月,13,周二,14:54:59,A7A30652,SIMBR0294,SIMR0294,SIMU0094:User 94,GRANTED
2026,1月,13,周二,14:54:59,5D5C3450,SIMBR0198,SIMR0198,SIMU0131:User 131,GRANTED
2026,1月,13,周二,14:54:59,53A1B264,SIMBR0007,SIMR0007,SIMU0017:User 17,GRANTED
2026,1月,13,周二,14:54:59,7CE9CF19,SIMBR0119,SIMR0119,SIMU0020:User 20,GRANTED
2026,1月,13,周二,14:54:59,C3943F18,SIMBR0335,SIMR0335,SIMU0113:User 113,GRANTED
2026,1月,13,周二,14:54:59,48744B29,SIMBR0180,SIMR0180,SIMU0035:User 35,GRANTED
2026,1月,13,周二,14:54:59,20D788EC,SIMBR0130,SIMR0130,SIMU0271:User 271,GRANTED
2026,1月,13,周二,14:54:59,290F7C52,SIMBR0399,SIMR0399,SIMU0216:User 216,GRANTED
2026,1月,13,周二,14:54:59,BC450719,SIMBR0073,SIMR0073,SIMU0013:User 13,GRANTED
2026,1月,13,周二,14:54:59,2289A51E,SIMBR0068,SIMR0068,SIMU0273:User 273,GRANTED
2026,1月,13,周二,14:54:59,0CFFFBA0,SIMBR0396,SIMR0396,SIMU0189:User 189,GRANTED
2026,1月,13,周二,14:54:59,A7A30652,SIMBR0339,SIMR0339,SIMU0094:User 94,GRANTED
2026,1月,13,周二,14:54:59,C44E5E52,SIMBR0264,SIMR0264,SIMU0002:User 2,GRANTED
2026,1月,13,周二,14:54:59,EF6713BA,SIMBR0111,SIMR0111,SIMU0153:User 153,GRANTED
2026,1月,13,周二,14:54:59,394DF2A8,SIMBR0242,SIMR0242,SIMU0111:User 111,GRANTED
2026,1月,13,周二,14:54:59,73913F8C,SIMBR0394,SIMR0394,SIMU0188:User 188,GRANTED
2026,1月,13,周二,14:54:59,8B29C7CC,SIMBR0218,SIMR0218,SIMU0175:User 175,GRANTED
2026,1月,13,周二,14:54:59,CA782D54,SIMBR0221,SIMR0221,SIMU0219:User 219,GRANTED
2026,1月,13,周二,14:54:59,A0043AC2,SIMBR0298,SIMR0298,SIMU0040:User 40,GRANTED
2026,1月,13,周二,14:54:59,40BD64A5,SIMBR0108,SIMR0108,SIMU0245:User 245,GRANTED
2026,1月,13,周二,14:54:59,BA0243B9,BR024,RES017,PM001:Sun Ba,GRANTED
2026,1月,13,周二,14:54:59,050D9DEF,SIMBR0030,SIMR0030,SIMU0128:User 128,GRANTED
2026,1月,13,周二,14:54:59,643D2F0C,SIMBR0003,SIMR0003,SIMU0048:User 48,GRANTED
2026,1月,13,周二,14:54:59,F853E5E9,SIMBR0319,SIMR0319,SIMU0119:User 119,GRANTED
2026,1月,13,周二,14:54:59,C3943F18,SIMBR0254,SIMR0254,SIMU0113:User 113,GRANTED
2026,1月,13,周二,14:54:59,27BDB972,SIMBR0151,SIMR0151,SIMU0244:User 244,GRANTED
2026,1月,13,周二,14:54:59,01513E26,SIMBR0177,SIMR0177,SIMU0181:User 181,GRANTED
2026,1月,13,周二,14:54:59,E393950E,SIMBR0325,SIMR0325,SIMU0195:User 195,GRANTED
2026,1月,13,周二,14:54:59,59E1ACA0,SIMBR0120,SIMR0120,SIMU0090:User 90,GRANTED
2026,1月,13,周二,14:54:59,C73CE928,SIMBR0078,SIMR0078,SIMU0281:User 281,GRANTED
2026,1月,13,周二,14:54:59,3A52D444,SIMBR0043,SIMR0043,SIMU0166:User 166,GRANTED
2026,1月,13,周二,14:54:59,0A675EEC,SIMBR0393,SIMR0393,SIMU0138:User 138,GRANTED
2026,1月,13,周二,14:54:59,BA0243B9,SIMBR0216,SIMR0216,PM001:Sun Ba,DENIED
2026,1月,13,周二,14:54:59,E393950E,SIMBR0374,SIMR0374,SIMU0195:User 195,GRANTED
2026,1月,13,周二,14:54:59,C31E01F0,SIMBR0149,SIMR0149,SIMU0192:User 192,GRANTED
2026,1月,13,周二,14:54:59,8884A944,SIMBR0354,SIMR0354,SIMU0295:User 295,GRANTED
2026,1月,13,周二,14:54:59,0EA23D3A,SIMBR0037,SIMR0037,SIMU0062:User 62,GRANTED
2026,1月,13,周二,14:54:59,8E0C2F27,SIMBR0299,SIMR0299,SIMU0126:User 126,GRANTED
2026,1月,13,周二,14:54:59,6B7D13ED,SIMBR0289,SIMR0289,SIMU0191:User 191,GRANTED
2026,1月,13,周二,14:54:59,D6BC3463,SIMBR0166,SIMR0166,SIMU0037:User 37,GRANTED
2026,1月,13,周二,14:54:59,FAE4DEC5,SIMBR0284,SIMR0284,SIMU0053:User 53,GRANTED
2026,1月,13,周二,14:54:59,C72DAED8,SIMBR0180,SIMR0180,SIMU0117:User 117,GRANTED
2026,1月,13,周二,14:54:59,8BC6335E,SIMBR0324,SIMR0324,SIMU0204:User 204,GRANTED
2026,1月,13,周二,14:54:59,81F12C1B,SIMBR0200,SIMR0200,SIMU0200:User 200,GRANTED
2026,1月,13,周二,14:54:59,358D24E5,SIMBR0156,SIMR0156,SIMU0130:User 130,GRANTED
2026,1月,13,周二,14:54:59,75D7C714,SIMBR0041,SIMR0041,SIMU0005:User 5,GRANTED
2026,1月,13,周二,14:54:59,C39400FA,SIMBR0292,SIMR0292,SIMU0078:User 78,GRANTED
2026,1月,13,周二,14:54:59,602AF119,SIMBR0322,SIMR0322,SIMU0223:User 223,GRANTED
2026,1月,13,周二,14:54:59,B13BB6C7,SIMBR0132,SIMR0132,SIMU0167:User 167,GRANTED
2026,1月,13,周二,14:54:59,D504C218,SIMBR0206,SIMR0206,SIMU0060:User 60,GRANTED
2026,1月,13,周二,14:54:59,37FA6637,SIMBR0356,SIMR0356,SIMU0199:User 199,GRANTED
2026,1月,13,周二,14:54:59,C6173DD5,SIMBR0337,SIMR0337,SIMU0023:User 23,GRANTED
2026,1月,13,周二,14:54:59,23858FDA,SIMBR0229,SIMR0229,SIMU0098:User 98,GRANTED
2026,1月,13,周二,14:54:59,E93FF152,SIMBR0121,SIMR0121,SIMU0197:User 197,GRANTED
2026,1月,13,周二,14:54:59,5C4195BE,SIMBR0235,SIMR0235,SIMU0288:User 288,GRANTED
2026,1月,13,周二,14:54:59,C0CB4AFF,SIMBR0139,SIMR0139,SIMU0235:User 235,GRANTED
2026,1月,13,周二,14:54:59,15D30411,SIMBR0297,SIMR0297,SIMU0289:User 289,GRANTED
2026,1月,13,周二,14:54:59,CD0D9101,SIMBR0198,SIMR0198,SIMU0135:User 135,GRANTED
2026,1月,13,周二,14:54:59,45B37997,SIMBR0213,SIMR0213,SIMU0163:User 163,GRANTED
2026,1月,13,周二,14:54:59,86937632,SIMBR0354,SIMR0354,SIMU0187:User 187,GRANTED
2026,1月,13,周二,14:54:59,FB68A282,BR005,RES023,SIMU0183:User 183,DENIED
2026,1月,13,周二,14:54:59,80AC649D,SIMBR0173,SIMR0173,SIMU0088:User 88,GRANTED
2026,1月,13,周二,14:54:59,47C3A99F,SIMBR0367,SIMR0367,SIMU0136:User 136,GRANTED
2026,1月,13,周二,14:54:59,66FC8294,SIMBR0169,SIMR0169,SIMU0180:User 180,GRANTED
2026,1月,13,周二,14:54:59,24546BD0,SIMBR0005,SIMR0005,SIMU0251:User 251,GRANTED
2026,1月,13,周二,14:54:59,F90964BF,SIMBR0118,SIMR0118,SIMU0091:User 91,GRANTED
2026,1月,13,周二,14:54:59,CBD2A48A,SIMBR0091,SIMR0091,SIMU0021:User 21,GRANTED
2026,1月,13,周二,14:54:59,CB0F203D,SIMBR0359,SIMR0359,SIMU0124:User 124,GRANTED
2026,1月,13,周二,14:54:59,A7A30652,SIMBR0045,SIMR0045,SIMU0094:User 94,GRANTED
2026,1月,13,周二,14:54:59,CB1ACCC7,SIMBR0109,SIMR0109,SIMU0110:User 110,GRANTED
2026,1月,13,周二,14:54:59,E55AD432,SIMBR0143,SIMR0143,SIMU0134:User 134,GRANTED
2026,1月,13,周二,14:54:59,905C3DCB,SIMBR0168,SIMR0168,SIMU0070:User 70,GRANTED
2026,1月,13,周二,14:54:59,AB055C88,SIMBR0006,SIMR0006,SIMU0024:User 24,GRANTED
2026,1月,13,周二,14:54:59,A74F536B,SIMBR0323,SIMR0323,SIMU0097:User 97,GRANTED
2026,1月,13,周二,14:54:59,C57735BB,SIMBR0054,SIMR0054,SIMU0242:User 242,GRANTED
2026,1月,13,周二,14:54:59,EEC38563,SIMBR0286,SIMR0286,SIMU0141:User 141,GRANTED
2026,1月,13,周二,14:54:59,40A1D543,SIMBR0325,SIMR0325,SIMU0267:User 267,GRANTED
2026,1月,13,周二,14:54:59,BEBCE825,SIMBR0373,SIMR0373,SIMU0270:User 270,GRANTED
2026,1月,13,周二,14:54:59,FE83648E,SIMBR0098,SIMR0098,SIMU0142:User 142,GRANTED
2026,1月,13,周二,14:54:59,C6E3BF57,SIMBR0293,SIMR0293,SIMU0297:User 297,GRANTED
2026,1月,13,周二,14:54:59,8BF81A2A,SIMBR0333,SIMR0333,SIMU0233:User 233,GRANTED
2026,1月,13,周二,14:54:59,6B7D13ED,SIMBR0041,SIMR0041,SIMU0191:User 191,GRANTED
2026,1月,13,周二,14:54:59,0DE450B1,SIMBR0038,SIMR0038,SIMU0016:User 16,GRANTED
2026,1月,13,周二,14:54:59,582A6476,SIMBR0329,SIMR0329,SIMU0046:User 46,GRANTED
2026,1月,13,周二,14:54:59,C584F9D3,SIMBR0204,SIMR0204,EMP001:Zhang San,DENIED
2026,1月,13,周二,14:54:59,49B45DCD,SIMBR0034,SIMR0034,SIMU0272:User 272,GRANTED
2026,1月,13,周二,14:54:59,13990099,SIMBR0206,SIMR0206,SIMU0008:User 8,GRANTED
2026,1月,13,周二,14:54:59,983FD996,SIMBR0325,SIMR0325,SIMU0225:User 225,GRANTED
2026,1月,13,周二,14:54:59,18788AAF,SIMBR0032,SIMR0032,SIMU0298:User 298,GRANTED
2026,1月,13,周二,14:54:59,874CC50E,SIMBR0305,SIMR0305,SIMU0036:User 36,GRANTED
2026,1月,13,周二,14:54:59,7B914E9E,SIMBR0126,SIMR0126,SIMU0215:User 215,GRANTED
2026,1月,13,周二,14:54:59,1B14F9BC,SIMBR0377,SIMR0377,SIMU0065:User 65,GRANTED
2026,1月,13,周二,14:54:59,FBBEF95C,SIMBR0284,SIMR0284,SIMU0025:User 25,GRANTED
2026,1月,13,周二,14:54:59,3B7FFD92,SIMBR0067,SIMR0067,SIMU0256:User 256,GRANTED
2026,1月,13,周二,14:54:59,C50459DB,SIMBR0070,SIMR0070,SIMU0262:User 262,GRANTED
2026,1月,13,周二,14:54:59,D0B8FC16,SIMBR0298,SIMR0298,SIMU0185:User 185,GRANTED
2026,1月,13,周二,14:54:59,C50459DB,SIMBR0292,SIMR0292,SIMU0262:User 262,GRANTED
2026,1月,13,周二,14:54:59,61095621,SIMBR0145,SIMR0145,SIMU0137:User 137,GRANTED
2026,1月,13,周二,14:54:59,DA3D486F,SIMBR0260,SIMR0260,SIMU0028:User 28,GRANTED
2026,1月,13,周二,14:54:59,F853E5E9,SIMBR0160,SIMR0160,SIMU0119:User 119,GRANTED
2026,1月,13,周二,14:54:59,D504C218,SIMBR0245,SIMR0245,SIMU0060:User 60,GRANTED
2026,1月,13,周二,14:54:59,FEF21F79,SIMBR0214,SIMR0214,SIMU0159:User 159,GRANTED
2026,1月,13,周二,14:54:59,C6E3BF57,SIMBR0047,SIMR0047,SIMU0297:User 297,GRANTED
2026,1月,13,周二,14:54:59,75D7C714,SIMBR0308,SIMR0308,SIMU0005:User 5,GRANTED
2026,1月,13,周二,14:54:59,33F39C8F,SIMBR0088,SIMR0088,SIMU0205:User 205,GRANTED
2026,1月,13,周二,14:54:59,B0B2BCE6,SIMBR0070,SIMR0070,SIMU0208:User 208,GRANTED
2026,1月,13,周二,14:54:59,C6E3BF57,SIMBR0299,SIMR0299,SIMU0297:User 297,GRANTED
2026,1月,13,周二,14:54:59,FD75651D,SIMBR0057,SIMR0057,SIMU0238:User 238,GRANTED
2026,1月,13,周二,14:55:00,3DDB17B7,SIMBR0233,SIMR0233,SIMU0044:User 44,GRANTED
2026,1月,13,周二,14:55:00,3122BEFD,SIMBR0305,SIMR0305,SIMU0066:User 66,GRANTED
2026,1月,13,周二,14:55:00,53A1B264,SIMBR0011,SIMR0011,SIMU0017:User 17,GRANTED
2026,1月,13,周二,14:55:00,6C174D63,BR001,RES020,SIMU0116:User 116,DENIED
2026,1月,13,周二,14:55:00,C3943F18,SIMBR0298,SIMR0298,SIMU0113:User 113,GRANTED
2026,1月,13,周二,14:55:00,33F39C8F,SIMBR0059,SIMR0059,SIMU0205:User 205,GRANTED
2026,1月,13,周二,14:55:00,47A80030,SIMBR0018,SIMR0018,SIMU0234:User 234,GRANTED
2026,1月,13,周二,14:55:00,2E121B44,SIMBR0068,SIMR0068,SIMU0258:User 258,GRANTED
2026,1月,13,周二,14:55:00,A51F7B4F,SIMBR0078,SIMR0078,SIMU0277:User 277,GRANTED
2026,1月,13,周二,14:55:00,8BF81A2A,SIMBR0237,SIMR0237,SIMU0233:User 233,GRANTED
2026,1月,13,周二,14:55:00,FC05A793,SIMBR0057,SIMR0057,SIMU0071:User 71,GRANTED
2026,1月,13,周二,14:55:00,B0B2BCE6,BR001,RES020,SIMU0208:User 208,DENIED
2026,1月,13,周二,14:55:00,BA1008EF,SIMBR0023,SIMR0023,SIMU0083:User 83,GRANTED
2026,1月,13,周二,14:55:00,F0ADE55C,SIMBR0297,SIMR0297,SIMU0237:User 237,GRANTED
2026,1月,13,周二,14:55:00,57ED1495,SIMBR0272,SIMR0272,SIMU0250:User 250,GRANTED
2026,1月,13,周二,14:55:00,E07F08A6,SIMBR0023,SIMR0023,SIMU0246:User 246,GRANTED
2026,1月,13,周二,14:55:00,6CEC1FDF,BR014,RES007,SIMU0230:User 230,DENIED
2026,1月,13,周二,14:55:00,7CA376A0,SIMBR0293,SIMR0293,SIMU0102:User 102,GRANTED
2026,1月,13,周二,14:55:00,C2EDBC0C,SIMBR0177,SIMR0177,SIMU0226:User 226,GRANTED
2026,1月,13,周二,14:55:00,46895123,SIMBR0208,SIMR0208,SIMU0132:User 132,GRANTED
2026,1月,13,周二,14:55:00,11BD165A,SIMBR0390,SIMR0390,SIMU0154:User 154,GRANTED
2026,1月,13,周二,14:55:00,C1CE8342,SIMBR0215,SIMR0215,SIMU0018:User 18,GRANTED
2026,1月,13,周二,14:55:00,5FF2F656,SIMBR0057,SIMR0057,SIMU0120:User 120,GRANTED
2026,1月,13,周二,14:55:00,518BCEDD,SIMBR0119,SIMR0119,SIMU0011:User 11,GRANTED
2026,1月,13,周二,14:55:00,CB2FA116,SIMBR0125,SIMR0125,SIMU0172:User 172,GRANTED
2026,1月,13,周二,14:55:00,C0CB4AFF,SIMBR0063,SIMR0063,SIMU0235:User 235,GRANTED
2026,1月,13,周二,14:55:00,8E0C2F27,SIMBR0387,SIMR0387,SIMU0126:User 126,GRANTED
2026,1月,13,周二,14:55:00,B0DFB305,SIMBR0296,SIMR0296,SIMU0151:User 151,GRANTED
2026,1月,13,周二,14:55:00,D0871CF1,SIMBR0099,SIMR0099,SIMU0007:User 7,GRANTED
2026,1月,13,周二,14:55:00,4DFA0FE5,SIMBR0259,SIMR0259,SIMU0255:User 255,GRANTED
2026,1月,13,周二,14:55:00,FE83648E,SIMBR0289,SIMR0289,SIMU0142:User 142,GRANTED
2026,1月,13,周二,14:55:00,8BC6335E,SIMBR0316,SIMR0316,SIMU0204:User 204,GRANTED
2026,1月,13,周二,14:55:00,A53931BD,SIMBR0298,SIMR0298,SIMU0058:User 58,GRANTED
2026,1月,13,周二,14:55:00,A9E67E95,SIMBR0335,SIMR0335,SIMU0243:User 243,GRANTED
2026,1月,13,周二,14:55:00,41981850,SIMBR0382,SIMR0382,SIMU0263:User 263,GRANTED
2026,1月,13,周二,14:55:00,F04FDB11,SIMBR0200,SIMR0200,SIMU0125:User 125,GRANTED
2026,1月,13,周二,14:55:00,36330273,SIMBR0049,SIMR0049,SIMU0291:User 291,GRANTED
2026,1月,13,周二,14:55:00,5E9892AA,SIMBR0107,SIMR0107,SIMU0293:User 293,GRANTED
2026,1月,13,周二,14:55:00,A7A30652,SIMBR0294,SIMR0294,SIMU0094:User 94,GRANTED
2026,1月,13,周二,14:55:00,2D060B76,SIMBR0152,SIMR0152,SIMU0162:User 162,GRANTED
2026,1月,13,周二,14:55:00,33F39C8F,SIMBR0265,SIMR0265,SIMU0205:User 205,GRANTED
2026,1月,13,周二,14:55:00,45B37997,SIMBR0086,SIMR0086,SIMU0163:User 163,GRANTED
2026,1月,13,周二,14:55:00,C718E607,SIMBR0297,SIMR0297,SIMU0089:User 89,GRANTED
2026,1月,13,周二,14:55:00,6B7D13ED,SIMBR0357,SIMR0357,SIMU0191:User 191,GRANTED
2026,1月,13,周二,14:55:00,A7A30652,SIMBR0299,SIMR0299,SIMU0094:User 94,GRANTED
2026,1月,13,周二,14:55:00,3DC555DE,SIMBR0061,SIMR0061,SIMU0300:User 300,GRANTED
2026,1月,13,周二,14:55:00,F616A325,SIMBR0124,SIMR0124,SIMU0194:User 194,GRANTED
2026,1月,13,周二,14:55:00,7CA376A0,SIMBR0308,SIMR0308,SIMU0102:User 102,GRANTED
2026,1月,13,周二,14:55:00,54722E38,SIMBR0212,SIMR0212,SIMU0222:User 222,GRANTED
2026,1月,13,周二,14:55:00,CB0F203D,SIMBR0129,SIMR0129,SIMU0124:User 124,GRANTED
2026,1月,13,周二,14:55:00,0641BA46,SIMBR0031,SIMR0031,SIMU0085:User 85,GRANTED
2026,1月,13,周二,14:55:00,546575AC,SIMBR0383,SIMR0383,SIMU0140:User 140,GRANTED
2026,1月,13,周二,14:55:00,A51F7B4F,SIMBR0304,SIMR0304,SIMU0277:User 277,GRANTED
2026,1月,13,周二,14:55:00,6A6279C3,SIMBR0231,SIMR0231,SIMU0178:User 178,GRANTED
2026,1月,13,周二,14:55:00,CA15B29F,SIMBR0347,SIMR0347,SIMU0206:User 206,GRANTED
2026,1月,13,周二,14:55:00,CB0F203D,SIMBR0177,SIMR0177,SIMU0124:User 124,GRANTED
2026,1月,13,周二,14:55:00,4D153C4A,SIMBR0095,SIMR0095,SIMU0104:User 104,GRANTED
2026,1月,13,周二,14:55:00,37FA6637,SIMBR0057,SIMR0057,SIMU0199:User 199,GRANTED
2026,1月,13,周二,14:55:00,A51F7B4F,SIMBR0027,SIMR0027,SIMU0277:User 277,GRANTED
2026,1月,13,周二,14:55:00,87F48A64,SIMBR0222,SIMR0222,SIMU0143:User 143,GRANTED
2026,1月,13,周二,14:55:00,A4F77AE3,SIMBR0213,SIMR0213,SIMU0031:User 31,GRANTED
2026,1月,13,周二,14:55:00,84F825EE,SIMBR0347,SIMR0347,SIMU0150:User 150,GRANTED
2026,1月,13,周二,14:55:00,72A4E470,SIMBR0196,SIMR0196,SIMU0268:User 268,GRANTED
2026,1月,13,周二,14:55:00,40A1D543,SIMBR0047,SIMR0047,SIMU0267:User 267,GRANTED
2026,1月,13,周二,14:55:00,7CE9CF19,SIMBR0075,SIMR0075,SIMU0020:User 20,GRANTED
2026,1月,13,周二,14:55:00,33F39C8F,SIMBR0032,SIMR0032,SIMU0205:User 205,GRANTED
2026,1月,13,周二,14:55:00,F04FDB11,SIMBR0273,SIMR0273,SIMU0125:User 125,GRANTED
2026,1月,13,周二,14:55:00,273F3B3E,SIMBR0312,SIMR0312,SIMU0224:User 224,GRANTED
2026,1月,13,周二,14:55:00,F616A325,SIMBR0312,SIMR0312,SIMU0194:User 194,GRANTED
2026,1月,13,周二,14:55:00,27BDB972,SIMBR0042,SIMR0042,SIMU0244:User 244,GRANTED
2026,1月,13,周二,14:55:00,3A52D444,SIMBR0069,SIMR0069,SIMU0166:User 166,GRANTED
2026,1月,13,周二,14:55:00,B9D6BC00,SIMBR0045,SIMR0045,SIMU0107:User 107,GRANTED
2026,1月,13,周二,14:55:00,36330273,SIMBR0374,SIMR0374,SIMU0291:User 291,GRANTED
2026,1月,13,周二,14:55:00,5FF2F656,SIMBR0219,SIMR0219,SIMU0120:User 120,GRANTED
2026,1月,13,周二,14:55:00,DA33A96E,SIMBR0366,SIMR0366,SIMU0190:User 190,GRANTED
2026,1月,13,周二,14:55:00,6C174D63,SIMBR0293,SIMR0293,SIMU0116:User 116,GRANTED
2026,1月,13,周二,14:55:00,48744B29,SIMBR0170,SIMR0170,SIMU0035:User 35,GRANTED
2026,1月,13,周二,14:55:00,20917633,SIMBR0293,SIMR0293,SIMU0296:User 296,GRANTED
2026,1月,13,周二,14:55:00,A5A16F78,SIMBR0358,SIMR0358,SIMU0294:User 294,GRANTED
2026,1月,13,周二,14:55:00,84F825EE,SIMBR0153,SIMR0153,SIMU0150:User 150,GRANTED
2026,1月,13,周二,14:55:00,5560EC7D,SIMBR0347,SIMR0347,SIMU0109:User 109,GRANTED
2026,1月,13,周二,14:55:00,6714B510,SIMBR0054,SIMR0054,SIMU0160:User 160,GRANTED
2026,1月,13,周二,14:55:00,AA3155BB,SIMBR0337,SIMR0337,SIMU0050:User 50,GRANTED
2026,1月,13,周二,14:55:00,C0993563,SIMBR0394,SIMR0394,SIMU0209:User 209,GRANTED
2026,1月,13,周二,14:55:00,CD0D9101,SIMBR0400,SIMR0400,SIMU0135:User 135,GRANTED
2026,1月,13,周二,14:55:00,3B7FFD92,SIMBR0382,SIMR0382,SIMU0256:User 256,GRANTED
2026,1月,13,周二,14:55:00,95777979,SIMBR0065,SIMR0065,SIMU0051:User 51,GRANTED
2026,1月,13,周二,14:55:00,B6F02DDB,BR010,RES004,SIMU0156:User 156,DENIED
2026,1月,13,周二,14:55:00,F9B71846,SIMBR0262,SIMR0262,SIMU0196:User 196,GRANTED
2026,1月,13,周二,14:55:00,58B55845,SIMBR0241,SIMR0241,EMP002:Li Si,DENIED
2026,1月,13,周二,14:55:00,D0871CF1,SIMBR0160,SIMR0160,SIMU0007:User 7,GRANTED
2026,1月,13,周二,14:55:00,358D24E5,SIMBR0212,SIMR0212,SIMU0130:User 130,GRANTED
2026,1月,13,周二,14:55:00,3A52D444,SIMBR0206,SIMR0206,SIMU0166:User 166,GRANTED
2026,1月,13,周二,14:55:00,CEC0E003,SIMBR0255,SIMR0255,SIMU0009:User 9,GRANTED
2026,1月,13,周二,14:55:00,F9B71846,SIMBR0046,SIMR0046,SIMU0196:User 196,GRANTED
2026,1月,13,周二,14:55:00,33F39C8F,SIMBR0319,SIMR0319,SIMU0205:User 205,GRANTED
2026,1月,13,周二,14:55:00,050D9DEF,SIMBR0267,SIMR0267,SIMU0128:User 128,GRANTED
2026,1月,13,周二,14:55:00,CCACC23C,SIMBR0352,SIMR0352,SIMU0149:User 149,GRANTED
2026,1月,13,周二,14:55:00,FBBEF95C,SIMBR0290,SIMR0290,SIMU0025:User 25,GRANTED
2026,1月,13,周二,14:55:00,C3943F18,SIMBR0069,SIMR0069,SIMU0113:User 113,GRANTED
2026,1月,13,周二,14:55:00,3DDB17B7,SIMBR0321,SIMR0321,SIMU0044:User 44,GRANTED
2026,1月,13,周二,14:55:00,128D7B1F,SIMBR0325,SIMR0325,SIMU0121:User 121,GRANTED
2026,1月,13,周二,14:55:00,BA893511,SIMBR0330,SIMR0330,SIMU0269:User 269,GRANTED
2026,1月,13,周二,14:55:00,3DDB17B7,SIMBR0370,SIMR0370,SIMU0044:User 44,GRANTED
2026,1月,13,周二,14:55:00,20917633,SIMBR0395,SIMR0395,SIMU0296:User 296,GRANTED
2026,1月,13,周二,14:55:00,95777979,BR015,RES008,SIMU0051:User 51,DENIED
2026,1月,13,周二,14:55:00,D0B8FC16,SIMBR0298,SIMR0298,SIMU0185:User 185,GRANTED
2026,1月,13,周二,14:55:00,DF7754DF,SIMBR0136,SIMR0136,SIMU0019:User 19,GRANTED
2026,1月,13,周二,14:55:00,0FB515EE,SIMBR0290,SIMR0290,SIMU0033:User 33,GRANTED
2026,1月,13,周二,14:55:00,FAE4DEC5,SIMBR0135,SIMR0135,SIMU0053:User 53,GRANTED
2026,1月,13,周二,14:55:00,5C4195BE,SIMBR0351,SIMR0351,SIMU0288:User 288,GRANTED
2026,1月,13,周二,14:55:00,1A3D1ED6,SIMBR0155,SIMR0155,SIMU0231:User 231,GRANTED
2026,1月,13,周二,14:55:00,B3E8626A,SIMBR0242,SIMR0242,SIMU0239:User 239,GRANTED
2026,1月,13,周二,14:55:00,E0F41E54,SIMBR0094,SIMR0094,SIMU0176:User 176,GRANTED
2026,1月,13,周二,14:55:00,14103484,SIMBR0021,SIMR0021,SIMU0074:User 74,GRANTED
2026,1月,13,周二,14:55:00,46895123,BR001,RES020,SIMU0132:User 132,DENIED
2026,1月,13,周二,14:55:00,5334DCE6,SIMBR0030,SIMR0030,SIMU0179:User 179,GRANTED
2026,1月,13,周二,14:55:00,4D83FE2E,SIMBR0192,SIMR0192,SIMU0056:User 56,GRANTED
2026,1月,13,周二,14:55:00,B33C40D7,SIMBR0026,SIMR0026,SIMU0015:User 15,GRANTED
2026,1月,13,周二,14:55:00,B095C629,SIMBR0386,SIMR0386,SIMU0257:User 257,GRANTED
2026,1月,13,周二,14:55:00,84F825EE,SIMBR0166,SIMR0166,SIMU0150:User 150,GRANTED
2026,1月,13,周二,14:55:00,CB2FA116,SIMBR0314,SIMR0314,SIMU0172:User 172,GRANTED
2026,1月,13,周二,14:55:00,A0043AC2,SIMBR0095,SIMR0095,SIMU0040:User 40,GRANTED
2026,1月,13,周二,14:55:00,3EA1EF87,SIMBR0346,SIMR0346,SIMU0229:User 229,GRANTED
2026,1月,13,周二,14:55:00,FC05A793,SIMBR0197,SIMR0197,SIMU0071:User 71,GRANTED
2026,1月,13,周二,14:55:00,94264C0C,SIMBR0212,SIMR0212,SIMU0118:User 118,GRANTED
2026,1月,13,周二,14:55:00,6F12BFA3,SIMBR0391,SIMR0391,SIMU0218:User 218,GRANTED
2026,1月,13,周二,14:55:00,397975BA,SIMBR0233,SIMR0233,SIMU0164:User 164,GRANTED
2026,1月,13,周二,14:55:00,3A395E30,SIMBR0279,SIMR0279,SIMU0280:User 280,GRANTED
2026,1月,13,周二,14:55:00,E2506042,SIMBR0292,SIMR0292,SIMU0101:User 101,GRANTED
2026,1月,13,周二,14:55:00,DB66EC85,SIMBR0018,SIMR0018,SIMU0100:User 100,GRANTED
2026,1月,13,周二,14:55:00,495297EE,SIMBR0297,SIMR0297,SIMU0038:User 38,GRANTED
2026,1月,13,周二,14:55:00,5AC1CCB2,SIMBR0325,SIMR0325,SIMU0264:User 264,GRANTED
2026,1月,13,周二,14:55:00,48744B29,SIMBR0213,SIMR0213,SIMU0035:User 35,GRANTED
2026,1月,13,周二,14:55:00,4D83FE2E,SIMBR0066,SIMR0066,SIMU0056:User 56,GRANTED
2026,1月,13,周二,14:55:00,0EE439B9,SIMBR0299,SIMR0299,SIMU0004:User 4,GRANTED
2026,1月,13,周二,14:55:00,95379CDB,SIMBR0288,SIMR0288,f46ee39b-ac9d-4193-a478-f8cfc35cec07:gagaga a,GRANTED
2026,1月,13,周二,14:55:00,B33C40D7,SIMBR0101,SIMR0101,SIMU0015:User 15,GRANTED
2026,1月,13,周二,14:55:00,1812D558,SIMBR0397,SIMR0397,SIMU0214:User 214,GRANTED
2026,1月,13,周二,14:55:00,8D67E6D5,SIMBR0236,SIMR0236,SIMU0045:User 45,GRANTED
2026,1月,13,周二,14:55:00,602AF119,SIMBR0320,SIMR0320,SIMU0223:User 223,GRANTED
2026,1月,13,周二,14:55:00,E8751622,SIMBR0017,SIMR0017,SIMU0161:User 161,GRANTED
2026,1月,13,周二,14:55:00,6E7782F8,SIMBR0239,SIMR0239,INT001:Zhao Liu,DENIED
2026,1月,13,周二,14:55:00,EFC60F14,SIMBR0397,SIMR0397,SIMU0286:User 286,GRANTED
2026,1月,13,周二,14:55:00,A5DEC594,SIMBR0348,SIMR0348,SIMU0084:User 84,GRANTED
2026,1月,13,周二,14:55:00,E393950E,SIMBR0110,SIMR0110,SIMU0195:User 195,GRANTED
2026,1月,13,周二,14:55:00,A53931BD,BR021,RES014,SIMU0058:User 58,DENIED
2026,1月,13,周二,14:55:00,15D30411,SIMBR0310,SIMR0310,SIMU0289:User 289,GRANTED
2026,1月,13,周二,14:55:00,13990099,SIMBR0151,SIMR0151,SIMU0008:User 8,GRANTED
2026,1月,13,周二,14:55:00,D78DDFDE,SIMBR0067,SIMR0067,SIMU0252:User 252,GRANTED
2026,1月,13,周二,14:55:00,2D060B76,SIMBR0114,SIMR0114,SIMU0162:User 162,GRANTED
2026,1月,13,周二,14:55:00,1812D558,SIMBR0360,SIMR0360,SIMU0214:User 214,GRANTED
2026,1月,13,周二,14:55:00,78D4B102,SIMBR0259,SIMR0259,SIMU0283:User 283,GRANTED
2026,1月,13,周二,14:55:00,CEC0E003,SIMBR0393,SIMR0393,SIMU0009:User 9,GRANTED
2026,1月,13,周二,14:55:00,A4F77AE3,SIMBR0267,SIMR0267,SIMU0031:User 31,GRANTED
2026,1月,13,周二,14:55:00,A74F536B,BR002,RES021,SIMU0097:User 97,DENIED
2026,1月,13,周二,14:55:00,C73CE928,SIMBR0036,SIMR0036,SIMU0281:User 281,GRANTED
2026,1月,13,周二,14:55:00,31C1AEEF,SIMBR0165,SIMR0165,SIMU0039:User 39,GRANTED
2026,1月,13,周二,14:55:00,7C28253F,SIMBR0033,SIMR0033,SIMU0027:User 27,GRANTED
2026,1月,13,周二,14:55:00,C39400FA,SIMBR0276,SIMR0276,SIMU0078:User 78,GRANTED
2026,1月,13,周二,14:55:00,EF6713BA,SIMBR0063,SIMR0063,SIMU0153:User 153,GRANTED
2026,1月,13,周二,14:55:00,A53931BD,BR009,RES025,SIMU0058:User 58,DENIED
2026,1月,13,周二,14:55:00,E2F9D137,SIMBR0028,SIMR0028,SIMU0217:User 217,GRANTED
2026,1月,13,周二,14:55:00,37E9D9C0,SIMBR0246,SIMR0246,SIMU0034:User 34,GRANTED
2026,1月,13,周二,14:55:00,8C19D42A,SIMBR0040,SIMR0040,SIMU0284:User 284,GRANTED
2026,1月,13,周二,14:55:00,BA6DDD0B,SIMBR0081,SIMR0081,SIMU0146:User 146,GRANTED
2026,1月,13,周二,14:55:00,81F12C1B,SIMBR0346,SIMR0346,SIMU0200:User 200,GRANTED
2026,1月,13,周二,14:55:00,3DC555DE,SIMBR0111,SIMR0111,SIMU0300:User 300,GRANTED
2026,1月,13,周二,14:55:00,A51F7B4F,SIMBR0128,SIMR0128,SIMU0277:User 277,GRANTED
2026,1月,13,周二,14:55:00,1812D558,SIMBR0291,SIMR0291,SIMU0214:User 214,GRANTED
2026,1月,13,周二,14:55:00,F3B58DFF,SIMBR0089,SIMR0089,SIMU0076:User 76,GRANTED
2026,1月,13,周二,14:55:00,D324F0AC,SIMBR0398,SIMR0398,SIMU0108:User 108,GRANTED
2026,1月,13,周二,14:55:00,7B092D88,BR023,RES016,SIMU0236:User 236,DENIED
2026,1月,13,周二,14:55:00,01FC696F,SIMBR0216,SIMR0216,SIMU0068:User 68,GRANTED
2026,1月,13,周二,14:55:00,B13BB6C7,SIMBR0174,SIMR0174,SIMU0167:User 167,GRANTED
2026,1月,13,周二,14:55:00,B2D6FCB4,SIMBR0285,SIMR0285,SIMU0086:User 86,GRANTED
2026,1月,13,周二,14:55:00,CB0F203D,SIMBR0245,SIMR0245,SIMU0124:User 124,GRANTED
2026,1月,13,周二,14:55:00,8E0C2F27,BR003,RES022,SIMU0126:User 126,DENIED
2026,1月,13,周二,14:55:00,1E4AD759,SIMBR0065,SIMR0065,SIMU0029:User 29,GRANTED
2026,1月,13,周二,14:55:00,8E0C2F27,SIMBR0399,SIMR0399,SIMU0126:User 126,GRANTED
2026,1月,13,周二,14:55:00,128D7B1F,SIMBR0384,SIMR0384,SIMU0121:User 121,GRANTED
2026,1月,13,周二,14:55:00,E6DCC382,SIMBR0255,SIMR0255,SIMU0158:User 158,GRANTED
2026,1月,13,周二,14:55:00,D0871CF1,SIMBR0254,SIMR0254,SIMU0007:User 7,GRANTED
2026,1月,13,周二,14:55:00,B1990B96,SIMBR0246,SIMR0246,SIMU0106:User 106,GRANTED
2026,1月,13,周二,14:55:00,F616A325,SIMBR0160,SIMR0160,SIMU0194:User 194,GRANTED
2026,1月,13,周二,14:55:00,D1BB07EE,SIMBR0332,SIMR0332,SIMU0287:User 287,GRANTED
2026,1月,13,周二,14:55:00,A51F7B4F,SIMBR0143,SIMR0143,SIMU0277:User 277,GRANTED
2026,1月,13,周二,14:55:00,FAE4DEC5,SIMBR0385,SIMR0385,SIMU0053:User 53,GRANTED
2026,1月,13,周二,14:55:00,21A13EE6,SIMBR0092,SIMR0092,SIMU0133:User 133,GRANTED
2026,1月,13,周二,14:55:00,C2EDBC0C,SIMBR0118,SIMR0118,SIMU0226:User 226,GRANTED
2026,1月,13,周二,14:55:00,354118DA,BR024,RES017,SIMU0052:User 52,DENIED
2026,1月,13,周二,14:55:00,6F12BFA3,SIMBR0081,SIMR0081,SIMU0218:User 218,GRANTED
2026,1月,13,周二,14:55:00,397975BA,SIMBR0040,SIMR0040,SIMU0164:User 164,GRANTED
2026,1月,13,周二,14:55:00,DB66EC85,SIMBR0190,SIMR0190,SIMU0100:User 100,GRANTED
2026,1月,13,周二,14:55:00,B3E8626A,SIMBR0306,SIMR0306,SIMU0239:User 239,GRANTED
2026,1月,13,周二,14:55:00,C72DAED8,SIMBR0216,SIMR0216,SIMU0117:User 117,GRANTED
2026,1月,13,周二,14:55:00,3DDB17B7,SIMBR0382,SIMR0382,SIMU0044:User 44,GRANTED
2026,1月,13,周二,14:55:00,0DE450B1,SIMBR0260,SIMR0260,SIMU0016:User 16,GRANTED
2026,1月,13,周二,14:55:00,A5A16F78,SIMBR0370,SIMR0370,SIMU0294:User 294,GRANTED
2026,1月,13,周二,14:55:00,CB1ACCC7,SIMBR0269,SIMR0269,SIMU0110:User 110,GRANTED
2026,1月,13,周二,14:55:01,A53931BD,SIMBR0278,SIMR0278,SIMU0058:User 58,GRANTED
2026,1月,13,周二,14:55:01,AF6C110D,SIMBR0019,SIMR0019,SIMU0080:User 80,GRANTED
2026,1月,13,周二,14:55:01,10321BC3,SIMBR0224,SIMR0224,SIMU0042:User 42,GRANTED
2026,1月,13,周二,14:55:01,D87DCC23,SIMBR0004,SIMR0004,SIMU0006:User 6,GRANTED
2026,1月,13,周二,14:55:01,40A1D543,SIMBR0330,SIMR0330,SIMU0267:User 267,GRANTED
2026,1月,13,周二,14:55:01,8BF81A2A,SIMBR0088,SIMR0088,SIMU0233:User 233,GRANTED
2026,1月,13,周二,14:55:01,964B6B12,SIMBR0371,SIMR0371,SIMU0003:User 3,GRANTED
2026,1月,13,周二,14:55:01,20917633,SIMBR0304,SIMR0304,SIMU0296:User 296,GRANTED
2026,1月,13,周二,14:55:01,72A4E470,SIMBR0123,SIMR0123,SIMU0268:User 268,GRANTED
2026,1月,13,周二,14:55:01,E93FF152,SIMBR0264,SIMR0264,SIMU0197:User 197,GRANTED
2026,1月,13,周二,14:55:01,01513E26,SIMBR0044,SIMR0044,SIMU0181:User 181,GRANTED
2026,1月,13,周二,14:55:01,BA6DDD0B,SIMBR0307,SIMR0307,SIMU0146:User 146,GRANTED
2026,1月,13,周二,14:55:01,10321BC3,SIMBR0235,SIMR0235,SIMU0042:User 42,GRANTED
2026,1月,13,周二,14:55:01,C31E01F0,SIMBR0232,SIMR0232,SIMU0192:User 192,GRANTED
2026,1月,13,周二,14:55:01,7BEB2168,SIMBR0090,SIMR0090,SIMU0282:User 282,GRANTED
2026,1月,13,周二,14:55:01,C46D887F,SIMBR0007,SIMR0007,SIMU0254:User 254,GRANTED
2026,1月,13,周二,14:55:01,BA6DDD0B,SIMBR0133,SIMR0133,SIMU0146:User 146,GRANTED
2026,1月,13,周二,14:55:01,6C174D63,SIMBR0360,SIMR0360,SIMU0116:User 116,GRANTED
2026,1月,13,周二,14:55:01,57ED1495,SIMBR0137,SIMR0137,SIMU0250:User 250,GRANTED
2026,1月,13,周二,14:55:01,36330273,BR008,RES003,SIMU0291:User 291,DENIED
2026,1月,13,周二,14:55:01,FD75651D,SIMBR0110,SIMR0110,SIMU0238:User 238,GRANTED
2026,1月,13,周二,14:55:01,F832AB7A,SIMBR0109,SIMR0109,SIMU0139:User 139,GRANTED
2026,1月,13,周二,14:55:01,0FB515EE,SIMBR0204,SIMR0204,SIMU0033:User 33,GRANTED
2026,1月,13,周二,14:55:01,290F7C52,SIMBR0347,SIMR0347,SIMU0216:User 216,GRANTED
2026,1月,13,周二,14:55:01,EEC38563,SIMBR0234,SIMR0234,SIMU0141:User 141,GRANTED
2026,1月,13,周二,14:55:01,D832D5F3,BR025,RES018,SIMU0261:User 261,DENIED
2026,1月,13,周二,14:55:01,6E7782F8,SIMBR0072,SIMR0072,INT001:Zhao Liu,DENIED
2026,1月,13,周二,14:55:01,C7C3B16D,SIMBR0080,SIMR0080,SIMU0259:User 259,GRANTED
2026,1月,13,周二,14:55:01,CD0D9101,SIMBR0092,SIMR0092,SIMU0135:User 135,GRANTED
2026,1月,13,周二,14:55:01,F3B58DFF,SIMBR0212,SIMR0212,SIMU0076:User 76,GRANTED
2026,1月,13,周二,14:55:01,D49E4724,SIMBR0104,SIMR0104,SIMU0278:User 278,GRANTED
2026,1月,13,周二,14:55:01,F616A325,SIMBR0327,SIMR0327,SIMU0194:User 194,GRANTED
2026,1月,13,周二,14:55:01,BA821DBA,SIMBR0265,SIMR0265,SIMU0148:User 148,GRANTED
2026,1月,13,周二,14:55:01,628D5BBC,SIMBR0136,SIMR0136,SIMU0041:User 41,GRANTED
2026,1月,13,周二,14:55:01,3B7FFD92,SIMBR0139,SIMR0139,SIMU0256:User 256,GRANTED
2026,1月,13,周二,14:55:01,13990099,SIMBR0113,SIMR0113,SIMU0008:User 8,GRANTED
2026,1月,13,周二,14:55:01,853BC8DF,BR006,RES002,SIMU0092:User 92,DENIED
2026,1月,13,周二,14:55:01,0EA23D3A,SIMBR0196,SIMR0196,SIMU0062:User 62,GRANTED
2026,1月,13,周二,14:55:01,4D83FE2E,BR002,RES021,SIMU0056:User 56,DENIED
2026,1月,13,周二,14:55:01,85471FCB,SIMBR0175,SIMR0175,SIMU0054:User 54,GRANTED
2026,1月,13,周二,14:55:01,DB66EC85,SIMBR0026,SIMR0026,SIMU0100:User 100,GRANTED
2026,1月,13,周二,14:55:01,A5A16F78,BR003,RES022,SIMU0294:User 294,DENIED
2026,1月,13,周二,14:55:01,54722E38,SIMBR0369,SIMR0369,SIMU0222:User 222,GRANTED
2026,1月,13,周二,14:55:01,6E7782F8,SIMBR0310,SIMR0310,INT001:Zhao Liu,DENIED
2026,1月,13,周二,14:55:01,F616A325,BR011,RES026,SIMU0194:User 194,DENIED
2026,1月,13,周二,14:55:01,B3E8626A,SIMBR0068,SIMR0068,SIMU0239:User 239,GRANTED
2026,1月,13,周二,14:55:01,CBD2A48A,SIMBR0300,SIMR0300,SIMU0021:User 21,GRANTED
2026,1月,13,周二,14:55:01,20D788EC,SIMBR0258,SIMR0258,SIMU0271:User 271,GRANTED
2026,1月,13,周二,14:55:01,643D2F0C,SIMBR0029,SIMR0029,SIMU0048:User 48,GRANTED
2026,1月,13,周二,14:55:01,538EE2BF,SIMBR0178,SIMR0178,SIMU0177:User 177,GRANTED
2026,1月,13,周二,14:55:01,C3943F18,SIMBR0311,SIMR0311,SIMU0113:User 113,GRANTED
2026,1月,13,周二,14:55:01,CD0D9101,SIMBR0149,SIMR0149,SIMU0135:User 135,GRANTED
2026,1月,13,周二,14:55:01,A2903A49,SIMBR0325,SIMR0325,SIMU0043:User 43,GRANTED
2026,1月,13,周二,14:55:01,6213A883,SIMBR0183,SIMR0183,SIMU0249:User 249,GRANTED
2026,1月,13,周二,14:55:01,7BEB2168,SIMBR0137,SIMR0137,SIMU0282:User 282,GRANTED
2026,1月,13,周二,14:55:01,01FC696F,SIMBR0178,SIMR0178,SIMU0068:User 68,GRANTED
2026,1月,13,周二,14:55:01,B0B2BCE6,SIMBR0142,SIMR0142,SIMU0208:User 208,GRANTED
2026,1月,13,周二,14:55:01,59E1ACA0,SIMBR0188,SIMR0188,SIMU0090:User 90,GRANTED
2026,1月,13,周二,14:55:01,D0B8FC16,SIMBR0011,SIMR0011,SIMU0185:User 185,GRANTED
2026,1月,13,周二,14:55:01,273D28BF,SIMBR0048,SIMR0048,SIMU0057:User 57,GRANTED
2026,1月,13,周二,14:55:01,AE2F46DE,SIMBR0205,SIMR0205,SIMU0232:User 232,GRANTED
2026,1月,13,周二,14:55:01,50B332C8,SIMBR0295,SIMR0295,SIMU0122:User 122,GRANTED
2026,1月,13,周二,14:55:01,FC9C0D71,SIMBR0340,SIMR0340,SIMU0093:User 93,GRANTED
2026,1月,13,周二,14:55:01,9A00F337,BR003,RES022,SIMU0285:User 285,DENIED
2026,1月,13,周二,14:55:01,853BC8DF,SIMBR0329,SIMR0329,SIMU0092:User 92,GRANTED
2026,1月,13,周二,14:55:01,C0993563,SIMBR0305,SIMR0305,SIMU0209:User 209,GRANTED
2026,1月,13,周二,14:55:01,C0F19B1C,SIMBR0278,SIMR0278,SIMU0155:User 155,GRANTED
2026,1月,13,周二,14:55:01,57ED1495,SIMBR0162,SIMR0162,SIMU0250:User 250,GRANTED
2026,1月,13,周二,14:55:01,95379CDB,SIMBR0182,SIMR0182,f46ee39b-ac9d-4193-a478-f8cfc35cec07:gagaga a,GRANTED
2026,1月,13,周二,14:55:01,C584F9D3,SIMBR0121,SIMR0121,EMP001:Zhang San,DENIED
2026,1月,13,周二,14:55:01,6714B510,SIMBR0188,SIMR0188,SIMU0160:User 160,GRANTED
2026,1月,13,周二,14:55:01,78D74DDD,SIMBR0033,SIMR0033,VIS001:Qian Qi,DENIED
2026,1月,13,周二,14:55:01,56C4C8CF,SIMBR0184,SIMR0184,SIMU0077:User 77,GRANTED
2026,1月,13,周二,14:55:01,359F9D02,SIMBR0257,SIMR0257,SIMU0087:User 87,GRANTED
2026,1月,13,周二,14:55:01,2C249415,SIMBR0340,SIMR0340,SIMU0276:User 276,GRANTED
2026,1月,13,周二,14:55:01,3A52D444,BR020,RES013,SIMU0166:User 166,DENIED
2026,1月,13,周二,14:55:01,37FA6637,SIMBR0243,SIMR0243,SIMU0199:User 199,GRANTED
2026,1月,13,周二,14:55:01,983FD996,SIMBR0238,SIMR0238,SIMU0225:User 225,GRANTED
2026,1月,13,周二,14:55:01,1B14F9BC,SIMBR0126,SIMR0126,SIMU0065:User 65,GRANTED
2026,1月,13,周二,14:55:01,0CFFFBA0,SIMBR0060,SIMR0060,SIMU0189:User 189,GRANTED
2026,1月,13,周二,14:55:01,3DC555DE,SIMBR0137,SIMR0137,SIMU0300:User 300,GRANTED
2026,1月,13,周二,14:55:01,2D060B76,BR008,RES003,SIMU0162:User 162,DENIED
2026,1月,13,周二,14:55:01,A51F7B4F,SIMBR0253,SIMR0253,SIMU0277:User 277,GRANTED
2026,1月,13,周二,14:55:01,7CE9CF19,SIMBR0154,SIMR0154,SIMU0020:User 20,GRANTED
2026,1月,13,周二,14:55:01,DA33A96E,SIMBR0360,SIMR0360,SIMU0190:User 190,GRANTED
2026,1月,13,周二,14:55:01,13F09473,SIMBR0236,SIMR0236,SIMU0279:User 279,GRANTED
2026,1月,13,周二,14:55:01,AF6C110D,SIMBR0387,SIMR0387,SIMU0080:User 80,GRANTED
2026,1月,13,周二,14:55:01,628D5BBC,SIMBR0114,SIMR0114,SIMU0041:User 41,GRANTED
2026,1月,13,周二,14:55:01,FD75651D,SIMBR0307,SIMR0307,SIMU0238:User 238,GRANTED
2026,1月,13,周二,14:55:01,A53931BD,SIMBR0288,SIMR0288,SIMU0058:User 58,GRANTED
2026,1月,13,周二,14:55:01,33F39C8F,SIMBR0207,SIMR0207,SIMU0205:User 205,GRANTED
2026,1月,13,周二,14:55:01,CBD2A48A,SIMBR0129,SIMR0129,SIMU0021:User 21,GRANTED
2026,1月,13,周二,14:55:01,E775A860,BR013,RES006,SIMU0248:User 248,DENIED
2026,1月,13,周二,14:55:01,44B3ADEE,SIMBR0097,SIMR0097,SIMU0157:User 157,GRANTED
2026,1月,13,周二,14:55:01,0CFFFBA0,SIMBR0232,SIMR0232,SIMU0189:User 189,GRANTED
2026,1月,13,周二,14:55:01,1E74F408,BR001,RES020,SIMU0171:User 171,DENIED
2026,1月,13,周二,14:55:01,41981850,SIMBR0218,SIMR0218,SIMU0263:User 263,GRANTED
2026,1月,13,周二,14:55:01,C0CB4AFF,SIMBR0145,SIMR0145,SIMU0235:User 235,GRANTED
2026,1月,13,周二,14:55:01,B9D6BC00,BR026,RES019,SIMU0107:User 107,DENIED
2026,1月,13,周二,14:55:01,643D2F0C,BR007,RES024,SIMU0048:User 48,DENIED
2026,1月,13,周二,14:55:01,BA0243B9,SIMBR0034,SIMR0034,PM001:Sun Ba,DENIED
2026,1月,13,周二,14:55:01,6E7782F8,SIMBR0269,SIMR0269,INT001:Zhao Liu,DENIED
2026,1月,13,周二,14:55:01,6FFD7F45,SIMBR0034,SIMR0034,SIMU0198:User 198,GRANTED
2026,1月,13,周二,14:55:01,E2F9D137,SIMBR0376,SIMR0376,SIMU0217:User 217,GRANTED
2026,1月,13,周二,14:55:01,A89B9996,SIMBR0207,SIMR0207,SIMU0213:User 213,GRANTED
2026,1月,13,周二,14:55:01,C6E3BF57,SIMBR0069,SIMR0069,SIMU0297:User 297,GRANTED
2026,1月,13,周二,14:55:01,56C4C8CF,SIMBR0007,SIMR0007,SIMU0077:User 77,GRANTED
2026,1月,13,周二,14:55:01,6BDE4067,SIMBR0221,SIMR0221,SIMU0114:User 114,GRANTED
2026,1月,13,周二,14:55:01,C0F19B1C,SIMBR0023,SIMR0023,SIMU0155:User 155,GRANTED
2026,1月,13,周二,14:55:01,4DFA0FE5,SIMBR0045,SIMR0045,SIMU0255:User 255,GRANTED
2026,1月,13,周二,14:55:01,1CA3AA4C,SIMBR0257,SIMR0257,SIMU0014:User 14,GRANTED
2026,1月,13,周二,14:55:01,C1CE8342,SIMBR0228,SIMR0228,SIMU0018:User 18,GRANTED
2026,1月,13,周二,14:55:01,643D2F0C,SIMBR0223,SIMR0223,SIMU0048:User 48,GRANTED
2026,1月,13,周二,14:55:01,D504C218,SIMBR0004,SIMR0004,SIMU0060:User 60,GRANTED
2026,1月,13,周二,14:55:01,CB2FA116,SIMBR0188,SIMR0188,SIMU0172:User 172,GRANTED
2026,1月,13,周二,14:55:01,97A9597E,SIMBR0054,SIMR0054,SIMU0030:User 30,GRANTED
2026,1月,13,周二,14:55:01,01513E26,SIMBR0238,SIMR0238,SIMU0181:User 181,GRANTED
2026,1月,13,周二,14:55:01,538EE2BF,SIMBR0045,SIMR0045,SIMU0177:User 177,GRANTED
2026,1月,13,周二,14:55:01,3A395E30,SIMBR0250,SIMR0250,SIMU0280:User 280,GRANTED
2026,1月,13,周二,14:55:01,A9E67E95,SIMBR0189,SIMR0189,SIMU0243:User 243,GRANTED
2026,1月,13,周二,14:55:01,23858FDA,SIMBR0204,SIMR0204,SIMU0098:User 98,GRANTED
2026,1月,13,周二,14:55:01,273F3B3E,SIMBR0185,SIMR0185,SIMU0224:User 224,GRANTED
2026,1月,13,周二,14:55:01,701D5B3A,BR004,RES001,SIMU0211:User 211,DENIED
2026,1月,13,周二,14:55:01,5E9892AA,SIMBR0299,SIMR0299,SIMU0293:User 293,GRANTED
2026,1月,13,周二,14:55:01,F1D4B1B6,SIMBR0248,SIMR0248,SIMU0247:User 247,GRANTED
2026,1月,13,周二,14:55:01,F6E7D08A,SIMBR0293,SIMR0293,SIMU0001:User 1,GRANTED
2026,1月,13,周二,14:55:01,45BE30A8,SIMBR0137,SIMR0137,8d1a5202-9052-4f93-bf5a-4deffdf65fd3:a q,GRANTED
2026,1月,13,周二,14:55:01,6213A883,SIMBR0068,SIMR0068,SIMU0249:User 249,GRANTED
2026,1月,13,周二,14:55:01,C7C3B16D,SIMBR0231,SIMR0231,SIMU0259:User 259,GRANTED
2026,1月,13,周二,14:55:01,54722E38,SIMBR0071,SIMR0071,SIMU0222:User 222,GRANTED
2026,1月,13,周二,14:55:01,D6BC3463,SIMBR0078,SIMR0078,SIMU0037:User 37,GRANTED
2026,1月,13,周二,14:55:01,1DE07196,SIMBR0269,SIMR0269,SIMU0274:User 274,GRANTED
2026,1月,13,周二,14:55:01,8D67E6D5,BR008,RES003,SIMU0045:User 45,DENIED
2026,1月,13,周二,14:55:01,5FF2F656,SIMBR0206,SIMR0206,SIMU0120:User 120,GRANTED
2026,1月,13,周二,14:55:01,1EE4C053,SIMBR0288,SIMR0288,SIMU0026:User 26,GRANTED
2026,1月,13,周二,14:55:01,6CEC1FDF,SIMBR0269,SIMR0269,SIMU0230:User 230,GRANTED
2026,1月,13,周二,14:55:01,BA841717,SIMBR0109,SIMR0109,SIMU0064:User 64,GRANTED
2026,1月,13,周二,14:55:01,47C3A99F,SIMBR0327,SIMR0327,SIMU0136:User 136,GRANTED
2026,1月,13,周二,14:55:01,6BDE4067,SIMBR0080,SIMR0080,SIMU0114:User 114,GRANTED
2026,1月,13,周二,14:55:01,2C249415,SIMBR0325,SIMR0325,SIMU0276:User 276,GRANTED
2026,1月,13,周二,14:55:01,3DDB17B7,SIMBR0011,SIMR0011,SIMU0044:User 44,GRANTED
2026,1月,13,周二,14:55:01,C718E607,SIMBR0102,SIMR0102,SIMU0089:User 89,GRANTED
2026,1月,13,周二,14:55:01,6E7782F8,SIMBR0249,SIMR0249,INT001:Zhao Liu,DENIED
2026,1月,13,周二,14:55:01,6213A883,SIMBR0174,SIMR0174,SIMU0249:User 249,GRANTED
2026,1月,13,周二,14:55:01,1A3D1ED6,SIMBR0195,SIMR0195,SIMU0231:User 231,GRANTED
2026,1月,13,周二,14:55:01,6F12BFA3,SIMBR0358,SIMR0358,SIMU0218:User 218,GRANTED
2026,1月,13,周二,14:55:01,21A13EE6,SIMBR0134,SIMR0134,SIMU0133:User 133,GRANTED
2026,1月,13,周二,14:55:01,FE83648E,SIMBR0184,SIMR0184,SIMU0142:User 142,GRANTED
2026,1月,13,周二,14:55:01,7B092D88,SIMBR0308,SIMR0308,SIMU0236:User 236,GRANTED
2026,1月,13,周二,14:55:01,57ED1495,SIMBR0001,SIMR0001,SIMU0250:User 250,GRANTED
2026,1月,13,周二,14:55:01,A74F536B,SIMBR0074,SIMR0074,SIMU0097:User 97,GRANTED
2026,1月,13,周二,14:55:01,1EE4C053,SIMBR0317,SIMR0317,SIMU0026:User 26,GRANTED
2026,1月,13,周二,14:55:01,BA1008EF,SIMBR0245,SIMR0245,SIMU0083:User 83,GRANTED
2026,1月,13,周二,14:55:01,C169BAEB,SIMBR0364,SIMR0364,SIMU0174:User 174,GRANTED
2026,1月,13,周二,14:55:01,C73CE928,SIMBR0381,SIMR0381,SIMU0281:User 281,GRANTED
2026,1月,13,周二,14:55:01,273D28BF,SIMBR0202,SIMR0202,SIMU0057:User 57,GRANTED
2026,1月,13,周二,14:55:01,F9B71846,SIMBR0181,SIMR0181,SIMU0196:User 196,GRANTED
2026,1月,13,周二,14:55:01,80BC1A17,SIMBR0080,SIMR0080,SIMU0112:User 112,GRANTED
2026,1月,13,周二,14:55:01,6BDE4067,BR005,RES023,SIMU0114:User 114,DENIED
2026,1月,13,周二,14:55:01,397975BA,SIMBR0366,SIMR0366,SIMU0164:User 164,GRANTED
2026,1月,13,周二,14:55:01,7CE9CF19,SIMBR0382,SIMR0382,SIMU0020:User 20,GRANTED
2026,1月,13,周二,14:55:01,24DE0286,SIMBR0208,SIMR0208,SIMU0221:User 221,GRANTED
2026,1月,13,周二,14:55:01,CEC0E003,SIMBR0249,SIMR0249,SIMU0009:User 9,GRANTED
2026,1月,13,周二,14:55:01,E775A860,SIMBR0122,SIMR0122,SIMU0248:User 248,GRANTED
2026,1月,13,周二,14:55:01,7C28253F,SIMBR0010,SIMR0010,SIMU0027:User 27,GRANTED
2026,1月,13,周二,14:55:01,B1990B96,SIMBR0395,SIMR0395,SIMU0106:User 106,GRANTED
2026,1月,13,周二,14:55:01,701D5B3A,BR013,RES006,SIMU0211:User 211,DENIED
2026,1月,13,周二,14:55:01,6213A883,SIMBR0011,SIMR0011,SIMU0249:User 249,GRANTED
2026,1月,13,周二,14:55:01,AB055C88,SIMBR0392,SIMR0392,SIMU0024:User 24,GRANTED
2026,1月,13,周二,14:55:01,45B37997,SIMBR0362,SIMR0362,SIMU0163:User 163,GRANTED
2026,1月,13,周二,14:55:01,0CFFFBA0,SIMBR0001,SIMR0001,SIMU0189:User 189,GRANTED
2026,1月,13,周二,14:55:01,4D153C4A,SIMBR0082,SIMR0082,SIMU0104:User 104,GRANTED
2026,1月,13,周二,14:55:01,18788AAF,BR017,RES010,SIMU0298:User 298,DENIED
2026,1月,13,周二,14:55:01,E2506042,SIMBR0185,SIMR0185,SIMU0101:User 101,GRANTED
2026,1月,13,周二,14:55:01,701D5B3A,SIMBR0266,SIMR0266,SIMU0211:User 211,GRANTED
2026,1月,13,周二,14:55:01,8B29C7CC,SIMBR0377,SIMR0377,SIMU0175:User 175,GRANTED
2026,1月,13,周二,14:55:01,CEC0E003,SIMBR0231,SIMR0231,SIMU0009:User 9,GRANTED
2026,1月,13,周二,14:55:01,B095C629,SIMBR0234,SIMR0234,SIMU0257:User 257,GRANTED
2026,1月,13,周二,14:55:01,3DDB17B7,SIMBR0369,SIMR0369,SIMU0044:User 44,GRANTED
2026,1月,13,周二,14:55:01,CA296753,SIMBR0229,SIMR0229,SIMU0055:User 55,GRANTED
2026,1月,13,周二,14:55:01,FBFF5A63,SIMBR0064,SIMR0064,SIMU0184:User 184,GRANTED
2026,1月,13,周二,14:55:01,BA1008EF,SIMBR0278,SIMR0278,SIMU0083:User 83,GRANTED
2026,1月,13,周二,14:55:01,A2903A49,SIMBR0168,SIMR0168,SIMU0043:User 43,GRANTED
2026,1月,13,周二,14:55:01,4DFA0FE5,SIMBR0168,SIMR0168,SIMU0255:User 255,GRANTED
2026,1月,13,周二,14:55:01,61095621,SIMBR0139,SIMR0139,SIMU0137:User 137,GRANTED
2026,1月,13,周二,14:55:01,050D9DEF,SIMBR0344,SIMR0344,SIMU0128:User 128,GRANTED
2026,1月,13,周二,14:55:01,80AC649D,SIMBR0045,SIMR0045,SIMU0088:User 88,GRANTED
2026,1月,13,周二,14:55:01,874CC50E,SIMBR0237,SIMR0237,SIMU0036:User 36,GRANTED
2026,1月,13,周二,14:55:01,D716AAF5,SIMBR0165,SIMR0165,SIMU0170:User 170,GRANTED
2026,1月,13,周二,14:55:01,DA33A96E,SIMBR0122,SIMR0122,SIMU0190:User 190,GRANTED
2026,1月,13,周二,14:55:01,FAE4DEC5,SIMBR0320,SIMR0320,SIMU0053:User 53,GRANTED
2026,1月,13,周二,14:55:01,36330273,SIMBR0378,SIMR0378,SIMU0291:User 291,GRANTED
2026,1月,13,周二,14:55:01,4AF57AEF,BR017,RES010,SIMU0193:User 193,DENIED
2026,1月,13,周二,14:55:01,9D3B8CFC,SIMBR0185,SIMR0185,SIMU0095:User 95,GRANTED
2026,1月,13,周二,14:55:01,54722E38,SIMBR0038,SIMR0038,SIMU0222:User 222,GRANTED
2026,1月,13,周二,14:55:01,B2D6FCB4,SIMBR0008,SIMR0008,SIMU0086:User 86,GRANTED
2026,1月,13,周二,14:55:01,D832D5F3,SIMBR0197,SIMR0197,SIMU0261:User 261,GRANTED
2026,1月,13,周二,14:55:01,94264C0C,BR007,RES024,SIMU0118:User 118,DENIED
2026,1月,13,周二,14:55:01,C6173DD5,SIMBR0292,SIMR0292,SIMU0023:User 23,GRANTED
2026,1月,13,周二,14:55:01,4D83FE2E,SIMBR0104,SIMR0104,SIMU0056:User 56,GRANTED
2026,1月,13,周二,14:55:02,BC450719,SIMBR0132,SIMR0132,SIMU0013:User 13,GRANTED
2026,1月,13,周二,14:55:02,D324F0AC,SIMBR0114,SIMR0114,SIMU0108:User 108,GRANTED
2026,1月,13,周二,14:55:02,46895123,SIMBR0150,SIMR0150,SIMU0132:User 132,GRANTED
2026,1月,13,周二,14:55:02,21A13EE6,SIMBR0044,SIMR0044,SIMU0133:User 133,GRANTED
2026,1月,13,周二,14:55:02,1EBD89C8,SIMBR0319,SIMR0319,SIMU0123:User 123,GRANTED
2026,1月,13,周二,14:55:02,33F39C8F,SIMBR0100,SIMR0100,SIMU0205:User 205,GRANTED
2026,1月,13,周二,14:55:02,7BEB2168,SIMBR0213,SIMR0213,SIMU0282:User 282,GRANTED
2026,1月,13,周二,14:55:02,47C3A99F,SIMBR0304,SIMR0304,SIMU0136:User 136,GRANTED
2026,1月,13,周二,14:55:02,E8751622,SIMBR0296,SIMR0296,SIMU0161:User 161,GRANTED
2026,1月,13,周二,14:55:02,57ED1495,SIMBR0061,SIMR0061,SIMU0250:User 250,GRANTED
2026,1月,13,周二,14:55:02,54722E38,SIMBR0292,SIMR0292,SIMU0222:User 222,GRANTED
2026,1月,13,周二,14:55:02,9A00F337,SIMBR0063,SIMR0063,SIMU0285:User 285,GRANTED
2026,1月,13,周二,14:55:02,D3E409F0,SIMBR0066,SIMR0066,SIMU0012:User 12,GRANTED
2026,1月,13,周二,14:55:02,FEF21F79,SIMBR0012,SIMR0012,SIMU0159:User 159,GRANTED
2026,1月,13,周二,14:55:02,4DFA0FE5,SIMBR0229,SIMR0229,SIMU0255:User 255,GRANTED
2026,1月,13,周二,14:55:02,701D5B3A,SIMBR0247,SIMR0247,SIMU0211:User 211,GRANTED
2026,1月,13,周二,14:55:02,1792E539,SIMBR0125,SIMR0125,SIMU0292:User 292,GRANTED
2026,1月,13,周二,14:55:02,C1CE8342,SIMBR0012,SIMR0012,SIMU0018:User 18,GRANTED
2026,1月,13,周二,14:55:02,54722E38,SIMBR0372,SIMR0372,SIMU0222:User 222,GRANTED
2026,1月,13,周二,14:55:02,C0993563,SIMBR0037,SIMR0037,SIMU0209:User 209,GRANTED
2026,1月,13,周二,14:55:02,EF6713BA,SIMBR0254,SIMR0254,SIMU0153:User 153,GRANTED
2026,1月,13,周二,14:55:02,0DE450B1,SIMBR0244,SIMR0244,SIMU0016:User 16,GRANTED
2026,1月,13,周二,14:55:02,B6F02DDB,SIMBR0165,SIMR0165,SIMU0156:User 156,GRANTED
2026,1月,13,周二,14:55:02,CCACC23C,SIMBR0172,SIMR0172,SIMU0149:User 149,GRANTED
2026,1月,13,周二,14:55:02,1A3D1ED6,SIMBR0335,SIMR0335,SIMU0231:User 231,GRANTED
2026,1月,13,周二,14:55:02,2289A51E,SIMBR0084,SIMR0084,SIMU0273:User 273,GRANTED
2026,1月,13,周二,14:55:02,B2D6FCB4,SIMBR0088,SIMR0088,SIMU0086:User 86,GRANTED
2026,1月,13,周二,14:55:02,B6F02DDB,SIMBR0397,SIMR0397,SIMU0156:User 156,GRANTED
2026,1月,13,周二,14:55:02,1B14F9BC,SIMBR0234,SIMR0234,SIMU0065:User 65,GRANTED
2026,1月,13,周二,14:55:02,A53931BD,SIMBR0124,SIMR0124,SIMU0058:User 58,GRANTED
2026,1月,13,周二,14:55:02,CA782D54,SIMBR0108,SIMR0108,SIMU0219:User 219,GRANTED
2026,1月,13,周二,14:55:02,C6173DD5,SIMBR0388,SIMR0388,SIMU0023:User 23,GRANTED
2026,1月,13,周二,14:55:02,050D9DEF,SIMBR0315,SIMR0315,SIMU0128:User 128,GRANTED
2026,1月,13,周二,14:55:02,54722E38,SIMBR0325,SIMR0325,SIMU0222:User 222,GRANTED
2026,1月,13,周二,14:55:02,3870BA5D,SIMBR0389,SIMR0389,SIMU0173:User 173,GRANTED
2026,1月,13,周二,14:55:02,3122BEFD,SIMBR0273,SIMR0273,SIMU0066:User 66,GRANTED
2026,1月,13,周二,14:55:02,C718E607,BR019,RES012,SIMU0089:User 89,DENIED
2026,1月,13,周二,14:55:02,E55AD432,SIMBR0216,SIMR0216,SIMU0134:User 134,GRANTED
2026,1月,13,周二,14:55:02,FBFF5A63,SIMBR0278,SIMR0278,SIMU0184:User 184,GRANTED
2026,1月,13,周二,14:55:02,80BC1A17,SIMBR0117,SIMR0117,SIMU0112:User 112,GRANTED
2026,1月,13,周二,14:55:02,87F48A64,SIMBR0164,SIMR0164,SIMU0143:User 143,GRANTED
2026,1月,13,周二,14:55:02,518BCEDD,SIMBR0319,SIMR0319,SIMU0011:User 11,GRANTED
2026,1月,13,周二,14:55:02,6E7782F8,SIMBR0045,SIMR0045,INT001:Zhao Liu,DENIED
2026,1月,13,周二,14:55:02,87F48A64,SIMBR0212,SIMR0212,SIMU0143:User 143,GRANTED
2026,1月,13,周二,14:55:02,2E121B44,SIMBR0177,SIMR0177,SIMU0258:User 258,GRANTED
2026,1月,13,周二,14:55:02,A51F7B4F,SIMBR0147,SIMR0147,SIMU0277:User 277,GRANTED
2026,1月,13,周二,14:55:02,3DDB17B7,SIMBR0049,SIMR0049,SIMU0044:User 44,GRANTED
2026,1月,13,周二,14:55:02,01513E26,SIMBR0232,SIMR0232,SIMU0181:User 181,GRANTED
2026,1月,13,周二,14:55:02,E137F666,SIMBR0002,SIMR0002,SIMU0220:User 220,GRANTED
2026,1月,13,周二,14:55:02,FEF21F79,SIMBR0122,SIMR0122,SIMU0159:User 159,GRANTED
2026,1月,13,周二,14:55:02,2EEB40A9,SIMBR0129,SIMR0129,SIMU0260:User 260,GRANTED
2026,1月,13,周二,14:55:02,8BF81A2A,SIMBR0124,SIMR0124,SIMU0233:User 233,GRANTED
2026,1月,13,周二,14:55:02,DF7754DF,SIMBR0165,SIMR0165,SIMU0019:User 19,GRANTED
2026,1月,13,周二,14:55:02,FAE4DEC5,SIMBR0163,SIMR0163,SIMU0053:User 53,GRANTED
2026,1月,13,周二,14:55:02,97A9597E,SIMBR0246,SIMR0246,SIMU0030:User 30,GRANTED
2026,1月,13,周二,14:55:02,C7C3B16D,SIMBR0064,SIMR0064,SIMU0259:User 259,GRANTED
2026,1月,13,周二,14:55:02,E55AD432,SIMBR0394,SIMR0394,SIMU0134:User 134,GRANTED
2026,1月,13,周二,14:55:02,59E1ACA0,SIMBR0359,SIMR0359,SIMU0090:User 90,GRANTED
2026,1月,13,周二,14:55:02,BEBCE825,SIMBR0234,SIMR0234,SIMU0270:User 270,GRANTED
2026,1月,13,周二,14:55:02,46895123,SIMBR0218,SIMR0218,SIMU0132:User 132,GRANTED
2026,1月,13,周二,14:55:02,45B37997,SIMBR0379,SIMR0379,SIMU0163:User 163,GRANTED
2026,1月,13,周二,14:55:02,1E4AD759,SIMBR0105,SIMR0105,SIMU0029:User 29,GRANTED
2026,1月,13,周二,14:55:02,BA841717,SIMBR0360,SIMR0360,SIMU0064:User 64,GRANTED
2026,1月,13,周二,14:55:02,B9D6BC00,SIMBR0016,SIMR0016,SIMU0107:User 107,GRANTED
2026,1月,13,周二,14:55:02,F832AB7A,SIMBR0112,SIMR0112,SIMU0139:User 139,GRANTED
2026,1月,13,周二,14:55:02,95379CDB,SIMBR0271,SIMR0271,f46ee39b-ac9d-4193-a478-f8cfc35cec07:gagaga a,GRANTED
2026,1月,13,周二,14:55:02,48744B29,SIMBR0241,SIMR0241,SIMU0035:User 35,GRANTED
2026,1月,13,周二,14:55:02,D6BC3463,SIMBR0221,SIMR0221,SIMU0037:User 37,GRANTED
2026,1月,13,周二,14:55:02,95379CDB,SIMBR0327,SIMR0327,f46ee39b-ac9d-4193-a478-f8cfc35cec07:gagaga a,GRANTED
2026,1月,13,周二,14:55:02,7B092D88,SIMBR0024,SIMR0024,SIMU0236:User 236,GRANTED
2026,1月,13,周二,14:55:02,A9E67E95,SIMBR0192,SIMR0192,SIMU0243:User 243,GRANTED
2026,1月,13,周二,14:55:02,E393950E,BR023,RES016,SIMU0195:User 195,DENIED
2026,1月,13,周二,14:55:02,FD75651D,SIMBR0030,SIMR0030,SIMU0238:User 238,GRANTED
2026,1月,13,周二,14:55:02,78D4B102,SIMBR0163,SIMR0163,SIMU0283:User 283,GRANTED
2026,1月,13,周二,14:55:02,40BD64A5,SIMBR0157,SIMR0157,SIMU0245:User 245,GRANTED
2026,1月,13,周二,14:55:02,84F825EE,SIMBR0188,SIMR0188,SIMU0150:User 150,GRANTED
2026,1月,13,周二,14:55:02,1EBD89C8,SIMBR0146,SIMR0146,SIMU0123:User 123,GRANTED
2026,1月,13,周二,14:55:02,559213A2,SIMBR0300,SIMR0300,SIMU0047:User 47,GRANTED
2026,1月,13,周二,14:55:02,0641BA46,SIMBR0343,SIMR0343,SIMU0085:User 85,GRANTED
2026,1月,13,周二,14:55:02,538EE2BF,SIMBR0118,SIMR0118,SIMU0177:User 177,GRANTED
2026,1月,13,周二,14:55:02,7CE9CF19,SIMBR0368,SIMR0368,SIMU0020:User 20,GRANTED
2026,1月,13,周二,14:55:02,582A6476,SIMBR0114,SIMR0114,SIMU0046:User 46,GRANTED
2026,1月,13,周二,14:55:02,FAE4DEC5,SIMBR0228,SIMR0228,SIMU0053:User 53,GRANTED
2026,1月,13,周二,14:55:02,E393950E,SIMBR0345,SIMR0345,SIMU0195:User 195,GRANTED
2026,1月,13,周二,14:55:02,8BC6335E,SIMBR0122,SIMR0122,SIMU0204:User 204,GRANTED
2026,1月,13,周二,14:55:02,4DFA0FE5,SIMBR0323,SIMR0323,SIMU0255:User 255,GRANTED
2026,1月,13,周二,14:55:02,5FF2F656,SIMBR0008,SIMR0008,SIMU0120:User 120,GRANTED
2026,1月,13,周二,14:55:02,B095C629,BR024,RES017,SIMU0257:User 257,DENIED
2026,1月,13,周二,14:55:02,0EA23D3A,SIMBR0236,SIMR0236,SIMU0062:User 62,GRANTED
2026,1月,13,周二,14:55:02,DA33A96E,SIMBR0221,SIMR0221,SIMU0190:User 190,GRANTED
2026,1月,13,周二,14:55:02,13F09473,SIMBR0314,SIMR0314,SIMU0279:User 279,GRANTED
2026,1月,13,周二,14:55:02,F6E7D08A,BR018,RES011,SIMU0001:User 1,DENIED
2026,1月,13,周二,14:55:02,40BD64A5,BR020,RES013,SIMU0245:User 245,DENIED
2026,1月,13,周二,14:55:02,602AF119,SIMBR0043,SIMR0043,SIMU0223:User 223,GRANTED
2026,1月,13,周二,14:55:02,D0B8FC16,SIMBR0377,SIMR0377,SIMU0185:User 185,GRANTED
2026,1月,13,周二,14:55:02,A51F7B4F,SIMBR0356,SIMR0356,SIMU0277:User 277,GRANTED
2026,1月,13,周二,14:55:02,D6BC3463,SIMBR0109,SIMR0109,SIMU0037:User 37,GRANTED
2026,1月,13,周二,14:55:02,8884A944,SIMBR0309,SIMR0309,SIMU0295:User 295,GRANTED
2026,1月,13,周二,14:55:02,15D30411,SIMBR0279,SIMR0279,SIMU0289:User 289,GRANTED
2026,1月,13,周二,14:55:02,FBBEF95C,SIMBR0390,SIMR0390,SIMU0025:User 25,GRANTED
2026,1月,13,周二,14:55:02,628D5BBC,SIMBR0062,SIMR0062,SIMU0041:User 41,GRANTED
2026,1月,13,周二,14:55:02,F832AB7A,SIMBR0178,SIMR0178,SIMU0139:User 139,GRANTED
2026,1月,13,周二,14:55:02,4AF57AEF,SIMBR0084,SIMR0084,SIMU0193:User 193,GRANTED
2026,1月,13,周二,14:55:02,F3B58DFF,SIMBR0078,SIMR0078,SIMU0076:User 76,GRANTED
2026,1月,13,周二,14:55:02,273F3B3E,SIMBR0336,SIMR0336,SIMU0224:User 224,GRANTED
2026,1月,13,周二,14:55:02,58B690ED,SIMBR0029,SIMR0029,SIMU0081:User 81,GRANTED
2026,1月,13,周二,14:55:02,C04BAEE8,SIMBR0381,SIMR0381,SIMU0129:User 129,GRANTED
2026,1月,13,周二,14:55:02,C2F816DD,SIMBR0173,SIMR0173,SIMU0266:User 266,GRANTED
2026,1月,13,周二,14:55:02,853BC8DF,SIMBR0343,SIMR0343,SIMU0092:User 92,GRANTED
2026,1月,13,周二,14:55:02,3EA1EF87,SIMBR0170,SIMR0170,SIMU0229:User 229,GRANTED
2026,1月,13,周二,14:55:02,C718E607,SIMBR0074,SIMR0074,SIMU0089:User 89,GRANTED
2026,1月,13,周二,14:55:02,4B59E256,SIMBR0369,SIMR0369,SIMU0182:User 182,GRANTED
2026,1月,13,周二,14:55:02,45B37997,SIMBR0205,SIMR0205,SIMU0163:User 163,GRANTED
2026,1月,13,周二,14:55:02,3CC4126C,SIMBR0106,SIMR0106,SIMU0099:User 99,GRANTED
2026,1月,13,周二,14:55:02,6714B510,SIMBR0096,SIMR0096,SIMU0160:User 160,GRANTED
2026,1月,13,周二,14:55:02,7D277C80,SIMBR0382,SIMR0382,SIMU0212:User 212,GRANTED
2026,1月,13,周二,14:55:02,964B6B12,SIMBR0313,SIMR0313,SIMU0003:User 3,GRANTED
2026,1月,13,周二,14:55:02,A4F77AE3,SIMBR0229,SIMR0229,SIMU0031:User 31,GRANTED
2026,1月,13,周二,14:55:02,B6F02DDB,SIMBR0308,SIMR0308,SIMU0156:User 156,GRANTED
2026,1月,13,周二,14:55:02,D1BB07EE,SIMBR0219,SIMR0219,SIMU0287:User 287,GRANTED
2026,1月,13,周二,14:55:02,AB055C88,SIMBR0252,SIMR0252,SIMU0024:User 24,GRANTED
2026,1月,13,周二,14:55:02,C7C3B16D,SIMBR0108,SIMR0108,SIMU0259:User 259,GRANTED
2026,1月,13,周二,14:55:02,CEC0E003,SIMBR0266,SIMR0266,SIMU0009:User 9,GRANTED
2026,1月,13,周二,14:55:02,3DDB17B7,SIMBR0196,SIMR0196,SIMU0044:User 44,GRANTED
2026,1月,13,周二,14:55:02,E775A860,SIMBR0251,SIMR0251,SIMU0248:User 248,GRANTED
2026,1月,13,周二,14:55:02,46895123,BR014,RES007,SIMU0132:User 132,DENIED
2026,1月,13,周二,14:55:02,E07F08A6,SIMBR0368,SIMR0368,SIMU0246:User 246,GRANTED
2026,1月,13,周二,14:55:02,F04FDB11,SIMBR0096,SIMR0096,SIMU0125:User 125,GRANTED
2026,1月,13,周二,14:55:02,D1BB07EE,SIMBR0360,SIMR0360,SIMU0287:User 287,GRANTED
2026,1月,13,周二,14:55:02,F0ADE55C,SIMBR0195,SIMR0195,SIMU0237:User 237,GRANTED
2026,1月,13,周二,14:55:02,B6F02DDB,SIMBR0318,SIMR0318,SIMU0156:User 156,GRANTED
2026,1月,13,周二,14:55:02,CCACC23C,SIMBR0118,SIMR0118,SIMU0149:User 149,GRANTED
2026,1月,13,周二,14:55:02,C0CB4AFF,SIMBR0112,SIMR0112,SIMU0235:User 235,GRANTED
2026,1月,13,周二,14:55:02,C72DAED8,SIMBR0322,SIMR0322,SIMU0117:User 117,GRANTED
2026,1月,13,周二,14:55:02,C584F9D3,SIMBR0376,SIMR0376,EMP001:Zhang San,DENIED
2026,1月,13,周二,14:55:02,C0993563,SIMBR0267,SIMR0267,SIMU0209:User 209,GRANTED
2026,1月,13,周二,14:55:02,48744B29,SIMBR0015,SIMR0015,SIMU0035:User 35,GRANTED
2026,1月,13,周二,14:55:02,2EEB40A9,SIMBR0275,SIMR0275,SIMU0260:User 260,GRANTED
2026,1月,13,周二,14:55:02,49B45DCD,SIMBR0190,SIMR0190,SIMU0272:User 272,GRANTED
2026,1月,13,周二,14:55:02,E07F08A6,SIMBR0213,SIMR0213,SIMU0246:User 246,GRANTED
2026,1月,13,周二,14:55:02,E137F666,SIMBR0273,SIMR0273,SIMU0220:User 220,GRANTED
2026,1月,13,周二,14:55:02,69A8F764,SIMBR0239,SIMR0239,SIMU0240:User 240,GRANTED
2026,1月,13,周二,14:55:02,15D30411,SIMBR0201,SIMR0201,SIMU0289:User 289,GRANTED
2026,1月,13,周二,14:55:02,FD75651D,SIMBR0203,SIMR0203,SIMU0238:User 238,GRANTED
2026,1月,13,周二,14:55:02,DCB76AA3,SIMBR0187,SIMR0187,SIMU0228:User 228,GRANTED
2026,1月,13,周二,14:55:02,FBBEF95C,SIMBR0142,SIMR0142,SIMU0025:User 25,GRANTED
2026,1月,13,周二,14:55:02,C31E01F0,SIMBR0252,SIMR0252,SIMU0192:User 192,GRANTED
2026,1月,13,周二,14:55:02,81F12C1B,SIMBR0323,SIMR0323,SIMU0200:User 200,GRANTED
2026,1月,13,周二,14:55:02,81F12C1B,SIMBR0214,SIMR0214,SIMU0200:User 200,GRANTED
2026,1月,13,周二,14:55:02,6C174D63,SIMBR0142,SIMR0142,SIMU0116:User 116,GRANTED
2026,1月,13,周二,14:55:02,48744B29,SIMBR0172,SIMR0172,SIMU0035:User 35,GRANTED
2026,1月,13,周二,14:55:02,1EE4C053,SIMBR0347,SIMR0347,SIMU0026:User 26,GRANTED
2026,1月,13,周二,14:55:02,4D153C4A,SIMBR0374,SIMR0374,SIMU0104:User 104,GRANTED
2026,1月,13,周二,14:55:02,D504C218,SIMBR0120,SIMR0120,SIMU0060:User 60,GRANTED
2026,1月,13,周二,14:55:02,D3799252,SIMBR0178,SIMR0178,SIMU0022:User 22,GRANTED
2026,1月,13,周二,14:55:02,E116EA41,SIMBR0308,SIMR0308,SIMU0127:User 127,GRANTED
2026,1月,13,周二,14:55:02,C57735BB,SIMBR0365,SIMR0365,SIMU0242:User 242,GRANTED
2026,1月,13,周二,14:55:02,C6E3BF57,SIMBR0250,SIMR0250,SIMU0297:User 297,GRANTED
2026,1月,13,周二,14:55:02,DA33A96E,SIMBR0212,SIMR0212,SIMU0190:User 190,GRANTED
2026,1月,13,周二,14:55:02,8EA215FF,SIMBR0270,SIMR0270,SIMU0201:User 201,GRANTED
2026,1月,13,周二,14:55:02,B9D6BC00,SIMBR0248,SIMR0248,SIMU0107:User 107,GRANTED
2026,1月,13,周二,14:55:02,BA1008EF,SIMBR0073,SIMR0073,SIMU0083:User 83,GRANTED
2026,1月,13,周二,14:55:02,273F3B3E,SIMBR0367,SIMR0367,SIMU0224:User 224,GRANTED
2026,1月,13,周二,14:55:02,A7A30652,SIMBR0162,SIMR0162,SIMU0094:User 94,GRANTED
2026,1月,13,周二,14:55:02,15AB7C7D,SIMBR0005,SIMR0005,SIMU0096:User 96,GRANTED
2026,1月,13,周二,14:55:02,3B9B3EAE,SIMBR0154,SIMR0154,SIMU0144:User 144,GRANTED
2026,1月,13,周二,14:55:02,3122BEFD,SIMBR0106,SIMR0106,SIMU0066:User 66,GRANTED
2026,1月,13,周二,14:55:02,4DFA0FE5,SIMBR0145,SIMR0145,SIMU0255:User 255,GRANTED
2026,1月,13,周二,14:55:02,6C174D63,SIMBR0186,SIMR0186,SIMU0116:User 116,GRANTED
2026,1月,13,周二,14:55:02,CEC0E003,SIMBR0216,SIMR0216,SIMU0009:User 9,GRANTED
2026,1月,13,周二,14:55:02,53A1B264,SIMBR0061,SIMR0061,SIMU0017:User 17,GRANTED
2026,1月,13,周二,14:55:02,3CC4126C,SIMBR0038,SIMR0038,SIMU0099:User 99,GRANTED
2026,1月,13,周二,14:55:02,24A968FA,SIMBR0090,SIMR0090,SIMU0241:User 241,GRANTED
2026,1月,13,周二,14:55:02,2056B86F,SIMBR0124,SIMR0124,SIMU0067:User 67,GRANTED
2026,1月,13,周二,14:55:02,1A88116F,SIMBR0084,SIMR0084,SIMU0063:User 63,GRANTED
2026,1月,13,周二,14:55:02,14103484,SIMBR0261,SIMR0261,SIMU0074:User 74,GRANTED
2026,1月,13,周二,14:55:02,CA296753,SIMBR0241,SIMR0241,SIMU0055:User 55,GRANTED
2026,1月,13,周二,14:55:02,47A80030,SIMBR0270,SIMR0270,SIMU0234:User 234,GRANTED
2026,1月,13,周二,14:55:02,8B9117BE,SIMBR0213,SIMR0213,SIMU0165:User 165,GRANTED
2026,1月,13,周二,14:55:02,3EA1EF87,SIMBR0205,SIMR0205,SIMU0229:User 229,GRANTED
2026,1月,13,周二,14:55:02,7C28253F,SIMBR0318,SIMR0318,SIMU0027:User 27,GRANTED
2026,1月,13,周二,14:55:02,9A00F337,SIMBR0351,SIMR0351,SIMU0285:User 285,GRANTED
2026,1月,13,周二,14:55:02,CD0D9101,SIMBR0058,SIMR0058,SIMU0135:User 135,GRANTED
2026,1月,13,周二,14:55:02,701D5B3A,SIMBR0202,SIMR0202,SIMU0211:User 211,GRANTED
2026,1月,13,周二,14:55:02,D0B8FC16,SIMBR0320,SIMR0320,SIMU0185:User 185,GRANTED
2026,1月,13,周二,14:55:02,01513E26,SIMBR0235,SIMR0235,SIMU0181:User 181,GRANTED
2026,1月,13,周二,14:55:02,8D67E6D5,SIMBR0318,SIMR0318,SIMU0045:User 45,GRANTED
2026,1月,13,周二,14:55:02,95777979,SIMBR0323,SIMR0323,SIMU0051:User 51,GRANTED
2026,1月,13,周二,14:55:02,030D82CF,SIMBR0100,SIMR0100,SIMU0207:User 207,GRANTED
2026,1月,13,周二,14:55:02,95379CDB,SIMBR0193,SIMR0193,f46ee39b-ac9d-4193-a478-f8cfc35cec07:gagaga a,GRANTED
2026,1月,13,周二,14:55:02,33F39C8F,SIMBR0383,SIMR0383,SIMU0205:User 205,GRANTED
2026,1月,13,周二,14:55:02,91E5E6B0,SIMBR0029,SIMR0029,SIMU0079:User 79,GRANTED
2026,1月,13,周二,14:55:02,1E74F408,SIMBR0340,SIMR0340,SIMU0171:User 171,GRANTED
2026,1月,13,周二,14:55:02,FE83648E,SIMBR0134,SIMR0134,SIMU0142:User 142,GRANTED
2026,1月,13,周二,14:55:02,23858FDA,BR014,RES007,SIMU0098:User 98,DENIED
2026,1月,13,周二,14:55:02,A74F536B,SIMBR0133,SIMR0133,SIMU0097:User 97,GRANTED
2026,1月,13,周二,14:55:02,4AF57AEF,SIMBR0352,SIMR0352,SIMU0193:User 193,GRANTED
2026,1月,13,周二,14:55:02,5A758FE3,SIMBR0150,SIMR0150,SIMU0103:User 103,GRANTED
2026,1月,13,周二,14:55:02,DCB76AA3,SIMBR0257,SIMR0257,SIMU0228:User 228,GRANTED
2026,1月,13,周二,14:55:02,57ED1495,SIMBR0187,SIMR0187,SIMU0250:User 250,GRANTED
2026,1月,13,周二,14:55:03,01513E26,SIMBR0287,SIMR0287,SIMU0181:User 181,GRANTED
2026,1月,13,周二,14:55:03,273F3B3E,SIMBR0143,SIMR0143,SIMU0224:User 224,GRANTED
2026,1月,13,周二,14:55:03,E116EA41,SIMBR0157,SIMR0157,SIMU0127:User 127,GRANTED
2026,1月,13,周二,14:55:03,9615FFCC,SIMBR0359,SIMR0359,SIMU0010:User 10,GRANTED
2026,1月,13,周二,14:55:03,A53931BD,SIMBR0316,SIMR0316,SIMU0058:User 58,GRANTED
2026,1月,13,周二,14:55:03,495297EE,SIMBR0245,SIMR0245,SIMU0038:User 38,GRANTED
2026,1月,13,周二,14:55:03,D1BB07EE,SIMBR0178,SIMR0178,SIMU0287:User 287,GRANTED
2026,1月,13,周二,14:55:03,2EEB40A9,SIMBR0243,SIMR0243,SIMU0260:User 260,GRANTED
2026,1月,13,周二,14:55:03,6714B510,SIMBR0305,SIMR0305,SIMU0160:User 160,GRANTED
2026,1月,13,周二,14:55:03,D324F0AC,SIMBR0112,SIMR0112,SIMU0108:User 108,GRANTED
2026,1月,13,周二,14:55:03,7C28253F,SIMBR0398,SIMR0398,SIMU0027:User 27,GRANTED
2026,1月,13,周二,14:55:03,E116EA41,SIMBR0030,SIMR0030,SIMU0127:User 127,GRANTED
2026,1月,13,周二,14:55:03,E0F41E54,SIMBR0169,SIMR0169,SIMU0176:User 176,GRANTED
2026,1月,13,周二,14:55:03,C2F816DD,SIMBR0099,SIMR0099,SIMU0266:User 266,GRANTED
2026,1月,13,周二,14:55:03,1792E539,SIMBR0320,SIMR0320,SIMU0292:User 292,GRANTED
2026,1月,13,周二,14:55:03,C5A57784,SIMBR0146,SIMR0146,SIMU0072:User 72,GRANTED
2026,1月,13,周二,14:55:03,9A00F337,SIMBR0368,SIMR0368,SIMU0285:User 285,GRANTED
2026,1月,13,周二,14:55:03,1EBD89C8,SIMBR0028,SIMR0028,SIMU0123:User 123,GRANTED
2026,1月,13,周二,14:55:03,C3943F18,SIMBR0244,SIMR0244,SIMU0113:User 113,GRANTED
2026,1月,13,周二,14:55:03,B77EBDC0,SIMBR0210,SIMR0210,SIMU0203:User 203,GRANTED
2026,1月,13,周二,14:55:03,E2F9D137,SIMBR0137,SIMR0137,SIMU0217:User 217,GRANTED
2026,1月,13,周二,14:55:03,57ED1495,SIMBR0214,SIMR0214,SIMU0250:User 250,GRANTED
2026,1月,13,周二,14:55:03,D49E4724,SIMBR0151,SIMR0151,SIMU0278:User 278,GRANTED
2026,1月,13,周二,14:55:03,73913F8C,SIMBR0002,SIMR0002,SIMU0188:User 188,GRANTED
2026,1月,13,周二,14:55:03,E6D64EED,SIMBR0150,SIMR0150,SIMU0105:User 105,GRANTED
2026,1月,13,周二,14:55:03,C73CE928,SIMBR0101,SIMR0101,SIMU0281:User 281,GRANTED
2026,1月,13,周二,14:55:03,F832AB7A,SIMBR0047,SIMR0047,SIMU0139:User 139,GRANTED
2026,1月,13,周二,14:55:03,C3943F18,SIMBR0338,SIMR0338,SIMU0113:User 113,GRANTED
2026,1月,13,周二,14:55:03,3DC555DE,SIMBR0277,SIMR0277,SIMU0300:User 300,GRANTED
2026,1月,13,周二,14:55:03,73913F8C,SIMBR0107,SIMR0107,SIMU0188:User 188,GRANTED
2026,1月,13,周二,14:55:03,1E4AD759,SIMBR0252,SIMR0252,SIMU0029:User 29,GRANTED
2026,1月,13,周二,14:55:03,49B45DCD,SIMBR0231,SIMR0231,SIMU0272:User 272,GRANTED
2026,1月,13,周二,14:55:03,F853E5E9,SIMBR0186,SIMR0186,SIMU0119:User 119,GRANTED
2026,1月,13,周二,14:55:03,97A9597E,SIMBR0352,SIMR0352,SIMU0030:User 30,GRANTED
2026,1月,13,周二,14:55:03,78D74DDD,SIMBR0051,SIMR0051,VIS001:Qian Qi,DENIED
2026,1月,13,周二,14:55:03,8B29C7CC,SIMBR0005,SIMR0005,SIMU0175:User 175,GRANTED
2026,1月,13,周二,14:55:03,20917633,SIMBR0324,SIMR0324,SIMU0296:User 296,GRANTED
2026,1月,13,周二,14:55:03,D0171F97,SIMBR0067,SIMR0067,SIMU0032:User 32,GRANTED
2026,1月,13,周二,14:55:03,C3943F18,SIMBR0142,SIMR0142,SIMU0113:User 113,GRANTED
2026,1月,13,周二,14:55:03,5E9892AA,SIMBR0400,SIMR0400,SIMU0293:User 293,GRANTED
2026,1月,13,周二,14:55:03,273D28BF,SIMBR0006,SIMR0006,SIMU0057:User 57,GRANTED
2026,1月,13,周二,14:55:03,C6E3BF57,SIMBR0152,SIMR0152,SIMU0297:User 297,GRANTED
2026,1月,13,周二,14:55:03,6A6279C3,SIMBR0181,SIMR0181,SIMU0178:User 178,GRANTED
2026,1月,13,周二,14:55:03,2EEB40A9,SIMBR0320,SIMR0320,SIMU0260:User 260,GRANTED
2026,1月,13,周二,14:55:03,FB68A282,SIMBR0082,SIMR0082,SIMU0183:User 183,GRANTED
2026,1月,13,周二,14:55:03,7413D955,SIMBR0248,SIMR0248,SIMU0075:User 75,GRANTED
2026,1月,13,周二,14:55:03,D832D5F3,SIMBR0143,SIMR0143,SIMU0261:User 261,GRANTED
2026,1月,13,周二,14:55:03,9615FFCC,SIMBR0027,SIMR0027,SIMU0010:User 10,GRANTED
2026,1月,13,周二,14:55:03,3DC555DE,SIMBR0061,SIMR0061,SIMU0300:User 300,GRANTED
2026,1月,13,周二,14:55:03,A234EF8B,SIMBR0321,SIMR0321,SIMU0069:User 69,GRANTED
2026,1月,13,周二,14:55:03,D49E4724,SIMBR0067,SIMR0067,SIMU0278:User 278,GRANTED
2026,1月,13,周二,14:55:03,7D277C80,SIMBR0388,SIMR0388,SIMU0212:User 212,GRANTED
2026,1月,13,周二,14:55:03,6F12BFA3,SIMBR0296,SIMR0296,SIMU0218:User 218,GRANTED
2026,1月,13,周二,14:55:03,47A80030,BR024,RES017,SIMU0234:User 234,DENIED
2026,1月,13,周二,14:55:03,6CEC1FDF,SIMBR0318,SIMR0318,SIMU0230:User 230,GRANTED
2026,1月,13,周二,14:55:03,7B914E9E,SIMBR0345,SIMR0345,SIMU0215:User 215,GRANTED
2026,1月,13,周二,14:55:03,D87DCC23,SIMBR0098,SIMR0098,SIMU0006:User 6,GRANTED
2026,1月,13,周二,14:55:03,3DC555DE,SIMBR0298,SIMR0298,SIMU0300:User 300,GRANTED
2026,1月,13,周二,14:55:03,56619802,SIMBR0101,SIMR0101,SIMU0202:User 202,GRANTED
2026,1月,13,周二,14:55:03,EEC38563,SIMBR0104,SIMR0104,SIMU0141:User 141,GRANTED
2026,1月,13,周二,14:55:03,FB68A282,SIMBR0323,SIMR0323,SIMU0183:User 183,GRANTED
2026,1月,13,周二,14:55:03,E393950E,SIMBR0058,SIMR0058,SIMU0195:User 195,GRANTED
2026,1月,13,周二,14:55:03,853BC8DF,SIMBR0301,SIMR0301,SIMU0092:User 92,GRANTED
2026,1月,13,周二,14:55:03,CD0D9101,SIMBR0089,SIMR0089,SIMU0135:User 135,GRANTED
2026,1月,13,周二,14:55:03,C5A57784,SIMBR0357,SIMR0357,SIMU0072:User 72,GRANTED
2026,1月,13,周二,14:55:03,E6DCC382,SIMBR0066,SIMR0066,SIMU0158:User 158,GRANTED
2026,1月,13,周二,14:55:03,41981850,SIMBR0388,SIMR0388,SIMU0263:User 263,GRANTED
2026,1月,13,周二,14:55:03,11BD165A,SIMBR0342,SIMR0342,SIMU0154:User 154,GRANTED
2026,1月,13,周二,14:55:03,7B092D88,SIMBR0001,SIMR0001,SIMU0236:User 236,GRANTED
2026,1月,13,周二,14:55:03,BA6DDD0B,SIMBR0139,SIMR0139,SIMU0146:User 146,GRANTED
2026,1月,13,周二,14:55:03,D324F0AC,SIMBR0158,SIMR0158,SIMU0108:User 108,GRANTED
2026,1月,13,周二,14:55:03,FE83648E,SIMBR0032,SIMR0032,SIMU0142:User 142,GRANTED
2026,1月,13,周二,14:55:03,C169BAEB,SIMBR0166,SIMR0166,SIMU0174:User 174,GRANTED
2026,1月,13,周二,14:55:03,181D33C7,SIMBR0185,SIMR0185,SIMU0227:User 227,GRANTED
2026,1月,13,周二,14:55:03,1E4AD759,SIMBR0089,SIMR0089,SIMU0029:User 29,GRANTED
2026,1月,13,周二,14:55:03,5334DCE6,SIMBR0157,SIMR0157,SIMU0179:User 179,GRANTED
2026,1月,13,周二,14:55:03,EEC38563,SIMBR0119,SIMR0119,SIMU0141:User 141,GRANTED
2026,1月,13,周二,14:55:03,24A968FA,SIMBR0097,SIMR0097,SIMU0241:User 241,GRANTED
2026,1月,13,周二,14:55:03,24DE0286,SIMBR0150,SIMR0150,SIMU0221:User 221,GRANTED
2026,1月,13,周二,14:55:03,75D7C714,SIMBR0386,SIMR0386,SIMU0005:User 5,GRANTED
2026,1月,13,周二,14:55:03,CA15B29F,SIMBR0309,SIMR0309,SIMU0206:User 206,GRANTED
2026,1月,13,周二,14:55:03,D3799252,SIMBR0353,SIMR0353,SIMU0022:User 22,GRANTED
2026,1月,13,周二,14:55:03,D78DDFDE,SIMBR0068,SIMR0068,SIMU0252:User 252,GRANTED
2026,1月,13,周二,14:55:03,7CA376A0,SIMBR0162,SIMR0162,SIMU0102:User 102,GRANTED
2026,1月,13,周二,14:55:03,8D67E6D5,BR010,RES004,SIMU0045:User 45,DENIED
2026,1月,13,周二,14:55:03,2289A51E,SIMBR0399,SIMR0399,SIMU0273:User 273,GRANTED
2026,1月,13,周二,14:55:03,FBBEF95C,SIMBR0183,SIMR0183,SIMU0025:User 25,GRANTED
2026,1月,13,周二,14:55:03,D78DDFDE,SIMBR0119,SIMR0119,SIMU0252:User 252,GRANTED
2026,1月,13,周二,14:55:03,01FC696F,SIMBR0147,SIMR0147,SIMU0068:User 68,GRANTED
2026,1月,13,周二,14:55:03,6CEC1FDF,SIMBR0358,SIMR0358,SIMU0230:User 230,GRANTED
2026,1月,13,周二,14:55:03,AB055C88,SIMBR0046,SIMR0046,SIMU0024:User 24,GRANTED
2026,1月,13,周二,14:55:03,2E121B44,SIMBR0120,SIMR0120,SIMU0258:User 258,GRANTED
2026,1月,13,周二,14:55:03,E0F41E54,SIMBR0236,SIMR0236,SIMU0176:User 176,GRANTED
2026,1月,13,周二,14:55:03,2D060B76,SIMBR0042,SIMR0042,SIMU0162:User 162,GRANTED
2026,1月,13,周二,14:55:03,95777979,SIMBR0147,SIMR0147,SIMU0051:User 51,GRANTED
2026,1月,13,周二,14:55:03,C0F19B1C,SIMBR0337,SIMR0337,SIMU0155:User 155,GRANTED
2026,1月,13,周二,14:55:03,D716AAF5,SIMBR0117,SIMR0117,SIMU0170:User 170,GRANTED
2026,1月,13,周二,14:55:03,40A1D543,SIMBR0240,SIMR0240,SIMU0267:User 267,GRANTED
2026,1月,13,周二,14:55:03,273D28BF,SIMBR0205,SIMR0205,SIMU0057:User 57,GRANTED
2026,1月,13,周二,14:55:03,F0ADE55C,BR012,RES005,SIMU0237:User 237,DENIED
2026,1月,13,周二,14:55:03,0EE439B9,SIMBR0202,SIMR0202,SIMU0004:User 4,GRANTED
2026,1月,13,周二,14:55:03,69A8F764,SIMBR0020,SIMR0020,SIMU0240:User 240,GRANTED
2026,1月,13,周二,14:55:03,BA821DBA,SIMBR0227,SIMR0227,SIMU0148:User 148,GRANTED
2026,1月,13,周二,14:55:03,B13BB6C7,SIMBR0289,SIMR0289,SIMU0167:User 167,GRANTED
2026,1月,13,周二,14:55:03,983FD996,SIMBR0141,SIMR0141,SIMU0225:User 225,GRANTED
2026,1月,13,周二,14:55:03,57DBFC15,BR009,RES025,SIMU0290:User 290,DENIED
2026,1月,13,周二,14:55:03,C718E607,SIMBR0316,SIMR0316,SIMU0089:User 89,GRANTED
2026,1月,13,周二,14:55:03,D87DCC23,SIMBR0093,SIMR0093,SIMU0006:User 6,GRANTED
2026,1月,13,周二,14:55:03,559213A2,SIMBR0070,SIMR0070,SIMU0047:User 47,GRANTED
2026,1月,13,周二,14:55:03,A89B9996,SIMBR0112,SIMR0112,SIMU0213:User 213,GRANTED
2026,1月,13,周二,14:55:03,14103484,SIMBR0195,SIMR0195,SIMU0074:User 74,GRANTED
2026,1月,13,周二,14:55:03,7C3923AE,SIMBR0328,SIMR0328,SIMU0210:User 210,GRANTED
2026,1月,13,周二,14:55:03,1E4AD759,SIMBR0100,SIMR0100,SIMU0029:User 29,GRANTED
2026,1月,13,周二,14:55:03,E6D64EED,SIMBR0254,SIMR0254,SIMU0105:User 105,GRANTED
2026,1月,13,周二,14:55:03,A5DEC594,SIMBR0004,SIMR0004,SIMU0084:User 84,GRANTED
2026,1月,13,周二,14:55:03,AA3155BB,SIMBR0198,SIMR0198,SIMU0050:User 50,GRANTED
2026,1月,13,周二,14:55:03,6BDE4067,SIMBR0216,SIMR0216,SIMU0114:User 114,GRANTED
2026,1月,13,周二,14:55:03,701D5B3A,SIMBR0008,SIMR0008,SIMU0211:User 211,GRANTED
2026,1月,13,周二,14:55:03,AA3155BB,SIMBR0007,SIMR0007,SIMU0050:User 50,GRANTED
2026,1月,13,周二,14:55:03,CA296753,SIMBR0028,SIMR0028,SIMU0055:User 55,GRANTED
2026,1月,13,周二,14:55:03,13F09473,SIMBR0360,SIMR0360,SIMU0279:User 279,GRANTED
2026,1月,13,周二,14:55:03,F832AB7A,SIMBR0021,SIMR0021,SIMU0139:User 139,GRANTED
2026,1月,13,周二,14:55:03,57DBFC15,SIMBR0158,SIMR0158,SIMU0290:User 290,GRANTED
2026,1月,13,周二,14:55:03,14103484,SIMBR0048,SIMR0048,SIMU0074:User 74,GRANTED
2026,1月,13,周二,14:55:03,D78DDFDE,SIMBR0152,SIMR0152,SIMU0252:User 252,GRANTED
2026,1月,13,周二,14:55:03,983FD996,BR025,RES018,SIMU0225:User 225,DENIED
2026,1月,13,周二,14:55:03,F90964BF,SIMBR0144,SIMR0144,SIMU0091:User 91,GRANTED
2026,1月,13,周二,14:55:03,983FD996,SIMBR0231,SIMR0231,SIMU0225:User 225,GRANTED
2026,1月,13,周二,14:55:03,41981850,SIMBR0084,SIMR0084,SIMU0263:User 263,GRANTED
2026,1月,13,周二,14:55:03,7CE9CF19,SIMBR0225,SIMR0225,SIMU0020:User 20,GRANTED
2026,1月,13,周二,14:55:03,E2506042,SIMBR0055,SIMR0055,SIMU0101:User 101,GRANTED
2026,1月,13,周二,14:55:03,7B092D88,SIMBR0066,SIMR0066,SIMU0236:User 236,GRANTED
2026,1月,13,周二,14:55:03,C0993563,SIMBR0011,SIMR0011,SIMU0209:User 209,GRANTED
2026,1月,13,周二,14:55:03,F9B71846,SIMBR0218,SIMR0218,SIMU0196:User 196,GRANTED
2026,1月,13,周二,14:55:03,5560EC7D,SIMBR0181,SIMR0181,SIMU0109:User 109,GRANTED
2026,1月,13,周二,14:55:03,E8751622,SIMBR0025,SIMR0025,SIMU0161:User 161,GRANTED
2026,1月,13,周二,14:55:03,D832D5F3,SIMBR0068,SIMR0068,SIMU0261:User 261,GRANTED
2026,1月,13,周二,14:55:03,97A9597E,SIMBR0058,SIMR0058,SIMU0030:User 30,GRANTED
2026,1月,13,周二,14:55:03,F1D4B1B6,SIMBR0359,SIMR0359,SIMU0247:User 247,GRANTED
2026,1月,13,周二,14:55:03,58B690ED,SIMBR0134,SIMR0134,SIMU0081:User 81,GRANTED
2026,1月,13,周二,14:55:03,1A3D1ED6,SIMBR0302,SIMR0302,SIMU0231:User 231,GRANTED
2026,1月,13,周二,14:55:03,A5A16F78,SIMBR0294,SIMR0294,SIMU0294:User 294,GRANTED
2026,1月,13,周二,14:55:03,33F39C8F,SIMBR0060,SIMR0060,SIMU0205:User 205,GRANTED
2026,1月,13,周二,14:55:03,A53931BD,SIMBR0224,SIMR0224,SIMU0058:User 58,GRANTED
2026,1月,13,周二,14:55:03,24546BD0,SIMBR0143,SIMR0143,SIMU0251:User 251,GRANTED
2026,1月,13,周二,14:55:03,01513E26,SIMBR0198,SIMR0198,SIMU0181:User 181,GRANTED
2026,1月,13,周二,14:55:03,3DDB17B7,SIMBR0023,SIMR0023,SIMU0044:User 44,GRANTED
2026,1月,13,周二,14:55:03,E775A860,SIMBR0286,SIMR0286,SIMU0248:User 248,GRANTED
2026,1月,13,周二,14:55:03,8884A944,SIMBR0120,SIMR0120,SIMU0295:User 295,GRANTED
2026,1月,13,周二,14:55:03,47C3A99F,SIMBR0129,SIMR0129,SIMU0136:User 136,GRANTED
2026,1月,13,周二,14:55:03,40A1D543,SIMBR0172,SIMR0172,SIMU0267:User 267,GRANTED
2026,1月,13,周二,14:55:03,A89B9996,SIMBR0049,SIMR0049,SIMU0213:User 213,GRANTED
2026,1月,13,周二,14:55:03,3A395E30,SIMBR0107,SIMR0107,SIMU0280:User 280,GRANTED
2026,1月,13,周二,14:55:03,A5DEC594,SIMBR0290,SIMR0290,SIMU0084:User 84,GRANTED
2026,1月,13,周二,14:55:03,B13BB6C7,SIMBR0048,SIMR0048,SIMU0167:User 167,GRANTED
2026,1月,13,周二,14:55:03,CB1ACCC7,SIMBR0136,SIMR0136,SIMU0110:User 110,GRANTED
2026,1月,13,周二,14:55:03,5D5C3450,SIMBR0169,SIMR0169,SIMU0131:User 131,GRANTED
2026,1月,13,周二,14:55:03,54C5EDBD,SIMBR0234,SIMR0234,SIMU0145:User 145,GRANTED
2026,1月,13,周二,14:55:03,B2D6FCB4,SIMBR0203,SIMR0203,SIMU0086:User 86,GRANTED
2026,1月,13,周二,14:55:03,2056B86F,SIMBR0241,SIMR0241,SIMU0067:User 67,GRANTED
2026,1月,13,周二,14:55:03,AA3155BB,SIMBR0344,SIMR0344,SIMU0050:User 50,GRANTED
2026,1月,13,周二,14:55:03,E07F08A6,BR005,RES023,SIMU0246:User 246,DENIED
2026,1月,13,周二,14:55:03,45BE30A8,SIMBR0171,SIMR0171,8d1a5202-9052-4f93-bf5a-4deffdf65fd3:a q,GRANTED
2026,1月,13,周二,14:55:03,EEC38563,SIMBR0110,SIMR0110,SIMU0141:User 141,GRANTED
2026,1月,13,周二,14:55:03,F832AB7A,SIMBR0210,SIMR0210,SIMU0139:User 139,GRANTED
2026,1月,13,周二,14:55:03,A2589816,SIMBR0185,SIMR0185,SIMU0082:User 82,GRANTED
2026,1月,13,周二,14:55:03,40A1D543,SIMBR0193,SIMR0193,SIMU0267:User 267,GRANTED
2026,1月,13,周二,14:55:03,5C4195BE,SIMBR0074,SIMR0074,SIMU0288:User 288,GRANTED
2026,1月,13,周二,14:55:03,3A52D444,SIMBR0245,SIMR0245,SIMU0166:User 166,GRANTED
2026,1月,13,周二,14:55:03,15AB7C7D,SIMBR0348,SIMR0348,SIMU0096:User 96,GRANTED
2026,1月,13,周二,14:55:03,6C174D63,SIMBR0039,SIMR0039,SIMU0116:User 116,GRANTED
2026,1月,13,周二,14:55:03,49B45DCD,BR025,RES018,SIMU0272:User 272,DENIED
2026,1月,13,周二,14:55:03,D2C7D462,SIMBR0006,SIMR0006,SIMU0061:User 61,GRANTED
2026,1月,13,周二,14:55:03,3122BEFD,SIMBR0090,SIMR0090,SIMU0066:User 66,GRANTED
2026,1月,13,周二,14:55:03,3B9B3EAE,SIMBR0232,SIMR0232,SIMU0144:User 144,GRANTED
2026,1月,13,周二,14:55:03,CB0F203D,SIMBR0018,SIMR0018,SIMU0124:User 124,GRANTED
2026,1月,13,周二,14:55:03,8C19D42A,BR005,RES023,SIMU0284:User 284,DENIED
2026,1月,13,周二,14:55:03,6A6279C3,SIMBR0056,SIMR0056,SIMU0178:User 178,GRANTED
2026,1月,13,周二,14:55:03,BD4961D3,SIMBR0214,SIMR0214,SIMU0169:User 169,GRANTED
2026,1月,13,周二,14:55:03,6C174D63,SIMBR0012,SIMR0012,SIMU0116:User 116,GRANTED
2026,1月,13,周二,14:55:03,5FF2F656,SIMBR0010,SIMR0010,SIMU0120:User 120,GRANTED
2026,1月,13,周二,14:55:03,56619802,SIMBR0006,SIMR0006,SIMU0202:User 202,GRANTED
2026,1月,13,周二,14:55:03,6FFD7F45,SIMBR0247,SIMR0247,SIMU0198:User 198,GRANTED
2026,1月,13,周二,14:55:03,6213A883,SIMBR0290,SIMR0290,SIMU0249:User 249,GRANTED
2026,1月,13,周二,14:55:03,F04FDB11,SIMBR0009,SIMR0009,SIMU0125:User 125,GRANTED
2026,1月,13,周二,14:55:03,0A675EEC,SIMBR0272,SIMR0272,SIMU0138:User 138,GRANTED
2026,1月,13,周二,14:55:03,BA893511,SIMBR0116,SIMR0116,SIMU0269:User 269,GRANTED
2026,1月,13,周二,14:55:03,BA821DBA,SIMBR0055,SIMR0055,SIMU0148:User 148,GRANTED
2026,1月,13,周二,14:55:03,5334DCE6,SIMBR0013,SIMR0013,SIMU0179:User 179,GRANTED
2026,1月,13,周二,14:55:03,FB68A282,SIMBR0234,SIMR0234,SIMU0183:User 183,GRANTED
2026,1月,13,周二,14:55:03,5D5C3450,SIMBR0363,SIMR0363,SIMU0131:User 131,GRANTED
2026,1月,13,周二,14:55:03,84F825EE,SIMBR0173,SIMR0173,SIMU0150:User 150,GRANTED
2026,1月,13,周二,14:55:03,C7C3B16D,SIMBR0356,SIMR0356,SIMU0259:User 259,GRANTED
2026,1月,13,周二,14:55:03,CBD2A48A,SIMBR0117,SIMR0117,SIMU0021:User 21,GRANTED
2026,1月,13,周二,14:55:03,0641BA46,SIMBR0138,SIMR0138,SIMU0085:User 85,GRANTED
2026,1月,13,周二,14:55:03,983FD996,SIMBR0153,SIMR0153,SIMU0225:User 225,GRANTED
2026,1月,13,周二,14:55:03,D49E4724,SIMBR0224,SIMR0224,SIMU0278:User 278,GRANTED
2026,1月,13,周二,14:55:03,3DC555DE,BR019,RES012,SIMU0300:User 300,DENIED
2026,1月,13,周二,14:55:03,C73CE928,SIMBR0189,SIMR0189,SIMU0281:User 281,GRANTED
2026,1月,13,周二,14:55:03,8EA215FF,SIMBR0171,SIMR0171,SIMU0201:User 201,GRANTED
2026,1月,13,周二,14:55:04,D832D5F3,SIMBR0022,SIMR0022,SIMU0261:User 261,GRANTED
2026,1月,13,周二,14:55:04,E55AD432,SIMBR0371,SIMR0371,SIMU0134:User 134,GRANTED
2026,1月,13,周二,14:55:04,0EA23D3A,SIMBR0030,SIMR0030,SIMU0062:User 62,GRANTED
2026,1月,13,周二,14:55:04,C46D887F,SIMBR0141,SIMR0141,SIMU0254:User 254,GRANTED
2026,1月,13,周二,14:55:04,D0B8FC16,SIMBR0314,SIMR0314,SIMU0185:User 185,GRANTED
2026,1月,13,周二,14:55:04,9D3B8CFC,SIMBR0393,SIMR0393,SIMU0095:User 95,GRANTED
2026,1月,13,周二,14:55:04,16ED8B1D,SIMBR0230,SIMR0230,SIMU0073:User 73,GRANTED
2026,1月,13,周二,14:55:04,546575AC,SIMBR0362,SIMR0362,SIMU0140:User 140,GRANTED
2026,1月,13,周二,14:55:04,4AF57AEF,SIMBR0176,SIMR0176,SIMU0193:User 193,GRANTED
2026,1月,13,周二,14:55:04,7C3923AE,SIMBR0128,SIMR0128,SIMU0210:User 210,GRANTED
2026,1月,13,周二,14:55:04,BC450719,SIMBR0243,SIMR0243,SIMU0013:User 13,GRANTED
2026,1月,13,周二,14:55:04,15AB7C7D,SIMBR0046,SIMR0046,SIMU0096:User 96,GRANTED
2026,1月,13,周二,14:55:04,50B332C8,SIMBR0003,SIMR0003,SIMU0122:User 122,GRANTED
2026,1月,13,周二,14:55:04,8884A944,SIMBR0022,SIMR0022,SIMU0295:User 295,GRANTED
2026,1月,13,周二,14:55:04,B2D6FCB4,SIMBR0146,SIMR0146,SIMU0086:User 86,GRANTED
2026,1月,13,周二,14:55:04,15D30411,BR017,RES010,SIMU0289:User 289,DENIED
2026,1月,13,周二,14:55:04,128D7B1F,SIMBR0254,SIMR0254,SIMU0121:User 121,GRANTED
2026,1月,13,周二,14:55:04,DF7754DF,SIMBR0036,SIMR0036,SIMU0019:User 19,GRANTED
2026,1月,13,周二,14:55:04,CA15B29F,SIMBR0247,SIMR0247,SIMU0206:User 206,GRANTED
2026,1月,13,周二,14:55:04,C72DAED8,SIMBR0317,SIMR0317,SIMU0117:User 117,GRANTED
2026,1月,13,周二,14:55:04,C57735BB,SIMBR0240,SIMR0240,SIMU0242:User 242,GRANTED
2026,1月,13,周二,14:55:04,44B3ADEE,SIMBR0397,SIMR0397,SIMU0157:User 157,GRANTED
2026,1月,13,周二,14:55:04,AA3155BB,SIMBR0127,SIMR0127,SIMU0050:User 50,GRANTED
2026,1月,13,周二,14:55:04,3A52D444,SIMBR0072,SIMR0072,SIMU0166:User 166,GRANTED
2026,1月,13,周二,14:55:04,C72DAED8,SIMBR0094,SIMR0094,SIMU0117:User 117,GRANTED
2026,1月,13,周二,14:55:04,BA893511,BR009,RES025,SIMU0269:User 269,DENIED
2026,1月,13,周二,14:55:04,C584F9D3,BR025,RES018,EMP001:Zhang San,GRANTED
2026,1月,13,周二,14:55:04,C50459DB,SIMBR0396,SIMR0396,SIMU0262:User 262,GRANTED
2026,1月,13,周二,14:55:04,6F12BFA3,SIMBR0049,SIMR0049,SIMU0218:User 218,GRANTED
2026,1月,13,周二,14:55:04,24DE0286,SIMBR0236,SIMR0236,SIMU0221:User 221,GRANTED
2026,1月,13,周二,14:55:04,BA821DBA,SIMBR0375,SIMR0375,SIMU0148:User 148,GRANTED
2026,1月,13,周二,14:55:04,7B092D88,SIMBR0348,SIMR0348,SIMU0236:User 236,GRANTED
2026,1月,13,周二,14:55:04,0DE450B1,SIMBR0102,SIMR0102,SIMU0016:User 16,GRANTED
2026,1月,13,周二,14:55:04,1EBD89C8,SIMBR0005,SIMR0005,SIMU0123:User 123,GRANTED
2026,1月,13,周二,14:55:04,394DF2A8,SIMBR0025,SIMR0025,SIMU0111:User 111,GRANTED
2026,1月,13,周二,14:55:04,1A88116F,SIMBR0383,SIMR0383,SIMU0063:User 63,GRANTED
2026,1月,13,周二,14:55:04,54C5EDBD,SIMBR0039,SIMR0039,SIMU0145:User 145,GRANTED
2026,1月,13,周二,14:55:04,CA782D54,SIMBR0358,SIMR0358,SIMU0219:User 219,GRANTED
2026,1月,13,周二,14:55:04,643D2F0C,SIMBR0350,SIMR0350,SIMU0048:User 48,GRANTED
2026,1月,13,周二,14:55:04,D1BB07EE,SIMBR0374,SIMR0374,SIMU0287:User 287,GRANTED
2026,1月,13,周二,14:55:04,3DDB17B7,SIMBR0094,SIMR0094,SIMU0044:User 44,GRANTED
2026,1月,13,周二,14:55:04,F9B71846,SIMBR0075,SIMR0075,SIMU0196:User 196,GRANTED
2026,1月,13,周二,14:55:04,CA15B29F,SIMBR0172,SIMR0172,SIMU0206:User 206,GRANTED
2026,1月,13,周二,14:55:04,C7C3B16D,SIMBR0325,SIMR0325,SIMU0259:User 259,GRANTED
2026,1月,13,周二,14:55:04,A4F77AE3,SIMBR0307,SIMR0307,SIMU0031:User 31,GRANTED
2026,1月,13,周二,14:55:04,A2589816,SIMBR0012,SIMR0012,SIMU0082:User 82,GRANTED
2026,1月,13,周二,14:55:04,BA0243B9,SIMBR0324,SIMR0324,PM001:Sun Ba,DENIED
2026,1月,13,周二,14:55:04,23858FDA,SIMBR0199,SIMR0199,SIMU0098:User 98,GRANTED
2026,1月,13,周二,14:55:04,11BD165A,SIMBR0064,SIMR0064,SIMU0154:User 154,GRANTED
2026,1月,13,周二,14:55:04,CB2FA116,SIMBR0092,SIMR0092,SIMU0172:User 172,GRANTED
2026,1月,13,周二,14:55:04,2E121B44,SIMBR0352,SIMR0352,SIMU0258:User 258,GRANTED
2026,1月,13,周二,14:55:04,D78DDFDE,SIMBR0116,SIMR0116,SIMU0252:User 252,GRANTED
2026,1月,13,周二,14:55:04,5A758FE3,SIMBR0137,SIMR0137,SIMU0103:User 103,GRANTED
2026,1月,13,周二,14:55:04,56619802,SIMBR0245,SIMR0245,SIMU0202:User 202,GRANTED
2026,1月,13,周二,14:55:04,701D5B3A,SIMBR0006,SIMR0006,SIMU0211:User 211,GRANTED
2026,1月,13,周二,14:55:04,A89B9996,BR016,RES009,SIMU0213:User 213,DENIED
2026,1月,13,周二,14:55:04,86937632,SIMBR0258,SIMR0258,SIMU0187:User 187,GRANTED
2026,1月,13,周二,14:55:04,1A88116F,SIMBR0329,SIMR0329,SIMU0063:User 63,GRANTED
2026,1月,13,周二,14:55:04,BA6DDD0B,SIMBR0154,SIMR0154,SIMU0146:User 146,GRANTED
2026,1月,13,周二,14:55:04,47A80030,SIMBR0193,SIMR0193,SIMU0234:User 234,GRANTED
2026,1月,13,周二,14:55:04,D0B8FC16,BR002,RES021,SIMU0185:User 185,DENIED
2026,1月,13,周二,14:55:04,95379CDB,SIMBR0170,SIMR0170,f46ee39b-ac9d-4193-a478-f8cfc35cec07:gagaga a,GRANTED
2026,1月,13,周二,14:55:04,5560EC7D,SIMBR0111,SIMR0111,SIMU0109:User 109,GRANTED
2026,1月,13,周二,14:55:04,643D2F0C,SIMBR0298,SIMR0298,SIMU0048:User 48,GRANTED
2026,1月,13,周二,14:55:04,6FFD7F45,SIMBR0058,SIMR0058,SIMU0198:User 198,GRANTED
2026,1月,13,周二,14:55:04,3B9B3EAE,SIMBR0381,SIMR0381,SIMU0144:User 144,GRANTED
2026,1月,13,周二,14:55:04,964B6B12,SIMBR0201,SIMR0201,SIMU0003:User 3,GRANTED
2026,1月,13,周二,14:55:04,66FC8294,SIMBR0230,SIMR0230,SIMU0180:User 180,GRANTED
2026,1月,13,周二,14:55:04,2056B86F,SIMBR0188,SIMR0188,SIMU0067:User 67,GRANTED
2026,1月,13,周二,14:55:04,7CA376A0,SIMBR0122,SIMR0122,SIMU0102:User 102,GRANTED
2026,1月,13,周二,14:55:04,358D24E5,SIMBR0210,SIMR0210,SIMU0130:User 130,GRANTED
2026,1月,13,周二,14:55:04,538EE2BF,SIMBR0366,SIMR0366,SIMU0177:User 177,GRANTED
2026,1月,13,周二,14:55:04,DF7754DF,SIMBR0022,SIMR0022,SIMU0019:User 19,GRANTED
2026,1月,13,周二,14:55:04,8E0C2F27,SIMBR0301,SIMR0301,SIMU0126:User 126,GRANTED
2026,1月,13,周二,14:55:04,D1BB07EE,SIMBR0135,SIMR0135,SIMU0287:User 287,GRANTED
2026,1月,13,周二,14:55:04,23858FDA,SIMBR0395,SIMR0395,SIMU0098:User 98,GRANTED
2026,1月,13,周二,14:55:04,E6D64EED,SIMBR0144,SIMR0144,SIMU0105:User 105,GRANTED
2026,1月,13,周二,14:55:04,24A968FA,SIMBR0090,SIMR0090,SIMU0241:User 241,GRANTED
2026,1月,13,周二,14:55:04,56C4C8CF,SIMBR0217,SIMR0217,SIMU0077:User 77,GRANTED
2026,1月,13,周二,14:55:04,394DF2A8,SIMBR0269,SIMR0269,SIMU0111:User 111,GRANTED
2026,1月,13,周二,14:55:04,6E7782F8,SIMBR0392,SIMR0392,INT001:Zhao Liu,DENIED
2026,1月,13,周二,14:55:04,2E121B44,SIMBR0063,SIMR0063,SIMU0258:User 258,GRANTED
2026,1月,13,周二,14:55:04,E0F41E54,SIMBR0316,SIMR0316,SIMU0176:User 176,GRANTED
2026,1月,13,周二,14:55:04,1DE07196,SIMBR0071,SIMR0071,SIMU0274:User 274,GRANTED
2026,1月,13,周二,14:55:04,030D82CF,BR021,RES014,SIMU0207:User 207,DENIED
2026,1月,13,周二,14:55:04,B13BB6C7,SIMBR0315,SIMR0315,SIMU0167:User 167,GRANTED
2026,1月,13,周二,14:55:04,C44E5E52,SIMBR0236,SIMR0236,SIMU0002:User 2,GRANTED
2026,1月,13,周二,14:55:04,5C4195BE,SIMBR0375,SIMR0375,SIMU0288:User 288,GRANTED
2026,1月,13,周二,14:55:04,8CBA0F42,SIMBR0312,SIMR0312,SIMU0152:User 152,GRANTED
2026,1月,13,周二,14:55:04,FB68A282,SIMBR0183,SIMR0183,SIMU0183:User 183,GRANTED
2026,1月,13,周二,14:55:04,31C1AEEF,SIMBR0265,SIMR0265,SIMU0039:User 39,GRANTED
2026,1月,13,周二,14:55:04,6E7782F8,SIMBR0054,SIMR0054,INT001:Zhao Liu,DENIED
2026,1月,13,周二,14:55:04,BA821DBA,BR007,RES024,SIMU0148:User 148,DENIED
2026,1月,13,周二,14:55:04,2289A51E,SIMBR0138,SIMR0138,SIMU0273:User 273,GRANTED
2026,1月,13,周二,14:55:04,0FB515EE,SIMBR0332,SIMR0332,SIMU0033:User 33,GRANTED
2026,1月,13,周二,14:55:04,B095C629,SIMBR0145,SIMR0145,SIMU0257:User 257,GRANTED
2026,1月,13,周二,14:55:04,5E9892AA,SIMBR0082,SIMR0082,SIMU0293:User 293,GRANTED
2026,1月,13,周二,14:55:04,8E0C2F27,SIMBR0027,SIMR0027,SIMU0126:User 126,GRANTED
2026,1月,13,周二,14:55:04,1E4AD759,SIMBR0181,SIMR0181,SIMU0029:User 29,GRANTED
2026,1月,13,周二,14:55:04,D504C218,SIMBR0229,SIMR0229,SIMU0060:User 60,GRANTED
2026,1月,13,周二,14:55:04,964B6B12,SIMBR0391,SIMR0391,SIMU0003:User 3,GRANTED
2026,1月,13,周二,14:55:04,489655D2,SIMBR0046,SIMR0046,CON001:Wang Wu,DENIED
2026,1月,13,周二,14:55:04,AF6C110D,SIMBR0381,SIMR0381,SIMU0080:User 80,GRANTED
2026,1月,13,周二,14:55:04,A51F7B4F,SIMBR0338,SIMR0338,SIMU0277:User 277,GRANTED
2026,1月,13,周二,14:55:04,0EE439B9,SIMBR0252,SIMR0252,SIMU0004:User 4,GRANTED
2026,1月,13,周二,14:55:04,0EA23D3A,SIMBR0162,SIMR0162,SIMU0062:User 62,GRANTED
2026,1月,13,周二,14:55:04,359F9D02,SIMBR0191,SIMR0191,SIMU0087:User 87,GRANTED
2026,1月,13,周二,14:55:04,A2589816,SIMBR0004,SIMR0004,SIMU0082:User 82,GRANTED
2026,1月,13,周二,14:55:04,6A6279C3,SIMBR0211,SIMR0211,SIMU0178:User 178,GRANTED
2026,1月,13,周二,14:55:04,95379CDB,SIMBR0325,SIMR0325,f46ee39b-ac9d-4193-a478-f8cfc35cec07:gagaga a,GRANTED
2026,1月,13,周二,14:55:04,8BF81A2A,SIMBR0128,SIMR0128,SIMU0233:User 233,GRANTED
2026,1月,13,周二,14:55:04,45BE30A8,SIMBR0176,SIMR0176,8d1a5202-9052-4f93-bf5a-4deffdf65fd3:a q,GRANTED
2026,1月,13,周二,14:55:04,DB66EC85,SIMBR0027,SIMR0027,SIMU0100:User 100,GRANTED
2026,1月,13,周二,14:55:04,0540806D,SIMBR0057,SIMR0057,SIMU0265:User 265,GRANTED
2026,1月,13,周二,14:55:04,F3B58DFF,SIMBR0340,SIMR0340,SIMU0076:User 76,GRANTED
2026,1月,13,周二,14:55:04,AB055C88,BR002,RES021,SIMU0024:User 24,DENIED
2026,1月,13,周二,14:55:04,8D67E6D5,BR008,RES003,SIMU0045:User 45,DENIED
2026,1月,13,周二,14:55:04,F04FDB11,SIMBR0231,SIMR0231,SIMU0125:User 125,GRANTED
2026,1月,13,周二,14:55:04,10321BC3,SIMBR0072,SIMR0072,SIMU0042:User 42,GRANTED
2026,1月,13,周二,14:55:04,6B7D13ED,SIMBR0199,SIMR0199,SIMU0191:User 191,GRANTED
2026,1月,13,周二,14:55:04,628D5BBC,SIMBR0091,SIMR0091,SIMU0041:User 41,GRANTED
2026,1月,13,周二,14:55:04,D1BB07EE,SIMBR0267,SIMR0267,SIMU0287:User 287,GRANTED
2026,1月,13,周二,14:55:04,CD0D9101,SIMBR0033,SIMR0033,SIMU0135:User 135,GRANTED
2026,1月,13,周二,14:55:04,A5A16F78,SIMBR0054,SIMR0054,SIMU0294:User 294,GRANTED
2026,1月,13,周二,14:55:04,BA0243B9,SIMBR0164,SIMR0164,PM001:Sun Ba,DENIED
2026,1月,13,周二,14:55:04,B6F02DDB,SIMBR0265,SIMR0265,SIMU0156:User 156,GRANTED
2026,1月,13,周二,14:55:04,273F3B3E,SIMBR0194,SIMR0194,SIMU0224:User 224,GRANTED
2026,1月,13,周二,14:55:04,FD75651D,SIMBR0296,SIMR0296,SIMU0238:User 238,GRANTED
2026,1月,13,周二,14:55:04,BA893511,SIMBR0240,SIMR0240,SIMU0269:User 269,GRANTED
2026,1月,13,周二,14:55:04,8D67E6D5,SIMBR0396,SIMR0396,SIMU0045:User 45,GRANTED
2026,1月,13,周二,14:55:04,3A395E30,SIMBR0200,SIMR0200,SIMU0280:User 280,GRANTED
2026,1月,13,周二,14:55:04,35C69784,BR014,RES007,SIMU0168:User 168,DENIED
2026,1月,13,周二,14:55:04,C3943F18,SIMBR0072,SIMR0072,SIMU0113:User 113,GRANTED
2026,1月,13,周二,14:55:04,CB0F203D,SIMBR0372,SIMR0372,SIMU0124:User 124,GRANTED
2026,1月,13,周二,14:55:04,628D5BBC,SIMBR0119,SIMR0119,SIMU0041:User 41,GRANTED
2026,1月,13,周二,14:55:04,7B092D88,SIMBR0130,SIMR0130,SIMU0236:User 236,GRANTED
2026,1月,13,周二,14:55:04,D0171F97,SIMBR0308,SIMR0308,SIMU0032:User 32,GRANTED
2026,1月,13,周二,14:55:04,3DC555DE,SIMBR0103,SIMR0103,SIMU0300:User 300,GRANTED
2026,1月,13,周二,14:55:04,C0F19B1C,SIMBR0345,SIMR0345,SIMU0155:User 155,GRANTED
2026,1月,13,周二,14:55:04,6A6279C3,SIMBR0064,SIMR0064,SIMU0178:User 178,GRANTED
2026,1月,13,周二,14:55:04,8D67E6D5,SIMBR0384,SIMR0384,SIMU0045:User 45,GRANTED
2026,1月,13,周二,14:55:04,73913F8C,SIMBR0337,SIMR0337,SIMU0188:User 188,GRANTED
2026,1月,13,周二,14:55:04,1EBD89C8,SIMBR0205,SIMR0205,SIMU0123:User 123,GRANTED
2026,1月,13,周二,14:55:04,14103484,SIMBR0374,SIMR0374,SIMU0074:User 74,GRANTED
2026,1月,13,周二,14:55:04,13990099,SIMBR0206,SIMR0206,SIMU0008:User 8,GRANTED
2026,1月,13,周二,14:55:04,853BC8DF,SIMBR0190,SIMR0190,SIMU0092:User 92,GRANTED
2026,1月,13,周二,14:55:04,FC9C0D71,SIMBR0080,SIMR0080,SIMU0093:User 93,GRANTED
2026,1月,13,周二,14:55:04,1A3D1ED6,BR024,RES017,SIMU0231:User 231,DENIED
2026,1月,13,周二,14:55:04,53A1B264,SIMBR0268,SIMR0268,SIMU0017:User 17,GRANTED
2026,1月,13,周二,14:55:04,3B22F02A,SIMBR0159,SIMR0159,SIMU0299:User 299,GRANTED
2026,1月,13,周二,14:55:04,0641BA46,SIMBR0291,SIMR0291,SIMU0085:User 85,GRANTED
2026,1月,13,周二,14:55:04,5334DCE6,SIMBR0272,SIMR0272,SIMU0179:User 179,GRANTED
2026,1月,13,周二,14:55:04,C50459DB,SIMBR0389,SIMR0389,SIMU0262:User 262,GRANTED
2026,1月,13,周二,14:55:04,97A9597E,SIMBR0057,SIMR0057,SIMU0030:User 30,GRANTED
2026,1月,13,周二,14:55:04,CD0D9101,SIMBR0195,SIMR0195,SIMU0135:User 135,GRANTED
2026,1月,13,周二,14:55:04,C3943F18,SIMBR0282,SIMR0282,SIMU0113:User 113,GRANTED
2026,1月,13,周二,14:55:04,5D5C3450,SIMBR0129,SIMR0129,SIMU0131:User 131,GRANTED
2026,1月,13,周二,14:55:04,58B55845,SIMBR0067,SIMR0067,EMP002:Li Si,DENIED
2026,1月,13,周二,14:55:04,8E0C2F27,SIMBR0384,SIMR0384,SIMU0126:User 126,GRANTED
2026,1月,13,周二,14:55:04,BEBCE825,SIMBR0180,SIMR0180,SIMU0270:User 270,GRANTED
2026,1月,13,周二,14:55:04,DB66EC85,SIMBR0161,SIMR0161,SIMU0100:User 100,GRANTED
2026,1月,13,周二,14:55:04,7BEB2168,SIMBR0154,SIMR0154,SIMU0282:User 282,GRANTED
2026,1月,13,周二,14:55:04,D49E4724,SIMBR0313,SIMR0313,SIMU0278:User 278,GRANTED
2026,1月,13,周二,14:55:04,B13BB6C7,SIMBR0230,SIMR0230,SIMU0167:User 167,GRANTED
2026,1月,13,周二,14:55:04,7CA376A0,SIMBR0249,SIMR0249,SIMU0102:User 102,GRANTED
2026,1月,13,周二,14:55:04,EEC38563,SIMBR0262,SIMR0262,SIMU0141:User 141,GRANTED
2026,1月,13,周二,14:55:04,B9D6BC00,SIMBR0179,SIMR0179,SIMU0107:User 107,GRANTED
2026,1月,13,周二,14:55:04,C2EDBC0C,SIMBR0225,SIMR0225,SIMU0226:User 226,GRANTED
2026,1月,13,周二,14:55:04,11BD165A,SIMBR0152,SIMR0152,SIMU0154:User 154,GRANTED
2026,1月,13,周二,14:55:04,8BC6335E,SIMBR0364,SIMR0364,SIMU0204:User 204,GRANTED
2026,1月,13,周二,14:55:04,54C5EDBD,SIMBR0325,SIMR0325,SIMU0145:User 145,GRANTED
2026,1月,13,周二,14:55:04,068AFAB6,SIMBR0318,SIMR0318,SIMU0115:User 115,GRANTED
2026,1月,13,周二,14:55:04,C5A57784,SIMBR0265,SIMR0265,SIMU0072:User 72,GRANTED
2026,1月,13,周二,14:55:04,6C174D63,SIMBR0377,SIMR0377,SIMU0116:User 116,GRANTED
2026,1月,13,周二,14:55:04,C3943F18,SIMBR0254,SIMR0254,SIMU0113:User 113,GRANTED
2026,1月,13,周二,14:55:04,6BDE4067,SIMBR0048,SIMR0048,SIMU0114:User 114,GRANTED
2026,1月,13,周二,14:55:04,B33C40D7,SIMBR0045,SIMR0045,SIMU0015:User 15,GRANTED
2026,1月,13,周二,14:55:04,94264C0C,SIMBR0112,SIMR0112,SIMU0118:User 118,GRANTED
2026,1月,13,周二,14:55:04,DF7754DF,SIMBR0373,SIMR0373,SIMU0019:User 19,GRANTED
2026,1月,13,周二,14:55:04,A74F536B,SIMBR0205,SIMR0205,SIMU0097:User 97,GRANTED
2026,1月,13,周二,14:55:04,21A13EE6,SIMBR0333,SIMR0333,SIMU0133:User 133,GRANTED
2026,1月,13,周二,14:55:04,FAE4DEC5,SIMBR0100,SIMR0100,SIMU0053:User 53,GRANTED
2026,1月,13,周二,14:55:04,BA1008EF,SIMBR0268,SIMR0268,SIMU0083:User 83,GRANTED
2026,1月,13,周二,14:55:04,B1990B96,SIMBR0264,SIMR0264,SIMU0106:User 106,GRANTED
2026,1月,13,周二,14:55:04,57DBFC15,SIMBR0267,SIMR0267,SIMU0290:User 290,GRANTED
2026,1月,13,周二,14:55:04,CEC0E003,SIMBR0150,SIMR0150,SIMU0009:User 9,GRANTED
2026,1月,13,周二,14:55:04,9FA88CE9,BR023,RES016,SIMU0049:User 49,DENIED
2026,1月,13,周二,14:55:04,BA821DBA,SIMBR0125,SIMR0125,SIMU0148:User 148,GRANTED
2026,1月,13,周二,14:55:04,F832AB7A,SIMBR0019,SIMR0019,SIMU0139:User 139,GRANTED
2026,1月,13,周二,14:55:04,1E4AD759,SIMBR0050,SIMR0050,SIMU0029:User 29,GRANTED
2026,1月,13,周二,14:55:04,FBFF5A63,SIMBR0273,SIMR0273,SIMU0184:User 184,GRANTED
2026,1月,13,周二,14:55:04,AA3155BB,SIMBR0258,SIMR0258,SIMU0050:User 50,GRANTED
2026,1月,13,周二,14:55:04,7B092D88,SIMBR0312,SIMR0312,SIMU0236:User 236,GRANTED
2026,1月,13,周二,14:55:04,20917633,BR016,RES009,SIMU0296:User 296,DENIED
2026,1月,13,周二,14:55:04,C6E3BF57,SIMBR0370,SIMR0370,SIMU0297:User 297,GRANTED
2026,1月,13,周二,14:55:04,AB055C88,BR011,RES026,SIMU0024:User 24,DENIED
2026,1月,13,周二,14:55:04,582A6476,SIMBR0058,SIMR0058,SIMU0046:User 46,GRANTED
2026,1月,13,周二,14:55:04,273F3B3E,SIMBR0116,SIMR0116,SIMU0224:User 224,GRANTED
2026,1月,13,周二,14:55:04,A7A30652,SIMBR0357,SIMR0357,SIMU0094:User 94,GRANTED
2026,1月,13,周二,14:55:04,C1CE8342,BR023,RES016,SIMU0018:User 18,DENIED
2026,1月,13,周二,14:55:05,66FC8294,SIMBR0013,SIMR0013,SIMU0180:User 180,GRANTED
2026,1月,13,周二,14:55:05,C0F19B1C,SIMBR0014,SIMR0014,SIMU0155:User 155,GRANTED
2026,1月,13,周二,14:55:05,D504C218,SIMBR0262,SIMR0262,SIMU0060:User 60,GRANTED
2026,1月,13,周二,14:55:05,C46D887F,SIMBR0257,SIMR0257,SIMU0254:User 254,GRANTED
2026,1月,13,周二,14:55:05,B2D6FCB4,SIMBR0061,SIMR0061,SIMU0086:User 86,GRANTED
2026,1月,13,周二,14:55:05,23858FDA,SIMBR0307,SIMR0307,SIMU0098:User 98,GRANTED
2026,1月,13,周二,14:55:05,1A3D1ED6,SIMBR0398,SIMR0398,SIMU0231:User 231,GRANTED
2026,1月,13,周二,14:55:05,3DC555DE,SIMBR0012,SIMR0012,SIMU0300:User 300,GRANTED
2026,1月,13,周二,14:55:05,21A13EE6,BR012,RES005,SIMU0133:User 133,DENIED
2026,1月,13,周二,14:55:05,36330273,SIMBR0142,SIMR0142,SIMU0291:User 291,GRANTED
2026,1月,13,周二,14:55:05,81F12C1B,SIMBR0207,SIMR0207,SIMU0200:User 200,GRANTED
2026,1月,13,周二,14:55:05,3870BA5D,SIMBR0263,SIMR0263,SIMU0173:User 173,GRANTED
2026,1月,13,周二,14:55:05,C169BAEB,SIMBR0206,SIMR0206,SIMU0174:User 174,GRANTED
2026,1月,13,周二,14:55:05,D2C7D462,SIMBR0085,SIMR0085,SIMU0061:User 61,GRANTED
2026,1月,13,周二,14:55:05,1B14F9BC,SIMBR0144,SIMR0144,SIMU0065:User 65,GRANTED
2026,1月,13,周二,14:55:05,FEF21F79,SIMBR0234,SIMR0234,SIMU0159:User 159,GRANTED
2026,1月,13,周二,14:55:05,CA782D54,SIMBR0285,SIMR0285,SIMU0219:User 219,GRANTED
2026,1月,13,周二,14:55:05,AF6C110D,SIMBR0117,SIMR0117,SIMU0080:User 80,GRANTED
2026,1月,13,周二,14:55:05,73913F8C,SIMBR0213,SIMR0213,SIMU0188:User 188,GRANTED
2026,1月,13,周二,14:55:05,4758C16D,SIMBR0027,SIMR0027,SIMU0147:User 147,GRANTED
2026,1月,13,周二,14:55:05,3122BEFD,SIMBR0149,SIMR0149,SIMU0066:User 66,GRANTED
2026,1月,13,周二,14:55:05,BA893511,BR011,RES026,SIMU0269:User 269,DENIED
2026,1月,13,周二,14:55:05,358D24E5,SIMBR0340,SIMR0340,SIMU0130:User 130,GRANTED
2026,1月,13,周二,14:55:05,0641BA46,SIMBR0071,SIMR0071,SIMU0085:User 85,GRANTED
2026,1月,13,周二,14:55:05,54722E38,SIMBR0192,SIMR0192,SIMU0222:User 222,GRANTED
2026,1月,13,周二,14:55:05,A5DEC594,SIMBR0042,SIMR0042,SIMU0084:User 84,GRANTED
2026,1月,13,周二,14:55:05,59E1ACA0,SIMBR0243,SIMR0243,SIMU0090:User 90,GRANTED
2026,1月,13,周二,14:55:05,BA841717,SIMBR0036,SIMR0036,SIMU0064:User 64,GRANTED
2026,1月,13,周二,14:55:05,6F12BFA3,BR019,RES012,SIMU0218:User 218,DENIED
2026,1月,13,周二,14:55:05,701D5B3A,SIMBR0293,SIMR0293,SIMU0211:User 211,GRANTED
2026,1月,13,周二,14:55:05,7413D955,SIMBR0276,SIMR0276,SIMU0075:User 75,GRANTED
2026,1月,13,周二,14:55:05,3B9B3EAE,SIMBR0354,SIMR0354,SIMU0144:User 144,GRANTED
2026,1月,13,周二,14:55:05,9FA88CE9,SIMBR0277,SIMR0277,SIMU0049:User 49,GRANTED
2026,1月,13,周二,14:55:05,FBFF5A63,SIMBR0160,SIMR0160,SIMU0184:User 184,GRANTED
2026,1月,13,周二,14:55:05,61095621,SIMBR0229,SIMR0229,SIMU0137:User 137,GRANTED
2026,1月,13,周二,14:55:05,45BE30A8,SIMBR0298,SIMR0298,8d1a5202-9052-4f93-bf5a-4deffdf65fd3:a q,GRANTED
2026,1月,13,周二,14:55:05,7D277C80,SIMBR0066,SIMR0066,SIMU0212:User 212,GRANTED
2026,1月,13,周二,14:55:05,C5A57784,BR014,RES007,SIMU0072:User 72,DENIED
2026,1月,13,周二,14:55:05,6B7D13ED,SIMBR0240,SIMR0240,SIMU0191:User 191,GRANTED
2026,1月,13,周二,14:55:05,7B092D88,SIMBR0354,SIMR0354,SIMU0236:User 236,GRANTED
2026,1月,13,周二,14:55:05,030D82CF,SIMBR0257,SIMR0257,SIMU0207:User 207,GRANTED
2026,1月,13,周二,14:55:05,C0F19B1C,SIMBR0088,SIMR0088,SIMU0155:User 155,GRANTED
2026,1月,13,周二,14:55:05,95379CDB,SIMBR0290,SIMR0290,f46ee39b-ac9d-4193-a478-f8cfc35cec07:gagaga a,GRANTED
2026,1月,13,周二,14:55:05,8884A944,SIMBR0175,SIMR0175,SIMU0295:User 295,GRANTED
2026,1月,13,周二,14:55:05,BA821DBA,BR003,RES022,SIMU0148:User 148,DENIED
2026,1月,13,周二,14:55:05,128D7B1F,SIMBR0086,SIMR0086,SIMU0121:User 121,GRANTED
2026,1月,13,周二,14:55:05,AA3155BB,SIMBR0232,SIMR0232,SIMU0050:User 50,GRANTED
2026,1月,13,周二,14:55:05,C2F816DD,SIMBR0228,SIMR0228,SIMU0266:User 266,GRANTED
2026,1月,13,周二,14:55:05,5334DCE6,SIMBR0061,SIMR0061,SIMU0179:User 179,GRANTED
2026,1月,13,周二,14:55:05,CA296753,SIMBR0017,SIMR0017,SIMU0055:User 55,GRANTED
2026,1月,13,周二,14:55:05,AA3155BB,BR005,RES023,SIMU0050:User 50,DENIED
2026,1月,13,周二,14:55:05,BA841717,SIMBR0128,SIMR0128,SIMU0064:User 64,GRANTED
2026,1月,13,周二,14:55:05,58B690ED,SIMBR0286,SIMR0286,SIMU0081:User 81,GRANTED
2026,1月,13,周二,14:55:05,E93FF152,BR014,RES007,SIMU0197:User 197,DENIED
2026,1月,13,周二,14:55:05,CB2FA116,SIMBR0161,SIMR0161,SIMU0172:User 172,GRANTED
2026,1月,13,周二,14:55:05,24A968FA,SIMBR0309,SIMR0309,SIMU0241:User 241,GRANTED
2026,1月,13,周二,14:55:05,3A52D444,SIMBR0267,SIMR0267,SIMU0166:User 166,GRANTED
2026,1月,13,周二,14:55:05,B3E8626A,SIMBR0302,SIMR0302,SIMU0239:User 239,GRANTED
2026,1月,13,周二,14:55:05,C39400FA,SIMBR0262,SIMR0262,SIMU0078:User 78,GRANTED
2026,1月,13,周二,14:55:05,2D060B76,SIMBR0356,SIMR0356,SIMU0162:User 162,GRANTED
2026,1月,13,周二,14:55:05,11BD165A,SIMBR0042,SIMR0042,SIMU0154:User 154,GRANTED
2026,1月,13,周二,14:55:05,A74F536B,SIMBR0231,SIMR0231,SIMU0097:User 97,GRANTED
2026,1月,13,周二,14:55:05,D49E4724,SIMBR0156,SIMR0156,SIMU0278:User 278,GRANTED
2026,1月,13,周二,14:55:05,85471FCB,SIMBR0286,SIMR0286,SIMU0054:User 54,GRANTED
2026,1月,13,周二,14:55:05,1E4AD759,SIMBR0342,SIMR0342,SIMU0029:User 29,GRANTED
2026,1月,13,周二,14:55:05,CA296753,SIMBR0056,SIMR0056,SIMU0055:User 55,GRANTED
2026,1月,13,周二,14:55:05,48744B29,SIMBR0272,SIMR0272,SIMU0035:User 35,GRANTED
2026,1月,13,周二,14:55:05,AE2F46DE,SIMBR0384,SIMR0384,SIMU0232:User 232,GRANTED
2026,1月,13,周二,14:55:05,2E121B44,SIMBR0378,SIMR0378,SIMU0258:User 258,GRANTED
2026,1月,13,周二,14:55:05,4DFA0FE5,SIMBR0132,SIMR0132,SIMU0255:User 255,GRANTED
2026,1月,13,周二,14:55:05,BA821DBA,SIMBR0036,SIMR0036,SIMU0148:User 148,GRANTED
2026,1月,13,周二,14:55:05,CB0F203D,SIMBR0370,SIMR0370,SIMU0124:User 124,GRANTED
2026,1月,13,周二,14:55:05,FD75651D,SIMBR0116,SIMR0116,SIMU0238:User 238,GRANTED
2026,1月,13,周二,14:55:05,C5A57784,BR019,RES012,SIMU0072:User 72,DENIED
2026,1月,13,周二,14:55:05,E393950E,SIMBR0359,SIMR0359,SIMU0195:User 195,GRANTED
2026,1月,13,周二,14:55:05,B0DFB305,SIMBR0293,SIMR0293,SIMU0151:User 151,GRANTED
2026,1月,13,周二,14:55:05,1E74F408,SIMBR0004,SIMR0004,SIMU0171:User 171,GRANTED
2026,1月,13,周二,14:55:05,C44E5E52,SIMBR0389,SIMR0389,SIMU0002:User 2,GRANTED
2026,1月,13,周二,14:55:05,5D5C3450,SIMBR0178,SIMR0178,SIMU0131:User 131,GRANTED
2026,1月,13,周二,14:55:05,354118DA,SIMBR0056,SIMR0056,SIMU0052:User 52,GRANTED
2026,1月,13,周二,14:55:05,9A00F337,SIMBR0258,SIMR0258,SIMU0285:User 285,GRANTED
2026,1月,13,周二,14:55:05,CBD2A48A,SIMBR0114,SIMR0114,SIMU0021:User 21,GRANTED
2026,1月,13,周二,14:55:05,273F3B3E,SIMBR0034,SIMR0034,SIMU0224:User 224,GRANTED
2026,1月,13,周二,14:55:05,F0ADE55C,SIMBR0076,SIMR0076,SIMU0237:User 237,GRANTED
2026,1月,13,周二,14:55:05,3CC4126C,SIMBR0272,SIMR0272,SIMU0099:User 99,GRANTED
2026,1月,13,周二,14:55:05,1EBD89C8,SIMBR0157,SIMR0157,SIMU0123:User 123,GRANTED
2026,1月,13,周二,14:55:05,6A6279C3,SIMBR0392,SIMR0392,SIMU0178:User 178,GRANTED
2026,1月,13,周二,14:55:05,C39400FA,SIMBR0103,SIMR0103,SIMU0078:User 78,GRANTED
2026,1月,13,周二,14:55:05,31C1AEEF,SIMBR0315,SIMR0315,SIMU0039:User 39,GRANTED
2026,1月,13,周二,14:55:05,2056B86F,SIMBR0171,SIMR0171,SIMU0067:User 67,GRANTED
2026,1月,13,周二,14:55:05,95777979,SIMBR0127,SIMR0127,SIMU0051:User 51,GRANTED
2026,1月,13,周二,14:55:05,A51F7B4F,SIMBR0130,SIMR0130,SIMU0277:User 277,GRANTED
2026,1月,13,周二,14:55:05,C0CB4AFF,SIMBR0034,SIMR0034,SIMU0235:User 235,GRANTED
2026,1月,13,周二,14:55:05,3EA1EF87,SIMBR0059,SIMR0059,SIMU0229:User 229,GRANTED
2026,1月,13,周二,14:55:05,C584F9D3,SIMBR0367,SIMR0367,EMP001:Zhang San,DENIED
2026,1月,13,周二,14:55:05,CD0D9101,SIMBR0255,SIMR0255,SIMU0135:User 135,GRANTED
2026,1月,13,周二,14:55:05,37FA6637,BR009,RES025,SIMU0199:User 199,DENIED
2026,1月,13,周二,14:55:05,6714B510,SIMBR0355,SIMR0355,SIMU0160:User 160,GRANTED
2026,1月,13,周二,14:55:05,58B690ED,BR001,RES020,SIMU0081:User 81,DENIED
2026,1月,13,周二,14:55:05,6F12BFA3,SIMBR0306,SIMR0306,SIMU0218:User 218,GRANTED
2026,1月,13,周二,14:55:05,7CE9CF19,SIMBR0386,SIMR0386,SIMU0020:User 20,GRANTED
2026,1月,13,周二,14:55:05,4B59E256,BR011,RES026,SIMU0182:User 182,DENIED
2026,1月,13,周二,14:55:05,16ED8B1D,SIMBR0064,SIMR0064,SIMU0073:User 73,GRANTED
2026,1月,13,周二,14:55:05,40A1D543,SIMBR0221,SIMR0221,SIMU0267:User 267,GRANTED
2026,1月,13,周二,14:55:05,7C3923AE,SIMBR0027,SIMR0027,SIMU0210:User 210,GRANTED
2026,1月,13,周二,14:55:05,397975BA,SIMBR0374,SIMR0374,SIMU0164:User 164,GRANTED
2026,1月,13,周二,14:55:05,FBBEF95C,SIMBR0038,SIMR0038,SIMU0025:User 25,GRANTED
2026,1月,13,周二,14:55:05,6A6279C3,SIMBR0117,SIMR0117,SIMU0178:User 178,GRANTED
2026,1月,13,周二,14:55:05,13990099,SIMBR0142,SIMR0142,SIMU0008:User 8,GRANTED
2026,1月,13,周二,14:55:05,582A6476,SIMBR0065,SIMR0065,SIMU0046:User 46,GRANTED
2026,1月,13,周二,14:55:05,874CC50E,SIMBR0223,SIMR0223,SIMU0036:User 36,GRANTED
2026,1月,13,周二,14:55:05,49B45DCD,SIMBR0255,SIMR0255,SIMU0272:User 272,GRANTED
2026,1月,13,周二,14:55:05,F853E5E9,SIMBR0347,SIMR0347,SIMU0119:User 119,GRANTED
2026,1月,13,周二,14:55:05,5FF2F656,BR022,RES015,SIMU0120:User 120,DENIED
2026,1月,13,周二,14:55:05,1E4AD759,SIMBR0301,SIMR0301,SIMU0029:User 29,GRANTED
2026,1月,13,周二,14:55:05,C57735BB,SIMBR0096,SIMR0096,SIMU0242:User 242,GRANTED
2026,1月,13,周二,14:55:05,FE83648E,SIMBR0098,SIMR0098,SIMU0142:User 142,GRANTED
2026,1月,13,周二,14:55:05,A234EF8B,SIMBR0265,SIMR0265,SIMU0069:User 69,GRANTED
2026,1月,13,周二,14:55:05,3DDB17B7,SIMBR0186,SIMR0186,SIMU0044:User 44,GRANTED
2026,1月,13,周二,14:55:05,20917633,SIMBR0134,SIMR0134,SIMU0296:User 296,GRANTED
2026,1月,13,周二,14:55:05,CA782D54,SIMBR0086,SIMR0086,SIMU0219:User 219,GRANTED
2026,1月,13,周二,14:55:05,FEF21F79,SIMBR0292,SIMR0292,SIMU0159:User 159,GRANTED
2026,1月,13,周二,14:55:05,35C69784,SIMBR0110,SIMR0110,SIMU0168:User 168,GRANTED
2026,1月,13,周二,14:55:05,3B7FFD92,SIMBR0064,SIMR0064,SIMU0256:User 256,GRANTED
2026,1月,13,周二,14:55:05,69A8F764,SIMBR0242,SIMR0242,SIMU0240:User 240,GRANTED
2026,1月,13,周二,14:55:05,24A968FA,SIMBR0182,SIMR0182,SIMU0241:User 241,GRANTED
2026,1月,13,周二,14:55:05,BA821DBA,SIMBR0011,SIMR0011,SIMU0148:User 148,GRANTED
2026,1月,13,周二,14:55:05,94264C0C,SIMBR0334,SIMR0334,SIMU0118:User 118,GRANTED
2026,1月,13,周二,14:55:05,4B59E256,SIMBR0293,SIMR0293,SIMU0182:User 182,GRANTED
2026,1月,13,周二,14:55:05,FEF21F79,SIMBR0340,SIMR0340,SIMU0159:User 159,GRANTED
2026,1月,13,周二,14:55:05,DA3D486F,SIMBR0014,SIMR0014,SIMU0028:User 28,GRANTED
2026,1月,13,周二,14:55:05,53A1B264,SIMBR0397,SIMR0397,SIMU0017:User 17,GRANTED
2026,1月,13,周二,14:55:05,1EE4C053,SIMBR0200,SIMR0200,SIMU0026:User 26,GRANTED
2026,1月,13,周二,14:55:05,397975BA,SIMBR0314,SIMR0314,SIMU0164:User 164,GRANTED
2026,1月,13,周二,14:55:05,BA821DBA,SIMBR0243,SIMR0243,SIMU0148:User 148,GRANTED
2026,1月,13,周二,14:55:05,FE83648E,SIMBR0168,SIMR0168,SIMU0142:User 142,GRANTED
2026,1月,13,周二,14:55:05,10321BC3,SIMBR0118,SIMR0118,SIMU0042:User 42,GRANTED
2026,1月,13,周二,14:55:05,FC9C0D71,SIMBR0126,SIMR0126,SIMU0093:User 93,GRANTED
2026,1月,13,周二,14:55:05,BEBCE825,SIMBR0266,SIMR0266,SIMU0270:User 270,GRANTED
2026,1月,13,周二,14:55:05,13990099,SIMBR0341,SIMR0341,SIMU0008:User 8,GRANTED
2026,1月,13,周二,14:55:05,11BD165A,SIMBR0265,SIMR0265,SIMU0154:User 154,GRANTED
2026,1月,13,周二,14:55:05,7B914E9E,SIMBR0373,SIMR0373,SIMU0215:User 215,GRANTED
2026,1月,13,周二,14:55:05,BD4961D3,SIMBR0147,SIMR0147,SIMU0169:User 169,GRANTED
2026,1月,13,周二,14:55:05,181D33C7,SIMBR0365,SIMR0365,SIMU0227:User 227,GRANTED
2026,1月,13,周二,14:55:05,EFC60F14,BR023,RES016,SIMU0286:User 286,DENIED
2026,1月,13,周二,14:55:05,FBFF5A63,SIMBR0160,SIMR0160,SIMU0184:User 184,GRANTED
2026,1月,13,周二,14:55:05,FAE4DEC5,SIMBR0335,SIMR0335,SIMU0053:User 53,GRANTED
2026,1月,13,周二,14:55:05,1792E539,SIMBR0109,SIMR0109,SIMU0292:User 292,GRANTED
2026,1月,13,周二,14:55:05,E2506042,SIMBR0148,SIMR0148,SIMU0101:User 101,GRANTED
2026,1月,13,周二,14:55:05,B2D6FCB4,SIMBR0303,SIMR0303,SIMU0086:User 86,GRANTED
2026,1月,13,周二,14:55:05,13990099,SIMBR0225,SIMR0225,SIMU0008:User 8,GRANTED
2026,1月,13,周二,14:55:05,B2D6FCB4,SIMBR0182,SIMR0182,SIMU0086:User 86,GRANTED
2026,1月,13,周二,14:55:05,13990099,BR013,RES006,SIMU0008:User 8,DENIED
2026,1月,13,周二,14:55:05,C7C3B16D,SIMBR0174,SIMR0174,SIMU0259:User 259,GRANTED
2026,1月,13,周二,14:55:05,20D788EC,SIMBR0174,SIMR0174,SIMU0271:User 271,GRANTED
2026,1月,13,周二,14:55:05,B1990B96,BR020,RES013,SIMU0106:User 106,DENIED
2026,1月,13,周二,14:55:05,5E9892AA,SIMBR0239,SIMR0239,SIMU0293:User 293,GRANTED
2026,1月,13,周二,14:55:05,701D5B3A,SIMBR0272,SIMR0272,SIMU0211:User 211,GRANTED
2026,1月,13,周二,14:55:05,B0B2BCE6,SIMBR0005,SIMR0005,SIMU0208:User 208,GRANTED
2026,1月,13,周二,14:55:05,E2F9D137,SIMBR0160,SIMR0160,SIMU0217:User 217,GRANTED
2026,1月,13,周二,14:55:05,41981850,SIMBR0397,SIMR0397,SIMU0263:User 263,GRANTED
2026,1月,13,周二,14:55:05,4AF57AEF,SIMBR0159,SIMR0159,SIMU0193:User 193,GRANTED
2026,1月,13,周二,14:55:05,9D3B8CFC,SIMBR0362,SIMR0362,SIMU0095:User 95,GRANTED
2026,1月,13,周二,14:55:05,397975BA,SIMBR0398,SIMR0398,SIMU0164:User 164,GRANTED
2026,1月,13,周二,14:55:05,582A6476,SIMBR0013,SIMR0013,SIMU0046:User 46,GRANTED
2026,1月,13,周二,14:55:05,F832AB7A,SIMBR0258,SIMR0258,SIMU0139:User 139,GRANTED
2026,1月,13,周二,14:55:05,40BD64A5,SIMBR0353,SIMR0353,SIMU0245:User 245,GRANTED
2026,1月,13,周二,14:55:05,35C69784,SIMBR0124,SIMR0124,SIMU0168:User 168,GRANTED
2026,1月,13,周二,14:55:05,0641BA46,SIMBR0035,SIMR0035,SIMU0085:User 85,GRANTED
2026,1月,13,周二,14:55:05,C39400FA,SIMBR0221,SIMR0221,SIMU0078:User 78,GRANTED
2026,1月,13,周二,14:55:05,853BC8DF,SIMBR0309,SIMR0309,SIMU0092:User 92,GRANTED
2026,1月,13,周二,14:55:05,41981850,SIMBR0329,SIMR0329,SIMU0263:User 263,GRANTED
2026,1月,13,周二,14:55:05,E93FF152,SIMBR0222,SIMR0222,SIMU0197:User 197,GRANTED
2026,1月,13,周二,14:55:05,D49E4724,SIMBR0346,SIMR0346,SIMU0278:User 278,GRANTED
2026,1月,13,周二,14:55:05,D87DCC23,SIMBR0053,SIMR0053,SIMU0006:User 6,GRANTED
2026,1月,13,周二,14:55:05,0540806D,SIMBR0020,SIMR0020,SIMU0265:User 265,GRANTED
2026,1月,13,周二,14:55:05,B0DFB305,SIMBR0157,SIMR0157,SIMU0151:User 151,GRANTED
2026,1月,13,周二,14:55:05,FEB7592C,SIMBR0053,SIMR0053,SIMU0059:User 59,GRANTED
2026,1月,13,周二,14:55:05,78D4B102,SIMBR0398,SIMR0398,SIMU0283:User 283,GRANTED
2026,1月,13,周二,14:55:05,E8751622,BR019,RES012,SIMU0161:User 161,DENIED
2026,1月,13,周二,14:55:05,0CFFFBA0,SIMBR0360,SIMR0360,SIMU0189:User 189,GRANTED
2026,1月,13,周二,14:55:05,46895123,SIMBR0268,SIMR0268,SIMU0132:User 132,GRANTED
2026,1月,13,周二,14:55:05,6E7782F8,SIMBR0063,SIMR0063,INT001:Zhao Liu,DENIED
2026,1月,13,周二,14:55:05,36330273,SIMBR0022,SIMR0022,SIMU0291:User 291,GRANTED
2026,1月,13,周二,14:55:05,C04BAEE8,SIMBR0351,SIMR0351,SIMU0129:User 129,GRANTED
2026,1月,13,周二,14:55:05,EFC60F14,SIMBR0358,SIMR0358,SIMU0286:User 286,GRANTED
2026,1月,13,周二,14:55:05,84F825EE,SIMBR0170,SIMR0170,SIMU0150:User 150,GRANTED
2026,1月,13,周二,14:55:05,AF6C110D,SIMBR0242,SIMR0242,SIMU0080:User 80,GRANTED
2026,1月,13,周二,14:55:05,5A758FE3,SIMBR0083,SIMR0083,SIMU0103:User 103,GRANTED
2026,1月,13,周二,14:55:05,C57735BB,SIMBR0049,SIMR0049,SIMU0242:User 242,GRANTED
2026,1月,13,周二,14:55:05,273D28BF,SIMBR0259,SIMR0259,SIMU0057:User 57,GRANTED
2026,1月,13,周二,14:55:05,C718E607,SIMBR0060,SIMR0060,SIMU0089:User 89,GRANTED
2026,1月,13,周二,14:55:05,D3E409F0,SIMBR0194,SIMR0194,SIMU0012:User 12,GRANTED
2026,1月,13,周二,14:55:05,4D153C4A,SIMBR0173,SIMR0173,SIMU0104:User 104,GRANTED
2026,1月,13,周二,14:55:05,A74F536B,SIMBR0197,SIMR0197,SIMU0097:User 97,GRANTED
2026,1月,13,周二,14:55:05,7CE9CF19,BR017,RES010,SIMU0020:User 20,DENIED
2026,1月,13,周二,14:55:05,6C174D63,BR011,RES026,SIMU0116:User 116,DENIED
2026,1月,13,周二,14:55:05,628D5BBC,SIMBR0383,SIMR0383,SIMU0041:User 41,GRANTED
2026,1月,13,周二,14:55:05,CCACC23C,SIMBR0236,SIMR0236,SIMU0149:User 149,GRANTED
2026,1月,13,周二,14:55:05,41981850,SIMBR0263,SIMR0263,SIMU0263:User 263,GRANTED
2026,1月,13,周二,14:55:06,BA1008EF,SIMBR0332,SIMR0332,SIMU0083:User 83,GRANTED
2026,1月,13,周二,14:55:06,AE2F46DE,SIMBR0111,SIMR0111,SIMU0232:User 232,GRANTED
2026,1月,13,周二,14:55:06,3B9B3EAE,SIMBR0153,SIMR0153,SIMU0144:User 144,GRANTED
2026,1月,13,周二,14:55:06,C57735BB,SIMBR0234,SIMR0234,SIMU0242:User 242,GRANTED
2026,1月,13,周二,14:55:06,11BD165A,SIMBR0101,SIMR0101,SIMU0154:User 154,GRANTED
2026,1月,13,周二,14:55:06,FBBEF95C,BR007,RES024,SIMU0025:User 25,DENIED
2026,1月,13,周二,14:55:06,397975BA,SIMBR0248,SIMR0248,SIMU0164:User 164,GRANTED
2026,1月,13,周二,14:55:06,3B9B3EAE,SIMBR0034,SIMR0034,SIMU0144:User 144,GRANTED
2026,1月,13,周二,14:55:06,5FF2F656,SIMBR0382,SIMR0382,SIMU0120:User 120,GRANTED
2026,1月,13,周二,14:55:06,A5A16F78,SIMBR0270,SIMR0270,SIMU0294:User 294,GRANTED
2026,1月,13,周二,14:55:06,6714B510,SIMBR0294,SIMR0294,SIMU0160:User 160,GRANTED
2026,1月,13,周二,14:55:06,0FB515EE,SIMBR0243,SIMR0243,SIMU0033:User 33,GRANTED
2026,1月,13,周二,14:55:06,6213A883,SIMBR0159,SIMR0159,SIMU0249:User 249,GRANTED
2026,1月,13,周二,14:55:06,86937632,SIMBR0202,SIMR0202,SIMU0187:User 187,GRANTED
2026,1月,13,周二,14:55:06,4DFA0FE5,SIMBR0147,SIMR0147,SIMU0255:User 255,GRANTED
2026,1月,13,周二,14:55:06,602AF119,SIMBR0270,SIMR0270,SIMU0223:User 223,GRANTED
2026,1月,13,周二,14:55:06,58B55845,SIMBR0234,SIMR0234,EMP002:Li Si,DENIED
2026,1月,13,周二,14:55:06,C718E607,SIMBR0167,SIMR0167,SIMU0089:User 89,GRANTED
2026,1月,13,周二,14:55:06,4FC5D562,SIMBR0259,SIMR0259,SIMU0275:User 275,GRANTED
2026,1月,13,周二,14:55:06,7413D955,SIMBR0237,SIMR0237,SIMU0075:User 75,GRANTED
2026,1月,13,周二,14:55:06,BA1008EF,SIMBR0363,SIMR0363,SIMU0083:User 83,GRANTED
2026,1月,13,周二,14:55:06,C31E01F0,SIMBR0098,SIMR0098,SIMU0192:User 192,GRANTED
2026,1月,13,周二,14:55:06,A51F7B4F,SIMBR0002,SIMR0002,SIMU0277:User 277,GRANTED
2026,1月,13,周二,14:55:06,E07F08A6,SIMBR0290,SIMR0290,SIMU0246:User 246,GRANTED
2026,1月,13,周二,14:55:06,FC05A793,SIMBR0160,SIMR0160,SIMU0071:User 71,GRANTED
2026,1月,13,周二,14:55:06,3122BEFD,SIMBR0349,SIMR0349,SIMU0066:User 66,GRANTED
2026,1月,13,周二,14:55:06,8E0C2F27,SIMBR0151,SIMR0151,SIMU0126:User 126,GRANTED
2026,1月,13,周二,14:55:06,9615FFCC,SIMBR0328,SIMR0328,SIMU0010:User 10,GRANTED
2026,1月,13,周二,14:55:06,7CE9CF19,SIMBR0210,SIMR0210,SIMU0020:User 20,GRANTED
2026,1月,13,周二,14:55:06,1E4AD759,SIMBR0190,SIMR0190,SIMU0029:User 29,GRANTED
2026,1月,13,周二,14:55:06,3870BA5D,SIMBR0353,SIMR0353,SIMU0173:User 173,GRANTED
2026,1月,13,周二,14:55:06,3870BA5D,SIMBR0098,SIMR0098,SIMU0173:User 173,GRANTED
2026,1月,13,周二,14:55:06,C44E5E52,SIMBR0325,SIMR0325,SIMU0002:User 2,GRANTED
2026,1月,13,周二,14:55:06,489655D2,SIMBR0341,SIMR0341,CON001:Wang Wu,DENIED
2026,1月,13,周二,14:55:06,1EE4C053,SIMBR0084,SIMR0084,SIMU0026:User 26,GRANTED
2026,1月,13,周二,14:55:06,BC450719,SIMBR0140,SIMR0140,SIMU0013:User 13,GRANTED
2026,1月,13,周二,14:55:06,E137F666,SIMBR0296,SIMR0296,SIMU0220:User 220,GRANTED
2026,1月,13,周二,14:55:06,1812D558,SIMBR0294,SIMR0294,SIMU0214:User 214,GRANTED
2026,1月,13,周二,14:55:06,2EEB40A9,SIMBR0291,SIMR0291,SIMU0260:User 260,GRANTED
2026,1月,13,周二,14:55:06,FBBEF95C,SIMBR0388,SIMR0388,SIMU0025:User 25,GRANTED
2026,1月,13,周二,14:55:06,0FB515EE,SIMBR0133,SIMR0133,SIMU0033:User 33,GRANTED
2026,1月,13,周二,14:55:06,AF6C110D,SIMBR0291,SIMR0291,SIMU0080:User 80,GRANTED
2026,1月,13,周二,14:55:06,FBFF5A63,SIMBR0058,SIMR0058,SIMU0184:User 184,GRANTED
2026,1月,13,周二,14:55:06,56C4C8CF,SIMBR0024,SIMR0024,SIMU0077:User 77,GRANTED
2026,1月,13,周二,14:55:06,46895123,SIMBR0015,SIMR0015,SIMU0132:User 132,GRANTED
2026,1月,13,周二,14:55:06,CB2FA116,SIMBR0366,SIMR0366,SIMU0172:User 172,GRANTED
2026,1月,13,周二,14:55:06,A7A30652,SIMBR0345,SIMR0345,SIMU0094:User 94,GRANTED
2026,1月,13,周二,14:55:06,4FC5D562,SIMBR0338,SIMR0338,SIMU0275:User 275,GRANTED
2026,1月,13,周二,14:55:06,DA3D486F,SIMBR0330,SIMR0330,SIMU0028:User 28,GRANTED
2026,1月,13,周二,14:55:06,4D153C4A,SIMBR0312,SIMR0312,SIMU0104:User 104,GRANTED
2026,1月,13,周二,14:55:06,A5DEC594,SIMBR0117,SIMR0117,SIMU0084:User 84,GRANTED
2026,1月,13,周二,14:55:06,CCACC23C,SIMBR0158,SIMR0158,SIMU0149:User 149,GRANTED
2026,1月,13,周二,14:55:06,7C3923AE,SIMBR0181,SIMR0181,SIMU0210:User 210,GRANTED
2026,1月,13,周二,14:55:06,40A1D543,SIMBR0097,SIMR0097,SIMU0267:User 267,GRANTED
2026,1月,13,周二,14:55:06,DA33A96E,SIMBR0284,SIMR0284,SIMU0190:User 190,GRANTED
2026,1月,13,周二,14:55:06,D324F0AC,SIMBR0019,SIMR0019,SIMU0108:User 108,GRANTED
2026,1月,13,周二,14:55:06,354118DA,SIMBR0187,SIMR0187,SIMU0052:User 52,GRANTED
2026,1月,13,周二,14:55:06,FD75651D,SIMBR0113,SIMR0113,SIMU0238:User 238,GRANTED
2026,1月,13,周二,14:55:06,983FD996,SIMBR0314,SIMR0314,SIMU0225:User 225,GRANTED
2026,1月,13,周二,14:55:06,6BDE4067,SIMBR0142,SIMR0142,SIMU0114:User 114,GRANTED
2026,1月,13,周二,14:55:06,4D153C4A,SIMBR0382,SIMR0382,SIMU0104:User 104,GRANTED
2026,1月,13,周二,14:55:06,A89B9996,SIMBR0232,SIMR0232,SIMU0213:User 213,GRANTED
2026,1月,13,周二,14:55:06,D832D5F3,SIMBR0181,SIMR0181,SIMU0261:User 261,GRANTED
2026,1月,13,周二,14:55:06,D6BC3463,SIMBR0211,SIMR0211,SIMU0037:User 37,GRANTED
2026,1月,13,周二,14:55:06,FE83648E,BR010,RES004,SIMU0142:User 142,DENIED
2026,1月,13,周二,14:55:06,9D3B8CFC,SIMBR0062,SIMR0062,SIMU0095:User 95,GRANTED
2026,1月,13,周二,14:55:06,7B092D88,SIMBR0105,SIMR0105,SIMU0236:User 236,GRANTED
2026,1月,13,周二,14:55:06,D504C218,SIMBR0169,SIMR0169,SIMU0060:User 60,GRANTED
2026,1月,13,周二,14:55:06,F1D4B1B6,SIMBR0398,SIMR0398,SIMU0247:User 247,GRANTED
2026,1月,13,周二,14:55:06,643D2F0C,SIMBR0094,SIMR0094,SIMU0048:User 48,GRANTED
2026,1月,13,周二,14:55:06,874CC50E,SIMBR0329,SIMR0329,SIMU0036:User 36,GRANTED
2026,1月,13,周二,14:55:06,E137F666,SIMBR0237,SIMR0237,SIMU0220:User 220,GRANTED
2026,1月,13,周二,14:55:06,068AFAB6,BR008,RES003,SIMU0115:User 115,DENIED
2026,1月,13,周二,14:55:06,E137F666,SIMBR0125,SIMR0125,SIMU0220:User 220,GRANTED
2026,1月,13,周二,14:55:06,EFC60F14,SIMBR0167,SIMR0167,SIMU0286:User 286,GRANTED
2026,1月,13,周二,14:55:06,21A13EE6,SIMBR0118,SIMR0118,SIMU0133:User 133,GRANTED
2026,1月,13,周二,14:55:06,F8F80D07,SIMBR0004,SIMR0004,SIMU0253:User 253,GRANTED
2026,1月,13,周二,14:55:06,D49E4724,SIMBR0237,SIMR0237,SIMU0278:User 278,GRANTED
2026,1月,13,周二,14:55:06,5A758FE3,SIMBR0327,SIMR0327,SIMU0103:User 103,GRANTED
2026,1月,13,周二,14:55:06,B2D6FCB4,BR008,RES003,SIMU0086:User 86,DENIED
2026,1月,13,周二,14:55:06,C0993563,BR018,RES011,SIMU0209:User 209,DENIED
2026,1月,13,周二,14:55:06,397975BA,SIMBR0264,SIMR0264,SIMU0164:User 164,GRANTED
2026,1月,13,周二,14:55:06,BC450719,SIMBR0127,SIMR0127,SIMU0013:User 13,GRANTED
2026,1月,13,周二,14:55:06,C44E5E52,SIMBR0234,SIMR0234,SIMU0002:User 2,GRANTED
2026,1月,13,周二,14:55:06,C7C3B16D,SIMBR0248,SIMR0248,SIMU0259:User 259,GRANTED
2026,1月,13,周二,14:55:06,C57735BB,SIMBR0221,SIMR0221,SIMU0242:User 242,GRANTED
2026,1月,13,周二,14:55:06,40A1D543,BR001,RES020,SIMU0267:User 267,DENIED
2026,1月,13,周二,14:55:06,7C3923AE,SIMBR0360,SIMR0360,SIMU0210:User 210,GRANTED
2026,1月,13,周二,14:55:06,E93FF152,SIMBR0227,SIMR0227,SIMU0197:User 197,GRANTED
2026,1月,13,周二,14:55:06,FD75651D,SIMBR0252,SIMR0252,SIMU0238:User 238,GRANTED
2026,1月,13,周二,14:55:06,F90964BF,SIMBR0130,SIMR0130,SIMU0091:User 91,GRANTED
2026,1月,13,周二,14:55:06,33F39C8F,SIMBR0295,SIMR0295,SIMU0205:User 205,GRANTED
2026,1月,13,周二,14:55:06,37FA6637,SIMBR0104,SIMR0104,SIMU0199:User 199,GRANTED
2026,1月,13,周二,14:55:06,C2EDBC0C,SIMBR0123,SIMR0123,SIMU0226:User 226,GRANTED
2026,1月,13,周二,14:55:06,FBBEF95C,SIMBR0228,SIMR0228,SIMU0025:User 25,GRANTED
2026,1月,13,周二,14:55:06,D716AAF5,SIMBR0060,SIMR0060,SIMU0170:User 170,GRANTED
2026,1月,13,周二,14:55:06,AA3155BB,SIMBR0008,SIMR0008,SIMU0050:User 50,GRANTED
2026,1月,13,周二,14:55:06,1A3D1ED6,SIMBR0066,SIMR0066,SIMU0231:User 231,GRANTED
2026,1月,13,周二,14:55:06,F853E5E9,BR008,RES003,SIMU0119:User 119,DENIED
2026,1月,13,周二,14:55:06,CB0F203D,SIMBR0275,SIMR0275,SIMU0124:User 124,GRANTED
2026,1月,13,周二,14:55:06,4D153C4A,SIMBR0220,SIMR0220,SIMU0104:User 104,GRANTED
2026,1月,13,周二,14:55:06,CB0F203D,SIMBR0128,SIMR0128,SIMU0124:User 124,GRANTED
2026,1月,13,周二,14:55:06,87F48A64,SIMBR0044,SIMR0044,SIMU0143:User 143,GRANTED
2026,1月,13,周二,14:55:06,6C174D63,SIMBR0350,SIMR0350,SIMU0116:User 116,GRANTED
2026,1月,13,周二,14:55:06,1DE07196,SIMBR0250,SIMR0250,SIMU0274:User 274,GRANTED
2026,1月,13,周二,14:55:06,C584F9D3,SIMBR0179,SIMR0179,EMP001:Zhang San,DENIED
2026,1月,13,周二,14:55:06,69A8F764,SIMBR0148,SIMR0148,SIMU0240:User 240,GRANTED
2026,1月,13,周二,14:55:06,45B37997,SIMBR0071,SIMR0071,SIMU0163:User 163,GRANTED
2026,1月,13,周二,14:55:06,40BD64A5,SIMBR0226,SIMR0226,SIMU0245:User 245,GRANTED
2026,1月,13,周二,14:55:06,78D4B102,SIMBR0219,SIMR0219,SIMU0283:User 283,GRANTED
2026,1月,13,周二,14:55:06,AF6C110D,SIMBR0057,SIMR0057,SIMU0080:User 80,GRANTED
2026,1月,13,周二,14:55:06,0EA23D3A,SIMBR0209,SIMR0209,SIMU0062:User 62,GRANTED
2026,1月,13,周二,14:55:06,C57735BB,SIMBR0029,SIMR0029,SIMU0242:User 242,GRANTED
2026,1月,13,周二,14:55:06,1DE07196,SIMBR0399,SIMR0399,SIMU0274:User 274,GRANTED
2026,1月,13,周二,14:55:06,C44E5E52,BR023,RES016,SIMU0002:User 2,DENIED
2026,1月,13,周二,14:55:06,0FB515EE,SIMBR0084,SIMR0084,SIMU0033:User 33,GRANTED
2026,1月,13,周二,14:55:06,27BDB972,SIMBR0065,SIMR0065,SIMU0244:User 244,GRANTED
2026,1月,13,周二,14:55:06,59E1ACA0,BR008,RES003,SIMU0090:User 90,DENIED
2026,1月,13,周二,14:55:06,A89B9996,SIMBR0369,SIMR0369,SIMU0213:User 213,GRANTED
2026,1月,13,周二,14:55:06,B6F02DDB,SIMBR0277,SIMR0277,SIMU0156:User 156,GRANTED
2026,1月,13,周二,14:55:06,A53931BD,SIMBR0174,SIMR0174,SIMU0058:User 58,GRANTED
2026,1月,13,周二,14:55:06,A2903A49,SIMBR0391,SIMR0391,SIMU0043:User 43,GRANTED
2026,1月,13,周二,14:55:06,E55AD432,SIMBR0279,SIMR0279,SIMU0134:User 134,GRANTED
2026,1月,13,周二,14:55:06,E2F9D137,SIMBR0072,SIMR0072,SIMU0217:User 217,GRANTED
2026,1月,13,周二,14:55:06,181D33C7,SIMBR0283,SIMR0283,SIMU0227:User 227,GRANTED
2026,1月,13,周二,14:55:06,54C5EDBD,SIMBR0109,SIMR0109,SIMU0145:User 145,GRANTED
2026,1月,13,周二,14:55:06,66FC8294,SIMBR0087,SIMR0087,SIMU0180:User 180,GRANTED
2026,1月,13,周二,14:55:06,C169BAEB,SIMBR0391,SIMR0391,SIMU0174:User 174,GRANTED
2026,1月,13,周二,14:55:06,DA3D486F,SIMBR0147,SIMR0147,SIMU0028:User 28,GRANTED
2026,1月,13,周二,14:55:06,0CFFFBA0,SIMBR0045,SIMR0045,SIMU0189:User 189,GRANTED
2026,1月,13,周二,14:55:06,41981850,SIMBR0101,SIMR0101,SIMU0263:User 263,GRANTED
2026,1月,13,周二,14:55:06,10321BC3,SIMBR0163,SIMR0163,SIMU0042:User 42,GRANTED
2026,1月,13,周二,14:55:06,18788AAF,SIMBR0250,SIMR0250,SIMU0298:User 298,GRANTED
2026,1月,13,周二,14:55:06,8B9117BE,SIMBR0381,SIMR0381,SIMU0165:User 165,GRANTED
2026,1月,13,周二,14:55:06,CB1ACCC7,SIMBR0185,SIMR0185,SIMU0110:User 110,GRANTED
2026,1月,13,周二,14:55:06,E6D64EED,SIMBR0142,SIMR0142,SIMU0105:User 105,GRANTED
2026,1月,13,周二,14:55:06,559213A2,SIMBR0330,SIMR0330,SIMU0047:User 47,GRANTED
2026,1月,13,周二,14:55:06,D504C218,SIMBR0257,SIMR0257,SIMU0060:User 60,GRANTED
2026,1月,13,周二,14:55:06,A53931BD,SIMBR0386,SIMR0386,SIMU0058:User 58,GRANTED
2026,1月,13,周二,14:55:06,546575AC,SIMBR0137,SIMR0137,SIMU0140:User 140,GRANTED
2026,1月,13,周二,14:55:06,050D9DEF,BR022,RES015,SIMU0128:User 128,DENIED
2026,1月,13,周二,14:55:06,D716AAF5,SIMBR0391,SIMR0391,SIMU0170:User 170,GRANTED
2026,1月,13,周二,14:55:06,290F7C52,SIMBR0387,SIMR0387,SIMU0216:User 216,GRANTED
2026,1月,13,周二,14:55:06,E8751622,SIMBR0182,SIMR0182,SIMU0161:User 161,GRANTED
2026,1月,13,周二,14:55:06,A89B9996,BR026,RES019,SIMU0213:User 213,DENIED
2026,1月,13,周二,14:55:06,546575AC,SIMBR0172,SIMR0172,SIMU0140:User 140,GRANTED
2026,1月,13,周二,14:55:06,33F39C8F,SIMBR0047,SIMR0047,SIMU0205:User 205,GRANTED
2026,1月,13,周二,14:55:06,CB1ACCC7,SIMBR0060,SIMR0060,SIMU0110:User 110,GRANTED
2026,1月,13,周二,14:55:06,B0B2BCE6,BR018,RES011,SIMU0208:User 208,DENIED
2026,1月,13,周二,14:55:06,33F39C8F,SIMBR0210,SIMR0210,SIMU0205:User 205,GRANTED
2026,1月,13,周二,14:55:06,BEBCE825,SIMBR0003,SIMR0003,SIMU0270:User 270,GRANTED
2026,1月,13,周二,14:55:06,40A1D543,SIMBR0349,SIMR0349,SIMU0267:User 267,GRANTED
2026,1月,13,周二,14:55:06,20917633,SIMBR0250,SIMR0250,SIMU0296:User 296,GRANTED
2026,1月,13,周二,14:55:06,54C5EDBD,SIMBR0224,SIMR0224,SIMU0145:User 145,GRANTED
2026,1月,13,周二,14:55:06,4FC5D562,SIMBR0397,SIMR0397,SIMU0275:User 275,GRANTED
2026,1月,13,周二,14:55:06,37E9D9C0,SIMBR0232,SIMR0232,SIMU0034:User 34,GRANTED
2026,1月,13,周二,14:55:06,D49E4724,SIMBR0343,SIMR0343,SIMU0278:User 278,GRANTED
2026,1月,13,周二,14:55:06,E116EA41,SIMBR0101,SIMR0101,SIMU0127:User 127,GRANTED
2026,1月,13,周二,14:55:06,56619802,SIMBR0107,SIMR0107,SIMU0202:User 202,GRANTED
2026,1月,13,周二,14:55:06,A2903A49,SIMBR0064,SIMR0064,SIMU0043:User 43,GRANTED
2026,1月,13,周二,14:55:06,6B7D13ED,SIMBR0341,SIMR0341,SIMU0191:User 191,GRANTED
2026,1月,13,周二,14:55:06,358D24E5,SIMBR0155,SIMR0155,SIMU0130:User 130,GRANTED
2026,1月,13,周二,14:55:06,3CC4126C,SIMBR0194,SIMR0194,SIMU0099:User 99,GRANTED
2026,1月,13,周二,14:55:06,0540806D,SIMBR0326,SIMR0326,SIMU0265:User 265,GRANTED
2026,1月,13,周二,14:55:06,72A4E470,SIMBR0063,SIMR0063,SIMU0268:User 268,GRANTED
2026,1月,13,周二,14:55:06,6BDE4067,SIMBR0023,SIMR0023,SIMU0114:User 114,GRANTED
2026,1月,13,周二,14:55:06,DA3D486F,SIMBR0193,SIMR0193,SIMU0028:User 28,GRANTED
2026,1月,13,周二,14:55:06,BC450719,SIMBR0154,SIMR0154,SIMU0013:User 13,GRANTED
2026,1月,13,周二,14:55:06,0540806D,SIMBR0224,SIMR0224,SIMU0265:User 265,GRANTED
2026,1月,13,周二,14:55:06,DF7754DF,SIMBR0157,SIMR0157,SIMU0019:User 19,GRANTED
2026,1月,13,周二,14:55:06,BA821DBA,SIMBR0371,SIMR0371,SIMU0148:User 148,GRANTED
2026,1月,13,周二,14:55:06,8CBA0F42,SIMBR0358,SIMR0358,SIMU0152:User 152,GRANTED
2026,1月,13,周二,14:55:06,47C3A99F,SIMBR0017,SIMR0017,SIMU0136:User 136,GRANTED
2026,1月,13,周二,14:55:06,2EEB40A9,SIMBR0003,SIMR0003,SIMU0260:User 260,GRANTED
2026,1月,13,周二,14:55:06,AB055C88,SIMBR0026,SIMR0026,SIMU0024:User 24,GRANTED
2026,1月,13,周二,14:55:06,E2F9D137,SIMBR0246,SIMR0246,SIMU0217:User 217,GRANTED
2026,1月,13,周二,14:55:06,E6D64EED,SIMBR0066,SIMR0066,SIMU0105:User 105,GRANTED
2026,1月,13,周二,14:55:06,DF7754DF,SIMBR0196,SIMR0196,SIMU0019:User 19,GRANTED
2026,1月,13,周二,14:55:06,E07F08A6,SIMBR0044,SIMR0044,SIMU0246:User 246,GRANTED
2026,1月,13,周二,14:55:06,E6D64EED,SIMBR0324,SIMR0324,SIMU0105:User 105,GRANTED
2026,1月,13,周二,14:55:06,397975BA,SIMBR0353,SIMR0353,SIMU0164:User 164,GRANTED
2026,1月,13,周二,14:55:06,1EE4C053,SIMBR0258,SIMR0258,SIMU0026:User 26,GRANTED
2026,1月,13,周二,14:55:06,C0993563,SIMBR0231,SIMR0231,SIMU0209:User 209,GRANTED
2026,1月,13,周二,14:55:06,9A00F337,BR024,RES017,SIMU0285:User 285,DENIED
2026,1月,13,周二,14:55:06,F3B58DFF,SIMBR0051,SIMR0051,SIMU0076:User 76,GRANTED
2026,1月,13,周二,14:55:06,538EE2BF,SIMBR0115,SIMR0115,SIMU0177:User 177,GRANTED
2026,1月,13,周二,14:55:06,495297EE,SIMBR0131,SIMR0131,SIMU0038:User 38,GRANTED
2026,1月,13,周二,14:55:06,354118DA,SIMBR0112,SIMR0112,SIMU0052:User 52,GRANTED
2026,1月,13,周二,14:55:06,24546BD0,SIMBR0391,SIMR0391,SIMU0251:User 251,GRANTED
2026,1月,13,周二,14:55:06,8CBA0F42,SIMBR0194,SIMR0194,SIMU0152:User 152,GRANTED
2026,1月,13,周二,14:55:06,6F12BFA3,BR001,RES020,SIMU0218:User 218,DENIED
2026,1月,13,周二,14:55:06,D6BC3463,SIMBR0089,SIMR0089,SIMU0037:User 37,GRANTED
2026,1月,13,周二,14:55:06,874CC50E,SIMBR0295,SIMR0295,SIMU0036:User 36,GRANTED
2026,1月,13,周二,14:55:06,A74F536B,SIMBR0145,SIMR0145,SIMU0097:User 97,GRANTED
2026,1月,13,周二,14:55:06,874CC50E,SIMBR0013,SIMR0013,SIMU0036:User 36,GRANTED
2026,1月,13,周二,14:55:06,A5A16F78,SIMBR0277,SIMR0277,SIMU0294:User 294,GRANTED
2026,1月,13,周二,14:55:06,85471FCB,SIMBR0136,SIMR0136,SIMU0054:User 54,GRANTED
2026,1月,13,周二,14:55:06,A2589816,SIMBR0071,SIMR0071,SIMU0082:User 82,GRANTED
2026,1月,13,周二,14:55:06,FB68A282,SIMBR0310,SIMR0310,SIMU0183:User 183,GRANTED
2026,1月,13,周二,14:55:06,AF6C110D,SIMBR0093,SIMR0093,SIMU0080:User 80,GRANTED
2026,1月,13,周二,14:55:07,0EE439B9,SIMBR0074,SIMR0074,SIMU0004:User 4,GRANTED
2026,1月,13,周二,14:55:07,7C28253F,SIMBR0141,SIMR0141,SIMU0027:User 27,GRANTED
2026,1月,13,周二,14:55:07,41981850,BR005,RES023,SIMU0263:User 263,DENIED
2026,1月,13,周二,14:55:07,D6BC3463,SIMBR0273,SIMR0273,SIMU0037:User 37,GRANTED
2026,1月,13,周二,14:55:07,16ED8B1D,SIMBR0028,SIMR0028,SIMU0073:User 73,GRANTED
2026,1月,13,周二,14:55:07,A2589816,SIMBR0365,SIMR0365,SIMU0082:User 82,GRANTED
2026,1月,13,周二,14:55:07,DA3D486F,SIMBR0232,SIMR0232,SIMU0028:User 28,GRANTED
2026,1月,13,周二,14:55:07,582A6476,SIMBR0110,SIMR0110,SIMU0046:User 46,GRANTED
2026,1月,13,周二,14:55:07,DCB76AA3,SIMBR0118,SIMR0118,SIMU0228:User 228,GRANTED
2026,1月,13,周二,14:55:07,F9B71846,SIMBR0243,SIMR0243,SIMU0196:User 196,GRANTED
2026,1月,13,周二,14:55:07,75D7C714,SIMBR0182,SIMR0182,SIMU0005:User 5,GRANTED
2026,1月,13,周二,14:55:07,20D788EC,SIMBR0030,SIMR0030,SIMU0271:User 271,GRANTED
2026,1月,13,周二,14:55:07,CBD2A48A,SIMBR0170,SIMR0170,SIMU0021:User 21,GRANTED
2026,1月,13,周二,14:55:07,73913F8C,BR009,RES025,SIMU0188:User 188,DENIED
2026,1月,13,周二,14:55:07,BA6DDD0B,SIMBR0212,SIMR0212,SIMU0146:User 146,GRANTED
2026,1月,13,周二,14:55:07,2056B86F,SIMBR0317,SIMR0317,SIMU0067:User 67,GRANTED
2026,1月,13,周二,14:55:07,8BF81A2A,SIMBR0002,SIMR0002,SIMU0233:User 233,GRANTED
2026,1月,13,周二,14:55:07,F8F80D07,SIMBR0059,SIMR0059,SIMU0253:User 253,GRANTED
2026,1月,13,周二,14:55:07,8C19D42A,SIMBR0240,SIMR0240,SIMU0284:User 284,GRANTED
2026,1月,13,周二,14:55:07,CD0D9101,SIMBR0081,SIMR0081,SIMU0135:User 135,GRANTED
2026,1月,13,周二,14:55:07,18788AAF,SIMBR0356,SIMR0356,SIMU0298:User 298,GRANTED
2026,1月,13,周二,14:55:07,D716AAF5,SIMBR0259,SIMR0259,SIMU0170:User 170,GRANTED
2026,1月,13,周二,14:55:07,7BEB2168,SIMBR0138,SIMR0138,SIMU0282:User 282,GRANTED
2026,1月,13,周二,14:55:07,5AC1CCB2,SIMBR0183,SIMR0183,SIMU0264:User 264,GRANTED
2026,1月,13,周二,14:55:07,C169BAEB,SIMBR0041,SIMR0041,SIMU0174:User 174,GRANTED
2026,1月,13,周二,14:55:07,24546BD0,SIMBR0189,SIMR0189,SIMU0251:User 251,GRANTED
2026,1月,13,周二,14:55:07,FC05A793,SIMBR0123,SIMR0123,SIMU0071:User 71,GRANTED
2026,1月,13,周二,14:55:07,DA3D486F,SIMBR0263,SIMR0263,SIMU0028:User 28,GRANTED
2026,1月,13,周二,14:55:07,AB055C88,SIMBR0338,SIMR0338,SIMU0024:User 24,GRANTED
2026,1月,13,周二,14:55:07,31C1AEEF,SIMBR0167,SIMR0167,SIMU0039:User 39,GRANTED
2026,1月,13,周二,14:55:07,CCACC23C,SIMBR0265,SIMR0265,SIMU0149:User 149,GRANTED
2026,1月,13,周二,14:55:07,C31E01F0,SIMBR0354,SIMR0354,SIMU0192:User 192,GRANTED
2026,1月,13,周二,14:55:07,D832D5F3,SIMBR0010,SIMR0010,SIMU0261:User 261,GRANTED
2026,1月,13,周二,14:55:07,5334DCE6,SIMBR0324,SIMR0324,SIMU0179:User 179,GRANTED
2026,1月,13,周二,14:55:07,A4F77AE3,SIMBR0301,SIMR0301,SIMU0031:User 31,GRANTED
2026,1月,13,周二,14:55:07,66FC8294,SIMBR0209,SIMR0209,SIMU0180:User 180,GRANTED
2026,1月,13,周二,14:55:07,9615FFCC,SIMBR0025,SIMR0025,SIMU0010:User 10,GRANTED
2026,1月,13,周二,14:55:07,2289A51E,SIMBR0299,SIMR0299,SIMU0273:User 273,GRANTED
2026,1月,13,周二,14:55:07,D832D5F3,SIMBR0157,SIMR0157,SIMU0261:User 261,GRANTED
2026,1月,13,周二,14:55:07,A51F7B4F,SIMBR0041,SIMR0041,SIMU0277:User 277,GRANTED
2026,1月,13,周二,14:55:07,BA841717,SIMBR0251,SIMR0251,SIMU0064:User 64,GRANTED
2026,1月,13,周二,14:55:07,6213A883,SIMBR0094,SIMR0094,SIMU0249:User 249,GRANTED
2026,1月,13,周二,14:55:07,6CEC1FDF,SIMBR0129,SIMR0129,SIMU0230:User 230,GRANTED
2026,1月,13,周二,14:55:07,E55AD432,BR022,RES015,SIMU0134:User 134,DENIED
2026,1月,13,周二,14:55:07,37E9D9C0,SIMBR0168,SIMR0168,SIMU0034:User 34,GRANTED
2026,1月,13,周二,14:55:07,F9B71846,SIMBR0348,SIMR0348,SIMU0196:User 196,GRANTED
2026,1月,13,周二,14:55:07,A89B9996,SIMBR0005,SIMR0005,SIMU0213:User 213,GRANTED
2026,1月,13,周二,14:55:07,57DBFC15,SIMBR0349,SIMR0349,SIMU0290:User 290,GRANTED
2026,1月,13,周二,14:55:07,BA893511,SIMBR0124,SIMR0124,SIMU0269:User 269,GRANTED
2026,1月,13,周二,14:55:07,BA893511,SIMBR0231,SIMR0231,SIMU0269:User 269,GRANTED
2026,1月,13,周二,14:55:07,D2C7D462,SIMBR0185,SIMR0185,SIMU0061:User 61,GRANTED
2026,1月,13,周二,14:55:07,A2589816,SIMBR0052,SIMR0052,SIMU0082:User 82,GRANTED
2026,1月,13,周二,14:55:07,20D788EC,SIMBR0227,SIMR0227,SIMU0271:User 271,GRANTED
2026,1月,13,周二,14:55:07,D2C7D462,SIMBR0001,SIMR0001,SIMU0061:User 61,GRANTED
2026,1月,13,周二,14:55:07,B9D6BC00,SIMBR0266,SIMR0266,SIMU0107:User 107,GRANTED
2026,1月,13,周二,14:55:07,18788AAF,SIMBR0190,SIMR0190,SIMU0298:User 298,GRANTED
2026,1月,13,周二,14:55:07,BD4961D3,SIMBR0131,SIMR0131,SIMU0169:User 169,GRANTED
2026,1月,13,周二,14:55:07,DB66EC85,SIMBR0050,SIMR0050,SIMU0100:User 100,GRANTED
2026,1月,13,周二,14:55:07,359F9D02,SIMBR0384,SIMR0384,SIMU0087:User 87,GRANTED
2026,1月,13,周二,14:55:07,C39400FA,SIMBR0166,SIMR0166,SIMU0078:User 78,GRANTED
2026,1月,13,周二,14:55:07,1DE07196,SIMBR0128,SIMR0128,SIMU0274:User 274,GRANTED
2026,1月,13,周二,14:55:07,FEF21F79,SIMBR0255,SIMR0255,SIMU0159:User 159,GRANTED
2026,1月,13,周二,14:55:07,C39400FA,SIMBR0293,SIMR0293,SIMU0078:User 78,GRANTED
2026,1月,13,周二,14:55:07,C46D887F,SIMBR0299,SIMR0299,SIMU0254:User 254,GRANTED
2026,1月,13,周二,14:55:07,37E9D9C0,SIMBR0035,SIMR0035,SIMU0034:User 34,GRANTED
2026,1月,13,周二,14:55:07,6B7D13ED,SIMBR0133,SIMR0133,SIMU0191:User 191,GRANTED
2026,1月,13,周二,14:55:07,BA1008EF,SIMBR0033,SIMR0033,SIMU0083:User 83,GRANTED
2026,1月,13,周二,14:55:07,15AB7C7D,SIMBR0288,SIMR0288,SIMU0096:User 96,GRANTED
2026,1月,13,周二,14:55:07,A7A30652,SIMBR0251,SIMR0251,SIMU0094:User 94,GRANTED
2026,1月,13,周二,14:55:07,C718E607,SIMBR0362,SIMR0362,SIMU0089:User 89,GRANTED
2026,1月,13,周二,14:55:07,B095C629,SIMBR0040,SIMR0040,SIMU0257:User 257,GRANTED
2026,1月,13,周二,14:55:07,1CA3AA4C,SIMBR0184,SIMR0184,SIMU0014:User 14,GRANTED
2026,1月,13,周二,14:55:07,AE2F46DE,SIMBR0057,SIMR0057,SIMU0232:User 232,GRANTED
2026,1月,13,周二,14:55:07,1E4AD759,SIMBR0227,SIMR0227,SIMU0029:User 29,GRANTED
2026,1月,13,周二,14:55:07,40A1D543,BR021,RES014,SIMU0267:User 267,DENIED
2026,1月,13,周二,14:55:07,7C28253F,SIMBR0365,SIMR0365,SIMU0027:User 27,GRANTED
2026,1月,13,周二,14:55:07,E93FF152,SIMBR0040,SIMR0040,SIMU0197:User 197,GRANTED
2026,1月,13,周二,14:55:07,FBBEF95C,SIMBR0232,SIMR0232,SIMU0025:User 25,GRANTED
2026,1月,13,周二,14:55:07,A4F77AE3,SIMBR0166,SIMR0166,SIMU0031:User 31,GRANTED
2026,1月,13,周二,14:55:07,0CFFFBA0,SIMBR0148,SIMR0148,SIMU0189:User 189,GRANTED
2026,1月,13,周二,14:55:07,48744B29,SIMBR0080,SIMR0080,SIMU0035:User 35,GRANTED
2026,1月,13,周二,14:55:07,B095C629,SIMBR0308,SIMR0308,SIMU0257:User 257,GRANTED
2026,1月,13,周二,14:55:07,A4F77AE3,SIMBR0038,SIMR0038,SIMU0031:User 31,GRANTED
2026,1月,13,周二,14:55:07,FEF21F79,SIMBR0343,SIMR0343,SIMU0159:User 159,GRANTED
2026,1月,13,周二,14:55:07,B9D6BC00,SIMBR0353,SIMR0353,SIMU0107:User 107,GRANTED
2026,1月,13,周二,14:55:07,36330273,SIMBR0233,SIMR0233,SIMU0291:User 291,GRANTED
2026,1月,13,周二,14:55:07,C584F9D3,SIMBR0078,SIMR0078,EMP001:Zhang San,DENIED
2026,1月,13,周二,14:55:07,3B22F02A,SIMBR0343,SIMR0343,SIMU0299:User 299,GRANTED
2026,1月,13,周二,14:55:07,24DE0286,SIMBR0326,SIMR0326,SIMU0221:User 221,GRANTED
2026,1月,13,周二,14:55:07,FBBEF95C,SIMBR0008,SIMR0008,SIMU0025:User 25,GRANTED
2026,1月,13,周二,14:55:07,0DE450B1,SIMBR0052,SIMR0052,SIMU0016:User 16,GRANTED
2026,1月,13,周二,14:55:07,7B092D88,SIMBR0048,SIMR0048,SIMU0236:User 236,GRANTED
2026,1月,13,周二,14:55:07,B0DFB305,SIMBR0260,SIMR0260,SIMU0151:User 151,GRANTED
2026,1月,13,周二,14:55:07,BA893511,SIMBR0195,SIMR0195,SIMU0269:User 269,GRANTED
2026,1月,13,周二,14:55:07,358D24E5,SIMBR0221,SIMR0221,SIMU0130:User 130,GRANTED
2026,1月,13,周二,14:55:07,0CFFFBA0,SIMBR0159,SIMR0159,SIMU0189:User 189,GRANTED
2026,1月,13,周二,14:55:07,D3799252,SIMBR0254,SIMR0254,SIMU0022:User 22,GRANTED
2026,1月,13,周二,14:55:07,C46D887F,SIMBR0241,SIMR0241,SIMU0254:User 254,GRANTED
2026,1月,13,周二,14:55:07,B095C629,SIMBR0259,SIMR0259,SIMU0257:User 257,GRANTED
2026,1月,13,周二,14:55:07,2289A51E,SIMBR0203,SIMR0203,SIMU0273:User 273,GRANTED
2026,1月,13,周二,14:55:07,B2D6FCB4,SIMBR0062,SIMR0062,SIMU0086:User 86,GRANTED
2026,1月,13,周二,14:55:07,DA33A96E,SIMBR0264,SIMR0264,SIMU0190:User 190,GRANTED
2026,1月,13,周二,14:55:07,8CBA0F42,SIMBR0108,SIMR0108,SIMU0152:User 152,GRANTED
2026,1月,13,周二,14:55:07,9D3B8CFC,SIMBR0180,SIMR0180,SIMU0095:User 95,GRANTED
2026,1月,13,周二,14:55:07,23858FDA,SIMBR0127,SIMR0127,SIMU0098:User 98,GRANTED
2026,1月,13,周二,14:55:07,538EE2BF,SIMBR0310,SIMR0310,SIMU0177:User 177,GRANTED
2026,1月,13,周二,14:55:07,A89B9996,SIMBR0267,SIMR0267,SIMU0213:User 213,GRANTED
2026,1月,13,周二,14:55:07,B3E8626A,SIMBR0162,SIMR0162,SIMU0239:User 239,GRANTED
2026,1月,13,周二,14:55:07,C5A57784,SIMBR0361,SIMR0361,SIMU0072:User 72,GRANTED
2026,1月,13,周二,14:55:07,C04BAEE8,SIMBR0276,SIMR0276,SIMU0129:User 129,GRANTED
2026,1月,13,周二,14:55:07,358D24E5,SIMBR0121,SIMR0121,SIMU0130:User 130,GRANTED
2026,1月,13,周二,14:55:07,B0DFB305,SIMBR0291,SIMR0291,SIMU0151:User 151,GRANTED
2026,1月,13,周二,14:55:07,5AC1CCB2,SIMBR0187,SIMR0187,SIMU0264:User 264,GRANTED
2026,1月,13,周二,14:55:07,87F48A64,SIMBR0340,SIMR0340,SIMU0143:User 143,GRANTED
2026,1月,13,周二,14:55:07,A51F7B4F,SIMBR0332,SIMR0332,SIMU0277:User 277,GRANTED
2026,1月,13,周二,14:55:07,80AC649D,SIMBR0066,SIMR0066,SIMU0088:User 88,GRANTED
2026,1月,13,周二,14:55:07,37E9D9C0,SIMBR0144,SIMR0144,SIMU0034:User 34,GRANTED
2026,1月,13,周二,14:55:07,E6DCC382,SIMBR0227,SIMR0227,SIMU0158:User 158,GRANTED
2026,1月,13,周二,14:55:07,397975BA,SIMBR0292,SIMR0292,SIMU0164:User 164,GRANTED
2026,1月,13,周二,14:55:07,01513E26,SIMBR0057,SIMR0057,SIMU0181:User 181,GRANTED
2026,1月,13,周二,14:55:07,10321BC3,SIMBR0397,SIMR0397,SIMU0042:User 42,GRANTED
2026,1月,13,周二,14:55:07,40BD64A5,SIMBR0005,SIMR0005,SIMU0245:User 245,GRANTED
2026,1月,13,周二,14:55:07,4AF57AEF,SIMBR0011,SIMR0011,SIMU0193:User 193,GRANTED
2026,1月,13,周二,14:55:07,FEB7592C,SIMBR0213,SIMR0213,SIMU0059:User 59,GRANTED
2026,1月,13,周二,14:55:07,24A968FA,SIMBR0235,SIMR0235,SIMU0241:User 241,GRANTED
2026,1月,13,周二,14:55:07,9FA88CE9,SIMBR0159,SIMR0159,SIMU0049:User 49,GRANTED
2026,1月,13,周二,14:55:07,C04BAEE8,SIMBR0118,SIMR0118,SIMU0129:User 129,GRANTED
2026,1月,13,周二,14:55:07,5C4195BE,SIMBR0097,SIMR0097,SIMU0288:User 288,GRANTED
2026,1月,13,周二,14:55:07,C2F816DD,SIMBR0275,SIMR0275,SIMU0266:User 266,GRANTED
2026,1月,13,周二,14:55:07,538EE2BF,SIMBR0271,SIMR0271,SIMU0177:User 177,GRANTED
2026,1月,13,周二,14:55:07,CD0D9101,SIMBR0153,SIMR0153,SIMU0135:User 135,GRANTED
2026,1月,13,周二,14:55:07,4D83FE2E,SIMBR0215,SIMR0215,SIMU0056:User 56,GRANTED
2026,1月,13,周二,14:55:07,4B59E256,SIMBR0228,SIMR0228,SIMU0182:User 182,GRANTED
2026,1月,13,周二,14:55:07,73913F8C,SIMBR0116,SIMR0116,SIMU0188:User 188,GRANTED
2026,1月,13,周二,14:55:07,D0871CF1,SIMBR0126,SIMR0126,SIMU0007:User 7,GRANTED
2026,1月,13,周二,14:55:07,D6BC3463,SIMBR0397,SIMR0397,SIMU0037:User 37,GRANTED
2026,1月,13,周二,14:55:07,397975BA,SIMBR0253,SIMR0253,SIMU0164:User 164,GRANTED
2026,1月,13,周二,14:55:07,8BC6335E,SIMBR0199,SIMR0199,SIMU0204:User 204,GRANTED
2026,1月,13,周二,14:55:07,F832AB7A,SIMBR0123,SIMR0123,SIMU0139:User 139,GRANTED
2026,1月,13,周二,14:55:07,4AF57AEF,SIMBR0308,SIMR0308,SIMU0193:User 193,GRANTED
2026,1月,13,周二,14:55:07,6CEC1FDF,SIMBR0160,SIMR0160,SIMU0230:User 230,GRANTED
2026,1月,13,周二,14:55:07,49B45DCD,SIMBR0285,SIMR0285,SIMU0272:User 272,GRANTED
2026,1月,13,周二,14:55:07,57ED1495,SIMBR0182,SIMR0182,SIMU0250:User 250,GRANTED
2026,1月,13,周二,14:55:07,14103484,SIMBR0116,SIMR0116,SIMU0074:User 74,GRANTED
2026,1月,13,周二,14:55:07,D504C218,SIMBR0337,SIMR0337,SIMU0060:User 60,GRANTED
2026,1月,13,周二,14:55:07,EEC38563,SIMBR0344,SIMR0344,SIMU0141:User 141,GRANTED
2026,1月,13,周二,14:55:07,20D788EC,SIMBR0154,SIMR0154,SIMU0271:User 271,GRANTED
2026,1月,13,周二,14:55:07,0EA23D3A,SIMBR0004,SIMR0004,SIMU0062:User 62,GRANTED
2026,1月,13,周二,14:55:07,A53931BD,SIMBR0151,SIMR0151,SIMU0058:User 58,GRANTED
2026,1月,13,周二,14:55:07,95379CDB,SIMBR0224,SIMR0224,f46ee39b-ac9d-4193-a478-f8cfc35cec07:gagaga a,GRANTED
2026,1月,13,周二,14:55:07,9615FFCC,BR025,RES018,SIMU0010:User 10,DENIED
2026,1月,13,周二,14:55:07,1B14F9BC,SIMBR0327,SIMR0327,SIMU0065:User 65,GRANTED
2026,1月,13,周二,14:55:07,01513E26,SIMBR0335,SIMR0335,SIMU0181:User 181,GRANTED
2026,1月,13,周二,14:55:07,8BF81A2A,SIMBR0151,SIMR0151,SIMU0233:User 233,GRANTED
2026,1月,13,周二,14:55:07,24A968FA,SIMBR0163,SIMR0163,SIMU0241:User 241,GRANTED
2026,1月,13,周二,14:55:07,0CFFFBA0,SIMBR0251,SIMR0251,SIMU0189:User 189,GRANTED
2026,1月,13,周二,14:55:07,13990099,SIMBR0213,SIMR0213,SIMU0008:User 8,GRANTED
2026,1月,13,周二,14:55:07,D6BC3463,SIMBR0306,SIMR0306,SIMU0037:User 37,GRANTED
2026,1月,13,周二,14:55:07,C0F19B1C,SIMBR0243,SIMR0243,SIMU0155:User 155,GRANTED
2026,1月,13,周二,14:55:07,53A1B264,BR026,RES019,SIMU0017:User 17,DENIED
2026,1月,13,周二,14:55:07,86937632,SIMBR0241,SIMR0241,SIMU0187:User 187,GRANTED
2026,1月,13,周二,14:55:07,C2EDBC0C,SIMBR0354,SIMR0354,SIMU0226:User 226,GRANTED
2026,1月,13,周二,14:55:07,5D5C3450,SIMBR0377,SIMR0377,SIMU0131:User 131,GRANTED
2026,1月,13,周二,14:55:07,50B332C8,SIMBR0316,SIMR0316,SIMU0122:User 122,GRANTED
2026,1月,13,周二,14:55:07,E775A860,SIMBR0288,SIMR0288,SIMU0248:User 248,GRANTED
2026,1月,13,周二,14:55:07,F3B58DFF,SIMBR0141,SIMR0141,SIMU0076:User 76,GRANTED
2026,1月,13,周二,14:55:07,10321BC3,SIMBR0082,SIMR0082,SIMU0042:User 42,GRANTED
2026,1月,13,周二,14:55:07,394DF2A8,SIMBR0358,SIMR0358,SIMU0111:User 111,GRANTED
2026,1月,13,周二,14:55:07,C04BAEE8,SIMBR0212,SIMR0212,SIMU0129:User 129,GRANTED
2026,1月,13,周二,14:55:07,8BF81A2A,SIMBR0213,SIMR0213,SIMU0233:User 233,GRANTED
2026,1月,13,周二,14:55:07,AB055C88,SIMBR0214,SIMR0214,SIMU0024:User 24,GRANTED
2026,1月,13,周二,14:55:07,45B37997,SIMBR0352,SIMR0352,SIMU0163:User 163,GRANTED
2026,1月,13,周二,14:55:07,E116EA41,SIMBR0325,SIMR0325,SIMU0127:User 127,GRANTED
2026,1月,13,周二,14:55:07,C0CB4AFF,SIMBR0213,SIMR0213,SIMU0235:User 235,GRANTED
2026,1月,13,周二,14:55:07,78D4B102,SIMBR0285,SIMR0285,SIMU0283:User 283,GRANTED
2026,1月,13,周二,14:55:07,F1D4B1B6,SIMBR0304,SIMR0304,SIMU0247:User 247,GRANTED
2026,1月,13,周二,14:55:07,61095621,SIMBR0266,SIMR0266,SIMU0137:User 137,GRANTED
2026,1月,13,周二,14:55:07,DB66EC85,SIMBR0030,SIMR0030,SIMU0100:User 100,GRANTED
2026,1月,13,周二,14:55:07,5AC1CCB2,SIMBR0239,SIMR0239,SIMU0264:User 264,GRANTED
2026,1月,13,周二,14:55:07,23858FDA,SIMBR0286,SIMR0286,SIMU0098:User 98,GRANTED
2026,1月,13,周二,14:55:07,13F09473,SIMBR0049,SIMR0049,SIMU0279:User 279,GRANTED
2026,1月,13,周二,14:55:07,E116EA41,SIMBR0054,SIMR0054,SIMU0127:User 127,GRANTED
2026,1月,13,周二,14:55:07,DB66EC85,BR016,RES009,SIMU0100:User 100,DENIED
2026,1月,13,周二,14:55:07,24A968FA,SIMBR0081,SIMR0081,SIMU0241:User 241,GRANTED
2026,1月,13,周二,14:55:07,14103484,SIMBR0139,SIMR0139,SIMU0074:User 74,GRANTED
2026,1月,13,周二,14:55:07,A2589816,SIMBR0338,SIMR0338,SIMU0082:User 82,GRANTED
2026,1月,13,周二,14:55:07,AE2F46DE,SIMBR0381,SIMR0381,SIMU0232:User 232,GRANTED
2026,1月,13,周二,14:55:07,C2F816DD,SIMBR0257,SIMR0257,SIMU0266:User 266,GRANTED
2026,1月,13,周二,14:55:07,21A13EE6,SIMBR0336,SIMR0336,SIMU0133:User 133,GRANTED
2026,1月,13,周二,14:55:07,84F825EE,BR021,RES014,SIMU0150:User 150,DENIED
2026,1月,13,周二,14:55:07,6213A883,SIMBR0314,SIMR0314,SIMU0249:User 249,GRANTED
2026,1月,13,周二,14:55:07,B095C629,BR007,RES024,SIMU0257:User 257,DENIED
2026,1月,13,周二,14:55:07,44B3ADEE,SIMBR0210,SIMR0210,SIMU0157:User 157,GRANTED
2026,1月,13,周二,14:55:07,FB68A282,SIMBR0188,SIMR0188,SIMU0183:User 183,GRANTED
2026,1月,13,周二,14:55:07,D1BB07EE,SIMBR0180,SIMR0180,SIMU0287:User 287,GRANTED
2026,1月,13,周二,14:55:07,964B6B12,SIMBR0067,SIMR0067,SIMU0003:User 3,GRANTED
2026,1月,13,周二,14:55:07,E2506042,SIMBR0008,SIMR0008,SIMU0101:User 101,GRANTED
2026,1月,13,周二,14:55:07,0641BA46,SIMBR0243,SIMR0243,SIMU0085:User 85,GRANTED
2026,1月,13,周二,14:55:07,C3943F18,SIMBR0012,SIMR0012,SIMU0113:User 113,GRANTED
2026,1月,13,周二,14:55:07,BC450719,BR016,RES009,SIMU0013:User 13,DENIED
2026,1月,13,周二,14:55:08,6714B510,SIMBR0043,SIMR0043,SIMU0160:User 160,GRANTED
2026,1月,13,周二,14:55:08,290F7C52,SIMBR0165,SIMR0165,SIMU0216:User 216,GRANTED
2026,1月,13,周二,14:55:08,73913F8C,SIMBR0378,SIMR0378,SIMU0188:User 188,GRANTED
2026,1月,13,周二,14:55:08,EFC60F14,SIMBR0355,SIMR0355,SIMU0286:User 286,GRANTED
2026,1月,13,周二,14:55:08,47C3A99F,SIMBR0132,SIMR0132,SIMU0136:User 136,GRANTED
2026,1月,13,周二,14:55:08,7C3923AE,SIMBR0041,SIMR0041,SIMU0210:User 210,GRANTED
2026,1月,13,周二,14:55:08,F1D4B1B6,SIMBR0036,SIMR0036,SIMU0247:User 247,GRANTED
2026,1月,13,周二,14:55:08,73913F8C,SIMBR0313,SIMR0313,SIMU0188:User 188,GRANTED
2026,1月,13,周二,14:55:08,489655D2,SIMBR0116,SIMR0116,CON001:Wang Wu,DENIED
2026,1月,13,周二,14:55:08,FD75651D,SIMBR0107,SIMR0107,SIMU0238:User 238,GRANTED
2026,1月,13,周二,14:55:08,58B55845,SIMBR0321,SIMR0321,EMP002:Li Si,DENIED
2026,1月,13,周二,14:55:08,CA296753,BR013,RES006,SIMU0055:User 55,DENIED
2026,1月,13,周二,14:55:08,6A6279C3,SIMBR0018,SIMR0018,SIMU0178:User 178,GRANTED
2026,1月,13,周二,14:55:08,3EA1EF87,SIMBR0323,SIMR0323,SIMU0229:User 229,GRANTED
2026,1月,13,周二,14:55:08,78D74DDD,SIMBR0106,SIMR0106,VIS001:Qian Qi,DENIED
2026,1月,13,周二,14:55:08,66FC8294,SIMBR0324,SIMR0324,SIMU0180:User 180,GRANTED
2026,1月,13,周二,14:55:08,11BD165A,SIMBR0392,SIMR0392,SIMU0154:User 154,GRANTED
2026,1月,13,周二,14:55:08,37E9D9C0,SIMBR0228,SIMR0228,SIMU0034:User 34,GRANTED
2026,1月,13,周二,14:55:08,14103484,SIMBR0033,SIMR0033,SIMU0074:User 74,GRANTED
2026,1月,13,周二,14:55:08,AB055C88,SIMBR0083,SIMR0083,SIMU0024:User 24,GRANTED
2026,1月,13,周二,14:55:08,E6D64EED,SIMBR0271,SIMR0271,SIMU0105:User 105,GRANTED
2026,1月,13,周二,14:55:08,C46D887F,SIMBR0345,SIMR0345,SIMU0254:User 254,GRANTED
2026,1月,13,周二,14:55:08,95379CDB,SIMBR0103,SIMR0103,f46ee39b-ac9d-4193-a478-f8cfc35cec07:gagaga a,GRANTED
2026,1月,13,周二,14:55:08,2EEB40A9,SIMBR0334,SIMR0334,SIMU0260:User 260,GRANTED
2026,1月,13,周二,14:55:08,2D060B76,SIMBR0388,SIMR0388,SIMU0162:User 162,GRANTED
2026,1月,13,周二,14:55:08,4DFA0FE5,SIMBR0286,SIMR0286,SIMU0255:User 255,GRANTED
2026,1月,13,周二,14:55:08,853BC8DF,SIMBR0024,SIMR0024,SIMU0092:User 92,GRANTED
2026,1月,13,周二,14:55:08,853BC8DF,BR010,RES004,SIMU0092:User 92,DENIED
2026,1月,13,周二,14:55:08,27BDB972,SIMBR0037,SIMR0037,SIMU0244:User 244,GRANTED
2026,1月,13,周二,14:55:08,15D30411,SIMBR0028,SIMR0028,SIMU0289:User 289,GRANTED
2026,1月,13,周二,14:55:08,59E1ACA0,SIMBR0325,SIMR0325,SIMU0090:User 90,GRANTED
2026,1月,13,周二,14:55:08,A5A16F78,SIMBR0290,SIMR0290,SIMU0294:User 294,GRANTED
2026,1月,13,周二,14:55:08,B1990B96,SIMBR0133,SIMR0133,SIMU0106:User 106,GRANTED
2026,1月,13,周二,14:55:08,6FFD7F45,SIMBR0101,SIMR0101,SIMU0198:User 198,GRANTED
2026,1月,13,周二,14:55:08,BA893511,SIMBR0096,SIMR0096,SIMU0269:User 269,GRANTED
2026,1月,13,周二,14:55:08,D0871CF1,SIMBR0301,SIMR0301,SIMU0007:User 7,GRANTED
2026,1月,13,周二,14:55:08,E55AD432,SIMBR0125,SIMR0125,SIMU0134:User 134,GRANTED
2026,1月,13,周二,14:55:08,7D277C80,SIMBR0334,SIMR0334,SIMU0212:User 212,GRANTED
2026,1月,13,周二,14:55:08,CA782D54,SIMBR0305,SIMR0305,SIMU0219:User 219,GRANTED
2026,1月,13,周二,14:55:08,B77EBDC0,SIMBR0126,SIMR0126,SIMU0203:User 203,GRANTED
2026,1月,13,周二,14:55:08,78D74DDD,BR011,RES026,VIS001:Qian Qi,DENIED
2026,1月,13,周二,14:55:08,905C3DCB,SIMBR0245,SIMR0245,SIMU0070:User 70,GRANTED
2026,1月,13,周二,14:55:08,359F9D02,SIMBR0208,SIMR0208,SIMU0087:User 87,GRANTED
2026,1月,13,周二,14:55:08,EEC38563,BR020,RES013,SIMU0141:User 141,DENIED
2026,1月,13,周二,14:55:08,5D5C3450,SIMBR0207,SIMR0207,SIMU0131:User 131,GRANTED
2026,1月,13,周二,14:55:08,6B7D13ED,SIMBR0292,SIMR0292,SIMU0191:User 191,GRANTED
2026,1月,13,周二,14:55:08,B3E8626A,SIMBR0147,SIMR0147,SIMU0239:User 239,GRANTED
2026,1月,13,周二,14:55:08,E07F08A6,SIMBR0075,SIMR0075,SIMU0246:User 246,GRANTED
2026,1月,13,周二,14:55:08,2056B86F,SIMBR0260,SIMR0260,SIMU0067:User 67,GRANTED
2026,1月,13,周二,14:55:08,7B092D88,SIMBR0169,SIMR0169,SIMU0236:User 236,GRANTED
2026,1月,13,周二,14:55:08,2289A51E,SIMBR0255,SIMR0255,SIMU0273:User 273,GRANTED
2026,1月,13,周二,14:55:08,1DE07196,SIMBR0091,SIMR0091,SIMU0274:User 274,GRANTED
2026,1月,13,周二,14:55:08,643D2F0C,SIMBR0224,SIMR0224,SIMU0048:User 48,GRANTED
2026,1月,13,周二,14:55:08,C7C3B16D,SIMBR0308,SIMR0308,SIMU0259:User 259,GRANTED
2026,1月,13,周二,14:55:08,47A80030,SIMBR0070,SIMR0070,SIMU0234:User 234,GRANTED
2026,1月,13,周二,14:55:08,5560EC7D,SIMBR0285,SIMR0285,SIMU0109:User 109,GRANTED
2026,1月,13,周二,14:55:08,4DFA0FE5,BR013,RES006,SIMU0255:User 255,DENIED
2026,1月,13,周二,14:55:08,75D7C714,SIMBR0038,SIMR0038,SIMU0005:User 5,GRANTED
2026,1月,13,周二,14:55:08,CB2FA116,BR016,RES009,SIMU0172:User 172,DENIED
2026,1月,13,周二,14:55:08,359F9D02,SIMBR0232,SIMR0232,SIMU0087:User 87,GRANTED
2026,1月,13,周二,14:55:08,E8751622,SIMBR0045,SIMR0045,SIMU0161:User 161,GRANTED
2026,1月,13,周二,14:55:08,F04FDB11,SIMBR0308,SIMR0308,SIMU0125:User 125,GRANTED
2026,1月,13,周二,14:55:08,F6E7D08A,SIMBR0296,SIMR0296,SIMU0001:User 1,GRANTED
2026,1月,13,周二,14:55:08,95379CDB,SIMBR0044,SIMR0044,f46ee39b-ac9d-4193-a478-f8cfc35cec07:gagaga a,GRANTED
2026,1月,13,周二,14:55:08,57DBFC15,SIMBR0365,SIMR0365,SIMU0290:User 290,GRANTED
2026,1月,13,周二,14:55:08,3B7FFD92,SIMBR0369,SIMR0369,SIMU0256:User 256,GRANTED
2026,1月,13,周二,14:55:08,95777979,SIMBR0165,SIMR0165,SIMU0051:User 51,GRANTED
2026,1月,13,周二,14:55:08,AB055C88,SIMBR0039,SIMR0039,SIMU0024:User 24,GRANTED
2026,1月,13,周二,14:55:08,6B7D13ED,SIMBR0005,SIMR0005,SIMU0191:User 191,GRANTED
2026,1月,13,周二,14:55:08,41981850,SIMBR0391,SIMR0391,SIMU0263:User 263,GRANTED
2026,1月,13,周二,14:55:08,11BD165A,SIMBR0297,SIMR0297,SIMU0154:User 154,GRANTED
2026,1月,13,周二,14:55:08,CB2FA116,SIMBR0129,SIMR0129,SIMU0172:User 172,GRANTED
2026,1月,13,周二,14:55:08,D78DDFDE,SIMBR0087,SIMR0087,SIMU0252:User 252,GRANTED
2026,1月,13,周二,14:55:08,D87DCC23,SIMBR0169,SIMR0169,SIMU0006:User 6,GRANTED
2026,1月,13,周二,14:55:08,44B3ADEE,SIMBR0115,SIMR0115,SIMU0157:User 157,GRANTED
2026,1月,13,周二,14:55:08,48744B29,SIMBR0044,SIMR0044,SIMU0035:User 35,GRANTED
2026,1月,13,周二,14:55:08,80AC649D,SIMBR0197,SIMR0197,SIMU0088:User 88,GRANTED
2026,1月,13,周二,14:55:08,181D33C7,SIMBR0309,SIMR0309,SIMU0227:User 227,GRANTED
2026,1月,13,周二,14:55:08,44B3ADEE,SIMBR0163,SIMR0163,SIMU0157:User 157,GRANTED
2026,1月,13,周二,14:55:08,5C4195BE,SIMBR0061,SIMR0061,SIMU0288:User 288,GRANTED
2026,1月,13,周二,14:55:08,AB055C88,SIMBR0258,SIMR0258,SIMU0024:User 24,GRANTED
2026,1月,13,周二,14:55:08,DF7754DF,SIMBR0367,SIMR0367,SIMU0019:User 19,GRANTED
2026,1月,13,周二,14:55:08,66FC8294,SIMBR0190,SIMR0190,SIMU0180:User 180,GRANTED
2026,1月,13,周二,14:55:08,2D060B76,SIMBR0079,SIMR0079,SIMU0162:User 162,GRANTED
2026,1月,13,周二,14:55:08,C2F816DD,SIMBR0344,SIMR0344,SIMU0266:User 266,GRANTED
2026,1月,13,周二,14:55:08,E6D64EED,SIMBR0070,SIMR0070,SIMU0105:User 105,GRANTED
2026,1月,13,周二,14:55:08,050D9DEF,SIMBR0093,SIMR0093,SIMU0128:User 128,GRANTED
2026,1月,13,周二,14:55:08,C50459DB,SIMBR0062,SIMR0062,SIMU0262:User 262,GRANTED
2026,1月,13,周二,14:55:08,3DC555DE,SIMBR0394,SIMR0394,SIMU0300:User 300,GRANTED
2026,1月,13,周二,14:55:08,95777979,SIMBR0196,SIMR0196,SIMU0051:User 51,GRANTED
2026,1月,13,周二,14:55:08,030D82CF,SIMBR0181,SIMR0181,SIMU0207:User 207,GRANTED
2026,1月,13,周二,14:55:08,AA3155BB,SIMBR0222,SIMR0222,SIMU0050:User 50,GRANTED
2026,1月,13,周二,14:55:08,5334DCE6,SIMBR0012,SIMR0012,SIMU0179:User 179,GRANTED
2026,1月,13,周二,14:55:08,2E121B44,SIMBR0129,SIMR0129,SIMU0258:User 258,GRANTED
2026,1月,13,周二,14:55:08,F0ADE55C,SIMBR0315,SIMR0315,SIMU0237:User 237,GRANTED
2026,1月,13,周二,14:55:08,B095C629,BR004,RES001,SIMU0257:User 257,DENIED
2026,1月,13,周二,14:55:08,495297EE,SIMBR0179,SIMR0179,SIMU0038:User 38,GRANTED
2026,1月,13,周二,14:55:08,3DC555DE,SIMBR0309,SIMR0309,SIMU0300:User 300,GRANTED
2026,1月,13,周二,14:55:08,B13BB6C7,SIMBR0145,SIMR0145,SIMU0167:User 167,GRANTED
2026,1月,13,周二,14:55:08,53A1B264,SIMBR0295,SIMR0295,SIMU0017:User 17,GRANTED
2026,1月,13,周二,14:55:08,9FA88CE9,SIMBR0397,SIMR0397,SIMU0049:User 49,GRANTED
2026,1月,13,周二,14:55:08,3A395E30,SIMBR0054,SIMR0054,SIMU0280:User 280,GRANTED
2026,1月,13,周二,14:55:08,BA821DBA,SIMBR0228,SIMR0228,SIMU0148:User 148,GRANTED
2026,1月,13,周二,14:55:08,80BC1A17,SIMBR0391,SIMR0391,SIMU0112:User 112,GRANTED
2026,1月,13,周二,14:55:08,7B092D88,SIMBR0177,SIMR0177,SIMU0236:User 236,GRANTED
2026,1月,13,周二,14:55:08,7CA376A0,SIMBR0221,SIMR0221,SIMU0102:User 102,GRANTED
2026,1月,13,周二,14:55:08,8EA215FF,SIMBR0219,SIMR0219,SIMU0201:User 201,GRANTED
2026,1月,13,周二,14:55:08,1A3D1ED6,SIMBR0247,SIMR0247,SIMU0231:User 231,GRANTED
2026,1月,13,周二,14:55:08,CB0F203D,SIMBR0281,SIMR0281,SIMU0124:User 124,GRANTED
2026,1月,13,周二,14:55:08,DCB76AA3,SIMBR0222,SIMR0222,SIMU0228:User 228,GRANTED
2026,1月,13,周二,14:55:08,0FB515EE,SIMBR0058,SIMR0058,SIMU0033:User 33,GRANTED
2026,1月,13,周二,14:55:08,24546BD0,SIMBR0288,SIMR0288,SIMU0251:User 251,GRANTED
2026,1月,13,周二,14:55:08,8EA215FF,SIMBR0385,SIMR0385,SIMU0201:User 201,GRANTED
2026,1月,13,周二,14:55:08,C0CB4AFF,SIMBR0346,SIMR0346,SIMU0235:User 235,GRANTED
2026,1月,13,周二,14:55:08,964B6B12,SIMBR0359,SIMR0359,SIMU0003:User 3,GRANTED
2026,1月,13,周二,14:55:08,DF7754DF,SIMBR0321,SIMR0321,SIMU0019:User 19,GRANTED
2026,1月,13,周二,14:55:08,FBBEF95C,SIMBR0308,SIMR0308,SIMU0025:User 25,GRANTED
2026,1月,13,周二,14:55:08,6BDE4067,SIMBR0399,SIMR0399,SIMU0114:User 114,GRANTED
2026,1月,13,周二,14:55:08,C44E5E52,SIMBR0396,SIMR0396,SIMU0002:User 2,GRANTED
2026,1月,13,周二,14:55:08,538EE2BF,SIMBR0233,SIMR0233,SIMU0177:User 177,GRANTED
2026,1月,13,周二,14:55:08,01513E26,SIMBR0024,SIMR0024,SIMU0181:User 181,GRANTED
2026,1月,13,周二,14:55:08,3870BA5D,SIMBR0206,SIMR0206,SIMU0173:User 173,GRANTED
2026,1月,13,周二,14:55:08,6A6279C3,SIMBR0214,SIMR0214,SIMU0178:User 178,GRANTED
2026,1月,13,周二,14:55:08,A2589816,SIMBR0316,SIMR0316,SIMU0082:User 82,GRANTED
2026,1月,13,周二,14:55:08,16ED8B1D,SIMBR0192,SIMR0192,SIMU0073:User 73,GRANTED
2026,1月,13,周二,14:55:08,11BD165A,SIMBR0243,SIMR0243,SIMU0154:User 154,GRANTED
2026,1月,13,周二,14:55:08,1DE07196,SIMBR0094,SIMR0094,SIMU0274:User 274,GRANTED
2026,1月,13,周二,14:55:08,C31E01F0,SIMBR0331,SIMR0331,SIMU0192:User 192,GRANTED
2026,1月,13,周二,14:55:08,56619802,SIMBR0340,SIMR0340,SIMU0202:User 202,GRANTED
2026,1月,13,周二,14:55:08,57ED1495,SIMBR0302,SIMR0302,SIMU0250:User 250,GRANTED
2026,1月,13,周二,14:55:08,394DF2A8,SIMBR0208,SIMR0208,SIMU0111:User 111,GRANTED
2026,1月,13,周二,14:55:08,CA296753,BR014,RES007,SIMU0055:User 55,DENIED
2026,1月,13,周二,14:55:08,61095621,SIMBR0151,SIMR0151,SIMU0137:User 137,GRANTED
2026,1月,13,周二,14:55:08,6213A883,SIMBR0092,SIMR0092,SIMU0249:User 249,GRANTED
2026,1月,13,周二,14:55:08,7B914E9E,SIMBR0065,SIMR0065,SIMU0215:User 215,GRANTED
2026,1月,13,周二,14:55:08,B0B2BCE6,SIMBR0145,SIMR0145,SIMU0208:User 208,GRANTED
2026,1月,13,周二,14:55:08,DA33A96E,BR015,RES008,SIMU0190:User 190,DENIED
2026,1月,13,周二,14:55:08,6714B510,SIMBR0320,SIMR0320,SIMU0160:User 160,GRANTED
2026,1月,13,周二,14:55:08,5E9892AA,SIMBR0298,SIMR0298,SIMU0293:User 293,GRANTED
2026,1月,13,周二,14:55:08,D0871CF1,SIMBR0270,SIMR0270,SIMU0007:User 7,GRANTED
2026,1月,13,周二,14:55:08,8D67E6D5,SIMBR0361,SIMR0361,SIMU0045:User 45,GRANTED
2026,1月,13,周二,14:55:08,068AFAB6,BR009,RES025,SIMU0115:User 115,DENIED
2026,1月,13,周二,14:55:08,15D30411,BR005,RES023,SIMU0289:User 289,DENIED
2026,1月,13,周二,14:55:08,3A52D444,SIMBR0342,SIMR0342,SIMU0166:User 166,GRANTED
2026,1月,13,周二,14:55:08,E6D64EED,SIMBR0275,SIMR0275,SIMU0105:User 105,GRANTED
2026,1月,13,周二,14:55:08,BA841717,SIMBR0058,SIMR0058,SIMU0064:User 64,GRANTED
2026,1月,13,周二,14:55:08,18788AAF,SIMBR0097,SIMR0097,SIMU0298:User 298,GRANTED
2026,1月,13,周二,14:55:08,10321BC3,BR020,RES013,SIMU0042:User 42,DENIED
2026,1月,13,周二,14:55:08,47A80030,SIMBR0114,SIMR0114,SIMU0234:User 234,GRANTED
2026,1月,13,周二,14:55:08,181D33C7,SIMBR0031,SIMR0031,SIMU0227:User 227,GRANTED
2026,1月,13,周二,14:55:08,BEBCE825,SIMBR0006,SIMR0006,SIMU0270:User 270,GRANTED
2026,1月,13,周二,14:55:08,FEF21F79,SIMBR0183,SIMR0183,SIMU0159:User 159,GRANTED
2026,1月,13,周二,14:55:08,C57735BB,SIMBR0260,SIMR0260,SIMU0242:User 242,GRANTED
2026,1月,13,周二,14:55:08,A51F7B4F,SIMBR0378,SIMR0378,SIMU0277:User 277,GRANTED
2026,1月,13,周二,14:55:08,D3E409F0,SIMBR0381,SIMR0381,SIMU0012:User 12,GRANTED
2026,1月,13,周二,14:55:08,A234EF8B,SIMBR0365,SIMR0365,SIMU0069:User 69,GRANTED
2026,1月,13,周二,14:55:08,56619802,SIMBR0272,SIMR0272,SIMU0202:User 202,GRANTED
2026,1月,13,周二,14:55:08,BA841717,SIMBR0238,SIMR0238,SIMU0064:User 64,GRANTED
2026,1月,13,周二,14:55:08,AE2F46DE,SIMBR0293,SIMR0293,SIMU0232:User 232,GRANTED
2026,1月,13,周二,14:55:08,2289A51E,SIMBR0040,SIMR0040,SIMU0273:User 273,GRANTED
2026,1月,13,周二,14:55:08,1812D558,SIMBR0167,SIMR0167,SIMU0214:User 214,GRANTED
2026,1月,13,周二,14:55:08,1792E539,SIMBR0148,SIMR0148,SIMU0292:User 292,GRANTED
2026,1月,13,周二,14:55:08,46895123,SIMBR0045,SIMR0045,SIMU0132:User 132,GRANTED
2026,1月,13,周二,14:55:08,84F825EE,SIMBR0043,SIMR0043,SIMU0150:User 150,GRANTED
2026,1月,13,周二,14:55:08,3A395E30,BR007,RES024,SIMU0280:User 280,DENIED
2026,1月,13,周二,14:55:08,C0CB4AFF,SIMBR0349,SIMR0349,SIMU0235:User 235,GRANTED
2026,1月,13,周二,14:55:08,D49E4724,SIMBR0354,SIMR0354,SIMU0278:User 278,GRANTED
2026,1月,13,周二,14:55:08,CA15B29F,SIMBR0298,SIMR0298,SIMU0206:User 206,GRANTED
2026,1月,13,周二,14:55:08,050D9DEF,SIMBR0356,SIMR0356,SIMU0128:User 128,GRANTED
2026,1月,13,周二,14:55:08,15AB7C7D,BR017,RES010,SIMU0096:User 96,DENIED
2026,1月,13,周二,14:55:08,EEC38563,SIMBR0370,SIMR0370,SIMU0141:User 141,GRANTED
2026,1月,13,周二,14:55:08,50B332C8,SIMBR0066,SIMR0066,SIMU0122:User 122,GRANTED
2026,1月,13,周二,14:55:08,CB1ACCC7,BR003,RES022,SIMU0110:User 110,DENIED
2026,1月,13,周二,14:55:08,3B9B3EAE,SIMBR0160,SIMR0160,SIMU0144:User 144,GRANTED
2026,1月,13,周二,14:55:08,01513E26,SIMBR0295,SIMR0295,SIMU0181:User 181,GRANTED
2026,1月,13,周二,14:55:08,57ED1495,SIMBR0390,SIMR0390,SIMU0250:User 250,GRANTED
2026,1月,13,周二,14:55:08,8B9117BE,SIMBR0092,SIMR0092,SIMU0165:User 165,GRANTED
2026,1月,13,周二,14:55:08,1E4AD759,SIMBR0281,SIMR0281,SIMU0029:User 29,GRANTED
2026,1月,13,周二,14:55:08,F6E7D08A,SIMBR0393,SIMR0393,SIMU0001:User 1,GRANTED
2026,1月,13,周二,14:55:08,8CBA0F42,SIMBR0176,SIMR0176,SIMU0152:User 152,GRANTED
2026,1月,13,周二,14:55:08,37E9D9C0,SIMBR0375,SIMR0375,SIMU0034:User 34,GRANTED
2026,1月,13,周二,14:55:08,4DFA0FE5,SIMBR0024,SIMR0024,SIMU0255:User 255,GRANTED
2026,1月,13,周二,14:55:08,4758C16D,SIMBR0319,SIMR0319,SIMU0147:User 147,GRANTED
2026,1月,13,周二,14:55:08,E0F41E54,SIMBR0324,SIMR0324,SIMU0176:User 176,GRANTED
2026,1月,13,周二,14:55:08,CCACC23C,SIMBR0213,SIMR0213,SIMU0149:User 149,GRANTED
2026,1月,13,周二,14:55:08,45B37997,SIMBR0274,SIMR0274,SIMU0163:User 163,GRANTED
2026,1月,13,周二,14:55:08,5E9892AA,SIMBR0234,SIMR0234,SIMU0293:User 293,GRANTED
2026,1月,13,周二,14:55:08,A89B9996,SIMBR0105,SIMR0105,SIMU0213:User 213,GRANTED
2026,1月,13,周二,14:55:08,2EEB40A9,SIMBR0247,SIMR0247,SIMU0260:User 260,GRANTED
2026,1月,13,周二,14:55:08,27BDB972,SIMBR0058,SIMR0058,SIMU0244:User 244,GRANTED
2026,1月,13,周二,14:55:08,1EE4C053,SIMBR0101,SIMR0101,SIMU0026:User 26,GRANTED
2026,1月,13,周二,14:55:08,40BD64A5,SIMBR0312,SIMR0312,SIMU0245:User 245,GRANTED
2026,1月,13,周二,14:55:08,D78DDFDE,SIMBR0220,SIMR0220,SIMU0252:User 252,GRANTED
2026,1月,13,周二,14:55:08,81F12C1B,SIMBR0137,SIMR0137,SIMU0200:User 200,GRANTED
2026,1月,13,周二,14:55:08,8E0C2F27,SIMBR0344,SIMR0344,SIMU0126:User 126,GRANTED
2026,1月,13,周二,14:55:08,46895123,SIMBR0169,SIMR0169,SIMU0132:User 132,GRANTED
2026,1月,13,周二,14:55:08,47C3A99F,SIMBR0375,SIMR0375,SIMU0136:User 136,GRANTED
2026,1月,13,周二,14:55:08,C169BAEB,SIMBR0114,SIMR0114,SIMU0174:User 174,GRANTED
2026,1月,13,周二,14:55:08,B1990B96,SIMBR0089,SIMR0089,SIMU0106:User 106,GRANTED
2026,1月,13,周二,14:55:08,8E0C2F27,SIMBR0082,SIMR0082,SIMU0126:User 126,GRANTED
2026,1月,13,周二,14:55:09,46895123,SIMBR0283,SIMR0283,SIMU0132:User 132,GRANTED
2026,1月,13,周二,14:55:09,24DE0286,SIMBR0077,SIMR0077,SIMU0221:User 221,GRANTED
2026,1月,13,周二,14:55:09,FC9C0D71,SIMBR0143,SIMR0143,SIMU0093:User 93,GRANTED
2026,1月,13,周二,14:55:09,8884A944,SIMBR0125,SIMR0125,SIMU0295:User 295,GRANTED
2026,1月,13,周二,14:55:09,FC05A793,SIMBR0089,SIMR0089,SIMU0071:User 71,GRANTED
2026,1月,13,周二,14:55:09,D832D5F3,SIMBR0238,SIMR0238,SIMU0261:User 261,GRANTED
2026,1月,13,周二,14:55:09,D324F0AC,SIMBR0079,SIMR0079,SIMU0108:User 108,GRANTED
2026,1月,13,周二,14:55:09,50B332C8,SIMBR0076,SIMR0076,SIMU0122:User 122,GRANTED
2026,1月,13,周二,14:55:09,E137F666,SIMBR0328,SIMR0328,SIMU0220:User 220,GRANTED
2026,1月,13,周二,14:55:09,A5A16F78,SIMBR0025,SIMR0025,SIMU0294:User 294,GRANTED
2026,1月,13,周二,14:55:09,81F12C1B,SIMBR0287,SIMR0287,SIMU0200:User 200,GRANTED
2026,1月,13,周二,14:55:09,5FF2F656,SIMBR0004,SIMR0004,SIMU0120:User 120,GRANTED
2026,1月,13,周二,14:55:09,48744B29,BR022,RES015,SIMU0035:User 35,DENIED
2026,1月,13,周二,14:55:09,273F3B3E,SIMBR0010,SIMR0010,SIMU0224:User 224,GRANTED
2026,1月,13,周二,14:55:09,48744B29,SIMBR0399,SIMR0399,SIMU0035:User 35,GRANTED
2026,1月,13,周二,14:55:09,874CC50E,SIMBR0207,SIMR0207,SIMU0036:User 36,GRANTED
2026,1月,13,周二,14:55:09,4B59E256,SIMBR0341,SIMR0341,SIMU0182:User 182,GRANTED
2026,1月,13,周二,14:55:09,C31E01F0,SIMBR0269,SIMR0269,SIMU0192:User 192,GRANTED
2026,1月,13,周二,14:55:09,A74F536B,SIMBR0108,SIMR0108,SIMU0097:User 97,GRANTED
2026,1月,13,周二,14:55:09,DB66EC85,SIMBR0012,SIMR0012,SIMU0100:User 100,GRANTED
2026,1月,13,周二,14:55:09,D832D5F3,SIMBR0285,SIMR0285,SIMU0261:User 261,GRANTED
2026,1月,13,周二,14:55:09,2C249415,SIMBR0035,SIMR0035,SIMU0276:User 276,GRANTED
2026,1月,13,周二,14:55:09,D87DCC23,SIMBR0063,SIMR0063,SIMU0006:User 6,GRANTED
2026,1月,13,周二,14:55:09,E55AD432,SIMBR0271,SIMR0271,SIMU0134:User 134,GRANTED
2026,1月,13,周二,14:55:09,D324F0AC,SIMBR0343,SIMR0343,SIMU0108:User 108,GRANTED
2026,1月,13,周二,14:55:09,C39400FA,SIMBR0237,SIMR0237,SIMU0078:User 78,GRANTED
2026,1月,13,周二,14:55:09,BD4961D3,SIMBR0197,SIMR0197,SIMU0169:User 169,GRANTED
2026,1月,13,周二,14:55:09,BA1008EF,SIMBR0231,SIMR0231,SIMU0083:User 83,GRANTED
2026,1月,13,周二,14:55:09,E8751622,SIMBR0187,SIMR0187,SIMU0161:User 161,GRANTED
2026,1月,13,周二,14:55:09,5334DCE6,SIMBR0124,SIMR0124,SIMU0179:User 179,GRANTED
2026,1月,13,周二,14:55:09,9A00F337,SIMBR0097,SIMR0097,SIMU0285:User 285,GRANTED
2026,1月,13,周二,14:55:09,24DE0286,SIMBR0112,SIMR0112,SIMU0221:User 221,GRANTED
2026,1月,13,周二,14:55:09,D0871CF1,SIMBR0034,SIMR0034,SIMU0007:User 7,GRANTED
2026,1月,13,周二,14:55:09,CEC0E003,SIMBR0360,SIMR0360,SIMU0009:User 9,GRANTED
2026,1月,13,周二,14:55:09,F04FDB11,SIMBR0187,SIMR0187,SIMU0125:User 125,GRANTED
2026,1月,13,周二,14:55:09,2E121B44,SIMBR0127,SIMR0127,SIMU0258:User 258,GRANTED
2026,1月,13,周二,14:55:09,6E7782F8,SIMBR0107,SIMR0107,INT001:Zhao Liu,DENIED
2026,1月,13,周二,14:55:09,BA821DBA,SIMBR0004,SIMR0004,SIMU0148:User 148,GRANTED
2026,1月,13,周二,14:55:09,1E74F408,SIMBR0013,SIMR0013,SIMU0171:User 171,GRANTED
2026,1月,13,周二,14:55:09,8C19D42A,SIMBR0124,SIMR0124,SIMU0284:User 284,GRANTED
2026,1月,13,周二,14:55:09,18788AAF,SIMBR0159,SIMR0159,SIMU0298:User 298,GRANTED
2026,1月,13,周二,14:55:09,3CC4126C,SIMBR0304,SIMR0304,SIMU0099:User 99,GRANTED
2026,1月,13,周二,14:55:09,FB68A282,SIMBR0300,SIMR0300,SIMU0183:User 183,GRANTED
2026,1月,13,周二,14:55:09,FBFF5A63,SIMBR0230,SIMR0230,SIMU0184:User 184,GRANTED
2026,1月,13,周二,14:55:09,58B690ED,SIMBR0086,SIMR0086,SIMU0081:User 81,GRANTED
2026,1月,13,周二,14:55:09,3CC4126C,SIMBR0256,SIMR0256,SIMU0099:User 99,GRANTED
2026,1月,13,周二,14:55:09,40BD64A5,SIMBR0285,SIMR0285,SIMU0245:User 245,GRANTED
2026,1月,13,周二,14:55:09,D504C218,SIMBR0084,SIMR0084,SIMU0060:User 60,GRANTED
2026,1月,13,周二,14:55:09,3A395E30,SIMBR0273,SIMR0273,SIMU0280:User 280,GRANTED
2026,1月,13,周二,14:55:09,A2903A49,SIMBR0058,SIMR0058,SIMU0043:User 43,GRANTED
2026,1月,13,周二,14:55:09,4B59E256,SIMBR0220,SIMR0220,SIMU0182:User 182,GRANTED
2026,1月,13,周二,14:55:09,8EA215FF,SIMBR0202,SIMR0202,SIMU0201:User 201,GRANTED
2026,1月,13,周二,14:55:09,5E9892AA,BR008,RES003,SIMU0293:User 293,DENIED
2026,1月,13,周二,14:55:09,B0B2BCE6,SIMBR0023,SIMR0023,SIMU0208:User 208,GRANTED
2026,1月,13,周二,14:55:09,F853E5E9,SIMBR0149,SIMR0149,SIMU0119:User 119,GRANTED
2026,1月,13,周二,14:55:09,C3943F18,SIMBR0306,SIMR0306,SIMU0113:User 113,GRANTED
2026,1月,13,周二,14:55:09,CB0F203D,SIMBR0238,SIMR0238,SIMU0124:User 124,GRANTED
2026,1月,13,周二,14:55:09,874CC50E,SIMBR0023,SIMR0023,SIMU0036:User 36,GRANTED
2026,1月,13,周二,14:55:09,128D7B1F,SIMBR0139,SIMR0139,SIMU0121:User 121,GRANTED
2026,1月,13,周二,14:55:09,354118DA,SIMBR0249,SIMR0249,SIMU0052:User 52,GRANTED
2026,1月,13,周二,14:55:09,3122BEFD,SIMBR0168,SIMR0168,SIMU0066:User 66,GRANTED
2026,1月,13,周二,14:55:09,FEF21F79,SIMBR0179,SIMR0179,SIMU0159:User 159,GRANTED
2026,1月,13,周二,14:55:09,701D5B3A,SIMBR0109,SIMR0109,SIMU0211:User 211,GRANTED
2026,1月,13,周二,14:55:09,C7C3B16D,SIMBR0050,SIMR0050,SIMU0259:User 259,GRANTED
2026,1月,13,周二,14:55:09,7413D955,SIMBR0368,SIMR0368,SIMU0075:User 75,GRANTED
2026,1月,13,周二,14:55:09,80BC1A17,SIMBR0327,SIMR0327,SIMU0112:User 112,GRANTED
2026,1月,13,周二,14:55:09,4758C16D,BR022,RES015,SIMU0147:User 147,DENIED
2026,1月,13,周二,14:55:09,518BCEDD,SIMBR0231,SIMR0231,SIMU0011:User 11,GRANTED
2026,1月,13,周二,14:55:09,57DBFC15,SIMBR0134,SIMR0134,SIMU0290:User 290,GRANTED
2026,1月,13,周二,14:55:09,E775A860,SIMBR0229,SIMR0229,SIMU0248:User 248,GRANTED
2026,1月,13,周二,14:55:09,57DBFC15,SIMBR0093,SIMR0093,SIMU0290:User 290,GRANTED
2026,1月,13,周二,14:55:09,23858FDA,SIMBR0265,SIMR0265,SIMU0098:User 98,GRANTED
2026,1月,13,周二,14:55:09,FC9C0D71,SIMBR0253,SIMR0253,SIMU0093:User 93,GRANTED
2026,1月,13,周二,14:55:09,EEC38563,SIMBR0337,SIMR0337,SIMU0141:User 141,GRANTED
2026,1月,13,周二,14:55:09,030D82CF,SIMBR0102,SIMR0102,SIMU0207:User 207,GRANTED
2026,1月,13,周二,14:55:09,54C5EDBD,SIMBR0043,SIMR0043,SIMU0145:User 145,GRANTED
2026,1月,13,周二,14:55:09,874CC50E,SIMBR0073,SIMR0073,SIMU0036:User 36,GRANTED
2026,1月,13,周二,14:55:09,983FD996,SIMBR0208,SIMR0208,SIMU0225:User 225,GRANTED
2026,1月,13,周二,14:55:09,10321BC3,SIMBR0246,SIMR0246,SIMU0042:User 42,GRANTED
2026,1月,13,周二,14:55:09,45BE30A8,SIMBR0063,SIMR0063,8d1a5202-9052-4f93-bf5a-4deffdf65fd3:a q,GRANTED
2026,1月,13,周二,14:55:09,5FF2F656,SIMBR0371,SIMR0371,SIMU0120:User 120,GRANTED
2026,1月,13,周二,14:55:09,8C19D42A,SIMBR0210,SIMR0210,SIMU0284:User 284,GRANTED
2026,1月,13,周二,14:55:09,273F3B3E,BR019,RES012,SIMU0224:User 224,DENIED
2026,1月,13,周二,14:55:09,31C1AEEF,SIMBR0137,SIMR0137,SIMU0039:User 39,GRANTED
2026,1月,13,周二,14:55:09,A51F7B4F,SIMBR0057,SIMR0057,SIMU0277:User 277,GRANTED
2026,1月,13,周二,14:55:09,5C4195BE,SIMBR0053,SIMR0053,SIMU0288:User 288,GRANTED
2026,1月,13,周二,14:55:09,3DC555DE,SIMBR0369,SIMR0369,SIMU0300:User 300,GRANTED
2026,1月,13,周二,14:55:09,A74F536B,SIMBR0396,SIMR0396,SIMU0097:User 97,GRANTED
2026,1月,13,周二,14:55:09,3B7FFD92,SIMBR0307,SIMR0307,SIMU0256:User 256,GRANTED
2026,1月,13,周二,14:55:09,C50459DB,SIMBR0013,SIMR0013,SIMU0262:User 262,GRANTED
2026,1月,13,周二,14:55:09,45BE30A8,BR002,RES021,8d1a5202-9052-4f93-bf5a-4deffdf65fd3:a q,DENIED
2026,1月,13,周二,14:55:09,F90964BF,SIMBR0109,SIMR0109,SIMU0091:User 91,GRANTED
2026,1月,13,周二,14:55:09,85471FCB,SIMBR0311,SIMR0311,SIMU0054:User 54,GRANTED
2026,1月,13,周二,14:55:09,602AF119,SIMBR0038,SIMR0038,SIMU0223:User 223,GRANTED
2026,1月,13,周二,14:55:09,5E9892AA,SIMBR0055,SIMR0055,SIMU0293:User 293,GRANTED
2026,1月,13,周二,14:55:09,068AFAB6,SIMBR0215,SIMR0215,SIMU0115:User 115,GRANTED
2026,1月,13,周二,14:55:09,24A968FA,SIMBR0175,SIMR0175,SIMU0241:User 241,GRANTED
2026,1月,13,周二,14:55:09,D504C218,SIMBR0029,SIMR0029,SIMU0060:User 60,GRANTED
2026,1月,13,周二,14:55:09,0540806D,SIMBR0121,SIMR0121,SIMU0265:User 265,GRANTED
2026,1月,13,周二,14:55:09,C0F19B1C,SIMBR0310,SIMR0310,SIMU0155:User 155,GRANTED
2026,1月,13,周二,14:55:09,B13BB6C7,SIMBR0135,SIMR0135,SIMU0167:User 167,GRANTED
2026,1月,13,周二,14:55:09,A9E67E95,SIMBR0359,SIMR0359,SIMU0243:User 243,GRANTED
2026,1月,13,周二,14:55:09,B6F02DDB,SIMBR0397,SIMR0397,SIMU0156:User 156,GRANTED
2026,1月,13,周二,14:55:09,394DF2A8,SIMBR0170,SIMR0170,SIMU0111:User 111,GRANTED
2026,1月,13,周二,14:55:09,559213A2,SIMBR0055,SIMR0055,SIMU0047:User 47,GRANTED
2026,1月,13,周二,14:55:09,C6E3BF57,SIMBR0148,SIMR0148,SIMU0297:User 297,GRANTED
2026,1月,13,周二,14:55:09,4758C16D,SIMBR0115,SIMR0115,SIMU0147:User 147,GRANTED
2026,1月,13,周二,14:55:09,C3943F18,SIMBR0002,SIMR0002,SIMU0113:User 113,GRANTED
2026,1月,13,周二,14:55:09,40BD64A5,SIMBR0078,SIMR0078,SIMU0245:User 245,GRANTED
2026,1月,13,周二,14:55:09,FEB7592C,SIMBR0355,SIMR0355,SIMU0059:User 59,GRANTED
2026,1月,13,周二,14:55:09,DF7754DF,SIMBR0367,SIMR0367,SIMU0019:User 19,GRANTED
2026,1月,13,周二,14:55:09,E2F9D137,SIMBR0218,SIMR0218,SIMU0217:User 217,GRANTED
2026,1月,13,周二,14:55:09,0EE439B9,SIMBR0385,SIMR0385,SIMU0004:User 4,GRANTED
2026,1月,13,周二,14:55:09,6C174D63,BR003,RES022,SIMU0116:User 116,DENIED
2026,1月,13,周二,14:55:09,A4F77AE3,SIMBR0271,SIMR0271,SIMU0031:User 31,GRANTED
2026,1月,13,周二,14:55:09,10321BC3,BR015,RES008,SIMU0042:User 42,DENIED
2026,1月,13,周二,14:55:09,A53931BD,SIMBR0331,SIMR0331,SIMU0058:User 58,GRANTED
2026,1月,13,周二,14:55:09,701D5B3A,SIMBR0223,SIMR0223,SIMU0211:User 211,GRANTED
2026,1月,13,周二,14:55:09,7BEB2168,SIMBR0253,SIMR0253,SIMU0282:User 282,GRANTED
2026,1月,13,周二,14:55:09,354118DA,SIMBR0246,SIMR0246,SIMU0052:User 52,GRANTED
2026,1月,13,周二,14:55:09,A53931BD,SIMBR0370,SIMR0370,SIMU0058:User 58,GRANTED
2026,1月,13,周二,14:55:09,FAE4DEC5,SIMBR0233,SIMR0233,SIMU0053:User 53,GRANTED
2026,1月,13,周二,14:55:09,C50459DB,SIMBR0366,SIMR0366,SIMU0262:User 262,GRANTED
2026,1月,13,周二,14:55:09,A7A30652,SIMBR0146,SIMR0146,SIMU0094:User 94,GRANTED
2026,1月,13,周二,14:55:09,4FC5D562,SIMBR0073,SIMR0073,SIMU0275:User 275,GRANTED
2026,1月,13,周二,14:55:09,56619802,SIMBR0229,SIMR0229,SIMU0202:User 202,GRANTED
2026,1月,13,周二,14:55:09,36330273,SIMBR0325,SIMR0325,SIMU0291:User 291,GRANTED
2026,1月,13,周二,14:55:09,128D7B1F,SIMBR0395,SIMR0395,SIMU0121:User 121,GRANTED
2026,1月,13,周二,14:55:09,BD4961D3,SIMBR0193,SIMR0193,SIMU0169:User 169,GRANTED
2026,1月,13,周二,14:55:09,F853E5E9,BR017,RES010,SIMU0119:User 119,DENIED
2026,1月,13,周二,14:55:09,FB68A282,SIMBR0333,SIMR0333,SIMU0183:User 183,GRANTED
2026,1月,13,周二,14:55:09,C39400FA,SIMBR0078,SIMR0078,SIMU0078:User 78,GRANTED
2026,1月,13,周二,14:55:09,2E121B44,SIMBR0287,SIMR0287,SIMU0258:User 258,GRANTED
2026,1月,13,周二,14:55:09,B2D6FCB4,SIMBR0013,SIMR0013,SIMU0086:User 86,GRANTED
2026,1月,13,周二,14:55:09,F0ADE55C,SIMBR0080,SIMR0080,SIMU0237:User 237,GRANTED
2026,1月,13,周二,14:55:09,B2D6FCB4,SIMBR0018,SIMR0018,SIMU0086:User 86,GRANTED
2026,1月,13,周二,14:55:09,3B22F02A,SIMBR0263,SIMR0263,SIMU0299:User 299,GRANTED
2026,1月,13,周二,14:55:09,3A395E30,SIMBR0303,SIMR0303,SIMU0280:User 280,GRANTED
2026,1月,13,周二,14:55:09,48744B29,SIMBR0295,SIMR0295,SIMU0035:User 35,GRANTED
2026,1月,13,周二,14:55:09,0FB515EE,SIMBR0002,SIMR0002,SIMU0033:User 33,GRANTED
2026,1月,13,周二,14:55:09,1E74F408,SIMBR0249,SIMR0249,SIMU0171:User 171,GRANTED
2026,1月,13,周二,14:55:09,A0043AC2,SIMBR0064,SIMR0064,SIMU0040:User 40,GRANTED
2026,1月,13,周二,14:55:09,75D7C714,SIMBR0113,SIMR0113,SIMU0005:User 5,GRANTED
2026,1月,13,周二,14:55:09,7413D955,SIMBR0246,SIMR0246,SIMU0075:User 75,GRANTED
2026,1月,13,周二,14:55:09,9FA88CE9,SIMBR0166,SIMR0166,SIMU0049:User 49,GRANTED
2026,1月,13,周二,14:55:09,2D060B76,SIMBR0156,SIMR0156,SIMU0162:User 162,GRANTED
2026,1月,13,周二,14:55:09,BA841717,SIMBR0331,SIMR0331,SIMU0064:User 64,GRANTED
2026,1月,13,周二,14:55:09,78D4B102,SIMBR0207,SIMR0207,SIMU0283:User 283,GRANTED
2026,1月,13,周二,14:55:09,BA0243B9,SIMBR0381,SIMR0381,PM001:Sun Ba,DENIED
2026,1月,13,周二,14:55:09,AE2F46DE,SIMBR0219,SIMR0219,SIMU0232:User 232,GRANTED
2026,1月,13,周二,14:55:09,D6BC3463,SIMBR0109,SIMR0109,SIMU0037:User 37,GRANTED
2026,1月,13,周二,14:55:09,7CE9CF19,SIMBR0032,SIMR0032,SIMU0020:User 20,GRANTED
2026,1月,13,周二,14:55:09,3EA1EF87,SIMBR0365,SIMR0365,SIMU0229:User 229,GRANTED
2026,1月,13,周二,14:55:09,AA3155BB,SIMBR0179,SIMR0179,SIMU0050:User 50,GRANTED
2026,1月,13,周二,14:55:09,5D5C3450,SIMBR0204,SIMR0204,SIMU0131:User 131,GRANTED
2026,1月,13,周二,14:55:09,33F39C8F,SIMBR0312,SIMR0312,SIMU0205:User 205,GRANTED
2026,1月,13,周二,14:55:09,518BCEDD,SIMBR0280,SIMR0280,SIMU0011:User 11,GRANTED
2026,1月,13,周二,14:55:09,628D5BBC,SIMBR0249,SIMR0249,SIMU0041:User 41,GRANTED
2026,1月,13,周二,14:55:09,354118DA,SIMBR0379,SIMR0379,SIMU0052:User 52,GRANTED
2026,1月,13,周二,14:55:09,1EBD89C8,SIMBR0072,SIMR0072,SIMU0123:User 123,GRANTED
2026,1月,13,周二,14:55:09,EFC60F14,SIMBR0343,SIMR0343,SIMU0286:User 286,GRANTED
2026,1月,13,周二,14:55:09,E2F9D137,SIMBR0109,SIMR0109,SIMU0217:User 217,GRANTED
2026,1月,13,周二,14:55:09,78D74DDD,SIMBR0240,SIMR0240,VIS001:Qian Qi,DENIED
2026,1月,13,周二,14:55:09,0EE439B9,SIMBR0240,SIMR0240,SIMU0004:User 4,GRANTED
2026,1月,13,周二,14:55:09,3EA1EF87,SIMBR0360,SIMR0360,SIMU0229:User 229,GRANTED
2026,1月,13,周二,14:55:09,4DFA0FE5,SIMBR0127,SIMR0127,SIMU0255:User 255,GRANTED
2026,1月,13,周二,14:55:09,B6F02DDB,SIMBR0107,SIMR0107,SIMU0156:User 156,GRANTED
2026,1月,13,周二,14:55:09,8EA215FF,SIMBR0255,SIMR0255,SIMU0201:User 201,GRANTED
2026,1月,13,周二,14:55:09,874CC50E,SIMBR0074,SIMR0074,SIMU0036:User 36,GRANTED
2026,1月,13,周二,14:55:09,E2506042,SIMBR0293,SIMR0293,SIMU0101:User 101,GRANTED
2026,1月,13,周二,14:55:09,0EE439B9,SIMBR0369,SIMR0369,SIMU0004:User 4,GRANTED
2026,1月,13,周二,14:55:09,31C1AEEF,SIMBR0140,SIMR0140,SIMU0039:User 39,GRANTED
2026,1月,13,周二,14:55:09,582A6476,SIMBR0083,SIMR0083,SIMU0046:User 46,GRANTED
2026,1月,13,周二,14:55:09,B0DFB305,BR016,RES009,SIMU0151:User 151,DENIED
2026,1月,13,周二,14:55:09,56619802,SIMBR0397,SIMR0397,SIMU0202:User 202,GRANTED
2026,1月,13,周二,14:55:09,C04BAEE8,SIMBR0201,SIMR0201,SIMU0129:User 129,GRANTED
2026,1月,13,周二,14:55:09,8D67E6D5,SIMBR0342,SIMR0342,SIMU0045:User 45,GRANTED
2026,1月,13,周二,14:55:09,EEC38563,SIMBR0227,SIMR0227,SIMU0141:User 141,GRANTED
2026,1月,13,周二,14:55:09,0EA23D3A,SIMBR0357,SIMR0357,SIMU0062:User 62,GRANTED
2026,1月,13,周二,14:55:09,FB68A282,SIMBR0003,SIMR0003,SIMU0183:User 183,GRANTED
2026,1月,13,周二,14:55:09,69A8F764,SIMBR0131,SIMR0131,SIMU0240:User 240,GRANTED
2026,1月,13,周二,14:55:09,394DF2A8,SIMBR0066,SIMR0066,SIMU0111:User 111,GRANTED
2026,1月,13,周二,14:55:09,290F7C52,SIMBR0010,SIMR0010,SIMU0216:User 216,GRANTED
2026,1月,13,周二,14:55:09,8BF81A2A,SIMBR0338,SIMR0338,SIMU0233:User 233,GRANTED
2026,1月,13,周二,14:55:09,16ED8B1D,SIMBR0330,SIMR0330,SIMU0073:User 73,GRANTED
2026,1月,13,周二,14:55:09,E137F666,SIMBR0081,SIMR0081,SIMU0220:User 220,GRANTED
2026,1月,13,周二,14:55:09,7CA376A0,SIMBR0334,SIMR0334,SIMU0102:User 102,GRANTED
2026,1月,13,周二,14:55:09,905C3DCB,SIMBR0132,SIMR0132,SIMU0070:User 70,GRANTED
2026,1月,13,周二,14:55:09,495297EE,SIMBR0166,SIMR0166,SIMU0038:User 38,GRANTED
2026,1月,13,周二,14:55:09,D78DDFDE,SIMBR0038,SIMR0038,SIMU0252:User 252,GRANTED
2026,1月,13,周二,14:55:09,59E1ACA0,SIMBR0150,SIMR0150,SIMU0090:User 90,GRANTED
2026,1月,13,周二,14:55:09,030D82CF,SIMBR0311,SIMR0311,SIMU0207:User 207,GRANTED
2026,1月,13,周二,14:55:09,6F12BFA3,SIMBR0018,SIMR0018,SIMU0218:User 218,GRANTED
2026,1月,13,周二,14:55:09,394DF2A8,SIMBR0309,SIMR0309,SIMU0111:User 111,GRANTED
2026,1月,13,周二,14:55:09,F8F80D07,SIMBR0061,SIMR0061,SIMU0253:User 253,GRANTED
2026,1月,13,周二,14:55:09,46895123,SIMBR0114,SIMR0114,SIMU0132:User 132,GRANTED
2026,1月,13,周二,14:55:09,C39400FA,SIMBR0117,SIMR0117,SIMU0078:User 78,GRANTED
2026,1月,13,周二,14:55:09,37E9D9C0,BR016,RES009,SIMU0034:User 34,DENIED
2026,1月,13,周二,14:55:09,DA3D486F,SIMBR0180,SIMR0180,SIMU0028:User 28,GRANTED
2026,1月,13,周二,14:55:09,1812D558,SIMBR0246,SIMR0246,SIMU0214:User 214,GRANTED
2026,1月,13,周二,14:55:10,C44E5E52,SIMBR0192,SIMR0192,SIMU0002:User 2,GRANTED
2026,1月,13,周二,14:55:10,8C19D42A,SIMBR0116,SIMR0116,SIMU0284:User 284,GRANTED
2026,1月,13,周二,14:55:10,EF6713BA,SIMBR0387,SIMR0387,SIMU0153:User 153,GRANTED
2026,1月,13,周二,14:55:10,50B332C8,SIMBR0198,SIMR0198,SIMU0122:User 122,GRANTED
2026,1月,13,周二,14:55:10,C1CE8342,SIMBR0397,SIMR0397,SIMU0018:User 18,GRANTED
2026,1月,13,周二,14:55:10,538EE2BF,SIMBR0210,SIMR0210,SIMU0177:User 177,GRANTED
2026,1月,13,周二,14:55:10,29200997,SIMBR0068,SIMR0068,SIMU0186:User 186,GRANTED
2026,1月,13,周二,14:55:10,BA893511,SIMBR0331,SIMR0331,SIMU0269:User 269,GRANTED
2026,1月,13,周二,14:55:10,E0F41E54,SIMBR0310,SIMR0310,SIMU0176:User 176,GRANTED
2026,1月,13,周二,14:55:10,7B914E9E,SIMBR0274,SIMR0274,SIMU0215:User 215,GRANTED
2026,1月,13,周二,14:55:10,47C3A99F,SIMBR0077,SIMR0077,SIMU0136:User 136,GRANTED
2026,1月,13,周二,14:55:10,54722E38,SIMBR0169,SIMR0169,SIMU0222:User 222,GRANTED
2026,1月,13,周二,14:55:10,C2EDBC0C,SIMBR0385,SIMR0385,SIMU0226:User 226,GRANTED
2026,1月,13,周二,14:55:10,6A6279C3,SIMBR0103,SIMR0103,SIMU0178:User 178,GRANTED
2026,1月,13,周二,14:55:10,EFC60F14,SIMBR0128,SIMR0128,SIMU0286:User 286,GRANTED
2026,1月,13,周二,14:55:10,E2F9D137,SIMBR0181,SIMR0181,SIMU0217:User 217,GRANTED
2026,1月,13,周二,14:55:10,4D153C4A,SIMBR0265,SIMR0265,SIMU0104:User 104,GRANTED
2026,1月,13,周二,14:55:10,A234EF8B,SIMBR0340,SIMR0340,SIMU0069:User 69,GRANTED
2026,1月,13,周二,14:55:10,E775A860,SIMBR0244,SIMR0244,SIMU0248:User 248,GRANTED
2026,1月,13,周二,14:55:10,84F825EE,SIMBR0320,SIMR0320,SIMU0150:User 150,GRANTED
2026,1月,13,周二,14:55:10,3EA1EF87,SIMBR0270,SIMR0270,SIMU0229:User 229,GRANTED
2026,1月,13,周二,14:55:10,7B914E9E,SIMBR0377,SIMR0377,SIMU0215:User 215,GRANTED
2026,1月,13,周二,14:55:10,6714B510,SIMBR0047,SIMR0047,SIMU0160:User 160,GRANTED
2026,1月,13,周二,14:55:10,FEF21F79,SIMBR0348,SIMR0348,SIMU0159:User 159,GRANTED
2026,1月,13,周二,14:55:10,1792E539,SIMBR0322,SIMR0322,SIMU0292:User 292,GRANTED
2026,1月,13,周二,14:55:10,C6173DD5,SIMBR0320,SIMR0320,SIMU0023:User 23,GRANTED
2026,1月,13,周二,14:55:10,964B6B12,SIMBR0091,SIMR0091,SIMU0003:User 3,GRANTED
2026,1月,13,周二,14:55:10,C72DAED8,SIMBR0088,SIMR0088,SIMU0117:User 117,GRANTED
2026,1月,13,周二,14:55:10,8BF81A2A,SIMBR0101,SIMR0101,SIMU0233:User 233,GRANTED
2026,1月,13,周二,14:55:10,1A3D1ED6,SIMBR0169,SIMR0169,SIMU0231:User 231,GRANTED
2026,1月,13,周二,14:55:10,75D7C714,SIMBR0269,SIMR0269,SIMU0005:User 5,GRANTED
2026,1月,13,周二,14:55:10,A53931BD,SIMBR0001,SIMR0001,SIMU0058:User 58,GRANTED
2026,1月,13,周二,14:55:10,2289A51E,SIMBR0049,SIMR0049,SIMU0273:User 273,GRANTED
2026,1月,13,周二,14:55:10,DA33A96E,SIMBR0380,SIMR0380,SIMU0190:User 190,GRANTED
2026,1月,13,周二,14:55:10,58B690ED,SIMBR0293,SIMR0293,SIMU0081:User 81,GRANTED
2026,1月,13,周二,14:55:10,50B332C8,SIMBR0247,SIMR0247,SIMU0122:User 122,GRANTED
2026,1月,13,周二,14:55:10,F616A325,SIMBR0108,SIMR0108,SIMU0194:User 194,GRANTED
2026,1月,13,周二,14:55:10,4AF57AEF,SIMBR0160,SIMR0160,SIMU0193:User 193,GRANTED
2026,1月,13,周二,14:55:10,95777979,SIMBR0234,SIMR0234,SIMU0051:User 51,GRANTED
2026,1月,13,周二,14:55:10,9615FFCC,SIMBR0122,SIMR0122,SIMU0010:User 10,GRANTED
2026,1月,13,周二,14:55:10,CA15B29F,SIMBR0090,SIMR0090,SIMU0206:User 206,GRANTED
2026,1月,13,周二,14:55:10,3B9B3EAE,SIMBR0371,SIMR0371,SIMU0144:User 144,GRANTED
2026,1月,13,周二,14:55:10,D87DCC23,SIMBR0129,SIMR0129,SIMU0006:User 6,GRANTED
2026,1月,13,周二,14:55:10,FD75651D,SIMBR0359,SIMR0359,SIMU0238:User 238,GRANTED
2026,1月,13,周二,14:55:10,A9E67E95,SIMBR0242,SIMR0242,SIMU0243:User 243,GRANTED
2026,1月,13,周二,14:55:10,C44E5E52,BR010,RES004,SIMU0002:User 2,DENIED
2026,1月,13,周二,14:55:10,5AC1CCB2,SIMBR0250,SIMR0250,SIMU0264:User 264,GRANTED
2026,1月,13,周二,14:55:10,40A1D543,SIMBR0316,SIMR0316,SIMU0267:User 267,GRANTED
2026,1月,13,周二,14:55:10,0EE439B9,SIMBR0290,SIMR0290,SIMU0004:User 4,GRANTED
2026,1月,13,周二,14:55:10,24A968FA,SIMBR0340,SIMR0340,SIMU0241:User 241,GRANTED
2026,1月,13,周二,14:55:10,7B914E9E,SIMBR0182,SIMR0182,SIMU0215:User 215,GRANTED
2026,1月,13,周二,14:55:10,B9D6BC00,SIMBR0121,SIMR0121,SIMU0107:User 107,GRANTED
2026,1月,13,周二,14:55:10,C0F19B1C,SIMBR0089,SIMR0089,SIMU0155:User 155,GRANTED
2026,1月,13,周二,14:55:10,57ED1495,SIMBR0355,SIMR0355,SIMU0250:User 250,GRANTED
2026,1月,13,周二,14:55:10,181D33C7,SIMBR0231,SIMR0231,SIMU0227:User 227,GRANTED
2026,1月,13,周二,14:55:10,20D788EC,SIMBR0008,SIMR0008,SIMU0271:User 271,GRANTED
2026,1月,13,周二,14:55:10,0EA23D3A,SIMBR0107,SIMR0107,SIMU0062:User 62,GRANTED
2026,1月,13,周二,14:55:10,4FC5D562,SIMBR0070,SIMR0070,SIMU0275:User 275,GRANTED
2026,1月,13,周二,14:55:10,B3E8626A,SIMBR0385,SIMR0385,SIMU0239:User 239,GRANTED
2026,1月,13,周二,14:55:10,D832D5F3,SIMBR0067,SIMR0067,SIMU0261:User 261,GRANTED
2026,1月,13,周二,14:55:10,35C69784,SIMBR0270,SIMR0270,SIMU0168:User 168,GRANTED
2026,1月,13,周二,14:55:10,D324F0AC,SIMBR0130,SIMR0130,SIMU0108:User 108,GRANTED
2026,1月,13,周二,14:55:10,44B3ADEE,SIMBR0231,SIMR0231,SIMU0157:User 157,GRANTED
2026,1月,13,周二,14:55:10,1CA3AA4C,SIMBR0122,SIMR0122,SIMU0014:User 14,GRANTED
2026,1月,13,周二,14:55:10,489655D2,SIMBR0222,SIMR0222,CON001:Wang Wu,DENIED
2026,1月,13,周二,14:55:10,9A00F337,SIMBR0068,SIMR0068,SIMU0285:User 285,GRANTED
2026,1月,13,周二,14:55:10,181D33C7,SIMBR0285,SIMR0285,SIMU0227:User 227,GRANTED
2026,1月,13,周二,14:55:10,964B6B12,SIMBR0289,SIMR0289,SIMU0003:User 3,GRANTED
2026,1月,13,周二,14:55:10,A2903A49,SIMBR0074,SIMR0074,SIMU0043:User 43,GRANTED
2026,1月,13,周二,14:55:10,F832AB7A,SIMBR0176,SIMR0176,SIMU0139:User 139,GRANTED
2026,1月,13,周二,14:55:10,20D788EC,SIMBR0251,SIMR0251,SIMU0271:User 271,GRANTED
2026,1月,13,周二,14:55:10,C57735BB,SIMBR0200,SIMR0200,SIMU0242:User 242,GRANTED
2026,1月,13,周二,14:55:10,DA3D486F,SIMBR0230,SIMR0230,SIMU0028:User 28,GRANTED
2026,1月,13,周二,14:55:10,3CC4126C,SIMBR0274,SIMR0274,SIMU0099:User 99,GRANTED
2026,1月,13,周二,14:55:10,D3E409F0,SIMBR0389,SIMR0389,SIMU0012:User 12,GRANTED
2026,1月,13,周二,14:55:10,D78DDFDE,SIMBR0062,SIMR0062,SIMU0252:User 252,GRANTED
2026,1月,13,周二,14:55:10,7413D955,SIMBR0072,SIMR0072,SIMU0075:User 75,GRANTED
2026,1月,13,周二,14:55:10,7D277C80,SIMBR0230,SIMR0230,SIMU0212:User 212,GRANTED
2026,1月,13,周二,14:55:10,A7A30652,SIMBR0185,SIMR0185,SIMU0094:User 94,GRANTED
2026,1月,13,周二,14:55:10,A89B9996,SIMBR0374,SIMR0374,SIMU0213:User 213,GRANTED
2026,1月,13,周二,14:55:10,53A1B264,SIMBR0230,SIMR0230,SIMU0017:User 17,GRANTED
2026,1月,13,周二,14:55:10,0EA23D3A,SIMBR0007,SIMR0007,SIMU0062:User 62,GRANTED
2026,1月,13,周二,14:55:10,1812D558,SIMBR0288,SIMR0288,SIMU0214:User 214,GRANTED
2026,1月,13,周二,14:55:10,45B37997,SIMBR0399,SIMR0399,SIMU0163:User 163,GRANTED
2026,1月,13,周二,14:55:10,068AFAB6,SIMBR0244,SIMR0244,SIMU0115:User 115,GRANTED
2026,1月,13,周二,14:55:10,4B59E256,SIMBR0174,SIMR0174,SIMU0182:User 182,GRANTED
2026,1月,13,周二,14:55:10,46895123,SIMBR0105,SIMR0105,SIMU0132:User 132,GRANTED
2026,1月,13,周二,14:55:10,BA821DBA,SIMBR0314,SIMR0314,SIMU0148:User 148,GRANTED
2026,1月,13,周二,14:55:10,80BC1A17,SIMBR0031,SIMR0031,SIMU0112:User 112,GRANTED
2026,1月,13,周二,14:55:10,44B3ADEE,SIMBR0144,SIMR0144,SIMU0157:User 157,GRANTED
2026,1月,13,周二,14:55:10,A74F536B,SIMBR0219,SIMR0219,SIMU0097:User 97,GRANTED
2026,1月,13,周二,14:55:10,1EBD89C8,SIMBR0013,SIMR0013,SIMU0123:User 123,GRANTED
2026,1月,13,周二,14:55:10,1B14F9BC,SIMBR0312,SIMR0312,SIMU0065:User 65,GRANTED
2026,1月,13,周二,14:55:10,FB68A282,SIMBR0310,SIMR0310,SIMU0183:User 183,GRANTED
2026,1月,13,周二,14:55:10,86937632,SIMBR0140,SIMR0140,SIMU0187:User 187,GRANTED
2026,1月,13,周二,14:55:10,8B29C7CC,SIMBR0390,SIMR0390,SIMU0175:User 175,GRANTED
2026,1月,13,周二,14:55:10,7C3923AE,SIMBR0032,SIMR0032,SIMU0210:User 210,GRANTED
2026,1月,13,周二,14:55:10,701D5B3A,BR003,RES022,SIMU0211:User 211,DENIED
2026,1月,13,周二,14:55:10,AB055C88,SIMBR0128,SIMR0128,SIMU0024:User 24,GRANTED
2026,1月,13,周二,14:55:10,45B37997,SIMBR0285,SIMR0285,SIMU0163:User 163,GRANTED
2026,1月,13,周二,14:55:10,33F39C8F,SIMBR0298,SIMR0298,SIMU0205:User 205,GRANTED
2026,1月,13,周二,14:55:10,13F09473,SIMBR0209,SIMR0209,SIMU0279:User 279,GRANTED
2026,1月,13,周二,14:55:10,9D3B8CFC,SIMBR0342,SIMR0342,SIMU0095:User 95,GRANTED
2026,1月,13,周二,14:55:10,6BDE4067,SIMBR0143,SIMR0143,SIMU0114:User 114,GRANTED
2026,1月,13,周二,14:55:10,50B332C8,SIMBR0204,SIMR0204,SIMU0122:User 122,GRANTED
2026,1月,13,周二,14:55:10,CBD2A48A,SIMBR0034,SIMR0034,SIMU0021:User 21,GRANTED
2026,1月,13,周二,14:55:10,D78DDFDE,SIMBR0056,SIMR0056,SIMU0252:User 252,GRANTED
2026,1月,13,周二,14:55:10,7CE9CF19,BR022,RES015,SIMU0020:User 20,DENIED
2026,1月,13,周二,14:55:10,B095C629,SIMBR0181,SIMR0181,SIMU0257:User 257,GRANTED
2026,1月,13,周二,14:55:10,495297EE,SIMBR0185,SIMR0185,SIMU0038:User 38,GRANTED
2026,1月,13,周二,14:55:10,FE83648E,SIMBR0263,SIMR0263,SIMU0142:User 142,GRANTED
2026,1月,13,周二,14:55:10,75D7C714,SIMBR0017,SIMR0017,SIMU0005:User 5,GRANTED
2026,1月,13,周二,14:55:10,E8751622,SIMBR0035,SIMR0035,SIMU0161:User 161,GRANTED
2026,1月,13,周二,14:55:10,F8F80D07,SIMBR0089,SIMR0089,SIMU0253:User 253,GRANTED
2026,1月,13,周二,14:55:10,21A13EE6,SIMBR0224,SIMR0224,SIMU0133:User 133,GRANTED
2026,1月,13,周二,14:55:10,A4F77AE3,SIMBR0356,SIMR0356,SIMU0031:User 31,GRANTED
2026,1月,13,周二,14:55:10,2C249415,SIMBR0056,SIMR0056,SIMU0276:User 276,GRANTED
2026,1月,13,周二,14:55:10,F3B58DFF,SIMBR0099,SIMR0099,SIMU0076:User 76,GRANTED
2026,1月,13,周二,14:55:10,49B45DCD,SIMBR0139,SIMR0139,SIMU0272:User 272,GRANTED
2026,1月,13,周二,14:55:10,6CEC1FDF,SIMBR0304,SIMR0304,SIMU0230:User 230,GRANTED
2026,1月,13,周二,14:55:10,D87DCC23,SIMBR0199,SIMR0199,SIMU0006:User 6,GRANTED
2026,1月,13,周二,14:55:10,CD0D9101,SIMBR0289,SIMR0289,SIMU0135:User 135,GRANTED
2026,1月,13,周二,14:55:10,C72DAED8,SIMBR0073,SIMR0073,SIMU0117:User 117,GRANTED
2026,1月,13,周二,14:55:10,24546BD0,BR014,RES007,SIMU0251:User 251,DENIED
2026,1月,13,周二,14:55:10,E393950E,SIMBR0360,SIMR0360,SIMU0195:User 195,GRANTED
2026,1月,13,周二,14:55:10,3B22F02A,SIMBR0240,SIMR0240,SIMU0299:User 299,GRANTED
2026,1月,13,周二,14:55:10,0EE439B9,SIMBR0364,SIMR0364,SIMU0004:User 4,GRANTED
2026,1月,13,周二,14:55:10,86937632,SIMBR0211,SIMR0211,SIMU0187:User 187,GRANTED
2026,1月,13,周二,14:55:10,701D5B3A,SIMBR0343,SIMR0343,SIMU0211:User 211,GRANTED
2026,1月,13,周二,14:55:10,602AF119,SIMBR0327,SIMR0327,SIMU0223:User 223,GRANTED
2026,1月,13,周二,14:55:10,602AF119,SIMBR0292,SIMR0292,SIMU0223:User 223,GRANTED
2026,1月,13,周二,14:55:10,495297EE,SIMBR0149,SIMR0149,SIMU0038:User 38,GRANTED
2026,1月,13,周二,14:55:10,4DFA0FE5,SIMBR0268,SIMR0268,SIMU0255:User 255,GRANTED
2026,1月,13,周二,14:55:10,BA6DDD0B,SIMBR0337,SIMR0337,SIMU0146:User 146,GRANTED
2026,1月,13,周二,14:55:10,BA841717,SIMBR0310,SIMR0310,SIMU0064:User 64,GRANTED
2026,1月,13,周二,14:55:10,E0F41E54,SIMBR0107,SIMR0107,SIMU0176:User 176,GRANTED
2026,1月,13,周二,14:55:10,EEC38563,SIMBR0167,SIMR0167,SIMU0141:User 141,GRANTED
2026,1月,13,周二,14:55:10,7D277C80,SIMBR0364,SIMR0364,SIMU0212:User 212,GRANTED
2026,1月,13,周二,14:55:10,15AB7C7D,SIMBR0339,SIMR0339,SIMU0096:User 96,GRANTED
2026,1月,13,周二,14:55:10,E2F9D137,SIMBR0110,SIMR0110,SIMU0217:User 217,GRANTED
2026,1月,13,周二,14:55:10,1E4AD759,SIMBR0090,SIMR0090,SIMU0029:User 29,GRANTED
2026,1月,13,周二,14:55:10,C718E607,SIMBR0095,SIMR0095,SIMU0089:User 89,GRANTED
2026,1月,13,周二,14:55:10,3A395E30,SIMBR0319,SIMR0319,SIMU0280:User 280,GRANTED
2026,1月,13,周二,14:55:10,AA3155BB,SIMBR0233,SIMR0233,SIMU0050:User 50,GRANTED
2026,1月,13,周二,14:55:10,BA893511,SIMBR0174,SIMR0174,SIMU0269:User 269,GRANTED
2026,1月,13,周二,14:55:10,E6DCC382,SIMBR0304,SIMR0304,SIMU0158:User 158,GRANTED
2026,1月,13,周二,14:55:10,59E1ACA0,SIMBR0102,SIMR0102,SIMU0090:User 90,GRANTED
2026,1月,13,周二,14:55:10,1EBD89C8,SIMBR0226,SIMR0226,SIMU0123:User 123,GRANTED
2026,1月,13,周二,14:55:10,7D277C80,SIMBR0307,SIMR0307,SIMU0212:User 212,GRANTED
2026,1月,13,周二,14:55:10,95777979,SIMBR0270,SIMR0270,SIMU0051:User 51,GRANTED
2026,1月,13,周二,14:55:10,16ED8B1D,SIMBR0144,SIMR0144,SIMU0073:User 73,GRANTED
2026,1月,13,周二,14:55:10,1B14F9BC,SIMBR0173,SIMR0173,SIMU0065:User 65,GRANTED
2026,1月,13,周二,14:55:10,40BD64A5,SIMBR0133,SIMR0133,SIMU0245:User 245,GRANTED
2026,1月,13,周二,14:55:10,E116EA41,SIMBR0216,SIMR0216,SIMU0127:User 127,GRANTED
2026,1月,13,周二,14:55:10,46895123,SIMBR0111,SIMR0111,SIMU0132:User 132,GRANTED
2026,1月,13,周二,14:55:10,A0043AC2,SIMBR0354,SIMR0354,SIMU0040:User 40,GRANTED
2026,1月,13,周二,14:55:10,58B55845,SIMBR0366,SIMR0366,EMP002:Li Si,DENIED
2026,1月,13,周二,14:55:10,B0B2BCE6,SIMBR0285,SIMR0285,SIMU0208:User 208,GRANTED
2026,1月,13,周二,14:55:10,13F09473,SIMBR0282,SIMR0282,SIMU0279:User 279,GRANTED
2026,1月,13,周二,14:55:10,4B59E256,SIMBR0167,SIMR0167,SIMU0182:User 182,GRANTED
2026,1月,13,周二,14:55:10,FBBEF95C,SIMBR0198,SIMR0198,SIMU0025:User 25,GRANTED
2026,1月,13,周二,14:55:10,FD75651D,SIMBR0349,SIMR0349,SIMU0238:User 238,GRANTED
2026,1月,13,周二,14:55:10,58B690ED,SIMBR0309,SIMR0309,SIMU0081:User 81,GRANTED
2026,1月,13,周二,14:55:10,B1990B96,SIMBR0398,SIMR0398,SIMU0106:User 106,GRANTED
2026,1月,13,周二,14:55:10,F1D4B1B6,SIMBR0113,SIMR0113,SIMU0247:User 247,GRANTED
2026,1月,13,周二,14:55:10,D504C218,SIMBR0011,SIMR0011,SIMU0060:User 60,GRANTED
2026,1月,13,周二,14:55:10,78D4B102,SIMBR0144,SIMR0144,SIMU0283:User 283,GRANTED
2026,1月,13,周二,14:55:10,A9E67E95,SIMBR0110,SIMR0110,SIMU0243:User 243,GRANTED
2026,1月,13,周二,14:55:10,40A1D543,SIMBR0080,SIMR0080,SIMU0267:User 267,GRANTED
2026,1月,13,周二,14:55:10,FEB7592C,SIMBR0251,SIMR0251,SIMU0059:User 59,GRANTED
2026,1月,13,周二,14:55:10,FE83648E,SIMBR0375,SIMR0375,SIMU0142:User 142,GRANTED
2026,1月,13,周二,14:55:10,40A1D543,SIMBR0093,SIMR0093,SIMU0267:User 267,GRANTED
2026,1月,13,周二,14:55:10,DA33A96E,SIMBR0201,SIMR0201,SIMU0190:User 190,GRANTED
2026,1月,13,周二,14:55:10,628D5BBC,SIMBR0263,SIMR0263,SIMU0041:User 41,GRANTED
2026,1月,13,周二,14:55:10,C3943F18,SIMBR0045,SIMR0045,SIMU0113:User 113,GRANTED
2026,1月,13,周二,14:55:10,8884A944,SIMBR0008,SIMR0008,SIMU0295:User 295,GRANTED
2026,1月,13,周二,14:55:10,4DFA0FE5,SIMBR0136,SIMR0136,SIMU0255:User 255,GRANTED
2026,1月,13,周二,14:55:10,21A13EE6,SIMBR0332,SIMR0332,SIMU0133:User 133,GRANTED
2026,1月,13,周二,14:55:10,E2F9D137,SIMBR0107,SIMR0107,SIMU0217:User 217,GRANTED
2026,1月,13,周二,14:55:10,91E5E6B0,SIMBR0001,SIMR0001,SIMU0079:User 79,GRANTED
2026,1月,13,周二,14:55:10,16ED8B1D,SIMBR0311,SIMR0311,SIMU0073:User 73,GRANTED
2026,1月,13,周二,14:55:10,37E9D9C0,SIMBR0018,SIMR0018,SIMU0034:User 34,GRANTED
2026,1月,13,周二,14:55:10,FB68A282,SIMBR0004,SIMR0004,SIMU0183:User 183,GRANTED
2026,1月,13,周二,14:55:10,C73CE928,SIMBR0190,SIMR0190,SIMU0281:User 281,GRANTED
2026,1月,13,周二,14:55:10,14103484,SIMBR0041,SIMR0041,SIMU0074:User 74,GRANTED
2026,1月,13,周二,14:55:10,3A395E30,SIMBR0145,SIMR0145,SIMU0280:User 280,GRANTED
2026,1月,13,周二,14:55:10,C6173DD5,SIMBR0020,SIMR0020,SIMU0023:User 23,GRANTED
2026,1月,13,周二,14:55:10,F832AB7A,BR024,RES017,SIMU0139:User 139,DENIED
2026,1月,13,周二,14:55:10,FBFF5A63,SIMBR0264,SIMR0264,SIMU0184:User 184,GRANTED
2026,1月,13,周二,14:55:10,1DE07196,SIMBR0349,SIMR0349,SIMU0274:User 274,GRANTED
2026,1月,13,周二,14:55:10,F9B71846,SIMBR0229,SIMR0229,SIMU0196:User 196,GRANTED
2026,1月,13,周二,14:55:10,050D9DEF,SIMBR0013,SIMR0013,SIMU0128:User 128,GRANTED
2026,1月,13,周二,14:55:10,FEF21F79,SIMBR0265,SIMR0265,SIMU0159:User 159,GRANTED
2026,1月,13,周二,14:55:10,BD4961D3,SIMBR0087,SIMR0087,SIMU0169:User 169,GRANTED
2026,1月,13,周二,14:55:10,3EA1EF87,SIMBR0293,SIMR0293,SIMU0229:User 229,GRANTED
2026,1月,13,周二,14:55:10,53A1B264,SIMBR0207,SIMR0207,SIMU0017:User 17,GRANTED
2026,1月,13,周二,14:55:10,C0993563,SIMBR0289,SIMR0289,SIMU0209:User 209,GRANTED
2026,1月,13,周二,14:55:10,9A00F337,SIMBR0373,SIMR0373,SIMU0285:User 285,GRANTED
2026,1月,13,周二,14:55:10,35C69784,SIMBR0174,SIMR0174,SIMU0168:User 168,GRANTED
2026,1月,13,周二,14:55:10,B33C40D7,SIMBR0306,SIMR0306,SIMU0015:User 15,GRANTED
2026,1月,13,周二,14:55:11,47A80030,SIMBR0095,SIMR0095,SIMU0234:User 234,GRANTED
2026,1月,13,周二,14:55:11,5E9892AA,SIMBR0178,SIMR0178,SIMU0293:User 293,GRANTED
2026,1月,13,周二,14:55:11,559213A2,SIMBR0160,SIMR0160,SIMU0047:User 47,GRANTED
2026,1月,13,周二,14:55:11,1DE07196,SIMBR0398,SIMR0398,SIMU0274:User 274,GRANTED
2026,1月,13,周二,14:55:11,6FFD7F45,SIMBR0124,SIMR0124,SIMU0198:User 198,GRANTED
2026,1月,13,周二,14:55:11,97A9597E,SIMBR0025,SIMR0025,SIMU0030:User 30,GRANTED
2026,1月,13,周二,14:55:11,57DBFC15,SIMBR0315,SIMR0315,SIMU0290:User 290,GRANTED
2026,1月,13,周二,14:55:11,37E9D9C0,SIMBR0071,SIMR0071,SIMU0034:User 34,GRANTED
2026,1月,13,周二,14:55:11,1CA3AA4C,SIMBR0218,SIMR0218,SIMU0014:User 14,GRANTED
2026,1月,13,周二,14:55:11,6CEC1FDF,SIMBR0283,SIMR0283,SIMU0230:User 230,GRANTED
2026,1月,13,周二,14:55:11,2056B86F,SIMBR0026,SIMR0026,SIMU0067:User 67,GRANTED
2026,1月,13,周二,14:55:11,C04BAEE8,SIMBR0010,SIMR0010,SIMU0129:User 129,GRANTED
2026,1月,13,周二,14:55:11,C169BAEB,SIMBR0219,SIMR0219,SIMU0174:User 174,GRANTED
2026,1月,13,周二,14:55:11,F1D4B1B6,SIMBR0239,SIMR0239,SIMU0247:User 247,GRANTED
2026,1月,13,周二,14:55:11,45B37997,SIMBR0296,SIMR0296,SIMU0163:User 163,GRANTED
2026,1月,13,周二,14:55:11,20D788EC,SIMBR0285,SIMR0285,SIMU0271:User 271,GRANTED
2026,1月,13,周二,14:55:11,9FA88CE9,SIMBR0306,SIMR0306,SIMU0049:User 49,GRANTED
2026,1月,13,周二,14:55:11,6BDE4067,SIMBR0010,SIMR0010,SIMU0114:User 114,GRANTED
2026,1月,13,周二,14:55:11,18788AAF,SIMBR0069,SIMR0069,SIMU0298:User 298,GRANTED
2026,1月,13,周二,14:55:11,C0CB4AFF,SIMBR0048,SIMR0048,SIMU0235:User 235,GRANTED
2026,1月,13,周二,14:55:11,01FC696F,SIMBR0110,SIMR0110,SIMU0068:User 68,GRANTED
2026,1月,13,周二,14:55:11,DCB76AA3,SIMBR0400,SIMR0400,SIMU0228:User 228,GRANTED
2026,1月,13,周二,14:55:11,AE2F46DE,SIMBR0329,SIMR0329,SIMU0232:User 232,GRANTED
2026,1月,13,周二,14:55:11,BA6DDD0B,SIMBR0372,SIMR0372,SIMU0146:User 146,GRANTED
2026,1月,13,周二,14:55:11,AA3155BB,SIMBR0163,SIMR0163,SIMU0050:User 50,GRANTED
2026,1月,13,周二,14:55:11,A5DEC594,SIMBR0325,SIMR0325,SIMU0084:User 84,GRANTED
2026,1月,13,周二,14:55:11,D504C218,SIMBR0381,SIMR0381,SIMU0060:User 60,GRANTED
2026,1月,13,周二,14:55:11,F6E7D08A,BR012,RES005,SIMU0001:User 1,DENIED
2026,1月,13,周二,14:55:11,0A675EEC,SIMBR0112,SIMR0112,SIMU0138:User 138,GRANTED
2026,1月,13,周二,14:55:11,F8F80D07,SIMBR0020,SIMR0020,SIMU0253:User 253,GRANTED
2026,1月,13,周二,14:55:11,FBBEF95C,SIMBR0163,SIMR0163,SIMU0025:User 25,GRANTED
2026,1月,13,周二,14:55:11,8E0C2F27,SIMBR0041,SIMR0041,SIMU0126:User 126,GRANTED
2026,1月,13,周二,14:55:11,2056B86F,SIMBR0283,SIMR0283,SIMU0067:User 67,GRANTED
2026,1月,13,周二,14:55:11,6714B510,SIMBR0362,SIMR0362,SIMU0160:User 160,GRANTED
2026,1月,13,周二,14:55:11,5FF2F656,SIMBR0110,SIMR0110,SIMU0120:User 120,GRANTED
2026,1月,13,周二,14:55:11,C584F9D3,SIMBR0074,SIMR0074,EMP001:Zhang San,DENIED
2026,1月,13,周二,14:55:11,BA6DDD0B,BR017,RES010,SIMU0146:User 146,DENIED
2026,1月,13,周二,14:55:11,6A6279C3,SIMBR0126,SIMR0126,SIMU0178:User 178,GRANTED
2026,1月,13,周二,14:55:11,54722E38,SIMBR0381,SIMR0381,SIMU0222:User 222,GRANTED
2026,1月,13,周二,14:55:11,84F825EE,SIMBR0294,SIMR0294,SIMU0150:User 150,GRANTED
2026,1月,13,周二,14:55:11,C04BAEE8,SIMBR0264,SIMR0264,SIMU0129:User 129,GRANTED
2026,1月,13,周二,14:55:11,6A6279C3,SIMBR0337,SIMR0337,SIMU0178:User 178,GRANTED
2026,1月,13,周二,14:55:11,D0B8FC16,SIMBR0304,SIMR0304,SIMU0185:User 185,GRANTED
2026,1月,13,周二,14:55:11,B33C40D7,SIMBR0275,SIMR0275,SIMU0015:User 15,GRANTED
2026,1月,13,周二,14:55:11,95379CDB,SIMBR0242,SIMR0242,f46ee39b-ac9d-4193-a478-f8cfc35cec07:gagaga a,GRANTED
2026,1月,13,周二,14:55:11,1EE4C053,SIMBR0342,SIMR0342,SIMU0026:User 26,GRANTED
2026,1月,13,周二,14:55:11,EEC38563,SIMBR0239,SIMR0239,SIMU0141:User 141,GRANTED
2026,1月,13,周二,14:55:11,49B45DCD,SIMBR0345,SIMR0345,SIMU0272:User 272,GRANTED
2026,1月,13,周二,14:55:11,1792E539,SIMBR0147,SIMR0147,SIMU0292:User 292,GRANTED
2026,1月,13,周二,14:55:11,31C1AEEF,SIMBR0302,SIMR0302,SIMU0039:User 39,GRANTED
2026,1月,13,周二,14:55:11,E2506042,SIMBR0074,SIMR0074,SIMU0101:User 101,GRANTED
2026,1月,13,周二,14:55:11,E116EA41,SIMBR0113,SIMR0113,SIMU0127:User 127,GRANTED
2026,1月,13,周二,14:55:11,45BE30A8,SIMBR0309,SIMR0309,8d1a5202-9052-4f93-bf5a-4deffdf65fd3:a q,GRANTED
2026,1月,13,周二,14:55:11,20917633,SIMBR0326,SIMR0326,SIMU0296:User 296,GRANTED
2026,1月,13,周二,14:55:11,489655D2,SIMBR0071,SIMR0071,CON001:Wang Wu,DENIED
2026,1月,13,周二,14:55:11,45BE30A8,SIMBR0253,SIMR0253,8d1a5202-9052-4f93-bf5a-4deffdf65fd3:a q,GRANTED
2026,1月,13,周二,14:55:11,F832AB7A,SIMBR0005,SIMR0005,SIMU0139:User 139,GRANTED
2026,1月,13,周二,14:55:11,D87DCC23,SIMBR0383,SIMR0383,SIMU0006:User 6,GRANTED
2026,1月,13,周二,14:55:11,C0993563,SIMBR0200,SIMR0200,SIMU0209:User 209,GRANTED
2026,1月,13,周二,14:55:11,602AF119,SIMBR0060,SIMR0060,SIMU0223:User 223,GRANTED
2026,1月,13,周二,14:55:11,273D28BF,SIMBR0235,SIMR0235,SIMU0057:User 57,GRANTED
2026,1月,13,周二,14:55:11,1EBD89C8,SIMBR0108,SIMR0108,SIMU0123:User 123,GRANTED
2026,1月,13,周二,14:55:11,8B29C7CC,SIMBR0004,SIMR0004,SIMU0175:User 175,GRANTED
2026,1月,13,周二,14:55:11,6714B510,SIMBR0289,SIMR0289,SIMU0160:User 160,GRANTED
2026,1月,13,周二,14:55:11,72A4E470,SIMBR0168,SIMR0168,SIMU0268:User 268,GRANTED
2026,1月,13,周二,14:55:11,41981850,SIMBR0118,SIMR0118,SIMU0263:User 263,GRANTED
2026,1月,13,周二,14:55:11,EF6713BA,SIMBR0193,SIMR0193,SIMU0153:User 153,GRANTED
2026,1月,13,周二,14:55:11,5560EC7D,SIMBR0075,SIMR0075,SIMU0109:User 109,GRANTED
2026,1月,13,周二,14:55:11,1A88116F,SIMBR0024,SIMR0024,SIMU0063:User 63,GRANTED
2026,1月,13,周二,14:55:11,E393950E,SIMBR0228,SIMR0228,SIMU0195:User 195,GRANTED
2026,1月,13,周二,14:55:11,8BF81A2A,SIMBR0015,SIMR0015,SIMU0233:User 233,GRANTED
2026,1月,13,周二,14:55:11,6F12BFA3,SIMBR0019,SIMR0019,SIMU0218:User 218,GRANTED
2026,1月,13,周二,14:55:11,6FFD7F45,SIMBR0334,SIMR0334,SIMU0198:User 198,GRANTED
2026,1月,13,周二,14:55:11,C44E5E52,SIMBR0317,SIMR0317,SIMU0002:User 2,GRANTED
2026,1月,13,周二,14:55:11,EEC38563,SIMBR0282,SIMR0282,SIMU0141:User 141,GRANTED
2026,1月,13,周二,14:55:11,B9D6BC00,SIMBR0155,SIMR0155,SIMU0107:User 107,GRANTED
2026,1月,13,周二,14:55:11,6F12BFA3,SIMBR0169,SIMR0169,SIMU0218:User 218,GRANTED
2026,1月,13,周二,14:55:11,BA821DBA,SIMBR0186,SIMR0186,SIMU0148:User 148,GRANTED
2026,1月,13,周二,14:55:11,11BD165A,SIMBR0035,SIMR0035,SIMU0154:User 154,GRANTED
2026,1月,13,周二,14:55:11,16ED8B1D,BR012,RES005,SIMU0073:User 73,DENIED
2026,1月,13,周二,14:55:11,6BDE4067,SIMBR0097,SIMR0097,SIMU0114:User 114,GRANTED
2026,1月,13,周二,14:55:11,47C3A99F,SIMBR0169,SIMR0169,SIMU0136:User 136,GRANTED
2026,1月,13,周二,14:55:11,C2F816DD,SIMBR0055,SIMR0055,SIMU0266:User 266,GRANTED
2026,1月,13,周二,14:55:11,FEF21F79,SIMBR0334,SIMR0334,SIMU0159:User 159,GRANTED
2026,1月,13,周二,14:55:11,F0ADE55C,SIMBR0049,SIMR0049,SIMU0237:User 237,GRANTED
2026,1月,13,周二,14:55:11,128D7B1F,SIMBR0057,SIMR0057,SIMU0121:User 121,GRANTED
2026,1月,13,周二,14:55:11,E6D64EED,SIMBR0308,SIMR0308,SIMU0105:User 105,GRANTED
2026,1月,13,周二,14:55:11,24546BD0,SIMBR0217,SIMR0217,SIMU0251:User 251,GRANTED
2026,1月,13,周二,14:55:11,1792E539,SIMBR0398,SIMR0398,SIMU0292:User 292,GRANTED
2026,1月,13,周二,14:55:11,31C1AEEF,SIMBR0034,SIMR0034,SIMU0039:User 39,GRANTED
2026,1月,13,周二,14:55:11,0EE439B9,SIMBR0085,SIMR0085,SIMU0004:User 4,GRANTED
2026,1月,13,周二,14:55:11,1EE4C053,SIMBR0151,SIMR0151,SIMU0026:User 26,GRANTED
2026,1月,13,周二,14:55:11,F853E5E9,SIMBR0302,SIMR0302,SIMU0119:User 119,GRANTED
2026,1月,13,周二,14:55:11,13990099,SIMBR0291,SIMR0291,SIMU0008:User 8,GRANTED
2026,1月,13,周二,14:55:11,E07F08A6,SIMBR0097,SIMR0097,SIMU0246:User 246,GRANTED
2026,1月,13,周二,14:55:11,C718E607,SIMBR0279,SIMR0279,SIMU0089:User 89,GRANTED
2026,1月,13,周二,14:55:11,7413D955,SIMBR0374,SIMR0374,SIMU0075:User 75,GRANTED
2026,1月,13,周二,14:55:11,78D74DDD,SIMBR0295,SIMR0295,VIS001:Qian Qi,DENIED
2026,1月,13,周二,14:55:11,21A13EE6,SIMBR0294,SIMR0294,SIMU0133:User 133,GRANTED
2026,1月,13,周二,14:55:11,14103484,SIMBR0311,SIMR0311,SIMU0074:User 74,GRANTED
2026,1月,13,周二,14:55:11,9D3B8CFC,BR005,RES023,SIMU0095:User 95,DENIED
2026,1月,13,周二,14:55:11,B1990B96,SIMBR0081,SIMR0081,SIMU0106:User 106,GRANTED
2026,1月,13,周二,14:55:11,2E121B44,SIMBR0247,SIMR0247,SIMU0258:User 258,GRANTED
2026,1月,13,周二,14:55:11,F6E7D08A,BR014,RES007,SIMU0001:User 1,DENIED
2026,1月,13,周二,14:55:11,7CE9CF19,SIMBR0202,SIMR0202,SIMU0020:User 20,GRANTED
2026,1月,13,周二,14:55:11,BA1008EF,SIMBR0291,SIMR0291,SIMU0083:User 83,GRANTED
2026,1月,13,周二,14:55:11,CA15B29F,SIMBR0232,SIMR0232,SIMU0206:User 206,GRANTED
2026,1月,13,周二,14:55:11,72A4E470,SIMBR0171,SIMR0171,SIMU0268:User 268,GRANTED
2026,1月,13,周二,14:55:11,D716AAF5,SIMBR0196,SIMR0196,SIMU0170:User 170,GRANTED
2026,1月,13,周二,14:55:11,FB68A282,SIMBR0220,SIMR0220,SIMU0183:User 183,GRANTED
2026,1月,13,周二,14:55:11,72A4E470,SIMBR0163,SIMR0163,SIMU0268:User 268,GRANTED
2026,1月,13,周二,14:55:11,A53931BD,SIMBR0220,SIMR0220,SIMU0058:User 58,GRANTED
2026,1月,13,周二,14:55:11,21A13EE6,SIMBR0194,SIMR0194,SIMU0133:User 133,GRANTED
2026,1月,13,周二,14:55:11,0540806D,BR011,RES026,SIMU0265:User 265,DENIED
2026,1月,13,周二,14:55:11,FAE4DEC5,SIMBR0172,SIMR0172,SIMU0053:User 53,GRANTED
2026,1月,13,周二,14:55:11,7BEB2168,SIMBR0369,SIMR0369,SIMU0282:User 282,GRANTED
2026,1月,13,周二,14:55:11,D87DCC23,SIMBR0146,SIMR0146,SIMU0006:User 6,GRANTED
2026,1月,13,周二,14:55:11,6714B510,SIMBR0340,SIMR0340,SIMU0160:User 160,GRANTED
2026,1月,13,周二,14:55:11,874CC50E,SIMBR0299,SIMR0299,SIMU0036:User 36,GRANTED
2026,1月,13,周二,14:55:11,CB1ACCC7,SIMBR0178,SIMR0178,SIMU0110:User 110,GRANTED
2026,1月,13,周二,14:55:11,7C3923AE,SIMBR0366,SIMR0366,SIMU0210:User 210,GRANTED
2026,1月,13,周二,14:55:11,7B914E9E,SIMBR0077,SIMR0077,SIMU0215:User 215,GRANTED
2026,1月,13,周二,14:55:11,394DF2A8,SIMBR0276,SIMR0276,SIMU0111:User 111,GRANTED
2026,1月,13,周二,14:55:11,B3E8626A,SIMBR0132,SIMR0132,SIMU0239:User 239,GRANTED
2026,1月,13,周二,14:55:11,FBFF5A63,SIMBR0331,SIMR0331,SIMU0184:User 184,GRANTED
2026,1月,13,周二,14:55:11,33F39C8F,SIMBR0325,SIMR0325,SIMU0205:User 205,GRANTED
2026,1月,13,周二,14:55:11,D2C7D462,SIMBR0206,SIMR0206,SIMU0061:User 61,GRANTED
2026,1月,13,周二,14:55:11,495297EE,SIMBR0376,SIMR0376,SIMU0038:User 38,GRANTED
2026,1月,13,周二,14:55:11,FE83648E,SIMBR0311,SIMR0311,SIMU0142:User 142,GRANTED
2026,1月,13,周二,14:55:11,D0B8FC16,SIMBR0273,SIMR0273,SIMU0185:User 185,GRANTED
2026,1月,13,周二,14:55:11,B1990B96,SIMBR0117,SIMR0117,SIMU0106:User 106,GRANTED
2026,1月,13,周二,14:55:11,489655D2,SIMBR0003,SIMR0003,CON001:Wang Wu,DENIED
2026,1月,13,周二,14:55:11,FBFF5A63,SIMBR0391,SIMR0391,SIMU0184:User 184,GRANTED
2026,1月,13,周二,14:55:11,7B914E9E,SIMBR0160,SIMR0160,SIMU0215:User 215,GRANTED
2026,1月,13,周二,14:55:11,3A52D444,SIMBR0367,SIMR0367,SIMU0166:User 166,GRANTED
2026,1月,13,周二,14:55:11,44B3ADEE,SIMBR0127,SIMR0127,SIMU0157:User 157,GRANTED
2026,1月,13,周二,14:55:11,50B332C8,SIMBR0400,SIMR0400,SIMU0122:User 122,GRANTED
2026,1月,13,周二,14:55:11,2C249415,SIMBR0398,SIMR0398,SIMU0276:User 276,GRANTED
2026,1月,13,周二,14:55:11,81F12C1B,SIMBR0330,SIMR0330,SIMU0200:User 200,GRANTED
2026,1月,13,周二,14:55:11,8C19D42A,SIMBR0302,SIMR0302,SIMU0284:User 284,GRANTED
2026,1月,13,周二,14:55:11,F3B58DFF,SIMBR0111,SIMR0111,SIMU0076:User 76,GRANTED
2026,1月,13,周二,14:55:11,8EA215FF,SIMBR0043,SIMR0043,SIMU0201:User 201,GRANTED
2026,1月,13,周二,14:55:11,87F48A64,SIMBR0036,SIMR0036,SIMU0143:User 143,GRANTED
2026,1月,13,周二,14:55:11,358D24E5,BR024,RES017,SIMU0130:User 130,DENIED
2026,1月,13,周二,14:55:11,1EBD89C8,SIMBR0314,SIMR0314,SIMU0123:User 123,GRANTED
2026,1月,13,周二,14:55:11,0EA23D3A,BR026,RES019,SIMU0062:User 62,DENIED
2026,1月,13,周二,14:55:11,F616A325,SIMBR0021,SIMR0021,SIMU0194:User 194,GRANTED
2026,1月,13,周二,14:55:11,F9B71846,SIMBR0290,SIMR0290,SIMU0196:User 196,GRANTED
2026,1月,13,周二,14:55:11,8BC6335E,SIMBR0019,SIMR0019,SIMU0204:User 204,GRANTED
2026,1月,13,周二,14:55:11,CD0D9101,SIMBR0310,SIMR0310,SIMU0135:User 135,GRANTED
2026,1月,13,周二,14:55:11,31C1AEEF,SIMBR0298,SIMR0298,SIMU0039:User 39,GRANTED
2026,1月,13,周二,14:55:11,394DF2A8,SIMBR0230,SIMR0230,SIMU0111:User 111,GRANTED
2026,1月,13,周二,14:55:11,14103484,SIMBR0035,SIMR0035,SIMU0074:User 74,GRANTED
2026,1月,13,周二,14:55:11,7413D955,SIMBR0356,SIMR0356,SIMU0075:User 75,GRANTED
2026,1月,13,周二,14:55:11,46895123,SIMBR0041,SIMR0041,SIMU0132:User 132,GRANTED
2026,1月,13,周二,14:55:11,49B45DCD,BR009,RES025,SIMU0272:User 272,DENIED
2026,1月,13,周二,14:55:11,18788AAF,SIMBR0387,SIMR0387,SIMU0298:User 298,GRANTED
2026,1月,13,周二,14:55:11,72A4E470,SIMBR0185,SIMR0185,SIMU0268:User 268,GRANTED
2026,1月,13,周二,14:55:11,030D82CF,SIMBR0139,SIMR0139,SIMU0207:User 207,GRANTED
2026,1月,13,周二,14:55:11,853BC8DF,SIMBR0103,SIMR0103,SIMU0092:User 92,GRANTED
2026,1月,13,周二,14:55:11,050D9DEF,SIMBR0051,SIMR0051,SIMU0128:User 128,GRANTED
2026,1月,13,周二,14:55:11,582A6476,SIMBR0063,SIMR0063,SIMU0046:User 46,GRANTED
2026,1月,13,周二,14:55:11,FBBEF95C,SIMBR0360,SIMR0360,SIMU0025:User 25,GRANTED
2026,1月,13,周二,14:55:11,C2EDBC0C,SIMBR0374,SIMR0374,SIMU0226:User 226,GRANTED
2026,1月,13,周二,14:55:11,81F12C1B,SIMBR0201,SIMR0201,SIMU0200:User 200,GRANTED
2026,1月,13,周二,14:55:11,E116EA41,SIMBR0273,SIMR0273,SIMU0127:User 127,GRANTED
2026,1月,13,周二,14:55:11,56619802,SIMBR0100,SIMR0100,SIMU0202:User 202,GRANTED
2026,1月,13,周二,14:55:11,394DF2A8,SIMBR0078,SIMR0078,SIMU0111:User 111,GRANTED
2026,1月,13,周二,14:55:11,C50459DB,SIMBR0378,SIMR0378,SIMU0262:User 262,GRANTED
2026,1月,13,周二,14:55:11,6F12BFA3,SIMBR0323,SIMR0323,SIMU0218:User 218,GRANTED
2026,1月,13,周二,14:55:11,FBFF5A63,SIMBR0160,SIMR0160,SIMU0184:User 184,GRANTED
2026,1月,13,周二,14:55:11,15D30411,SIMBR0108,SIMR0108,SIMU0289:User 289,GRANTED
2026,1月,13,周二,14:55:11,7CA376A0,SIMBR0060,SIMR0060,SIMU0102:User 102,GRANTED
2026,1月,13,周二,14:55:11,6213A883,SIMBR0187,SIMR0187,SIMU0249:User 249,GRANTED
2026,1月,13,周二,14:55:11,78D4B102,SIMBR0369,SIMR0369,SIMU0283:User 283,GRANTED
2026,1月,13,周二,14:55:11,273D28BF,SIMBR0029,SIMR0029,SIMU0057:User 57,GRANTED
2026,1月,13,周二,14:55:11,8EA215FF,SIMBR0297,SIMR0297,SIMU0201:User 201,GRANTED
2026,1月,13,周二,14:55:11,E6DCC382,SIMBR0383,SIMR0383,SIMU0158:User 158,GRANTED
2026,1月,13,周二,14:55:11,20917633,BR017,RES010,SIMU0296:User 296,DENIED
2026,1月,13,周二,14:55:11,0EE439B9,SIMBR0165,SIMR0165,SIMU0004:User 4,GRANTED
2026,1月,13,周二,14:55:11,E775A860,SIMBR0066,SIMR0066,SIMU0248:User 248,GRANTED
2026,1月,13,周二,14:55:11,C39400FA,SIMBR0148,SIMR0148,SIMU0078:User 78,GRANTED
2026,1月,13,周二,14:55:11,78D4B102,SIMBR0117,SIMR0117,SIMU0283:User 283,GRANTED
2026,1月,13,周二,14:55:11,85471FCB,SIMBR0208,SIMR0208,SIMU0054:User 54,GRANTED
2026,1月,13,周二,14:55:11,628D5BBC,SIMBR0145,SIMR0145,SIMU0041:User 41,GRANTED
2026,1月,13,周二,14:55:11,DA3D486F,SIMBR0007,SIMR0007,SIMU0028:User 28,GRANTED
2026,1月,13,周二,14:55:11,6C174D63,SIMBR0249,SIMR0249,SIMU0116:User 116,GRANTED
2026,1月,13,周二,14:55:11,E2F9D137,SIMBR0113,SIMR0113,SIMU0217:User 217,GRANTED
2026,1月,13,周二,14:55:11,F90964BF,BR001,RES020,SIMU0091:User 91,DENIED
2026,1月,13,周二,14:55:11,6A6279C3,SIMBR0159,SIMR0159,SIMU0178:User 178,GRANTED
2026,1月,13,周二,14:55:11,FD75651D,SIMBR0060,SIMR0060,SIMU0238:User 238,GRANTED
2026,1月,13,周二,14:55:11,7413D955,SIMBR0200,SIMR0200,SIMU0075:User 75,GRANTED
2026,1月,13,周二,14:55:11,A4F77AE3,SIMBR0305,SIMR0305,SIMU0031:User 31,GRANTED
2026,1月,13,周二,14:55:11,C2EDBC0C,SIMBR0270,SIMR0270,SIMU0226:User 226,GRANTED
2026,1月,13,周二,14:55:11,40A1D543,BR024,RES017,SIMU0267:User 267,DENIED
2026,1月,13,周二,14:55:11,37E9D9C0,SIMBR0309,SIMR0309,SIMU0034:User 34,GRANTED
2026,1月,13,周二,14:55:11,C72DAED8,SIMBR0117,SIMR0117,SIMU0117:User 117,GRANTED
2026,1月,13,周二,14:55:11,B3E8626A,SIMBR0218,SIMR0218,SIMU0239:User 239,GRANTED
2026,1月,13,周二,14:55:11,E2F9D137,SIMBR0268,SIMR0268,SIMU0217:User 217,GRANTED
2026,1月,13,周二,14:55:11,13F09473,SIMBR0068,SIMR0068,SIMU0279:User 279,GRANTED
2026,1月,13,周二,14:55:12,290F7C52,SIMBR0082,SIMR0082,SIMU0216:User 216,GRANTED
2026,1月,13,周二,14:55:12,6A6279C3,SIMBR0262,SIMR0262,SIMU0178:User 178,GRANTED
2026,1月,13,周二,14:55:12,273D28BF,SIMBR0202,SIMR0202,SIMU0057:User 57,GRANTED
2026,1月,13,周二,14:55:12,E93FF152,SIMBR0043,SIMR0043,SIMU0197:User 197,GRANTED
2026,1月,13,周二,14:55:12,C44E5E52,SIMBR0394,SIMR0394,SIMU0002:User 2,GRANTED
2026,1月,13,周二,14:55:12,8C19D42A,SIMBR0244,SIMR0244,SIMU0284:User 284,GRANTED
2026,1月,13,周二,14:55:12,A5DEC594,SIMBR0221,SIMR0221,SIMU0084:User 84,GRANTED
2026,1月,13,周二,14:55:12,C7C3B16D,SIMBR0225,SIMR0225,SIMU0259:User 259,GRANTED
2026,1月,13,周二,14:55:12,80BC1A17,SIMBR0312,SIMR0312,SIMU0112:User 112,GRANTED
2026,1月,13,周二,14:55:12,EEC38563,SIMBR0238,SIMR0238,SIMU0141:User 141,GRANTED
2026,1月,13,周二,14:55:12,C31E01F0,BR003,RES022,SIMU0192:User 192,DENIED
2026,1月,13,周二,14:55:12,9A00F337,SIMBR0173,SIMR0173,SIMU0285:User 285,GRANTED
2026,1月,13,周二,14:55:12,A89B9996,SIMBR0363,SIMR0363,SIMU0213:User 213,GRANTED
2026,1月,13,周二,14:55:12,C31E01F0,SIMBR0043,SIMR0043,SIMU0192:User 192,GRANTED
2026,1月,13,周二,14:55:12,75D7C714,SIMBR0095,SIMR0095,SIMU0005:User 5,GRANTED
2026,1月,13,周二,14:55:12,050D9DEF,SIMBR0337,SIMR0337,SIMU0128:User 128,GRANTED
2026,1月,13,周二,14:55:12,397975BA,SIMBR0045,SIMR0045,SIMU0164:User 164,GRANTED
2026,1月,13,周二,14:55:12,983FD996,SIMBR0262,SIMR0262,SIMU0225:User 225,GRANTED
2026,1月,13,周二,14:55:12,69A8F764,BR016,RES009,SIMU0240:User 240,DENIED
2026,1月,13,周二,14:55:12,518BCEDD,SIMBR0010,SIMR0010,SIMU0011:User 11,GRANTED
2026,1月,13,周二,14:55:12,6213A883,BR008,RES003,SIMU0249:User 249,DENIED
2026,1月,13,周二,14:55:12,3122BEFD,BR016,RES009,SIMU0066:User 66,DENIED
2026,1月,13,周二,14:55:12,4FC5D562,SIMBR0381,SIMR0381,SIMU0275:User 275,GRANTED
2026,1月,13,周二,14:55:12,FEF21F79,SIMBR0126,SIMR0126,SIMU0159:User 159,GRANTED
2026,1月,13,周二,14:55:12,FC9C0D71,SIMBR0389,SIMR0389,SIMU0093:User 93,GRANTED
2026,1月,13,周二,14:55:12,1A88116F,SIMBR0083,SIMR0083,SIMU0063:User 63,GRANTED
2026,1月,13,周二,14:55:12,3A395E30,SIMBR0156,SIMR0156,SIMU0280:User 280,GRANTED
2026,1月,13,周二,14:55:12,5560EC7D,BR022,RES015,SIMU0109:User 109,DENIED
2026,1月,13,周二,14:55:12,397975BA,SIMBR0092,SIMR0092,SIMU0164:User 164,GRANTED
2026,1月,13,周二,14:55:12,C3943F18,SIMBR0354,SIMR0354,SIMU0113:User 113,GRANTED
2026,1月,13,周二,14:55:12,4D153C4A,SIMBR0302,SIMR0302,SIMU0104:User 104,GRANTED
2026,1月,13,周二,14:55:12,0EE439B9,SIMBR0054,SIMR0054,SIMU0004:User 4,GRANTED
2026,1月,13,周二,14:55:12,3DDB17B7,SIMBR0034,SIMR0034,SIMU0044:User 44,GRANTED
2026,1月,13,周二,14:55:12,27BDB972,SIMBR0165,SIMR0165,SIMU0244:User 244,GRANTED
2026,1月,13,周二,14:55:12,16ED8B1D,SIMBR0391,SIMR0391,SIMU0073:User 73,GRANTED
2026,1月,13,周二,14:55:12,36330273,SIMBR0261,SIMR0261,SIMU0291:User 291,GRANTED
2026,1月,13,周二,14:55:12,6A6279C3,SIMBR0235,SIMR0235,SIMU0178:User 178,GRANTED
2026,1月,13,周二,14:55:12,7C28253F,SIMBR0258,SIMR0258,SIMU0027:User 27,GRANTED
2026,1月,13,周二,14:55:12,95379CDB,SIMBR0267,SIMR0267,f46ee39b-ac9d-4193-a478-f8cfc35cec07:gagaga a,GRANTED
2026,1月,13,周二,14:55:12,983FD996,SIMBR0214,SIMR0214,SIMU0225:User 225,GRANTED
2026,1月,13,周二,14:55:12,3B9B3EAE,SIMBR0030,SIMR0030,SIMU0144:User 144,GRANTED
2026,1月,13,周二,14:55:12,B33C40D7,SIMBR0114,SIMR0114,SIMU0015:User 15,GRANTED
2026,1月,13,周二,14:55:12,B6F02DDB,SIMBR0134,SIMR0134,SIMU0156:User 156,GRANTED
2026,1月,13,周二,14:55:12,C584F9D3,SIMBR0104,SIMR0104,EMP001:Zhang San,DENIED
2026,1月,13,周二,14:55:12,56C4C8CF,SIMBR0278,SIMR0278,SIMU0077:User 77,GRANTED
2026,1月,13,周二,14:55:12,85471FCB,SIMBR0344,SIMR0344,SIMU0054:User 54,GRANTED
2026,1月,13,周二,14:55:12,983FD996,SIMBR0253,SIMR0253,SIMU0225:User 225,GRANTED
2026,1月,13,周二,14:55:12,BA893511,SIMBR0252,SIMR0252,SIMU0269:User 269,GRANTED
2026,1月,13,周二,14:55:12,13990099,SIMBR0172,SIMR0172,SIMU0008:User 8,GRANTED
2026,1月,13,周二,14:55:12,BEBCE825,SIMBR0335,SIMR0335,SIMU0270:User 270,GRANTED
2026,1月,13,周二,14:55:12,59E1ACA0,SIMBR0269,SIMR0269,SIMU0090:User 90,GRANTED
2026,1月,13,周二,14:55:12,1A3D1ED6,SIMBR0114,SIMR0114,SIMU0231:User 231,GRANTED
2026,1月,13,周二,14:55:12,8B9117BE,SIMBR0285,SIMR0285,SIMU0165:User 165,GRANTED
2026,1月,13,周二,14:55:12,A51F7B4F,SIMBR0285,SIMR0285,SIMU0277:User 277,GRANTED
2026,1月,13,周二,14:55:12,8BF81A2A,SIMBR0211,SIMR0211,SIMU0233:User 233,GRANTED
2026,1月,13,周二,14:55:12,3CC4126C,SIMBR0071,SIMR0071,SIMU0099:User 99,GRANTED
2026,1月,13,周二,14:55:12,15D30411,SIMBR0089,SIMR0089,SIMU0289:User 289,GRANTED
2026,1月,13,周二,14:55:12,C2EDBC0C,SIMBR0294,SIMR0294,SIMU0226:User 226,GRANTED
2026,1月,13,周二,14:55:12,4D153C4A,SIMBR0259,SIMR0259,SIMU0104:User 104,GRANTED
2026,1月,13,周二,14:55:12,59E1ACA0,SIMBR0312,SIMR0312,SIMU0090:User 90,GRANTED
2026,1月,13,周二,14:55:12,273F3B3E,SIMBR0275,SIMR0275,SIMU0224:User 224,GRANTED
2026,1月,13,周二,14:55:12,EFC60F14,SIMBR0142,SIMR0142,SIMU0286:User 286,GRANTED
2026,1月,13,周二,14:55:12,D87DCC23,SIMBR0038,SIMR0038,SIMU0006:User 6,GRANTED
2026,1月,13,周二,14:55:12,24A968FA,SIMBR0266,SIMR0266,SIMU0241:User 241,GRANTED
2026,1月,13,周二,14:55:12,0CFFFBA0,BR025,RES018,SIMU0189:User 189,DENIED
2026,1月,13,周二,14:55:12,C57735BB,BR021,RES014,SIMU0242:User 242,DENIED
2026,1月,13,周二,14:55:12,8EA215FF,SIMBR0390,SIMR0390,SIMU0201:User 201,GRANTED
2026,1月,13,周二,14:55:12,CA296753,SIMBR0060,SIMR0060,SIMU0055:User 55,GRANTED
2026,1月,13,周二,14:55:12,18788AAF,SIMBR0315,SIMR0315,SIMU0298:User 298,GRANTED
2026,1月,13,周二,14:55:12,273F3B3E,SIMBR0199,SIMR0199,SIMU0224:User 224,GRANTED
2026,1月,13,周二,14:55:12,D832D5F3,SIMBR0085,SIMR0085,SIMU0261:User 261,GRANTED
2026,1月,13,周二,14:55:12,75D7C714,SIMBR0267,SIMR0267,SIMU0005:User 5,GRANTED
2026,1月,13,周二,14:55:12,5A758FE3,SIMBR0004,SIMR0004,SIMU0103:User 103,GRANTED
2026,1月,13,周二,14:55:12,5334DCE6,SIMBR0342,SIMR0342,SIMU0179:User 179,GRANTED
2026,1月,13,周二,14:55:12,C3943F18,SIMBR0171,SIMR0171,SIMU0113:User 113,GRANTED
2026,1月,13,周二,14:55:12,5334DCE6,SIMBR0077,SIMR0077,SIMU0179:User 179,GRANTED
2026,1月,13,周二,14:55:12,10321BC3,SIMBR0127,SIMR0127,SIMU0042:User 42,GRANTED
2026,1月,13,周二,14:55:12,CBD2A48A,SIMBR0243,SIMR0243,SIMU0021:User 21,GRANTED
2026,1月,13,周二,14:55:12,CB2FA116,SIMBR0308,SIMR0308,SIMU0172:User 172,GRANTED
2026,1月,13,周二,14:55:12,8D67E6D5,SIMBR0239,SIMR0239,SIMU0045:User 45,GRANTED
2026,1月,13,周二,14:55:12,3DC555DE,SIMBR0240,SIMR0240,SIMU0300:User 300,GRANTED
2026,1月,13,周二,14:55:12,78D74DDD,SIMBR0215,SIMR0215,VIS001:Qian Qi,DENIED
2026,1月,13,周二,14:55:12,01FC696F,SIMBR0274,SIMR0274,SIMU0068:User 68,GRANTED
2026,1月,13,周二,14:55:12,D3E409F0,SIMBR0009,SIMR0009,SIMU0012:User 12,GRANTED
2026,1月,13,周二,14:55:12,C1CE8342,SIMBR0323,SIMR0323,SIMU0018:User 18,GRANTED
2026,1月,13,周二,14:55:12,2056B86F,SIMBR0278,SIMR0278,SIMU0067:User 67,GRANTED
2026,1月,13,周二,14:55:12,78D4B102,SIMBR0200,SIMR0200,SIMU0283:User 283,GRANTED
2026,1月,13,周二,14:55:12,B33C40D7,SIMBR0047,SIMR0047,SIMU0015:User 15,GRANTED
2026,1月,13,周二,14:55:12,3B9B3EAE,SIMBR0329,SIMR0329,SIMU0144:User 144,GRANTED
2026,1月,13,周二,14:55:12,01FC696F,BR002,RES021,SIMU0068:User 68,DENIED
2026,1月,13,周二,14:55:12,BD4961D3,SIMBR0397,SIMR0397,SIMU0169:User 169,GRANTED
2026,1月,13,周二,14:55:12,BA893511,SIMBR0383,SIMR0383,SIMU0269:User 269,GRANTED
2026,1月,13,周二,14:55:12,B0DFB305,SIMBR0096,SIMR0096,SIMU0151:User 151,GRANTED
2026,1月,13,周二,14:55:12,75D7C714,SIMBR0296,SIMR0296,SIMU0005:User 5,GRANTED
2026,1月,13,周二,14:55:12,5560EC7D,SIMBR0360,SIMR0360,SIMU0109:User 109,GRANTED
2026,1月,13,周二,14:55:12,D3E409F0,SIMBR0118,SIMR0118,SIMU0012:User 12,GRANTED
2026,1月,13,周二,14:55:12,58B55845,SIMBR0289,SIMR0289,EMP002:Li Si,DENIED
2026,1月,13,周二,14:55:12,8CBA0F42,SIMBR0351,SIMR0351,SIMU0152:User 152,GRANTED
2026,1月,13,周二,14:55:12,2C249415,SIMBR0114,SIMR0114,SIMU0276:User 276,GRANTED
2026,1月,13,周二,14:55:12,11BD165A,SIMBR0252,SIMR0252,SIMU0154:User 154,GRANTED
2026,1月,13,周二,14:55:12,1812D558,SIMBR0315,SIMR0315,SIMU0214:User 214,GRANTED
2026,1月,13,周二,14:55:12,D6BC3463,SIMBR0124,SIMR0124,SIMU0037:User 37,GRANTED
2026,1月,13,周二,14:55:12,AA3155BB,SIMBR0264,SIMR0264,SIMU0050:User 50,GRANTED
2026,1月,13,周二,14:55:12,2C249415,BR017,RES010,SIMU0276:User 276,DENIED
2026,1月,13,周二,14:55:12,95777979,SIMBR0122,SIMR0122,SIMU0051:User 51,GRANTED
2026,1月,13,周二,14:55:12,B2D6FCB4,BR013,RES006,SIMU0086:User 86,DENIED
2026,1月,13,周二,14:55:12,9D3B8CFC,SIMBR0057,SIMR0057,SIMU0095:User 95,GRANTED
2026,1月,13,周二,14:55:12,37FA6637,SIMBR0172,SIMR0172,SIMU0199:User 199,GRANTED
2026,1月,13,周二,14:55:12,C73CE928,SIMBR0008,SIMR0008,SIMU0281:User 281,GRANTED
2026,1月,13,周二,14:55:12,95379CDB,SIMBR0327,SIMR0327,f46ee39b-ac9d-4193-a478-f8cfc35cec07:gagaga a,GRANTED
2026,1月,13,周二,14:55:12,D716AAF5,SIMBR0088,SIMR0088,SIMU0170:User 170,GRANTED
2026,1月,13,周二,14:55:12,C72DAED8,SIMBR0271,SIMR0271,SIMU0117:User 117,GRANTED
2026,1月,13,周二,14:55:12,C6E3BF57,SIMBR0384,SIMR0384,SIMU0297:User 297,GRANTED
2026,1月,13,周二,14:55:12,BA821DBA,SIMBR0012,SIMR0012,SIMU0148:User 148,GRANTED
2026,1月,13,周二,14:55:12,29200997,SIMBR0142,SIMR0142,SIMU0186:User 186,GRANTED
2026,1月,13,周二,14:55:12,80AC649D,SIMBR0374,SIMR0374,SIMU0088:User 88,GRANTED
2026,1月,13,周二,14:55:12,AF6C110D,BR026,RES019,SIMU0080:User 80,DENIED
2026,1月,13,周二,14:55:12,1EE4C053,SIMBR0121,SIMR0121,SIMU0026:User 26,GRANTED
2026,1月,13,周二,14:55:12,D0871CF1,SIMBR0195,SIMR0195,SIMU0007:User 7,GRANTED
2026,1月,13,周二,14:55:12,0EE439B9,SIMBR0110,SIMR0110,SIMU0004:User 4,GRANTED
2026,1月,13,周二,14:55:12,E775A860,SIMBR0060,SIMR0060,SIMU0248:User 248,GRANTED
2026,1月,13,周二,14:55:12,B0DFB305,SIMBR0057,SIMR0057,SIMU0151:User 151,GRANTED
2026,1月,13,周二,14:55:12,D49E4724,SIMBR0153,SIMR0153,SIMU0278:User 278,GRANTED
2026,1月,13,周二,14:55:12,BEBCE825,SIMBR0054,SIMR0054,SIMU0270:User 270,GRANTED
2026,1月,13,周二,14:55:12,AB055C88,SIMBR0118,SIMR0118,SIMU0024:User 24,GRANTED
2026,1月,13,周二,14:55:12,6714B510,BR026,RES019,SIMU0160:User 160,DENIED
2026,1月,13,周二,14:55:12,23858FDA,SIMBR0016,SIMR0016,SIMU0098:User 98,GRANTED
2026,1月,13,周二,14:55:12,0A675EEC,SIMBR0336,SIMR0336,SIMU0138:User 138,GRANTED
2026,1月,13,周二,14:55:12,C50459DB,SIMBR0338,SIMR0338,SIMU0262:User 262,GRANTED
2026,1月,13,周二,14:55:12,15D30411,SIMBR0122,SIMR0122,SIMU0289:User 289,GRANTED
2026,1月,13,周二,14:55:12,C6E3BF57,SIMBR0004,SIMR0004,SIMU0297:User 297,GRANTED
2026,1月,13,周二,14:55:12,1792E539,SIMBR0180,SIMR0180,SIMU0292:User 292,GRANTED
2026,1月,13,周二,14:55:12,48744B29,SIMBR0084,SIMR0084,SIMU0035:User 35,GRANTED
2026,1月,13,周二,14:55:12,81F12C1B,SIMBR0222,SIMR0222,SIMU0200:User 200,GRANTED
2026,1月,13,周二,14:55:12,4B59E256,BR020,RES013,SIMU0182:User 182,DENIED
2026,1月,13,周二,14:55:12,6C174D63,SIMBR0349,SIMR0349,SIMU0116:User 116,GRANTED
2026,1月,13,周二,14:55:12,C57735BB,SIMBR0002,SIMR0002,SIMU0242:User 242,GRANTED
2026,1月,13,周二,14:55:12,01513E26,SIMBR0388,SIMR0388,SIMU0181:User 181,GRANTED
2026,1月,13,周二,14:55:12,B2D6FCB4,SIMBR0174,SIMR0174,SIMU0086:User 86,GRANTED
2026,1月,13,周二,14:55:12,4758C16D,SIMBR0302,SIMR0302,SIMU0147:User 147,GRANTED
2026,1月,13,周二,14:55:12,15D30411,SIMBR0250,SIMR0250,SIMU0289:User 289,GRANTED
2026,1月,13,周二,14:55:12,7BEB2168,SIMBR0121,SIMR0121,SIMU0282:User 282,GRANTED
2026,1月,13,周二,14:55:12,0540806D,SIMBR0094,SIMR0094,SIMU0265:User 265,GRANTED
2026,1月,13,周二,14:55:12,DB66EC85,SIMBR0242,SIMR0242,SIMU0100:User 100,GRANTED
2026,1月,13,周二,14:55:12,E2506042,SIMBR0134,SIMR0134,SIMU0101:User 101,GRANTED
2026,1月,13,周二,14:55:12,6F12BFA3,SIMBR0281,SIMR0281,SIMU0218:User 218,GRANTED
2026,1月,13,周二,14:55:12,E6D64EED,SIMBR0169,SIMR0169,SIMU0105:User 105,GRANTED
2026,1月,13,周二,14:55:12,C5A57784,SIMBR0114,SIMR0114,SIMU0072:User 72,GRANTED
2026,1月,13,周二,14:55:12,80AC649D,SIMBR0211,SIMR0211,SIMU0088:User 88,GRANTED
2026,1月,13,周二,14:55:12,EF6713BA,SIMBR0145,SIMR0145,SIMU0153:User 153,GRANTED
2026,1月,13,周二,14:55:12,B0DFB305,BR004,RES001,SIMU0151:User 151,DENIED
2026,1月,13,周二,14:55:12,0CFFFBA0,SIMBR0078,SIMR0078,SIMU0189:User 189,GRANTED
2026,1月,13,周二,14:55:12,397975BA,SIMBR0285,SIMR0285,SIMU0164:User 164,GRANTED
2026,1月,13,周二,14:55:12,6CEC1FDF,SIMBR0080,SIMR0080,SIMU0230:User 230,GRANTED
2026,1月,13,周二,14:55:12,C5A57784,SIMBR0160,SIMR0160,SIMU0072:User 72,GRANTED
2026,1月,13,周二,14:55:12,853BC8DF,SIMBR0338,SIMR0338,SIMU0092:User 92,GRANTED
2026,1月,13,周二,14:55:12,0A675EEC,SIMBR0064,SIMR0064,SIMU0138:User 138,GRANTED
2026,1月,13,周二,14:55:12,33F39C8F,SIMBR0363,SIMR0363,SIMU0205:User 205,GRANTED
2026,1月,13,周二,14:55:12,D0B8FC16,SIMBR0046,SIMR0046,SIMU0185:User 185,GRANTED
2026,1月,13,周二,14:55:12,FBBEF95C,SIMBR0185,SIMR0185,SIMU0025:User 25,GRANTED
2026,1月,13,周二,14:55:12,20917633,SIMBR0283,SIMR0283,SIMU0296:User 296,GRANTED
2026,1月,13,周二,14:55:12,54722E38,SIMBR0171,SIMR0171,SIMU0222:User 222,GRANTED
2026,1月,13,周二,14:55:12,80AC649D,BR025,RES018,SIMU0088:User 88,DENIED
2026,1月,13,周二,14:55:12,1DE07196,SIMBR0247,SIMR0247,SIMU0274:User 274,GRANTED
2026,1月,13,周二,14:55:12,BA841717,SIMBR0016,SIMR0016,SIMU0064:User 64,GRANTED
2026,1月,13,周二,14:55:12,FAE4DEC5,SIMBR0005,SIMR0005,SIMU0053:User 53,GRANTED
2026,1月,13,周二,14:55:12,59E1ACA0,SIMBR0195,SIMR0195,SIMU0090:User 90,GRANTED
2026,1月,13,周二,14:55:12,A5DEC594,SIMBR0070,SIMR0070,SIMU0084:User 84,GRANTED
2026,1月,13,周二,14:55:12,E393950E,SIMBR0148,SIMR0148,SIMU0195:User 195,GRANTED
2026,1月,13,周二,14:55:12,8D67E6D5,SIMBR0239,SIMR0239,SIMU0045:User 45,GRANTED
2026,1月,13,周二,14:55:12,FAE4DEC5,BR024,RES017,SIMU0053:User 53,DENIED
2026,1月,13,周二,14:55:12,643D2F0C,SIMBR0220,SIMR0220,SIMU0048:User 48,GRANTED
2026,1月,13,周二,14:55:12,61095621,SIMBR0288,SIMR0288,SIMU0137:User 137,GRANTED
2026,1月,13,周二,14:55:12,D2C7D462,SIMBR0089,SIMR0089,SIMU0061:User 61,GRANTED
2026,1月,13,周二,14:55:12,1A3D1ED6,BR004,RES001,SIMU0231:User 231,DENIED
2026,1月,13,周二,14:55:12,7BEB2168,SIMBR0348,SIMR0348,SIMU0282:User 282,GRANTED
2026,1月,13,周二,14:55:12,EF6713BA,SIMBR0318,SIMR0318,SIMU0153:User 153,GRANTED
2026,1月,13,周二,14:55:12,58B55845,SIMBR0272,SIMR0272,EMP002:Li Si,DENIED
2026,1月,13,周二,14:55:12,273F3B3E,SIMBR0128,SIMR0128,SIMU0224:User 224,GRANTED
2026,1月,13,周二,14:55:12,C0993563,SIMBR0269,SIMR0269,SIMU0209:User 209,GRANTED
2026,1月,13,周二,14:55:12,10321BC3,SIMBR0131,SIMR0131,SIMU0042:User 42,GRANTED
2026,1月,13,周二,14:55:12,21A13EE6,SIMBR0356,SIMR0356,SIMU0133:User 133,GRANTED
2026,1月,13,周二,14:55:12,874CC50E,SIMBR0210,SIMR0210,SIMU0036:User 36,GRANTED
2026,1月,13,周二,14:55:12,EEC38563,SIMBR0024,SIMR0024,SIMU0141:User 141,GRANTED
2026,1月,13,周二,14:55:12,10321BC3,SIMBR0190,SIMR0190,SIMU0042:User 42,GRANTED
2026,1月,13,周二,14:55:12,31C1AEEF,SIMBR0307,SIMR0307,SIMU0039:User 39,GRANTED
2026,1月,13,周二,14:55:12,701D5B3A,SIMBR0026,SIMR0026,SIMU0211:User 211,GRANTED
2026,1月,13,周二,14:55:12,D324F0AC,SIMBR0037,SIMR0037,SIMU0108:User 108,GRANTED
2026,1月,13,周二,14:55:12,59E1ACA0,SIMBR0328,SIMR0328,SIMU0090:User 90,GRANTED
2026,1月,13,周二,14:55:12,3B9B3EAE,BR008,RES003,SIMU0144:User 144,DENIED
2026,1月,13,周二,14:55:12,A4F77AE3,SIMBR0134,SIMR0134,SIMU0031:User 31,GRANTED
2026,1月,13,周二,14:55:12,C7C3B16D,SIMBR0203,SIMR0203,SIMU0259:User 259,GRANTED
2026,1月,13,周二,14:55:12,FE83648E,SIMBR0135,SIMR0135,SIMU0142:User 142,GRANTED
2026,1月,13,周二,14:55:12,C2F816DD,SIMBR0042,SIMR0042,SIMU0266:User 266,GRANTED
2026,1月,13,周二,14:55:12,6A6279C3,SIMBR0107,SIMR0107,SIMU0178:User 178,GRANTED
2026,1月,13,周二,14:55:12,9FA88CE9,SIMBR0042,SIMR0042,SIMU0049:User 49,GRANTED
2026,1月,13,周二,14:55:12,FB68A282,SIMBR0281,SIMR0281,SIMU0183:User 183,GRANTED
2026,1月,13,周二,14:55:12,13F09473,SIMBR0397,SIMR0397,SIMU0279:User 279,GRANTED
2026,1月,13,周二,14:55:12,D2C7D462,SIMBR0211,SIMR0211,SIMU0061:User 61,GRANTED
2026,1月,13,周二,14:55:12,24DE0286,SIMBR0023,SIMR0023,SIMU0221:User 221,GRANTED
2026,1月,13,周二,14:55:13,602AF119,SIMBR0120,SIMR0120,SIMU0223:User 223,GRANTED
2026,1月,13,周二,14:55:13,DF7754DF,SIMBR0152,SIMR0152,SIMU0019:User 19,GRANTED
2026,1月,13,周二,14:55:13,273F3B3E,SIMBR0370,SIMR0370,SIMU0224:User 224,GRANTED
2026,1月,13,周二,14:55:13,5E9892AA,SIMBR0239,SIMR0239,SIMU0293:User 293,GRANTED
2026,1月,13,周二,14:55:13,A5DEC594,BR013,RES006,SIMU0084:User 84,DENIED
2026,1月,13,周二,14:55:13,C0CB4AFF,SIMBR0280,SIMR0280,SIMU0235:User 235,GRANTED
2026,1月,13,周二,14:55:13,643D2F0C,SIMBR0025,SIMR0025,SIMU0048:User 48,GRANTED
2026,1月,13,周二,14:55:13,D1BB07EE,SIMBR0106,SIMR0106,SIMU0287:User 287,GRANTED
2026,1月,13,周二,14:55:13,582A6476,SIMBR0204,SIMR0204,SIMU0046:User 46,GRANTED
2026,1月,13,周二,14:55:13,F3B58DFF,SIMBR0065,SIMR0065,SIMU0076:User 76,GRANTED
2026,1月,13,周二,14:55:13,FEF21F79,SIMBR0018,SIMR0018,SIMU0159:User 159,GRANTED
2026,1月,13,周二,14:55:13,A234EF8B,SIMBR0011,SIMR0011,SIMU0069:User 69,GRANTED
2026,1月,13,周二,14:55:13,2E121B44,SIMBR0042,SIMR0042,SIMU0258:User 258,GRANTED
2026,1月,13,周二,14:55:13,6B7D13ED,SIMBR0020,SIMR0020,SIMU0191:User 191,GRANTED
2026,1月,13,周二,14:55:13,5FF2F656,SIMBR0299,SIMR0299,SIMU0120:User 120,GRANTED
2026,1月,13,周二,14:55:13,53A1B264,SIMBR0376,SIMR0376,SIMU0017:User 17,GRANTED
2026,1月,13,周二,14:55:13,495297EE,SIMBR0110,SIMR0110,SIMU0038:User 38,GRANTED
2026,1月,13,周二,14:55:13,905C3DCB,SIMBR0342,SIMR0342,SIMU0070:User 70,GRANTED
2026,1月,13,周二,14:55:13,8BC6335E,SIMBR0067,SIMR0067,SIMU0204:User 204,GRANTED
2026,1月,13,周二,14:55:13,518BCEDD,BR006,RES002,SIMU0011:User 11,DENIED
2026,1月,13,周二,14:55:13,29200997,SIMBR0067,SIMR0067,SIMU0186:User 186,GRANTED
2026,1月,13,周二,14:55:13,538EE2BF,SIMBR0262,SIMR0262,SIMU0177:User 177,GRANTED
2026,1月,13,周二,14:55:13,85471FCB,SIMBR0025,SIMR0025,SIMU0054:User 54,GRANTED
2026,1月,13,周二,14:55:13,983FD996,SIMBR0133,SIMR0133,SIMU0225:User 225,GRANTED
2026,1月,13,周二,14:55:13,BA6DDD0B,SIMBR0192,SIMR0192,SIMU0146:User 146,GRANTED
2026,1月,13,周二,14:55:13,602AF119,SIMBR0031,SIMR0031,SIMU0223:User 223,GRANTED
2026,1月,13,周二,14:55:13,A9E67E95,SIMBR0254,SIMR0254,SIMU0243:User 243,GRANTED
2026,1月,13,周二,14:55:13,6CEC1FDF,SIMBR0045,SIMR0045,SIMU0230:User 230,GRANTED
2026,1月,13,周二,14:55:13,0EE439B9,SIMBR0226,SIMR0226,SIMU0004:User 4,GRANTED
2026,1月,13,周二,14:55:13,54C5EDBD,SIMBR0017,SIMR0017,SIMU0145:User 145,GRANTED
2026,1月,13,周二,14:55:13,CA15B29F,SIMBR0069,SIMR0069,SIMU0206:User 206,GRANTED
2026,1月,13,周二,14:55:13,3DC555DE,SIMBR0096,SIMR0096,SIMU0300:User 300,GRANTED
2026,1月,13,周二,14:55:13,D2C7D462,SIMBR0365,SIMR0365,SIMU0061:User 61,GRANTED
2026,1月,13,周二,14:55:13,B2D6FCB4,SIMBR0229,SIMR0229,SIMU0086:User 86,GRANTED
2026,1月,13,周二,14:55:13,5D5C3450,SIMBR0049,SIMR0049,SIMU0131:User 131,GRANTED
2026,1月,13,周二,14:55:13,1E4AD759,SIMBR0252,SIMR0252,SIMU0029:User 29,GRANTED
2026,1月,13,周二,14:55:13,4758C16D,SIMBR0258,SIMR0258,SIMU0147:User 147,GRANTED
2026,1月,13,周二,14:55:13,A9E67E95,BR020,RES013,SIMU0243:User 243,DENIED
2026,1月,13,周二,14:55:13,A9E67E95,SIMBR0337,SIMR0337,SIMU0243:User 243,GRANTED
2026,1月,13,周二,14:55:13,33F39C8F,SIMBR0313,SIMR0313,SIMU0205:User 205,GRANTED
2026,1月,13,周二,14:55:13,C7C3B16D,SIMBR0232,SIMR0232,SIMU0259:User 259,GRANTED
2026,1月,13,周二,14:55:13,C0F19B1C,SIMBR0019,SIMR0019,SIMU0155:User 155,GRANTED
2026,1月,13,周二,14:55:13,3DDB17B7,SIMBR0376,SIMR0376,SIMU0044:User 44,GRANTED
2026,1月,13,周二,14:55:13,1DE07196,SIMBR0067,SIMR0067,SIMU0274:User 274,GRANTED
2026,1月,13,周二,14:55:13,A9E67E95,SIMBR0170,SIMR0170,SIMU0243:User 243,GRANTED
2026,1月,13,周二,14:55:13,C169BAEB,BR003,RES022,SIMU0174:User 174,DENIED
2026,1月,13,周二,14:55:13,964B6B12,SIMBR0348,SIMR0348,SIMU0003:User 3,GRANTED
2026,1月,13,周二,14:55:13,8BC6335E,SIMBR0053,SIMR0053,SIMU0204:User 204,GRANTED
2026,1月,13,周二,14:55:13,E07F08A6,SIMBR0242,SIMR0242,SIMU0246:User 246,GRANTED
2026,1月,13,周二,14:55:13,D832D5F3,SIMBR0202,SIMR0202,SIMU0261:User 261,GRANTED
2026,1月,13,周二,14:55:13,8C19D42A,BR014,RES007,SIMU0284:User 284,DENIED
2026,1月,13,周二,14:55:13,29200997,SIMBR0116,SIMR0116,SIMU0186:User 186,GRANTED
2026,1月,13,周二,14:55:13,CB0F203D,SIMBR0257,SIMR0257,SIMU0124:User 124,GRANTED
2026,1月,13,周二,14:55:13,D1BB07EE,SIMBR0360,SIMR0360,SIMU0287:User 287,GRANTED
2026,1月,13,周二,14:55:13,6FFD7F45,SIMBR0042,SIMR0042,SIMU0198:User 198,GRANTED
2026,1月,13,周二,14:55:13,CBD2A48A,SIMBR0313,SIMR0313,SIMU0021:User 21,GRANTED
2026,1月,13,周二,14:55:13,4B59E256,SIMBR0004,SIMR0004,SIMU0182:User 182,GRANTED
2026,1月,13,周二,14:55:13,BEBCE825,SIMBR0112,SIMR0112,SIMU0270:User 270,GRANTED
2026,1月,13,周二,14:55:13,47A80030,SIMBR0288,SIMR0288,SIMU0234:User 234,GRANTED
2026,1月,13,周二,14:55:13,A2589816,SIMBR0028,SIMR0028,SIMU0082:User 82,GRANTED
2026,1月,13,周二,14:55:13,15AB7C7D,SIMBR0274,SIMR0274,SIMU0096:User 96,GRANTED
2026,1月,13,周二,14:55:13,7413D955,SIMBR0014,SIMR0014,SIMU0075:User 75,GRANTED
2026,1月,13,周二,14:55:13,01FC696F,SIMBR0021,SIMR0021,SIMU0068:User 68,GRANTED
2026,1月,13,周二,14:55:13,0EE439B9,SIMBR0028,SIMR0028,SIMU0004:User 4,GRANTED
2026,1月,13,周二,14:55:13,C718E607,SIMBR0015,SIMR0015,SIMU0089:User 89,GRANTED
2026,1月,13,周二,14:55:13,D832D5F3,SIMBR0114,SIMR0114,SIMU0261:User 261,GRANTED
2026,1月,13,周二,14:55:13,4DFA0FE5,SIMBR0159,SIMR0159,SIMU0255:User 255,GRANTED
2026,1月,13,周二,14:55:13,B0B2BCE6,SIMBR0172,SIMR0172,SIMU0208:User 208,GRANTED
2026,1月,13,周二,14:55:13,54C5EDBD,SIMBR0094,SIMR0094,SIMU0145:User 145,GRANTED
2026,1月,13,周二,14:55:13,E137F666,SIMBR0260,SIMR0260,SIMU0220:User 220,GRANTED
2026,1月,13,周二,14:55:13,181D33C7,SIMBR0294,SIMR0294,SIMU0227:User 227,GRANTED
2026,1月,13,周二,14:55:13,A9E67E95,SIMBR0339,SIMR0339,SIMU0243:User 243,GRANTED
2026,1月,13,周二,14:55:13,3870BA5D,SIMBR0001,SIMR0001,SIMU0173:User 173,GRANTED
2026,1月,13,周二,14:55:13,C6173DD5,SIMBR0139,SIMR0139,SIMU0023:User 23,GRANTED
2026,1月,13,周二,14:55:13,538EE2BF,SIMBR0267,SIMR0267,SIMU0177:User 177,GRANTED
2026,1月,13,周二,14:55:13,050D9DEF,SIMBR0272,SIMR0272,SIMU0128:User 128,GRANTED
2026,1月,13,周二,14:55:13,181D33C7,SIMBR0364,SIMR0364,SIMU0227:User 227,GRANTED
2026,1月,13,周二,14:55:13,35C69784,SIMBR0154,SIMR0154,SIMU0168:User 168,GRANTED
2026,1月,13,周二,14:55:13,0641BA46,SIMBR0171,SIMR0171,SIMU0085:User 85,GRANTED
2026,1月,13,周二,14:55:13,95777979,SIMBR0098,SIMR0098,SIMU0051:User 51,GRANTED
2026,1月,13,周二,14:55:13,F1D4B1B6,BR003,RES022,SIMU0247:User 247,DENIED
2026,1月,13,周二,14:55:13,C0993563,SIMBR0143,SIMR0143,SIMU0209:User 209,GRANTED
2026,1月,13,周二,14:55:13,FAE4DEC5,SIMBR0201,SIMR0201,SIMU0053:User 53,GRANTED
2026,1月,13,周二,14:55:13,5E9892AA,SIMBR0381,SIMR0381,SIMU0293:User 293,GRANTED
2026,1月,13,周二,14:55:13,9D3B8CFC,SIMBR0130,SIMR0130,SIMU0095:User 95,GRANTED
2026,1月,13,周二,14:55:13,4B59E256,SIMBR0361,SIMR0361,SIMU0182:User 182,GRANTED
2026,1月,13,周二,14:55:13,5AC1CCB2,SIMBR0396,SIMR0396,SIMU0264:User 264,GRANTED
2026,1月,13,周二,14:55:13,49B45DCD,SIMBR0071,SIMR0071,SIMU0272:User 272,GRANTED
2026,1月,13,周二,14:55:13,6FFD7F45,SIMBR0384,SIMR0384,SIMU0198:User 198,GRANTED
2026,1月,13,周二,14:55:13,78D4B102,SIMBR0169,SIMR0169,SIMU0283:User 283,GRANTED
2026,1月,13,周二,14:55:13,EEC38563,SIMBR0213,SIMR0213,SIMU0141:User 141,GRANTED
2026,1月,13,周二,14:55:13,E6D64EED,SIMBR0163,SIMR0163,SIMU0105:User 105,GRANTED
2026,1月,13,周二,14:55:13,FBBEF95C,SIMBR0174,SIMR0174,SIMU0025:User 25,GRANTED
2026,1月,13,周二,14:55:13,6714B510,SIMBR0088,SIMR0088,SIMU0160:User 160,GRANTED
2026,1月,13,周二,14:55:13,54722E38,SIMBR0293,SIMR0293,SIMU0222:User 222,GRANTED
2026,1月,13,周二,14:55:13,6714B510,SIMBR0234,SIMR0234,SIMU0160:User 160,GRANTED
2026,1月,13,周二,14:55:13,D1BB07EE,SIMBR0251,SIMR0251,SIMU0287:User 287,GRANTED
2026,1月,13,周二,14:55:13,3DDB17B7,SIMBR0150,SIMR0150,SIMU0044:User 44,GRANTED
2026,1月,13,周二,14:55:13,E775A860,SIMBR0303,SIMR0303,SIMU0248:User 248,GRANTED
2026,1月,13,周二,14:55:13,95777979,SIMBR0301,SIMR0301,SIMU0051:User 51,GRANTED
2026,1月,13,周二,14:55:13,5A758FE3,BR016,RES009,SIMU0103:User 103,DENIED
2026,1月,13,周二,14:55:13,C44E5E52,SIMBR0335,SIMR0335,SIMU0002:User 2,GRANTED
2026,1月,13,周二,14:55:13,C718E607,SIMBR0251,SIMR0251,SIMU0089:User 89,GRANTED
2026,1月,13,周二,14:55:13,BA1008EF,SIMBR0067,SIMR0067,SIMU0083:User 83,GRANTED
2026,1月,13,周二,14:55:13,10321BC3,SIMBR0244,SIMR0244,SIMU0042:User 42,GRANTED
2026,1月,13,周二,14:55:13,73913F8C,SIMBR0045,SIMR0045,SIMU0188:User 188,GRANTED
2026,1月,13,周二,14:55:13,8CBA0F42,SIMBR0155,SIMR0155,SIMU0152:User 152,GRANTED
2026,1月,13,周二,14:55:13,C0993563,SIMBR0395,SIMR0395,SIMU0209:User 209,GRANTED
2026,1月,13,周二,14:55:13,701D5B3A,SIMBR0335,SIMR0335,SIMU0211:User 211,GRANTED
2026,1月,13,周二,14:55:13,CA782D54,SIMBR0351,SIMR0351,SIMU0219:User 219,GRANTED
2026,1月,13,周二,14:55:13,44B3ADEE,SIMBR0120,SIMR0120,SIMU0157:User 157,GRANTED
2026,1月,13,周二,14:55:13,6A6279C3,SIMBR0156,SIMR0156,SIMU0178:User 178,GRANTED
2026,1月,13,周二,14:55:13,5FF2F656,SIMBR0196,SIMR0196,SIMU0120:User 120,GRANTED
2026,1月,13,周二,14:55:13,B33C40D7,SIMBR0083,SIMR0083,SIMU0015:User 15,GRANTED
2026,1月,13,周二,14:55:13,0CFFFBA0,SIMBR0137,SIMR0137,SIMU0189:User 189,GRANTED
2026,1月,13,周二,14:55:13,8B29C7CC,SIMBR0131,SIMR0131,SIMU0175:User 175,GRANTED
2026,1月,13,周二,14:55:13,D6BC3463,SIMBR0091,SIMR0091,SIMU0037:User 37,GRANTED
2026,1月,13,周二,14:55:13,5E9892AA,SIMBR0202,SIMR0202,SIMU0293:User 293,GRANTED
2026,1月,13,周二,14:55:13,1DE07196,SIMBR0361,SIMR0361,SIMU0274:User 274,GRANTED
2026,1月,13,周二,14:55:13,B1990B96,SIMBR0206,SIMR0206,SIMU0106:User 106,GRANTED
2026,1月,13,周二,14:55:13,F853E5E9,SIMBR0340,SIMR0340,SIMU0119:User 119,GRANTED
2026,1月,13,周二,14:55:13,01FC696F,SIMBR0169,SIMR0169,SIMU0068:User 68,GRANTED
2026,1月,13,周二,14:55:13,905C3DCB,SIMBR0176,SIMR0176,SIMU0070:User 70,GRANTED
2026,1月,13,周二,14:55:13,701D5B3A,SIMBR0291,SIMR0291,SIMU0211:User 211,GRANTED
2026,1月,13,周二,14:55:13,01513E26,SIMBR0207,SIMR0207,SIMU0181:User 181,GRANTED
2026,1月,13,周二,14:55:13,AE2F46DE,SIMBR0308,SIMR0308,SIMU0232:User 232,GRANTED
2026,1月,13,周二,14:55:13,F616A325,SIMBR0175,SIMR0175,SIMU0194:User 194,GRANTED
2026,1月,13,周二,14:55:13,D324F0AC,SIMBR0272,SIMR0272,SIMU0108:User 108,GRANTED
2026,1月,13,周二,14:55:13,5E9892AA,SIMBR0252,SIMR0252,SIMU0293:User 293,GRANTED
2026,1月,13,周二,14:55:13,CCACC23C,SIMBR0238,SIMR0238,SIMU0149:User 149,GRANTED
2026,1月,13,周二,14:55:13,84F825EE,SIMBR0185,SIMR0185,SIMU0150:User 150,GRANTED
2026,1月,13,周二,14:55:13,2D060B76,SIMBR0380,SIMR0380,SIMU0162:User 162,GRANTED
2026,1月,13,周二,14:55:13,1E4AD759,SIMBR0223,SIMR0223,SIMU0029:User 29,GRANTED
2026,1月,13,周二,14:55:13,9615FFCC,SIMBR0142,SIMR0142,SIMU0010:User 10,GRANTED
2026,1月,13,周二,14:55:13,CA296753,SIMBR0334,SIMR0334,SIMU0055:User 55,GRANTED
2026,1月,13,周二,14:55:13,78D4B102,SIMBR0388,SIMR0388,SIMU0283:User 283,GRANTED
2026,1月,13,周二,14:55:13,A74F536B,SIMBR0127,SIMR0127,SIMU0097:User 97,GRANTED
2026,1月,13,周二,14:55:13,C46D887F,SIMBR0066,SIMR0066,SIMU0254:User 254,GRANTED
2026,1月,13,周二,14:55:13,4B59E256,SIMBR0126,SIMR0126,SIMU0182:User 182,GRANTED
2026,1月,13,周二,14:55:13,BA6DDD0B,SIMBR0320,SIMR0320,SIMU0146:User 146,GRANTED
2026,1月,13,周二,14:55:13,C50459DB,SIMBR0214,SIMR0214,SIMU0262:User 262,GRANTED
2026,1月,13,周二,14:55:13,D832D5F3,SIMBR0336,SIMR0336,SIMU0261:User 261,GRANTED
2026,1月,13,周二,14:55:13,3B7FFD92,SIMBR0049,SIMR0049,SIMU0256:User 256,GRANTED
2026,1月,13,周二,14:55:13,2056B86F,SIMBR0334,SIMR0334,SIMU0067:User 67,GRANTED
2026,1月,13,周二,14:55:13,DA33A96E,SIMBR0243,SIMR0243,SIMU0190:User 190,GRANTED
2026,1月,13,周二,14:55:13,030D82CF,SIMBR0165,SIMR0165,SIMU0207:User 207,GRANTED
2026,1月,13,周二,14:55:13,BA6DDD0B,SIMBR0375,SIMR0375,SIMU0146:User 146,GRANTED
2026,1月,13,周二,14:55:13,C04BAEE8,SIMBR0166,SIMR0166,SIMU0129:User 129,GRANTED
2026,1月,13,周二,14:55:13,FD75651D,SIMBR0179,SIMR0179,SIMU0238:User 238,GRANTED
2026,1月,13,周二,14:55:13,2056B86F,SIMBR0084,SIMR0084,SIMU0067:User 67,GRANTED
2026,1月,13,周二,14:55:13,CA782D54,SIMBR0338,SIMR0338,SIMU0219:User 219,GRANTED
2026,1月,13,周二,14:55:13,6FFD7F45,SIMBR0366,SIMR0366,SIMU0198:User 198,GRANTED
2026,1月,13,周二,14:55:13,7D277C80,SIMBR0085,SIMR0085,SIMU0212:User 212,GRANTED
2026,1月,13,周二,14:55:13,A4F77AE3,SIMBR0351,SIMR0351,SIMU0031:User 31,GRANTED
2026,1月,13,周二,14:55:13,273F3B3E,SIMBR0144,SIMR0144,SIMU0224:User 224,GRANTED
2026,1月,13,周二,14:55:13,7D277C80,SIMBR0103,SIMR0103,SIMU0212:User 212,GRANTED
2026,1月,13,周二,14:55:13,66FC8294,SIMBR0068,SIMR0068,SIMU0180:User 180,GRANTED
2026,1月,13,周二,14:55:13,56C4C8CF,SIMBR0241,SIMR0241,SIMU0077:User 77,GRANTED
2026,1月,13,周二,14:55:13,2C249415,SIMBR0312,SIMR0312,SIMU0276:User 276,GRANTED
2026,1月,13,周二,14:55:13,C46D887F,SIMBR0207,SIMR0207,SIMU0254:User 254,GRANTED
2026,1月,13,周二,14:55:13,1CA3AA4C,SIMBR0391,SIMR0391,SIMU0014:User 14,GRANTED
2026,1月,13,周二,14:55:13,A74F536B,SIMBR0080,SIMR0080,SIMU0097:User 97,GRANTED
2026,1月,13,周二,14:55:13,B6F02DDB,SIMBR0294,SIMR0294,SIMU0156:User 156,GRANTED
2026,1月,13,周二,14:55:13,A0043AC2,SIMBR0123,SIMR0123,SIMU0040:User 40,GRANTED
2026,1月,13,周二,14:55:13,C5A57784,SIMBR0360,SIMR0360,SIMU0072:User 72,GRANTED
2026,1月,13,周二,14:55:13,1E74F408,SIMBR0256,SIMR0256,SIMU0171:User 171,GRANTED
2026,1月,13,周二,14:55:13,1E4AD759,SIMBR0032,SIMR0032,SIMU0029:User 29,GRANTED
2026,1月,13,周二,14:55:13,CA782D54,SIMBR0387,SIMR0387,SIMU0219:User 219,GRANTED
2026,1月,13,周二,14:55:13,35C69784,SIMBR0328,SIMR0328,SIMU0168:User 168,GRANTED
2026,1月,13,周二,14:55:13,C1CE8342,SIMBR0250,SIMR0250,SIMU0018:User 18,GRANTED
2026,1月,13,周二,14:55:13,A74F536B,SIMBR0383,SIMR0383,SIMU0097:User 97,GRANTED
2026,1月,13,周二,14:55:13,D324F0AC,SIMBR0111,SIMR0111,SIMU0108:User 108,GRANTED
2026,1月,13,周二,14:55:13,0DE450B1,BR018,RES011,SIMU0016:User 16,DENIED
2026,1月,13,周二,14:55:13,37E9D9C0,SIMBR0380,SIMR0380,SIMU0034:User 34,GRANTED
2026,1月,13,周二,14:55:13,FEB7592C,SIMBR0150,SIMR0150,SIMU0059:User 59,GRANTED
2026,1月,13,周二,14:55:13,546575AC,SIMBR0108,SIMR0108,SIMU0140:User 140,GRANTED
2026,1月,13,周二,14:55:13,C57735BB,SIMBR0354,SIMR0354,SIMU0242:User 242,GRANTED
2026,1月,13,周二,14:55:13,13F09473,SIMBR0145,SIMR0145,SIMU0279:User 279,GRANTED
2026,1月,13,周二,14:55:13,D832D5F3,SIMBR0129,SIMR0129,SIMU0261:User 261,GRANTED
2026,1月,13,周二,14:55:13,3B9B3EAE,SIMBR0027,SIMR0027,SIMU0144:User 144,GRANTED
2026,1月,13,周二,14:55:13,B9D6BC00,SIMBR0174,SIMR0174,SIMU0107:User 107,GRANTED
2026,1月,13,周二,14:55:13,A4F77AE3,SIMBR0336,SIMR0336,SIMU0031:User 31,GRANTED
2026,1月,13,周二,14:55:13,3EA1EF87,SIMBR0317,SIMR0317,SIMU0229:User 229,GRANTED
2026,1月,13,周二,14:55:13,0540806D,SIMBR0347,SIMR0347,SIMU0265:User 265,GRANTED
2026,1月,13,周二,14:55:13,1CA3AA4C,SIMBR0041,SIMR0041,SIMU0014:User 14,GRANTED
2026,1月,13,周二,14:55:13,D78DDFDE,SIMBR0163,SIMR0163,SIMU0252:User 252,GRANTED
2026,1月,13,周二,14:55:13,13990099,SIMBR0195,SIMR0195,SIMU0008:User 8,GRANTED
2026,1月,13,周二,14:55:13,C04BAEE8,SIMBR0066,SIMR0066,SIMU0129:User 129,GRANTED
2026,1月,13,周二,14:55:13,D2C7D462,SIMBR0253,SIMR0253,SIMU0061:User 61,GRANTED
2026,1月,13,周二,14:55:13,C57735BB,SIMBR0210,SIMR0210,SIMU0242:User 242,GRANTED
2026,1月,13,周二,14:55:13,1DE07196,SIMBR0207,SIMR0207,SIMU0274:User 274,GRANTED
2026,1月,13,周二,14:55:13,6213A883,SIMBR0306,SIMR0306,SIMU0249:User 249,GRANTED
2026,1月,13,周二,14:55:13,FD75651D,BR012,RES005,SIMU0238:User 238,DENIED
2026,1月,13,周二,14:55:13,6213A883,BR009,RES025,SIMU0249:User 249,DENIED
2026,1月,13,周二,14:55:13,D0871CF1,SIMBR0195,SIMR0195,SIMU0007:User 7,GRANTED
2026,1月,13,周二,14:55:13,11BD165A,SIMBR0221,SIMR0221,SIMU0154:User 154,GRANTED
2026,1月,13,周二,14:55:13,D2C7D462,SIMBR0256,SIMR0256,SIMU0061:User 61,GRANTED
2026,1月,13,周二,14:55:13,27BDB972,SIMBR0392,SIMR0392,SIMU0244:User 244,GRANTED
2026,1月,13,周二,14:55:13,FC9C0D71,SIMBR0145,SIMR0145,SIMU0093:User 93,GRANTED
2026,1月,13,周二,14:55:13,518BCEDD,SIMBR0295,SIMR0295,SIMU0011:User 11,GRANTED
2026,1月,13,周二,14:55:14,C5A57784,SIMBR0251,SIMR0251,SIMU0072:User 72,GRANTED
2026,1月,13,周二,14:55:14,1792E539,SIMBR0078,SIMR0078,SIMU0292:User 292,GRANTED
2026,1月,13,周二,14:55:14,1EBD89C8,SIMBR0332,SIMR0332,SIMU0123:User 123,GRANTED
2026,1月,13,周二,14:55:14,37E9D9C0,BR014,RES007,SIMU0034:User 34,DENIED
2026,1月,13,周二,14:55:14,7B092D88,SIMBR0128,SIMR0128,SIMU0236:User 236,GRANTED
2026,1月,13,周二,14:55:14,6A6279C3,SIMBR0030,SIMR0030,SIMU0178:User 178,GRANTED
2026,1月,13,周二,14:55:14,8B29C7CC,BR001,RES020,SIMU0175:User 175,DENIED
2026,1月,13,周二,14:55:14,6E7782F8,SIMBR0015,SIMR0015,INT001:Zhao Liu,DENIED
2026,1月,13,周二,14:55:14,C0993563,SIMBR0020,SIMR0020,SIMU0209:User 209,GRANTED
2026,1月,13,周二,14:55:14,A2589816,SIMBR0269,SIMR0269,SIMU0082:User 82,GRANTED
2026,1月,13,周二,14:55:14,33F39C8F,BR014,RES007,SIMU0205:User 205,DENIED
2026,1月,13,周二,14:55:14,78D4B102,SIMBR0076,SIMR0076,SIMU0283:User 283,GRANTED
2026,1月,13,周二,14:55:14,2289A51E,SIMBR0293,SIMR0293,SIMU0273:User 273,GRANTED
2026,1月,13,周二,14:55:14,983FD996,SIMBR0369,SIMR0369,SIMU0225:User 225,GRANTED
2026,1月,13,周二,14:55:14,1A3D1ED6,SIMBR0022,SIMR0022,SIMU0231:User 231,GRANTED
2026,1月,13,周二,14:55:14,AA3155BB,SIMBR0154,SIMR0154,SIMU0050:User 50,GRANTED
2026,1月,13,周二,14:55:14,95777979,SIMBR0391,SIMR0391,SIMU0051:User 51,GRANTED
2026,1月,13,周二,14:55:14,394DF2A8,SIMBR0138,SIMR0138,SIMU0111:User 111,GRANTED
2026,1月,13,周二,14:55:14,57DBFC15,SIMBR0350,SIMR0350,SIMU0290:User 290,GRANTED
2026,1月,13,周二,14:55:14,6C174D63,SIMBR0186,SIMR0186,SIMU0116:User 116,GRANTED
2026,1月,13,周二,14:55:14,3DC555DE,SIMBR0387,SIMR0387,SIMU0300:User 300,GRANTED
2026,1月,13,周二,14:55:14,3B9B3EAE,SIMBR0379,SIMR0379,SIMU0144:User 144,GRANTED
2026,1月,13,周二,14:55:14,FBFF5A63,SIMBR0045,SIMR0045,SIMU0184:User 184,GRANTED
2026,1月,13,周二,14:55:14,0540806D,SIMBR0263,SIMR0263,SIMU0265:User 265,GRANTED
2026,1月,13,周二,14:55:14,B13BB6C7,SIMBR0097,SIMR0097,SIMU0167:User 167,GRANTED
2026,1月,13,周二,14:55:14,BA821DBA,BR002,RES021,SIMU0148:User 148,DENIED
2026,1月,13,周二,14:55:14,E6DCC382,BR018,RES011,SIMU0158:User 158,DENIED
2026,1月,13,周二,14:55:14,6FFD7F45,SIMBR0162,SIMR0162,SIMU0198:User 198,GRANTED
2026,1月,13,周二,14:55:14,CEC0E003,SIMBR0214,SIMR0214,SIMU0009:User 9,GRANTED
2026,1月,13,周二,14:55:14,2056B86F,SIMBR0134,SIMR0134,SIMU0067:User 67,GRANTED
2026,1月,13,周二,14:55:14,C6E3BF57,SIMBR0326,SIMR0326,SIMU0297:User 297,GRANTED
2026,1月,13,周二,14:55:14,E2506042,SIMBR0130,SIMR0130,SIMU0101:User 101,GRANTED
2026,1月,13,周二,14:55:14,0DE450B1,SIMBR0104,SIMR0104,SIMU0016:User 16,GRANTED
2026,1月,13,周二,14:55:14,8884A944,SIMBR0265,SIMR0265,SIMU0295:User 295,GRANTED
2026,1月,13,周二,14:55:14,F8F80D07,SIMBR0364,SIMR0364,SIMU0253:User 253,GRANTED
2026,1月,13,周二,14:55:14,31C1AEEF,SIMBR0225,SIMR0225,SIMU0039:User 39,GRANTED
2026,1月,13,周二,14:55:14,01FC696F,SIMBR0282,SIMR0282,SIMU0068:User 68,GRANTED
2026,1月,13,周二,14:55:14,4AF57AEF,SIMBR0035,SIMR0035,SIMU0193:User 193,GRANTED
2026,1月,13,周二,14:55:14,35C69784,SIMBR0067,SIMR0067,SIMU0168:User 168,GRANTED
2026,1月,13,周二,14:55:14,6213A883,SIMBR0283,SIMR0283,SIMU0249:User 249,GRANTED
2026,1月,13,周二,14:55:14,701D5B3A,SIMBR0125,SIMR0125,SIMU0211:User 211,GRANTED
2026,1月,13,周二,14:55:14,3B9B3EAE,SIMBR0044,SIMR0044,SIMU0144:User 144,GRANTED
2026,1月,13,周二,14:55:14,C2EDBC0C,SIMBR0188,SIMR0188,SIMU0226:User 226,GRANTED
2026,1月,13,周二,14:55:14,FB68A282,SIMBR0335,SIMR0335,SIMU0183:User 183,GRANTED
2026,1月,13,周二,14:55:14,66FC8294,SIMBR0338,SIMR0338,SIMU0180:User 180,GRANTED
2026,1月,13,周二,14:55:14,53A1B264,SIMBR0039,SIMR0039,SIMU0017:User 17,GRANTED
2026,1月,13,周二,14:55:14,5334DCE6,SIMBR0224,SIMR0224,SIMU0179:User 179,GRANTED
2026,1月,13,周二,14:55:14,C5A57784,SIMBR0026,SIMR0026,SIMU0072:User 72,GRANTED
2026,1月,13,周二,14:55:14,84F825EE,SIMBR0039,SIMR0039,SIMU0150:User 150,GRANTED
2026,1月,13,周二,14:55:14,3DDB17B7,BR019,RES012,SIMU0044:User 44,DENIED
2026,1月,13,周二,14:55:14,13990099,SIMBR0292,SIMR0292,SIMU0008:User 8,GRANTED
2026,1月,13,周二,14:55:14,A53931BD,SIMBR0059,SIMR0059,SIMU0058:User 58,GRANTED
2026,1月,13,周二,14:55:14,FBBEF95C,SIMBR0097,SIMR0097,SIMU0025:User 25,GRANTED
2026,1月,13,周二,14:55:14,C57735BB,SIMBR0223,SIMR0223,SIMU0242:User 242,GRANTED
2026,1月,13,周二,14:55:14,DF7754DF,SIMBR0283,SIMR0283,SIMU0019:User 19,GRANTED
2026,1月,13,周二,14:55:14,4B59E256,SIMBR0006,SIMR0006,SIMU0182:User 182,GRANTED
2026,1月,13,周二,14:55:14,628D5BBC,SIMBR0221,SIMR0221,SIMU0041:User 41,GRANTED
2026,1月,13,周二,14:55:14,359F9D02,SIMBR0316,SIMR0316,SIMU0087:User 87,GRANTED
2026,1月,13,周二,14:55:14,8EA215FF,SIMBR0166,SIMR0166,SIMU0201:User 201,GRANTED
2026,1月,13,周二,14:55:14,546575AC,SIMBR0095,SIMR0095,SIMU0140:User 140,GRANTED
2026,1月,13,周二,14:55:14,273D28BF,BR003,RES022,SIMU0057:User 57,DENIED
2026,1月,13,周二,14:55:14,CD0D9101,SIMBR0084,SIMR0084,SIMU0135:User 135,GRANTED
2026,1月,13,周二,14:55:14,C3943F18,SIMBR0002,SIMR0002,SIMU0113:User 113,GRANTED
2026,1月,13,周二,14:55:14,5334DCE6,SIMBR0378,SIMR0378,SIMU0179:User 179,GRANTED
2026,1月,13,周二,14:55:14,8BC6335E,SIMBR0116,SIMR0116,SIMU0204:User 204,GRANTED
2026,1月,13,周二,14:55:14,54C5EDBD,SIMBR0229,SIMR0229,SIMU0145:User 145,GRANTED
2026,1月,13,周二,14:55:14,D3E409F0,SIMBR0184,SIMR0184,SIMU0012:User 12,GRANTED
2026,1月,13,周二,14:55:14,546575AC,SIMBR0014,SIMR0014,SIMU0140:User 140,GRANTED
2026,1月,13,周二,14:55:14,45BE30A8,SIMBR0078,SIMR0078,8d1a5202-9052-4f93-bf5a-4deffdf65fd3:a q,GRANTED
2026,1月,13,周二,14:55:14,F3B58DFF,SIMBR0266,SIMR0266,SIMU0076:User 76,GRANTED
2026,1月,13,周二,14:55:14,2EEB40A9,SIMBR0316,SIMR0316,SIMU0260:User 260,GRANTED
2026,1月,13,周二,14:55:14,3A52D444,SIMBR0115,SIMR0115,SIMU0166:User 166,GRANTED
2026,1月,13,周二,14:55:14,7B092D88,SIMBR0092,SIMR0092,SIMU0236:User 236,GRANTED
2026,1月,13,周二,14:55:14,C44E5E52,SIMBR0081,SIMR0081,SIMU0002:User 2,GRANTED
2026,1月,13,周二,14:55:14,CB1ACCC7,SIMBR0154,SIMR0154,SIMU0110:User 110,GRANTED
2026,1月,13,周二,14:55:14,7B092D88,SIMBR0240,SIMR0240,SIMU0236:User 236,GRANTED
2026,1月,13,周二,14:55:14,B6F02DDB,BR007,RES024,SIMU0156:User 156,DENIED
2026,1月,13,周二,14:55:14,C584F9D3,SIMBR0221,SIMR0221,EMP001:Zhang San,DENIED
2026,1月,13,周二,14:55:14,CA782D54,BR014,RES007,SIMU0219:User 219,DENIED
2026,1月,13,周二,14:55:14,C73CE928,SIMBR0348,SIMR0348,SIMU0281:User 281,GRANTED
2026,1月,13,周二,14:55:14,FE83648E,SIMBR0197,SIMR0197,SIMU0142:User 142,GRANTED
2026,1月,13,周二,14:55:14,1792E539,SIMBR0126,SIMR0126,SIMU0292:User 292,GRANTED
2026,1月,13,周二,14:55:14,EFC60F14,SIMBR0144,SIMR0144,SIMU0286:User 286,GRANTED
2026,1月,13,周二,14:55:14,D504C218,SIMBR0164,SIMR0164,SIMU0060:User 60,GRANTED
2026,1月,13,周二,14:55:14,18788AAF,SIMBR0244,SIMR0244,SIMU0298:User 298,GRANTED
2026,1月,13,周二,14:55:14,CBD2A48A,SIMBR0179,SIMR0179,SIMU0021:User 21,GRANTED
2026,1月,13,周二,14:55:14,F6E7D08A,SIMBR0310,SIMR0310,SIMU0001:User 1,GRANTED
2026,1月,13,周二,14:55:14,3B9B3EAE,SIMBR0274,SIMR0274,SIMU0144:User 144,GRANTED
2026,1月,13,周二,14:55:14,95379CDB,SIMBR0011,SIMR0011,f46ee39b-ac9d-4193-a478-f8cfc35cec07:gagaga a,GRANTED
2026,1月,13,周二,14:55:14,15AB7C7D,SIMBR0059,SIMR0059,SIMU0096:User 96,GRANTED
2026,1月,13,周二,14:55:14,7CE9CF19,SIMBR0191,SIMR0191,SIMU0020:User 20,GRANTED
2026,1月,13,周二,14:55:14,85471FCB,SIMBR0297,SIMR0297,SIMU0054:User 54,GRANTED
2026,1月,13,周二,14:55:14,4758C16D,SIMBR0292,SIMR0292,SIMU0147:User 147,GRANTED
2026,1月,13,周二,14:55:14,FEB7592C,SIMBR0340,SIMR0340,SIMU0059:User 59,GRANTED
2026,1月,13,周二,14:55:14,1E4AD759,SIMBR0087,SIMR0087,SIMU0029:User 29,GRANTED
2026,1月,13,周二,14:55:14,C73CE928,SIMBR0394,SIMR0394,SIMU0281:User 281,GRANTED
2026,1月,13,周二,14:55:14,31C1AEEF,SIMBR0367,SIMR0367,SIMU0039:User 39,GRANTED
2026,1月,13,周二,14:55:14,31C1AEEF,SIMBR0321,SIMR0321,SIMU0039:User 39,GRANTED
2026,1月,13,周二,14:55:14,2C249415,SIMBR0277,SIMR0277,SIMU0276:User 276,GRANTED
2026,1月,13,周二,14:55:14,41981850,SIMBR0182,SIMR0182,SIMU0263:User 263,GRANTED
2026,1月,13,周二,14:55:14,905C3DCB,SIMBR0061,SIMR0061,SIMU0070:User 70,GRANTED
2026,1月,13,周二,14:55:14,C31E01F0,SIMBR0367,SIMR0367,SIMU0192:User 192,GRANTED
2026,1月,13,周二,14:55:14,E6D64EED,SIMBR0250,SIMR0250,SIMU0105:User 105,GRANTED
2026,1月,13,周二,14:55:14,1EBD89C8,SIMBR0180,SIMR0180,SIMU0123:User 123,GRANTED
2026,1月,13,周二,14:55:14,CA15B29F,SIMBR0332,SIMR0332,SIMU0206:User 206,GRANTED
2026,1月,13,周二,14:55:14,7B092D88,SIMBR0288,SIMR0288,SIMU0236:User 236,GRANTED
2026,1月,13,周二,14:55:14,D87DCC23,SIMBR0149,SIMR0149,SIMU0006:User 6,GRANTED
2026,1月,13,周二,14:55:14,3EA1EF87,SIMBR0363,SIMR0363,SIMU0229:User 229,GRANTED
2026,1月,13,周二,14:55:14,2EEB40A9,SIMBR0102,SIMR0102,SIMU0260:User 260,GRANTED
2026,1月,13,周二,14:55:14,6A6279C3,SIMBR0030,SIMR0030,SIMU0178:User 178,GRANTED
2026,1月,13,周二,14:55:14,66FC8294,SIMBR0072,SIMR0072,SIMU0180:User 180,GRANTED
2026,1月,13,周二,14:55:14,D49E4724,SIMBR0294,SIMR0294,SIMU0278:User 278,GRANTED
2026,1月,13,周二,14:55:14,0641BA46,SIMBR0101,SIMR0101,SIMU0085:User 85,GRANTED
2026,1月,13,周二,14:55:14,068AFAB6,SIMBR0158,SIMR0158,SIMU0115:User 115,GRANTED
2026,1月,13,周二,14:55:14,C584F9D3,SIMBR0092,SIMR0092,EMP001:Zhang San,DENIED
2026,1月,13,周二,14:55:14,7C28253F,SIMBR0034,SIMR0034,SIMU0027:User 27,GRANTED
2026,1月,13,周二,14:55:14,46895123,SIMBR0345,SIMR0345,SIMU0132:User 132,GRANTED
2026,1月,13,周二,14:55:14,0641BA46,SIMBR0220,SIMR0220,SIMU0085:User 85,GRANTED
2026,1月,13,周二,14:55:14,C46D887F,SIMBR0335,SIMR0335,SIMU0254:User 254,GRANTED
2026,1月,13,周二,14:55:14,FE83648E,SIMBR0161,SIMR0161,SIMU0142:User 142,GRANTED
2026,1月,13,周二,14:55:14,16ED8B1D,SIMBR0317,SIMR0317,SIMU0073:User 73,GRANTED
2026,1月,13,周二,14:55:14,B0DFB305,SIMBR0376,SIMR0376,SIMU0151:User 151,GRANTED
2026,1月,13,周二,14:55:14,C0993563,SIMBR0270,SIMR0270,SIMU0209:User 209,GRANTED
2026,1月,13,周二,14:55:14,C2EDBC0C,SIMBR0165,SIMR0165,SIMU0226:User 226,GRANTED
2026,1月,13,周二,14:55:14,0641BA46,SIMBR0274,SIMR0274,SIMU0085:User 85,GRANTED
2026,1月,13,周二,14:55:14,C584F9D3,SIMBR0080,SIMR0080,EMP001:Zhang San,DENIED
2026,1月,13,周二,14:55:14,DA3D486F,SIMBR0250,SIMR0250,SIMU0028:User 28,GRANTED
2026,1月,13,周二,14:55:14,A74F536B,SIMBR0197,SIMR0197,SIMU0097:User 97,GRANTED
2026,1月,13,周二,14:55:14,C73CE928,SIMBR0222,SIMR0222,SIMU0281:User 281,GRANTED
2026,1月,13,周二,14:55:14,47A80030,BR023,RES016,SIMU0234:User 234,DENIED
2026,1月,13,周二,14:55:14,33F39C8F,SIMBR0245,SIMR0245,SIMU0205:User 205,GRANTED
2026,1月,13,周二,14:55:14,0FB515EE,BR011,RES026,SIMU0033:User 33,DENIED
2026,1月,13,周二,14:55:14,1EE4C053,SIMBR0197,SIMR0197,SIMU0026:User 26,GRANTED
2026,1月,13,周二,14:55:14,853BC8DF,SIMBR0131,SIMR0131,SIMU0092:User 92,GRANTED
2026,1月,13,周二,14:55:14,24DE0286,SIMBR0145,SIMR0145,SIMU0221:User 221,GRANTED
2026,1月,13,周二,14:55:14,0DE450B1,BR002,RES021,SIMU0016:User 16,DENIED
2026,1月,13,周二,14:55:14,DA3D486F,SIMBR0096,SIMR0096,SIMU0028:User 28,GRANTED
2026,1月,13,周二,14:55:14,21A13EE6,SIMBR0356,SIMR0356,SIMU0133:User 133,GRANTED
2026,1月,13,周二,14:55:14,85471FCB,SIMBR0093,SIMR0093,SIMU0054:User 54,GRANTED
2026,1月,13,周二,14:55:14,6714B510,SIMBR0183,SIMR0183,SIMU0160:User 160,GRANTED
2026,1月,13,周二,14:55:14,C718E607,SIMBR0083,SIMR0083,SIMU0089:User 89,GRANTED
2026,1月,13,周二,14:55:14,48744B29,SIMBR0101,SIMR0101,SIMU0035:User 35,GRANTED
2026,1月,13,周二,14:55:14,F0ADE55C,SIMBR0128,SIMR0128,SIMU0237:User 237,GRANTED
2026,1月,13,周二,14:55:14,4B59E256,SIMBR0299,SIMR0299,SIMU0182:User 182,GRANTED
2026,1月,13,周二,14:55:14,B9D6BC00,SIMBR0204,SIMR0204,SIMU0107:User 107,GRANTED
2026,1月,13,周二,14:55:14,F0ADE55C,SIMBR0307,SIMR0307,SIMU0237:User 237,GRANTED
2026,1月,13,周二,14:55:14,A4F77AE3,SIMBR0035,SIMR0035,SIMU0031:User 31,GRANTED
2026,1月,13,周二,14:55:14,D87DCC23,SIMBR0287,SIMR0287,SIMU0006:User 6,GRANTED
2026,1月,13,周二,14:55:14,78D74DDD,SIMBR0123,SIMR0123,VIS001:Qian Qi,DENIED
2026,1月,13,周二,14:55:14,15AB7C7D,SIMBR0074,SIMR0074,SIMU0096:User 96,GRANTED
2026,1月,13,周二,14:55:14,8E0C2F27,SIMBR0304,SIMR0304,SIMU0126:User 126,GRANTED
2026,1月,13,周二,14:55:14,35C69784,SIMBR0062,SIMR0062,SIMU0168:User 168,GRANTED
2026,1月,13,周二,14:55:14,CB0F203D,BR011,RES026,SIMU0124:User 124,DENIED
2026,1月,13,周二,14:55:14,6CEC1FDF,BR023,RES016,SIMU0230:User 230,DENIED
2026,1月,13,周二,14:55:14,6BDE4067,SIMBR0276,SIMR0276,SIMU0114:User 114,GRANTED
2026,1月,13,周二,14:55:14,2EEB40A9,SIMBR0352,SIMR0352,SIMU0260:User 260,GRANTED
2026,1月,13,周二,14:55:14,5AC1CCB2,SIMBR0183,SIMR0183,SIMU0264:User 264,GRANTED
2026,1月,13,周二,14:55:14,F90964BF,SIMBR0192,SIMR0192,SIMU0091:User 91,GRANTED
2026,1月,13,周二,14:55:14,7D277C80,SIMBR0384,SIMR0384,SIMU0212:User 212,GRANTED
2026,1月,13,周二,14:55:14,24546BD0,SIMBR0176,SIMR0176,SIMU0251:User 251,GRANTED
2026,1月,13,周二,14:55:14,BA821DBA,SIMBR0075,SIMR0075,SIMU0148:User 148,GRANTED
2026,1月,13,周二,14:55:14,57DBFC15,SIMBR0049,SIMR0049,SIMU0290:User 290,GRANTED
2026,1月,13,周二,14:55:14,9FA88CE9,SIMBR0260,SIMR0260,SIMU0049:User 49,GRANTED
2026,1月,13,周二,14:55:14,C04BAEE8,SIMBR0096,SIMR0096,SIMU0129:User 129,GRANTED
2026,1月,13,周二,14:55:14,983FD996,SIMBR0341,SIMR0341,SIMU0225:User 225,GRANTED
2026,1月,13,周二,14:55:14,FE83648E,SIMBR0086,SIMR0086,SIMU0142:User 142,GRANTED
2026,1月,13,周二,14:55:14,0EE439B9,SIMBR0117,SIMR0117,SIMU0004:User 4,GRANTED
2026,1月,13,周二,14:55:14,3B7FFD92,SIMBR0160,SIMR0160,SIMU0256:User 256,GRANTED
2026,1月,13,周二,14:55:14,701D5B3A,SIMBR0125,SIMR0125,SIMU0211:User 211,GRANTED
2026,1月,13,周二,14:55:14,CA782D54,SIMBR0096,SIMR0096,SIMU0219:User 219,GRANTED
2026,1月,13,周二,14:55:14,359F9D02,SIMBR0237,SIMR0237,SIMU0087:User 87,GRANTED
2026,1月,13,周二,14:55:14,50B332C8,SIMBR0297,SIMR0297,SIMU0122:User 122,GRANTED
2026,1月,13,周二,14:55:14,518BCEDD,SIMBR0292,SIMR0292,SIMU0011:User 11,GRANTED
2026,1月,13,周二,14:55:14,8B9117BE,BR014,RES007,SIMU0165:User 165,DENIED
2026,1月,13,周二,14:55:14,91E5E6B0,SIMBR0206,SIMR0206,SIMU0079:User 79,GRANTED
2026,1月,13,周二,14:55:14,CA782D54,SIMBR0036,SIMR0036,SIMU0219:User 219,GRANTED
2026,1月,13,周二,14:55:14,E6D64EED,SIMBR0212,SIMR0212,SIMU0105:User 105,GRANTED
2026,1月,13,周二,14:55:14,18788AAF,SIMBR0281,SIMR0281,SIMU0298:User 298,GRANTED
2026,1月,13,周二,14:55:14,97A9597E,SIMBR0270,SIMR0270,SIMU0030:User 30,GRANTED
2026,1月,13,周二,14:55:14,0FB515EE,SIMBR0333,SIMR0333,SIMU0033:User 33,GRANTED
2026,1月,13,周二,14:55:14,0EA23D3A,SIMBR0384,SIMR0384,SIMU0062:User 62,GRANTED
2026,1月,13,周二,14:55:14,CA782D54,BR017,RES010,SIMU0219:User 219,DENIED
2026,1月,13,周二,14:55:14,068AFAB6,SIMBR0227,SIMR0227,SIMU0115:User 115,GRANTED
2026,1月,13,周二,14:55:14,D49E4724,SIMBR0328,SIMR0328,SIMU0278:User 278,GRANTED
2026,1月,13,周二,14:55:14,16ED8B1D,SIMBR0144,SIMR0144,SIMU0073:User 73,GRANTED
2026,1月,13,周二,14:55:14,628D5BBC,SIMBR0319,SIMR0319,SIMU0041:User 41,GRANTED
2026,1月,13,周二,14:55:14,546575AC,SIMBR0280,SIMR0280,SIMU0140:User 140,GRANTED
2026,1月,13,周二,14:55:14,0A675EEC,SIMBR0068,SIMR0068,SIMU0138:User 138,GRANTED
2026,1月,13,周二,14:55:14,A9E67E95,SIMBR0173,SIMR0173,SIMU0243:User 243,GRANTED
2026,1月,13,周二,14:55:14,C6E3BF57,SIMBR0159,SIMR0159,SIMU0297:User 297,GRANTED
2026,1月,13,周二,14:55:14,75D7C714,SIMBR0102,SIMR0102,SIMU0005:User 5,GRANTED
2026,1月,13,周二,14:55:14,A53931BD,BR017,RES010,SIMU0058:User 58,DENIED
2026,1月,13,周二,14:55:14,354118DA,SIMBR0284,SIMR0284,SIMU0052:User 52,GRANTED
2026,1月,13,周二,14:55:14,7C3923AE,SIMBR0190,SIMR0190,SIMU0210:User 210,GRANTED
2026,1月,13,周二,14:55:14,53A1B264,SIMBR0257,SIMR0257,SIMU0017:User 17,GRANTED
2026,1月,13,周二,14:55:14,41981850,SIMBR0382,SIMR0382,SIMU0263:User 263,GRANTED
2026,1月,13,周二,14:55:14,D832D5F3,BR019,RES012,SIMU0261:User 261,DENIED
2026,1月,13,周二,14:55:14,45B37997,SIMBR0371,SIMR0371,SIMU0163:User 163,GRANTED
2026,1月,13,周二,14:55:14,01513E26,SIMBR0034,SIMR0034,SIMU0181:User 181,GRANTED
2026,1月,13,周二,14:55:14,85471FCB,SIMBR0135,SIMR0135,SIMU0054:User 54,GRANTED
2026,1月,13,周二,14:55:15,C50459DB,SIMBR0094,SIMR0094,SIMU0262:User 262,GRANTED
2026,1月,13,周二,14:55:15,BA1008EF,SIMBR0271,SIMR0271,SIMU0083:User 83,GRANTED
2026,1月,13,周二,14:55:15,CA15B29F,SIMBR0211,SIMR0211,SIMU0206:User 206,GRANTED
2026,1月,13,周二,14:55:15,CB1ACCC7,SIMBR0046,SIMR0046,SIMU0110:User 110,GRANTED
2026,1月,13,周二,14:55:15,1EE4C053,SIMBR0311,SIMR0311,SIMU0026:User 26,GRANTED
2026,1月,13,周二,14:55:15,41981850,SIMBR0298,SIMR0298,SIMU0263:User 263,GRANTED
2026,1月,13,周二,14:55:15,A4F77AE3,SIMBR0043,SIMR0043,SIMU0031:User 31,GRANTED
2026,1月,13,周二,14:55:15,1E74F408,SIMBR0100,SIMR0100,SIMU0171:User 171,GRANTED
2026,1月,13,周二,14:55:15,8884A944,SIMBR0098,SIMR0098,SIMU0295:User 295,GRANTED
2026,1月,13,周二,14:55:15,45BE30A8,SIMBR0138,SIMR0138,8d1a5202-9052-4f93-bf5a-4deffdf65fd3:a q,GRANTED
2026,1月,13,周二,14:55:15,13F09473,SIMBR0195,SIMR0195,SIMU0279:User 279,GRANTED
2026,1月,13,周二,14:55:15,0EE439B9,SIMBR0185,SIMR0185,SIMU0004:User 4,GRANTED
2026,1月,13,周二,14:55:15,C50459DB,SIMBR0144,SIMR0144,SIMU0262:User 262,GRANTED
2026,1月,13,周二,14:55:15,1E74F408,SIMBR0088,SIMR0088,SIMU0171:User 171,GRANTED
2026,1月,13,周二,14:55:15,FBFF5A63,SIMBR0373,SIMR0373,SIMU0184:User 184,GRANTED
2026,1月,13,周二,14:55:15,66FC8294,SIMBR0155,SIMR0155,SIMU0180:User 180,GRANTED
2026,1月,13,周二,14:55:15,B0B2BCE6,SIMBR0383,SIMR0383,SIMU0208:User 208,GRANTED
2026,1月,13,周二,14:55:15,C44E5E52,SIMBR0209,SIMR0209,SIMU0002:User 2,GRANTED
2026,1月,13,周二,14:55:15,9D3B8CFC,SIMBR0341,SIMR0341,SIMU0095:User 95,GRANTED
2026,1月,13,周二,14:55:15,D0871CF1,BR016,RES009,SIMU0007:User 7,DENIED
2026,1月,13,周二,14:55:15,CB2FA116,SIMBR0049,SIMR0049,SIMU0172:User 172,GRANTED
2026,1月,13,周二,14:55:15,C5A57784,SIMBR0132,SIMR0132,SIMU0072:User 72,GRANTED
2026,1月,13,周二,14:55:15,A2589816,SIMBR0090,SIMR0090,SIMU0082:User 82,GRANTED
2026,1月,13,周二,14:55:15,41981850,SIMBR0357,SIMR0357,SIMU0263:User 263,GRANTED
2026,1月,13,周二,14:55:15,1E4AD759,BR008,RES003,SIMU0029:User 29,DENIED
2026,1月,13,周二,14:55:15,C0993563,SIMBR0302,SIMR0302,SIMU0209:User 209,GRANTED
2026,1月,13,周二,14:55:15,87F48A64,SIMBR0033,SIMR0033,SIMU0143:User 143,GRANTED
2026,1月,13,周二,14:55:15,4FC5D562,SIMBR0184,SIMR0184,SIMU0275:User 275,GRANTED
2026,1月,13,周二,14:55:15,8CBA0F42,SIMBR0133,SIMR0133,SIMU0152:User 152,GRANTED
2026,1月,13,周二,14:55:15,628D5BBC,SIMBR0095,SIMR0095,SIMU0041:User 41,GRANTED
2026,1月,13,周二,14:55:15,0A675EEC,BR004,RES001,SIMU0138:User 138,DENIED
2026,1月,13,周二,14:55:15,7BEB2168,BR007,RES024,SIMU0282:User 282,DENIED
2026,1月,13,周二,14:55:15,C718E607,SIMBR0106,SIMR0106,SIMU0089:User 89,GRANTED
2026,1月,13,周二,14:55:15,701D5B3A,SIMBR0289,SIMR0289,SIMU0211:User 211,GRANTED
2026,1月,13,周二,14:55:15,4B59E256,SIMBR0201,SIMR0201,SIMU0182:User 182,GRANTED
2026,1月,13,周二,14:55:15,C2F816DD,SIMBR0299,SIMR0299,SIMU0266:User 266,GRANTED
2026,1月,13,周二,14:55:15,354118DA,SIMBR0163,SIMR0163,SIMU0052:User 52,GRANTED
2026,1月,13,周二,14:55:15,8EA215FF,SIMBR0187,SIMR0187,SIMU0201:User 201,GRANTED
2026,1月,13,周二,14:55:15,DCB76AA3,SIMBR0271,SIMR0271,SIMU0228:User 228,GRANTED
2026,1月,13,周二,14:55:15,0EA23D3A,BR001,RES020,SIMU0062:User 62,DENIED
2026,1月,13,周二,14:55:15,14103484,SIMBR0263,SIMR0263,SIMU0074:User 74,GRANTED
2026,1月,13,周二,14:55:15,21A13EE6,SIMBR0056,SIMR0056,SIMU0133:User 133,GRANTED
2026,1月,13,周二,14:55:15,9615FFCC,SIMBR0040,SIMR0040,SIMU0010:User 10,GRANTED
2026,1月,13,周二,14:55:15,6C174D63,SIMBR0141,SIMR0141,SIMU0116:User 116,GRANTED
2026,1月,13,周二,14:55:15,97A9597E,SIMBR0183,SIMR0183,SIMU0030:User 30,GRANTED
2026,1月,13,周二,14:55:15,B6F02DDB,SIMBR0046,SIMR0046,SIMU0156:User 156,GRANTED
2026,1月,13,周二,14:55:15,181D33C7,SIMBR0245,SIMR0245,SIMU0227:User 227,GRANTED
2026,1月,13,周二,14:55:15,C50459DB,SIMBR0236,SIMR0236,SIMU0262:User 262,GRANTED
2026,1月,13,周二,14:55:15,4DFA0FE5,SIMBR0312,SIMR0312,SIMU0255:User 255,GRANTED
2026,1月,13,周二,14:55:15,A4F77AE3,SIMBR0242,SIMR0242,SIMU0031:User 31,GRANTED
2026,1月,13,周二,14:55:15,AB055C88,SIMBR0330,SIMR0330,SIMU0024:User 24,GRANTED
2026,1月,13,周二,14:55:15,358D24E5,SIMBR0052,SIMR0052,SIMU0130:User 130,GRANTED
2026,1月,13,周二,14:55:15,35C69784,SIMBR0117,SIMR0117,SIMU0168:User 168,GRANTED
2026,1月,13,周二,14:55:15,D0B8FC16,SIMBR0264,SIMR0264,SIMU0185:User 185,GRANTED
2026,1月,13,周二,14:55:15,2E121B44,SIMBR0051,SIMR0051,SIMU0258:User 258,GRANTED
2026,1月,13,周二,14:55:15,F0ADE55C,SIMBR0349,SIMR0349,SIMU0237:User 237,GRANTED
2026,1月,13,周二,14:55:15,CA15B29F,SIMBR0119,SIMR0119,SIMU0206:User 206,GRANTED
2026,1月,13,周二,14:55:15,D3E409F0,SIMBR0249,SIMR0249,SIMU0012:User 12,GRANTED
2026,1月,13,周二,14:55:15,21A13EE6,SIMBR0005,SIMR0005,SIMU0133:User 133,GRANTED
2026,1月,13,周二,14:55:15,5A758FE3,SIMBR0042,SIMR0042,SIMU0103:User 103,GRANTED
2026,1月,13,周二,14:55:15,31C1AEEF,SIMBR0359,SIMR0359,SIMU0039:User 39,GRANTED
2026,1月,13,周二,14:55:15,F3B58DFF,SIMBR0129,SIMR0129,SIMU0076:User 76,GRANTED
2026,1月,13,周二,14:55:15,7CA376A0,SIMBR0106,SIMR0106,SIMU0102:User 102,GRANTED
2026,1月,13,周二,14:55:15,628D5BBC,SIMBR0227,SIMR0227,SIMU0041:User 41,GRANTED
2026,1月,13,周二,14:55:15,B1990B96,SIMBR0052,SIMR0052,SIMU0106:User 106,GRANTED
2026,1月,13,周二,14:55:15,11BD165A,SIMBR0398,SIMR0398,SIMU0154:User 154,GRANTED
2026,1月,13,周二,14:55:15,56C4C8CF,SIMBR0144,SIMR0144,SIMU0077:User 77,GRANTED
2026,1月,13,周二,14:55:15,A53931BD,SIMBR0088,SIMR0088,SIMU0058:User 58,GRANTED
2026,1月,13,周二,14:55:15,290F7C52,SIMBR0336,SIMR0336,SIMU0216:User 216,GRANTED
2026,1月,13,周二,14:55:15,F832AB7A,SIMBR0299,SIMR0299,SIMU0139:User 139,GRANTED
2026,1月,13,周二,14:55:15,37E9D9C0,SIMBR0259,SIMR0259,SIMU0034:User 34,GRANTED
2026,1月,13,周二,14:55:15,4DFA0FE5,SIMBR0162,SIMR0162,SIMU0255:User 255,GRANTED
2026,1月,13,周二,14:55:15,BEBCE825,SIMBR0231,SIMR0231,SIMU0270:User 270,GRANTED
2026,1月,13,周二,14:55:15,BA6DDD0B,SIMBR0330,SIMR0330,SIMU0146:User 146,GRANTED
2026,1月,13,周二,14:55:15,69A8F764,SIMBR0013,SIMR0013,SIMU0240:User 240,GRANTED
2026,1月,13,周二,14:55:15,F853E5E9,SIMBR0228,SIMR0228,SIMU0119:User 119,GRANTED
2026,1月,13,周二,14:55:15,9615FFCC,SIMBR0017,SIMR0017,SIMU0010:User 10,GRANTED
2026,1月,13,周二,14:55:15,24DE0286,SIMBR0278,SIMR0278,SIMU0221:User 221,GRANTED
2026,1月,13,周二,14:55:15,3A52D444,SIMBR0054,SIMR0054,SIMU0166:User 166,GRANTED
2026,1月,13,周二,14:55:15,F0ADE55C,SIMBR0234,SIMR0234,SIMU0237:User 237,GRANTED
2026,1月,13,周二,14:55:15,1EBD89C8,SIMBR0330,SIMR0330,SIMU0123:User 123,GRANTED
2026,1月,13,周二,14:55:15,FC9C0D71,SIMBR0174,SIMR0174,SIMU0093:User 93,GRANTED
2026,1月,13,周二,14:55:15,C0993563,SIMBR0336,SIMR0336,SIMU0209:User 209,GRANTED
2026,1月,13,周二,14:55:15,9615FFCC,SIMBR0050,SIMR0050,SIMU0010:User 10,GRANTED
2026,1月,13,周二,14:55:15,18788AAF,SIMBR0095,SIMR0095,SIMU0298:User 298,GRANTED
2026,1月,13,周二,14:55:15,FBFF5A63,SIMBR0308,SIMR0308,SIMU0184:User 184,GRANTED
2026,1月,13,周二,14:55:15,9615FFCC,SIMBR0123,SIMR0123,SIMU0010:User 10,GRANTED
2026,1月,13,周二,14:55:15,489655D2,SIMBR0149,SIMR0149,CON001:Wang Wu,DENIED
2026,1月,13,周二,14:55:15,5A758FE3,SIMBR0298,SIMR0298,SIMU0103:User 103,GRANTED
2026,1月,13,周二,14:55:15,4D83FE2E,SIMBR0096,SIMR0096,SIMU0056:User 56,GRANTED
2026,1月,13,周二,14:55:15,181D33C7,SIMBR0086,SIMR0086,SIMU0227:User 227,GRANTED
2026,1月,13,周二,14:55:15,9A00F337,SIMBR0291,SIMR0291,SIMU0285:User 285,GRANTED
2026,1月,13,周二,14:55:15,068AFAB6,SIMBR0261,SIMR0261,SIMU0115:User 115,GRANTED
2026,1月,13,周二,14:55:15,D87DCC23,SIMBR0056,SIMR0056,SIMU0006:User 6,GRANTED
2026,1月,13,周二,14:55:15,6CEC1FDF,SIMBR0041,SIMR0041,SIMU0230:User 230,GRANTED
2026,1月,13,周二,14:55:15,C57735BB,BR014,RES007,SIMU0242:User 242,DENIED
2026,1月,13,周二,14:55:15,2E121B44,SIMBR0078,SIMR0078,SIMU0258:User 258,GRANTED
2026,1月,13,周二,14:55:15,78D74DDD,SIMBR0070,SIMR0070,VIS001:Qian Qi,DENIED
2026,1月,13,周二,14:55:15,1B14F9BC,SIMBR0038,SIMR0038,SIMU0065:User 65,GRANTED
2026,1月,13,周二,14:55:15,57DBFC15,SIMBR0084,SIMR0084,SIMU0290:User 290,GRANTED
2026,1月,13,周二,14:55:15,A53931BD,SIMBR0296,SIMR0296,SIMU0058:User 58,GRANTED
2026,1月,13,周二,14:55:15,40BD64A5,SIMBR0133,SIMR0133,SIMU0245:User 245,GRANTED
2026,1月,13,周二,14:55:15,D1BB07EE,SIMBR0122,SIMR0122,SIMU0287:User 287,GRANTED
2026,1月,13,周二,14:55:15,518BCEDD,SIMBR0174,SIMR0174,SIMU0011:User 11,GRANTED
2026,1月,13,周二,14:55:15,354118DA,SIMBR0328,SIMR0328,SIMU0052:User 52,GRANTED
2026,1月,13,周二,14:55:15,D0871CF1,SIMBR0088,SIMR0088,SIMU0007:User 7,GRANTED
2026,1月,13,周二,14:55:15,F853E5E9,SIMBR0367,SIMR0367,SIMU0119:User 119,GRANTED
2026,1月,13,周二,14:55:15,7B092D88,SIMBR0024,SIMR0024,SIMU0236:User 236,GRANTED
2026,1月,13,周二,14:55:15,40BD64A5,SIMBR0252,SIMR0252,SIMU0245:User 245,GRANTED
2026,1月,13,周二,14:55:15,D6BC3463,SIMBR0181,SIMR0181,SIMU0037:User 37,GRANTED
2026,1月,13,周二,14:55:15,030D82CF,SIMBR0283,SIMR0283,SIMU0207:User 207,GRANTED
2026,1月,13,周二,14:55:15,853BC8DF,SIMBR0188,SIMR0188,SIMU0092:User 92,GRANTED
2026,1月,13,周二,14:55:15,EFC60F14,SIMBR0190,SIMR0190,SIMU0286:User 286,GRANTED
2026,1月,13,周二,14:55:15,1CA3AA4C,SIMBR0188,SIMR0188,SIMU0014:User 14,GRANTED
2026,1月,13,周二,14:55:15,050D9DEF,SIMBR0065,SIMR0065,SIMU0128:User 128,GRANTED
2026,1月,13,周二,14:55:15,7C28253F,SIMBR0396,SIMR0396,SIMU0027:User 27,GRANTED
2026,1月,13,周二,14:55:15,3CC4126C,SIMBR0039,SIMR0039,SIMU0099:User 99,GRANTED
2026,1月,13,周二,14:55:15,C6E3BF57,SIMBR0353,SIMR0353,SIMU0297:User 297,GRANTED
2026,1月,13,周二,14:55:15,56619802,SIMBR0392,SIMR0392,SIMU0202:User 202,GRANTED
2026,1月,13,周二,14:55:15,905C3DCB,BR020,RES013,SIMU0070:User 70,DENIED
2026,1月,13,周二,14:55:15,13F09473,SIMBR0364,SIMR0364,SIMU0279:User 279,GRANTED
2026,1月,13,周二,14:55:15,A5A16F78,SIMBR0167,SIMR0167,SIMU0294:User 294,GRANTED
2026,1月,13,周二,14:55:15,BEBCE825,BR006,RES002,SIMU0270:User 270,DENIED
2026,1月,13,周二,14:55:15,8BF81A2A,SIMBR0356,SIMR0356,SIMU0233:User 233,GRANTED
2026,1月,13,周二,14:55:15,1A88116F,SIMBR0235,SIMR0235,SIMU0063:User 63,GRANTED
2026,1月,13,周二,14:55:15,8E0C2F27,SIMBR0269,SIMR0269,SIMU0126:User 126,GRANTED
2026,1月,13,周二,14:55:15,54722E38,SIMBR0259,SIMR0259,SIMU0222:User 222,GRANTED
2026,1月,13,周二,14:55:15,24DE0286,SIMBR0228,SIMR0228,SIMU0221:User 221,GRANTED
2026,1月,13,周二,14:55:15,0EE439B9,SIMBR0260,SIMR0260,SIMU0004:User 4,GRANTED
2026,1月,13,周二,14:55:15,78D4B102,SIMBR0006,SIMR0006,SIMU0283:User 283,GRANTED
2026,1月,13,周二,14:55:15,8BF81A2A,SIMBR0160,SIMR0160,SIMU0233:User 233,GRANTED
2026,1月,13,周二,14:55:15,78D74DDD,SIMBR0104,SIMR0104,VIS001:Qian Qi,DENIED
2026,1月,13,周二,14:55:15,1B14F9BC,SIMBR0020,SIMR0020,SIMU0065:User 65,GRANTED
2026,1月,13,周二,14:55:15,E55AD432,SIMBR0303,SIMR0303,SIMU0134:User 134,GRANTED
2026,1月,13,周二,14:55:15,489655D2,SIMBR0354,SIMR0354,CON001:Wang Wu,DENIED
2026,1月,13,周二,14:55:15,7BEB2168,SIMBR0385,SIMR0385,SIMU0282:User 282,GRANTED
2026,1月,13,周二,14:55:15,2056B86F,SIMBR0347,SIMR0347,SIMU0067:User 67,GRANTED
2026,1月,13,周二,14:55:15,E8751622,SIMBR0266,SIMR0266,SIMU0161:User 161,GRANTED
2026,1月,13,周二,14:55:15,E2506042,SIMBR0140,SIMR0140,SIMU0101:User 101,GRANTED
2026,1月,13,周二,14:55:15,D324F0AC,BR024,RES017,SIMU0108:User 108,DENIED
2026,1月,13,周二,14:55:15,01513E26,SIMBR0276,SIMR0276,SIMU0181:User 181,GRANTED
2026,1月,13,周二,14:55:15,CBD2A48A,SIMBR0375,SIMR0375,SIMU0021:User 21,GRANTED
2026,1月,13,周二,14:55:15,CCACC23C,SIMBR0091,SIMR0091,SIMU0149:User 149,GRANTED
2026,1月,13,周二,14:55:15,1EBD89C8,SIMBR0168,SIMR0168,SIMU0123:User 123,GRANTED
2026,1月,13,周二,14:55:15,7BEB2168,SIMBR0254,SIMR0254,SIMU0282:User 282,GRANTED
2026,1月,13,周二,14:55:15,8BF81A2A,SIMBR0354,SIMR0354,SIMU0233:User 233,GRANTED
2026,1月,13,周二,14:55:15,D1BB07EE,SIMBR0039,SIMR0039,SIMU0287:User 287,GRANTED
2026,1月,13,周二,14:55:15,DA3D486F,SIMBR0088,SIMR0088,SIMU0028:User 28,GRANTED
2026,1月,13,周二,14:55:15,273F3B3E,BR023,RES016,SIMU0224:User 224,DENIED
2026,1月,13,周二,14:55:15,3B9B3EAE,SIMBR0294,SIMR0294,SIMU0144:User 144,GRANTED
2026,1月,13,周二,14:55:15,FC05A793,SIMBR0131,SIMR0131,SIMU0071:User 71,GRANTED
2026,1月,13,周二,14:55:15,B77EBDC0,SIMBR0083,SIMR0083,SIMU0203:User 203,GRANTED
2026,1月,13,周二,14:55:15,E0F41E54,SIMBR0240,SIMR0240,SIMU0176:User 176,GRANTED
2026,1月,13,周二,14:55:15,4758C16D,SIMBR0277,SIMR0277,SIMU0147:User 147,GRANTED
2026,1月,13,周二,14:55:15,3DDB17B7,SIMBR0063,SIMR0063,SIMU0044:User 44,GRANTED
2026,1月,13,周二,14:55:15,0A675EEC,SIMBR0009,SIMR0009,SIMU0138:User 138,GRANTED
2026,1月,13,周二,14:55:15,853BC8DF,SIMBR0362,SIMR0362,SIMU0092:User 92,GRANTED
2026,1月,13,周二,14:55:15,3A395E30,SIMBR0113,SIMR0113,SIMU0280:User 280,GRANTED
2026,1月,13,周二,14:55:15,94264C0C,SIMBR0354,SIMR0354,SIMU0118:User 118,GRANTED
2026,1月,13,周二,14:55:15,F9B71846,SIMBR0126,SIMR0126,SIMU0196:User 196,GRANTED
2026,1月,13,周二,14:55:15,29200997,SIMBR0179,SIMR0179,SIMU0186:User 186,GRANTED
2026,1月,13,周二,14:55:15,602AF119,SIMBR0171,SIMR0171,SIMU0223:User 223,GRANTED
2026,1月,13,周二,14:55:15,273F3B3E,BR009,RES025,SIMU0224:User 224,DENIED
2026,1月,13,周二,14:55:15,181D33C7,SIMBR0136,SIMR0136,SIMU0227:User 227,GRANTED
2026,1月,13,周二,14:55:15,31C1AEEF,SIMBR0399,SIMR0399,SIMU0039:User 39,GRANTED
2026,1月,13,周二,14:55:15,1EE4C053,SIMBR0061,SIMR0061,SIMU0026:User 26,GRANTED
2026,1月,13,周二,14:55:15,C0F19B1C,SIMBR0319,SIMR0319,SIMU0155:User 155,GRANTED
2026,1月,13,周二,14:55:15,DCB76AA3,SIMBR0212,SIMR0212,SIMU0228:User 228,GRANTED
2026,1月,13,周二,14:55:15,D78DDFDE,SIMBR0211,SIMR0211,SIMU0252:User 252,GRANTED
2026,1月,13,周二,14:55:15,D2C7D462,SIMBR0137,SIMR0137,SIMU0061:User 61,GRANTED
2026,1月,13,周二,14:55:15,F1D4B1B6,SIMBR0211,SIMR0211,SIMU0247:User 247,GRANTED
2026,1月,13,周二,14:55:15,5C4195BE,SIMBR0242,SIMR0242,SIMU0288:User 288,GRANTED
2026,1月,13,周二,14:55:15,0EE439B9,SIMBR0378,SIMR0378,SIMU0004:User 4,GRANTED
2026,1月,13,周二,14:55:15,BA0243B9,SIMBR0295,SIMR0295,PM001:Sun Ba,DENIED
2026,1月,13,周二,14:55:15,1EE4C053,SIMBR0244,SIMR0244,SIMU0026:User 26,GRANTED
2026,1月,13,周二,14:55:15,9A00F337,SIMBR0094,SIMR0094,SIMU0285:User 285,GRANTED
2026,1月,13,周二,14:55:15,BA821DBA,SIMBR0150,SIMR0150,SIMU0148:User 148,GRANTED
2026,1月,13,周二,14:55:15,E393950E,SIMBR0234,SIMR0234,SIMU0195:User 195,GRANTED
2026,1月,13,周二,14:55:15,72A4E470,SIMBR0080,SIMR0080,SIMU0268:User 268,GRANTED
2026,1月,13,周二,14:55:15,F1D4B1B6,SIMBR0282,SIMR0282,SIMU0247:User 247,GRANTED
2026,1月,13,周二,14:55:15,DA3D486F,SIMBR0119,SIMR0119,SIMU0028:User 28,GRANTED
2026,1月,13,周二,14:55:15,C31E01F0,SIMBR0308,SIMR0308,SIMU0192:User 192,GRANTED
2026,1月,13,周二,14:55:15,F853E5E9,SIMBR0169,SIMR0169,SIMU0119:User 119,GRANTED
2026,1月,13,周二,14:55:15,47A80030,SIMBR0108,SIMR0108,SIMU0234:User 234,GRANTED
2026,1月,13,周二,14:55:15,91E5E6B0,SIMBR0143,SIMR0143,SIMU0079:User 79,GRANTED
2026,1月,13,周二,14:55:15,D49E4724,SIMBR0392,SIMR0392,SIMU0278:User 278,GRANTED
2026,1月,13,周二,14:55:15,20D788EC,SIMBR0047,SIMR0047,SIMU0271:User 271,GRANTED
2026,1月,13,周二,14:55:15,EF6713BA,SIMBR0254,SIMR0254,SIMU0153:User 153,GRANTED
2026,1月,13,周二,14:55:15,CB1ACCC7,SIMBR0359,SIMR0359,SIMU0110:User 110,GRANTED
2026,1月,13,周二,14:55:15,A5DEC594,SIMBR0034,SIMR0034,SIMU0084:User 84,GRANTED
2026,1月,13,周二,14:55:15,36330273,SIMBR0273,SIMR0273,SIMU0291:User 291,GRANTED
2026,1月,13,周二,14:55:15,C584F9D3,SIMBR0370,SIMR0370,EMP001:Zhang San,DENIED
2026,1月,13,周二,14:55:15,73913F8C,SIMBR0286,SIMR0286,SIMU0188:User 188,GRANTED
2026,1月,13,周二,14:55:15,57DBFC15,SIMBR0232,SIMR0232,SIMU0290:User 290,GRANTED
2026,1月,13,周二,14:55:15,95777979,SIMBR0098,SIMR0098,SIMU0051:User 51,GRANTED
2026,1月,13,周二,14:55:15,57DBFC15,SIMBR0019,SIMR0019,SIMU0290:User 290,GRANTED
2026,1月,13,周二,14:55:15,0A675EEC,SIMBR0205,SIMR0205,SIMU0138:User 138,GRANTED
2026,1月,13,周二,14:55:15,A5DEC594,SIMBR0262,SIMR0262,SIMU0084:User 84,GRANTED
2026,1月,13,周二,14:55:15,3CC4126C,SIMBR0255,SIMR0255,SIMU0099:User 99,GRANTED
2026,1月,13,周二,14:55:15,D324F0AC,SIMBR0342,SIMR0342,SIMU0108:User 108,GRANTED
2026,1月,13,周二,14:55:16,47A80030,SIMBR0145,SIMR0145,SIMU0234:User 234,GRANTED
2026,1月,13,周二,14:55:16,8BC6335E,SIMBR0101,SIMR0101,SIMU0204:User 204,GRANTED
2026,1月,13,周二,14:55:16,489655D2,SIMBR0253,SIMR0253,CON001:Wang Wu,DENIED
2026,1月,13,周二,14:55:16,4AF57AEF,SIMBR0214,SIMR0214,SIMU0193:User 193,GRANTED
2026,1月,13,周二,14:55:16,FC05A793,SIMBR0305,SIMR0305,SIMU0071:User 71,GRANTED
2026,1月,13,周二,14:55:16,B6F02DDB,SIMBR0204,SIMR0204,SIMU0156:User 156,GRANTED
2026,1月,13,周二,14:55:16,FB68A282,SIMBR0187,SIMR0187,SIMU0183:User 183,GRANTED
2026,1月,13,周二,14:55:16,905C3DCB,SIMBR0047,SIMR0047,SIMU0070:User 70,GRANTED
2026,1月,13,周二,14:55:16,C31E01F0,SIMBR0275,SIMR0275,SIMU0192:User 192,GRANTED
2026,1月,13,周二,14:55:16,FEF21F79,SIMBR0152,SIMR0152,SIMU0159:User 159,GRANTED
2026,1月,13,周二,14:55:16,1A88116F,SIMBR0313,SIMR0313,SIMU0063:User 63,GRANTED
2026,1月,13,周二,14:55:16,97A9597E,SIMBR0258,SIMR0258,SIMU0030:User 30,GRANTED
2026,1月,13,周二,14:55:16,CA296753,SIMBR0185,SIMR0185,SIMU0055:User 55,GRANTED
2026,1月,13,周二,14:55:16,81F12C1B,SIMBR0387,SIMR0387,SIMU0200:User 200,GRANTED
2026,1月,13,周二,14:55:16,24DE0286,SIMBR0090,SIMR0090,SIMU0221:User 221,GRANTED
2026,1月,13,周二,14:55:16,50B332C8,SIMBR0136,SIMR0136,SIMU0122:User 122,GRANTED
2026,1月,13,周二,14:55:16,C0F19B1C,SIMBR0206,SIMR0206,SIMU0155:User 155,GRANTED
2026,1月,13,周二,14:55:16,1A88116F,SIMBR0262,SIMR0262,SIMU0063:User 63,GRANTED
2026,1月,13,周二,14:55:16,20917633,SIMBR0201,SIMR0201,SIMU0296:User 296,GRANTED
2026,1月,13,周二,14:55:16,DF7754DF,SIMBR0316,SIMR0316,SIMU0019:User 19,GRANTED
2026,1月,13,周二,14:55:16,4AF57AEF,SIMBR0117,SIMR0117,SIMU0193:User 193,GRANTED
2026,1月,13,周二,14:55:16,50B332C8,SIMBR0344,SIMR0344,SIMU0122:User 122,GRANTED
2026,1月,13,周二,14:55:16,D832D5F3,SIMBR0048,SIMR0048,SIMU0261:User 261,GRANTED
2026,1月,13,周二,14:55:16,1B14F9BC,SIMBR0251,SIMR0251,SIMU0065:User 65,GRANTED
2026,1月,13,周二,14:55:16,47C3A99F,SIMBR0347,SIMR0347,SIMU0136:User 136,GRANTED
2026,1月,13,周二,14:55:16,AE2F46DE,SIMBR0010,SIMR0010,SIMU0232:User 232,GRANTED
2026,1月,13,周二,14:55:16,15D30411,SIMBR0248,SIMR0248,SIMU0289:User 289,GRANTED
2026,1月,13,周二,14:55:16,F616A325,SIMBR0051,SIMR0051,SIMU0194:User 194,GRANTED
2026,1月,13,周二,14:55:16,273D28BF,SIMBR0052,SIMR0052,SIMU0057:User 57,GRANTED
2026,1月,13,周二,14:55:16,489655D2,SIMBR0117,SIMR0117,CON001:Wang Wu,DENIED
2026,1月,13,周二,14:55:16,FB68A282,SIMBR0168,SIMR0168,SIMU0183:User 183,GRANTED
2026,1月,13,周二,14:55:16,7C3923AE,SIMBR0242,SIMR0242,SIMU0210:User 210,GRANTED
2026,1月,13,周二,14:55:16,7BEB2168,SIMBR0357,SIMR0357,SIMU0282:User 282,GRANTED
2026,1月,13,周二,14:55:16,0DE450B1,SIMBR0328,SIMR0328,SIMU0016:User 16,GRANTED
2026,1月,13,周二,14:55:16,5FF2F656,SIMBR0095,SIMR0095,SIMU0120:User 120,GRANTED
2026,1月,13,周二,14:55:16,40BD64A5,SIMBR0377,SIMR0377,SIMU0245:User 245,GRANTED
2026,1月,13,周二,14:55:16,F832AB7A,SIMBR0061,SIMR0061,SIMU0139:User 139,GRANTED
2026,1月,13,周二,14:55:16,94264C0C,SIMBR0136,SIMR0136,SIMU0118:User 118,GRANTED
2026,1月,13,周二,14:55:16,CD0D9101,SIMBR0272,SIMR0272,SIMU0135:User 135,GRANTED
2026,1月,13,周二,14:55:16,6714B510,SIMBR0133,SIMR0133,SIMU0160:User 160,GRANTED
2026,1月,13,周二,14:55:16,7C28253F,SIMBR0063,SIMR0063,SIMU0027:User 27,GRANTED
2026,1月,13,周二,14:55:16,CB2FA116,BR001,RES020,SIMU0172:User 172,DENIED
2026,1月,13,周二,14:55:16,8B9117BE,SIMBR0385,SIMR0385,SIMU0165:User 165,GRANTED
2026,1月,13,周二,14:55:16,2D060B76,SIMBR0316,SIMR0316,SIMU0162:User 162,GRANTED
2026,1月,13,周二,14:55:16,21A13EE6,SIMBR0249,SIMR0249,SIMU0133:User 133,GRANTED
2026,1月,13,周二,14:55:16,9FA88CE9,SIMBR0003,SIMR0003,SIMU0049:User 49,GRANTED
2026,1月,13,周二,14:55:16,4758C16D,SIMBR0335,SIMR0335,SIMU0147:User 147,GRANTED
2026,1月,13,周二,14:55:16,CB0F203D,SIMBR0063,SIMR0063,SIMU0124:User 124,GRANTED
2026,1月,13,周二,14:55:16,8BC6335E,SIMBR0077,SIMR0077,SIMU0204:User 204,GRANTED
2026,1月,13,周二,14:55:16,D3E409F0,SIMBR0096,SIMR0096,SIMU0012:User 12,GRANTED
2026,1月,13,周二,14:55:16,54C5EDBD,SIMBR0120,SIMR0120,SIMU0145:User 145,GRANTED
2026,1月,13,周二,14:55:16,DA3D486F,SIMBR0031,SIMR0031,SIMU0028:User 28,GRANTED
2026,1月,13,周二,14:55:16,DB66EC85,SIMBR0390,SIMR0390,SIMU0100:User 100,GRANTED
2026,1月,13,周二,14:55:16,78D4B102,SIMBR0272,SIMR0272,SIMU0283:User 283,GRANTED
2026,1月,13,周二,14:55:16,394DF2A8,SIMBR0195,SIMR0195,SIMU0111:User 111,GRANTED
2026,1月,13,周二,14:55:16,1B14F9BC,SIMBR0194,SIMR0194,SIMU0065:User 65,GRANTED
2026,1月,13,周二,14:55:16,8B29C7CC,SIMBR0290,SIMR0290,SIMU0175:User 175,GRANTED
2026,1月,13,周二,14:55:16,49B45DCD,SIMBR0261,SIMR0261,SIMU0272:User 272,GRANTED
2026,1月,13,周二,14:55:16,D1BB07EE,SIMBR0182,SIMR0182,SIMU0287:User 287,GRANTED
2026,1月,13,周二,14:55:16,D1BB07EE,SIMBR0198,SIMR0198,SIMU0287:User 287,GRANTED
2026,1月,13,周二,14:55:16,5C4195BE,SIMBR0359,SIMR0359,SIMU0288:User 288,GRANTED
2026,1月,13,周二,14:55:16,C50459DB,SIMBR0020,SIMR0020,SIMU0262:User 262,GRANTED
2026,1月,13,周二,14:55:16,2E121B44,SIMBR0014,SIMR0014,SIMU0258:User 258,GRANTED
2026,1月,13,周二,14:55:16,01513E26,SIMBR0197,SIMR0197,SIMU0181:User 181,GRANTED
2026,1月,13,周二,14:55:16,C0993563,SIMBR0100,SIMR0100,SIMU0209:User 209,GRANTED
2026,1月,13,周二,14:55:16,DCB76AA3,SIMBR0119,SIMR0119,SIMU0228:User 228,GRANTED
2026,1月,13,周二,14:55:16,1812D558,SIMBR0134,SIMR0134,SIMU0214:User 214,GRANTED
2026,1月,13,周二,14:55:16,FB68A282,SIMBR0114,SIMR0114,SIMU0183:User 183,GRANTED
2026,1月,13,周二,14:55:16,3A395E30,SIMBR0271,SIMR0271,SIMU0280:User 280,GRANTED
2026,1月,13,周二,14:55:16,FC9C0D71,SIMBR0154,SIMR0154,SIMU0093:User 93,GRANTED
2026,1月,13,周二,14:55:16,69A8F764,SIMBR0290,SIMR0290,SIMU0240:User 240,GRANTED
2026,1月,13,周二,14:55:16,050D9DEF,SIMBR0379,SIMR0379,SIMU0128:User 128,GRANTED
2026,1月,13,周二,14:55:16,BA893511,SIMBR0012,SIMR0012,SIMU0269:User 269,GRANTED
2026,1月,13,周二,14:55:16,66FC8294,SIMBR0384,SIMR0384,SIMU0180:User 180,GRANTED
2026,1月,13,周二,14:55:16,518BCEDD,SIMBR0150,SIMR0150,SIMU0011:User 11,GRANTED
2026,1月,13,周二,14:55:16,050D9DEF,SIMBR0072,SIMR0072,SIMU0128:User 128,GRANTED
2026,1月,13,周二,14:55:16,2289A51E,SIMBR0163,SIMR0163,SIMU0273:User 273,GRANTED
2026,1月,13,周二,14:55:16,44B3ADEE,SIMBR0322,SIMR0322,SIMU0157:User 157,GRANTED
2026,1月,13,周二,14:55:16,BA821DBA,BR010,RES004,SIMU0148:User 148,DENIED
2026,1月,13,周二,14:55:16,5D5C3450,SIMBR0305,SIMR0305,SIMU0131:User 131,GRANTED
2026,1月,13,周二,14:55:16,8C19D42A,SIMBR0304,SIMR0304,SIMU0284:User 284,GRANTED
2026,1月,13,周二,14:55:16,F9B71846,SIMBR0097,SIMR0097,SIMU0196:User 196,GRANTED
2026,1月,13,周二,14:55:16,273D28BF,SIMBR0399,SIMR0399,SIMU0057:User 57,GRANTED
2026,1月,13,周二,14:55:16,C1CE8342,SIMBR0232,SIMR0232,SIMU0018:User 18,GRANTED
2026,1月,13,周二,14:55:16,3B9B3EAE,SIMBR0112,SIMR0112,SIMU0144:User 144,GRANTED
2026,1月,13,周二,14:55:16,B095C629,SIMBR0047,SIMR0047,SIMU0257:User 257,GRANTED
2026,1月,13,周二,14:55:16,DB66EC85,SIMBR0028,SIMR0028,SIMU0100:User 100,GRANTED
2026,1月,13,周二,14:55:16,C31E01F0,SIMBR0065,SIMR0065,SIMU0192:User 192,GRANTED
2026,1月,13,周二,14:55:16,B33C40D7,SIMBR0275,SIMR0275,SIMU0015:User 15,GRANTED
2026,1月,13,周二,14:55:16,F0ADE55C,SIMBR0318,SIMR0318,SIMU0237:User 237,GRANTED
2026,1月,13,周二,14:55:16,8C19D42A,SIMBR0072,SIMR0072,SIMU0284:User 284,GRANTED
2026,1月,13,周二,14:55:16,1B14F9BC,BR013,RES006,SIMU0065:User 65,DENIED
2026,1月,13,周二,14:55:16,95777979,SIMBR0329,SIMR0329,SIMU0051:User 51,GRANTED
2026,1月,13,周二,14:55:16,F0ADE55C,SIMBR0322,SIMR0322,SIMU0237:User 237,GRANTED
2026,1月,13,周二,14:55:16,10321BC3,SIMBR0199,SIMR0199,SIMU0042:User 42,GRANTED
2026,1月,13,周二,14:55:16,5560EC7D,SIMBR0077,SIMR0077,SIMU0109:User 109,GRANTED
2026,1月,13,周二,14:55:16,FB68A282,SIMBR0261,SIMR0261,SIMU0183:User 183,GRANTED
2026,1月,13,周二,14:55:16,4AF57AEF,SIMBR0349,SIMR0349,SIMU0193:User 193,GRANTED
2026,1月,13,周二,14:55:16,E2506042,SIMBR0173,SIMR0173,SIMU0101:User 101,GRANTED
2026,1月,13,周二,14:55:16,068AFAB6,SIMBR0098,SIMR0098,SIMU0115:User 115,GRANTED
2026,1月,13,周二,14:55:16,A2903A49,SIMBR0310,SIMR0310,SIMU0043:User 43,GRANTED
2026,1月,13,周二,14:55:16,2E121B44,SIMBR0071,SIMR0071,SIMU0258:User 258,GRANTED
2026,1月,13,周二,14:55:16,983FD996,SIMBR0158,SIMR0158,SIMU0225:User 225,GRANTED
2026,1月,13,周二,14:55:16,B0DFB305,SIMBR0341,SIMR0341,SIMU0151:User 151,GRANTED
2026,1月,13,周二,14:55:16,40A1D543,SIMBR0346,SIMR0346,SIMU0267:User 267,GRANTED
2026,1月,13,周二,14:55:16,69A8F764,SIMBR0276,SIMR0276,SIMU0240:User 240,GRANTED
2026,1月,13,周二,14:55:16,1E74F408,SIMBR0170,SIMR0170,SIMU0171:User 171,GRANTED
2026,1月,13,周二,14:55:16,DCB76AA3,SIMBR0343,SIMR0343,SIMU0228:User 228,GRANTED
2026,1月,13,周二,14:55:16,F04FDB11,SIMBR0129,SIMR0129,SIMU0125:User 125,GRANTED
2026,1月,13,周二,14:55:16,701D5B3A,SIMBR0075,SIMR0075,SIMU0211:User 211,GRANTED
2026,1月,13,周二,14:55:16,A51F7B4F,SIMBR0048,SIMR0048,SIMU0277:User 277,GRANTED
2026,1月,13,周二,14:55:16,A7A30652,SIMBR0052,SIMR0052,SIMU0094:User 94,GRANTED
2026,1月,13,周二,14:55:16,D78DDFDE,BR019,RES012,SIMU0252:User 252,DENIED
2026,1月,13,周二,14:55:16,8BC6335E,SIMBR0100,SIMR0100,SIMU0204:User 204,GRANTED
2026,1月,13,周二,14:55:16,181D33C7,SIMBR0110,SIMR0110,SIMU0227:User 227,GRANTED
2026,1月,13,周二,14:55:16,290F7C52,SIMBR0371,SIMR0371,SIMU0216:User 216,GRANTED
2026,1月,13,周二,14:55:16,20917633,SIMBR0245,SIMR0245,SIMU0296:User 296,GRANTED
2026,1月,13,周二,14:55:16,3CC4126C,SIMBR0341,SIMR0341,SIMU0099:User 99,GRANTED
2026,1月,13,周二,14:55:16,B9D6BC00,SIMBR0035,SIMR0035,SIMU0107:User 107,GRANTED
2026,1月,13,周二,14:55:16,FC05A793,SIMBR0102,SIMR0102,SIMU0071:User 71,GRANTED
2026,1月,13,周二,14:55:16,5C4195BE,SIMBR0002,SIMR0002,SIMU0288:User 288,GRANTED
2026,1月,13,周二,14:55:16,964B6B12,SIMBR0022,SIMR0022,SIMU0003:User 3,GRANTED
2026,1月,13,周二,14:55:16,AA3155BB,SIMBR0149,SIMR0149,SIMU0050:User 50,GRANTED
2026,1月,13,周二,14:55:16,4D83FE2E,SIMBR0360,SIMR0360,SIMU0056:User 56,GRANTED
2026,1月,13,周二,14:55:16,983FD996,SIMBR0156,SIMR0156,SIMU0225:User 225,GRANTED
2026,1月,13,周二,14:55:16,CBD2A48A,SIMBR0312,SIMR0312,SIMU0021:User 21,GRANTED
2026,1月,13,周二,14:55:16,A234EF8B,SIMBR0368,SIMR0368,SIMU0069:User 69,GRANTED
2026,1月,13,周二,14:55:16,87F48A64,SIMBR0105,SIMR0105,SIMU0143:User 143,GRANTED
2026,1月,13,周二,14:55:16,128D7B1F,BR026,RES019,SIMU0121:User 121,DENIED
2026,1月,13,周二,14:55:16,37E9D9C0,SIMBR0017,SIMR0017,SIMU0034:User 34,GRANTED
2026,1月,13,周二,14:55:16,C0993563,SIMBR0351,SIMR0351,SIMU0209:User 209,GRANTED
2026,1月,13,周二,14:55:16,35C69784,SIMBR0307,SIMR0307,SIMU0168:User 168,GRANTED
2026,1月,13,周二,14:55:16,F0ADE55C,SIMBR0185,SIMR0185,SIMU0237:User 237,GRANTED
2026,1月,13,周二,14:55:16,5AC1CCB2,SIMBR0194,SIMR0194,SIMU0264:User 264,GRANTED
2026,1月,13,周二,14:55:16,54722E38,SIMBR0318,SIMR0318,SIMU0222:User 222,GRANTED
2026,1月,13,周二,14:55:16,3CC4126C,SIMBR0337,SIMR0337,SIMU0099:User 99,GRANTED
2026,1月,13,周二,14:55:16,F853E5E9,BR004,RES001,SIMU0119:User 119,DENIED
2026,1月,13,周二,14:55:16,643D2F0C,SIMBR0318,SIMR0318,SIMU0048:User 48,GRANTED
2026,1月,13,周二,14:55:16,FD75651D,SIMBR0104,SIMR0104,SIMU0238:User 238,GRANTED
2026,1月,13,周二,14:55:16,8EA215FF,SIMBR0114,SIMR0114,SIMU0201:User 201,GRANTED
2026,1月,13,周二,14:55:16,FEF21F79,SIMBR0287,SIMR0287,SIMU0159:User 159,GRANTED
2026,1月,13,周二,14:55:16,4B59E256,SIMBR0125,SIMR0125,SIMU0182:User 182,GRANTED
2026,1月,13,周二,14:55:16,8BF81A2A,SIMBR0171,SIMR0171,SIMU0233:User 233,GRANTED
2026,1月,13,周二,14:55:16,B77EBDC0,SIMBR0175,SIMR0175,SIMU0203:User 203,GRANTED
2026,1月,13,周二,14:55:16,4D83FE2E,SIMBR0158,SIMR0158,SIMU0056:User 56,GRANTED
2026,1月,13,周二,14:55:16,11BD165A,SIMBR0178,SIMR0178,SIMU0154:User 154,GRANTED
2026,1月,13,周二,14:55:16,CB2FA116,SIMBR0177,SIMR0177,SIMU0172:User 172,GRANTED
2026,1月,13,周二,14:55:16,628D5BBC,SIMBR0300,SIMR0300,SIMU0041:User 41,GRANTED
2026,1月,13,周二,14:55:16,46895123,SIMBR0239,SIMR0239,SIMU0132:User 132,GRANTED
2026,1月,13,周二,14:55:16,582A6476,SIMBR0203,SIMR0203,SIMU0046:User 46,GRANTED
2026,1月,13,周二,14:55:16,4DFA0FE5,SIMBR0191,SIMR0191,SIMU0255:User 255,GRANTED
2026,1月,13,周二,14:55:16,6714B510,SIMBR0384,SIMR0384,SIMU0160:User 160,GRANTED
2026,1月,13,周二,14:55:16,45BE30A8,SIMBR0103,SIMR0103,8d1a5202-9052-4f93-bf5a-4deffdf65fd3:a q,GRANTED
2026,1月,13,周二,14:55:16,359F9D02,SIMBR0165,SIMR0165,SIMU0087:User 87,GRANTED
2026,1月,13,周二,14:55:16,F90964BF,SIMBR0322,SIMR0322,SIMU0091:User 91,GRANTED
2026,1月,13,周二,14:55:16,97A9597E,SIMBR0182,SIMR0182,SIMU0030:User 30,GRANTED
2026,1月,13,周二,14:55:16,1812D558,SIMBR0254,SIMR0254,SIMU0214:User 214,GRANTED
2026,1月,13,周二,14:55:16,D832D5F3,SIMBR0090,SIMR0090,SIMU0261:User 261,GRANTED
2026,1月,13,周二,14:55:16,95777979,SIMBR0225,SIMR0225,SIMU0051:User 51,GRANTED
2026,1月,13,周二,14:55:16,8D67E6D5,SIMBR0264,SIMR0264,SIMU0045:User 45,GRANTED
2026,1月,13,周二,14:55:16,BA841717,SIMBR0289,SIMR0289,SIMU0064:User 64,GRANTED
2026,1月,13,周二,14:55:16,80BC1A17,SIMBR0182,SIMR0182,SIMU0112:User 112,GRANTED
2026,1月,13,周二,14:55:16,D2C7D462,SIMBR0262,SIMR0262,SIMU0061:User 61,GRANTED
2026,1月,13,周二,14:55:16,FB68A282,SIMBR0364,SIMR0364,SIMU0183:User 183,GRANTED
2026,1月,13,周二,14:55:16,394DF2A8,SIMBR0155,SIMR0155,SIMU0111:User 111,GRANTED
2026,1月,13,周二,14:55:16,FC9C0D71,SIMBR0141,SIMR0141,SIMU0093:User 93,GRANTED
2026,1月,13,周二,14:55:16,5560EC7D,SIMBR0290,SIMR0290,SIMU0109:User 109,GRANTED
2026,1月,13,周二,14:55:16,D49E4724,SIMBR0185,SIMR0185,SIMU0278:User 278,GRANTED
2026,1月,13,周二,14:55:16,CBD2A48A,SIMBR0327,SIMR0327,SIMU0021:User 21,GRANTED
2026,1月,13,周二,14:55:16,290F7C52,SIMBR0026,SIMR0026,SIMU0216:User 216,GRANTED
2026,1月,13,周二,14:55:16,C718E607,SIMBR0265,SIMR0265,SIMU0089:User 89,GRANTED
2026,1月,13,周二,14:55:16,CEC0E003,SIMBR0027,SIMR0027,SIMU0009:User 9,GRANTED
2026,1月,13,周二,14:55:16,A53931BD,BR025,RES018,SIMU0058:User 58,DENIED
2026,1月,13,周二,14:55:16,495297EE,SIMBR0135,SIMR0135,SIMU0038:User 38,GRANTED
2026,1月,13,周二,14:55:16,4D83FE2E,BR026,RES019,SIMU0056:User 56,DENIED
2026,1月,13,周二,14:55:16,3B22F02A,SIMBR0224,SIMR0224,SIMU0299:User 299,GRANTED
2026,1月,13,周二,14:55:16,FD75651D,SIMBR0198,SIMR0198,SIMU0238:User 238,GRANTED
2026,1月,13,周二,14:55:16,C3943F18,SIMBR0140,SIMR0140,SIMU0113:User 113,GRANTED
2026,1月,13,周二,14:55:16,0A675EEC,SIMBR0364,SIMR0364,SIMU0138:User 138,GRANTED
2026,1月,13,周二,14:55:16,F04FDB11,SIMBR0155,SIMR0155,SIMU0125:User 125,GRANTED
2026,1月,13,周二,14:55:16,61095621,BR004,RES001,SIMU0137:User 137,DENIED
2026,1月,13,周二,14:55:16,5A758FE3,SIMBR0286,SIMR0286,SIMU0103:User 103,GRANTED
2026,1月,13,周二,14:55:16,C2EDBC0C,SIMBR0059,SIMR0059,SIMU0226:User 226,GRANTED
2026,1月,13,周二,14:55:16,A9E67E95,SIMBR0244,SIMR0244,SIMU0243:User 243,GRANTED
2026,1月,13,周二,14:55:16,27BDB972,SIMBR0252,SIMR0252,SIMU0244:User 244,GRANTED
2026,1月,13,周二,14:55:16,4D153C4A,SIMBR0187,SIMR0187,SIMU0104:User 104,GRANTED
2026,1月,13,周二,14:55:16,C1CE8342,SIMBR0362,SIMR0362,SIMU0018:User 18,GRANTED
2026,1月,13,周二,14:55:16,6E7782F8,SIMBR0069,SIMR0069,INT001:Zhao Liu,DENIED
2026,1月,13,周二,14:55:16,36330273,SIMBR0100,SIMR0100,SIMU0291:User 291,GRANTED
2026,1月,13,周二,14:55:16,18788AAF,SIMBR0094,SIMR0094,SIMU0298:User 298,GRANTED
2026,1月,13,周二,14:55:16,9A00F337,SIMBR0190,SIMR0190,SIMU0285:User 285,GRANTED
2026,1月,13,周二,14:55:16,44B3ADEE,SIMBR0133,SIMR0133,SIMU0157:User 157,GRANTED
2026,1月,13,周二,14:55:16,3B9B3EAE,SIMBR0194,SIMR0194,SIMU0144:User 144,GRANTED
2026,1月,13,周二,14:55:16,2D060B76,SIMBR0186,SIMR0186,SIMU0162:User 162,GRANTED
2026,1月,13,周二,14:55:16,0FB515EE,SIMBR0397,SIMR0397,SIMU0033:User 33,GRANTED
2026,1月,13,周二,14:55:16,7CA376A0,SIMBR0279,SIMR0279,SIMU0102:User 102,GRANTED
2026,1月,13,周二,14:55:16,E116EA41,SIMBR0236,SIMR0236,SIMU0127:User 127,GRANTED
2026,1月,13,周二,14:55:16,FE83648E,BR015,RES008,SIMU0142:User 142,DENIED
2026,1月,13,周二,14:55:16,9A00F337,SIMBR0338,SIMR0338,SIMU0285:User 285,GRANTED
2026,1月,13,周二,14:55:16,24A968FA,SIMBR0208,SIMR0208,SIMU0241:User 241,GRANTED
2026,1月,13,周二,14:55:17,F8F80D07,SIMBR0232,SIMR0232,SIMU0253:User 253,GRANTED
2026,1月,13,周二,14:55:17,1A88116F,SIMBR0121,SIMR0121,SIMU0063:User 63,GRANTED
2026,1月,13,周二,14:55:17,E0F41E54,SIMBR0168,SIMR0168,SIMU0176:User 176,GRANTED
2026,1月,13,周二,14:55:17,CB1ACCC7,SIMBR0337,SIMR0337,SIMU0110:User 110,GRANTED
2026,1月,13,周二,14:55:17,C0F19B1C,SIMBR0123,SIMR0123,SIMU0155:User 155,GRANTED
2026,1月,13,周二,14:55:17,290F7C52,SIMBR0145,SIMR0145,SIMU0216:User 216,GRANTED
2026,1月,13,周二,14:55:17,29200997,SIMBR0240,SIMR0240,SIMU0186:User 186,GRANTED
2026,1月,13,周二,14:55:17,E2506042,SIMBR0098,SIMR0098,SIMU0101:User 101,GRANTED
2026,1月,13,周二,14:55:17,F0ADE55C,SIMBR0123,SIMR0123,SIMU0237:User 237,GRANTED
2026,1月,13,周二,14:55:17,6CEC1FDF,SIMBR0328,SIMR0328,SIMU0230:User 230,GRANTED
2026,1月,13,周二,14:55:17,7D277C80,SIMBR0032,SIMR0032,SIMU0212:User 212,GRANTED
2026,1月,13,周二,14:55:17,41981850,BR003,RES022,SIMU0263:User 263,DENIED
2026,1月,13,周二,14:55:17,1A3D1ED6,SIMBR0281,SIMR0281,SIMU0231:User 231,GRANTED
2026,1月,13,周二,14:55:17,40A1D543,SIMBR0239,SIMR0239,SIMU0267:User 267,GRANTED
2026,1月,13,周二,14:55:17,A7A30652,SIMBR0305,SIMR0305,SIMU0094:User 94,GRANTED
2026,1月,13,周二,14:55:17,6213A883,SIMBR0214,SIMR0214,SIMU0249:User 249,GRANTED
2026,1月,13,周二,14:55:17,37E9D9C0,SIMBR0169,SIMR0169,SIMU0034:User 34,GRANTED
2026,1月,13,周二,14:55:17,6A6279C3,SIMBR0145,SIMR0145,SIMU0178:User 178,GRANTED
2026,1月,13,周二,14:55:17,31C1AEEF,SIMBR0061,SIMR0061,SIMU0039:User 39,GRANTED
2026,1月,13,周二,14:55:17,FBFF5A63,SIMBR0254,SIMR0254,SIMU0184:User 184,GRANTED
2026,1月,13,周二,14:55:17,DF7754DF,SIMBR0184,SIMR0184,SIMU0019:User 19,GRANTED
2026,1月,13,周二,14:55:17,F853E5E9,SIMBR0053,SIMR0053,SIMU0119:User 119,GRANTED
2026,1月,13,周二,14:55:17,AE2F46DE,SIMBR0337,SIMR0337,SIMU0232:User 232,GRANTED
2026,1月,13,周二,14:55:17,7C28253F,SIMBR0092,SIMR0092,SIMU0027:User 27,GRANTED
2026,1月,13,周二,14:55:17,C73CE928,SIMBR0369,SIMR0369,SIMU0281:User 281,GRANTED
2026,1月,13,周二,14:55:17,1E4AD759,SIMBR0090,SIMR0090,SIMU0029:User 29,GRANTED
2026,1月,13,周二,14:55:17,1E4AD759,SIMBR0313,SIMR0313,SIMU0029:User 29,GRANTED
2026,1月,13,周二,14:55:17,6213A883,SIMBR0374,SIMR0374,SIMU0249:User 249,GRANTED
2026,1月,13,周二,14:55:17,E116EA41,BR010,RES004,SIMU0127:User 127,DENIED
2026,1月,13,周二,14:55:17,C6E3BF57,SIMBR0141,SIMR0141,SIMU0297:User 297,GRANTED
2026,1月,13,周二,14:55:17,0FB515EE,SIMBR0337,SIMR0337,SIMU0033:User 33,GRANTED
2026,1月,13,周二,14:55:17,D832D5F3,SIMBR0279,SIMR0279,SIMU0261:User 261,GRANTED
2026,1月,13,周二,14:55:17,DCB76AA3,SIMBR0115,SIMR0115,SIMU0228:User 228,GRANTED
2026,1月,13,周二,14:55:17,A0043AC2,SIMBR0392,SIMR0392,SIMU0040:User 40,GRANTED
2026,1月,13,周二,14:55:17,D324F0AC,BR007,RES024,SIMU0108:User 108,DENIED
2026,1月,13,周二,14:55:17,C1CE8342,SIMBR0143,SIMR0143,SIMU0018:User 18,GRANTED
2026,1月,13,周二,14:55:17,2289A51E,SIMBR0298,SIMR0298,SIMU0273:User 273,GRANTED
2026,1月,13,周二,14:55:17,D87DCC23,SIMBR0229,SIMR0229,SIMU0006:User 6,GRANTED
2026,1月,13,周二,14:55:17,1EE4C053,SIMBR0224,SIMR0224,SIMU0026:User 26,GRANTED
2026,1月,13,周二,14:55:17,54C5EDBD,SIMBR0194,SIMR0194,SIMU0145:User 145,GRANTED
2026,1月,13,周二,14:55:17,23858FDA,SIMBR0291,SIMR0291,SIMU0098:User 98,GRANTED
2026,1月,13,周二,14:55:17,BA893511,SIMBR0079,SIMR0079,SIMU0269:User 269,GRANTED
2026,1月,13,周二,14:55:17,8BF81A2A,SIMBR0376,SIMR0376,SIMU0233:User 233,GRANTED
2026,1月,13,周二,14:55:17,80AC649D,SIMBR0111,SIMR0111,SIMU0088:User 88,GRANTED
2026,1月,13,周二,14:55:17,905C3DCB,SIMBR0032,SIMR0032,SIMU0070:User 70,GRANTED
2026,1月,13,周二,14:55:17,4B59E256,SIMBR0109,SIMR0109,SIMU0182:User 182,GRANTED
2026,1月,13,周二,14:55:17,B9D6BC00,SIMBR0281,SIMR0281,SIMU0107:User 107,GRANTED
2026,1月,13,周二,14:55:17,1EBD89C8,SIMBR0025,SIMR0025,SIMU0123:User 123,GRANTED
2026,1月,13,周二,14:55:17,C50459DB,SIMBR0127,SIMR0127,SIMU0262:User 262,GRANTED
2026,1月,13,周二,14:55:17,602AF119,SIMBR0055,SIMR0055,SIMU0223:User 223,GRANTED
2026,1月,13,周二,14:55:17,D504C218,SIMBR0190,SIMR0190,SIMU0060:User 60,GRANTED
2026,1月,13,周二,14:55:17,273D28BF,SIMBR0007,SIMR0007,SIMU0057:User 57,GRANTED
2026,1月,13,周二,14:55:17,7D277C80,SIMBR0325,SIMR0325,SIMU0212:User 212,GRANTED
2026,1月,13,周二,14:55:17,397975BA,SIMBR0043,SIMR0043,SIMU0164:User 164,GRANTED
2026,1月,13,周二,14:55:17,A5DEC594,SIMBR0389,SIMR0389,SIMU0084:User 84,GRANTED
2026,1月,13,周二,14:55:17,24DE0286,SIMBR0145,SIMR0145,SIMU0221:User 221,GRANTED
2026,1月,13,周二,14:55:17,C50459DB,SIMBR0320,SIMR0320,SIMU0262:User 262,GRANTED
2026,1月,13,周二,14:55:17,FEF21F79,SIMBR0128,SIMR0128,SIMU0159:User 159,GRANTED
2026,1月,13,周二,14:55:17,1EBD89C8,SIMBR0162,SIMR0162,SIMU0123:User 123,GRANTED
2026,1月,13,周二,14:55:17,1CA3AA4C,SIMBR0377,SIMR0377,SIMU0014:User 14,GRANTED
2026,1月,13,周二,14:55:17,01FC696F,SIMBR0190,SIMR0190,SIMU0068:User 68,GRANTED
2026,1月,13,周二,14:55:17,489655D2,SIMBR0384,SIMR0384,CON001:Wang Wu,DENIED
2026,1月,13,周二,14:55:17,B13BB6C7,SIMBR0290,SIMR0290,SIMU0167:User 167,GRANTED
2026,1月,13,周二,14:55:17,0FB515EE,SIMBR0106,SIMR0106,SIMU0033:User 33,GRANTED
2026,1月,13,周二,14:55:17,B3E8626A,SIMBR0222,SIMR0222,SIMU0239:User 239,GRANTED
2026,1月,13,周二,14:55:17,15AB7C7D,SIMBR0369,SIMR0369,SIMU0096:User 96,GRANTED
2026,1月,13,周二,14:55:17,9FA88CE9,SIMBR0143,SIMR0143,SIMU0049:User 49,GRANTED
2026,1月,13,周二,14:55:17,CA782D54,SIMBR0260,SIMR0260,SIMU0219:User 219,GRANTED
2026,1月,13,周二,14:55:17,4B59E256,SIMBR0119,SIMR0119,SIMU0182:User 182,GRANTED
2026,1月,13,周二,14:55:17,C169BAEB,SIMBR0321,SIMR0321,SIMU0174:User 174,GRANTED
2026,1月,13,周二,14:55:17,9A00F337,SIMBR0247,SIMR0247,SIMU0285:User 285,GRANTED
2026,1月,13,周二,14:55:17,C0993563,SIMBR0370,SIMR0370,SIMU0209:User 209,GRANTED
2026,1月,13,周二,14:55:17,D716AAF5,SIMBR0273,SIMR0273,SIMU0170:User 170,GRANTED
2026,1月,13,周二,14:55:17,45BE30A8,SIMBR0047,SIMR0047,8d1a5202-9052-4f93-bf5a-4deffdf65fd3:a q,GRANTED
2026,1月,13,周二,14:55:17,6F12BFA3,SIMBR0240,SIMR0240,SIMU0218:User 218,GRANTED
2026,1月,13,周二,14:55:17,0CFFFBA0,SIMBR0221,SIMR0221,SIMU0189:User 189,GRANTED
2026,1月,13,周二,14:55:17,3DC555DE,SIMBR0082,SIMR0082,SIMU0300:User 300,GRANTED
2026,1月,13,周二,14:55:17,358D24E5,BR026,RES019,SIMU0130:User 130,DENIED
2026,1月,13,周二,14:55:17,75D7C714,SIMBR0040,SIMR0040,SIMU0005:User 5,GRANTED
2026,1月,13,周二,14:55:17,FD75651D,SIMBR0065,SIMR0065,SIMU0238:User 238,GRANTED
2026,1月,13,周二,14:55:17,C0993563,SIMBR0275,SIMR0275,SIMU0209:User 209,GRANTED
2026,1月,13,周二,14:55:17,643D2F0C,SIMBR0191,SIMR0191,SIMU0048:User 48,GRANTED
2026,1月,13,周二,14:55:17,1E4AD759,SIMBR0313,SIMR0313,SIMU0029:User 29,GRANTED
2026,1月,13,周二,14:55:17,53A1B264,SIMBR0176,SIMR0176,SIMU0017:User 17,GRANTED
2026,1月,13,周二,14:55:17,F1D4B1B6,SIMBR0339,SIMR0339,SIMU0247:User 247,GRANTED
2026,1月,13,周二,14:55:17,2C249415,SIMBR0336,SIMR0336,SIMU0276:User 276,GRANTED
2026,1月,13,周二,14:55:17,B0B2BCE6,SIMBR0295,SIMR0295,SIMU0208:User 208,GRANTED
2026,1月,13,周二,14:55:17,6213A883,SIMBR0018,SIMR0018,SIMU0249:User 249,GRANTED
2026,1月,13,周二,14:55:17,DF7754DF,SIMBR0052,SIMR0052,SIMU0019:User 19,GRANTED
2026,1月,13,周二,14:55:17,6FFD7F45,SIMBR0205,SIMR0205,SIMU0198:User 198,GRANTED
2026,1月,13,周二,14:55:17,A74F536B,SIMBR0242,SIMR0242,SIMU0097:User 97,GRANTED
2026,1月,13,周二,14:55:17,57ED1495,SIMBR0323,SIMR0323,SIMU0250:User 250,GRANTED
2026,1月,13,周二,14:55:17,F616A325,SIMBR0376,SIMR0376,SIMU0194:User 194,GRANTED
2026,1月,13,周二,14:55:17,D78DDFDE,SIMBR0339,SIMR0339,SIMU0252:User 252,GRANTED
2026,1月,13,周二,14:55:17,D49E4724,SIMBR0233,SIMR0233,SIMU0278:User 278,GRANTED
2026,1月,13,周二,14:55:17,87F48A64,SIMBR0115,SIMR0115,SIMU0143:User 143,GRANTED
2026,1月,13,周二,14:55:17,1CA3AA4C,SIMBR0030,SIMR0030,SIMU0014:User 14,GRANTED
2026,1月,13,周二,14:55:17,273D28BF,SIMBR0090,SIMR0090,SIMU0057:User 57,GRANTED
2026,1月,13,周二,14:55:17,7C3923AE,SIMBR0280,SIMR0280,SIMU0210:User 210,GRANTED
2026,1月,13,周二,14:55:17,CB1ACCC7,SIMBR0067,SIMR0067,SIMU0110:User 110,GRANTED
2026,1月,13,周二,14:55:17,FE83648E,SIMBR0132,SIMR0132,SIMU0142:User 142,GRANTED
2026,1月,13,周二,14:55:17,290F7C52,SIMBR0158,SIMR0158,SIMU0216:User 216,GRANTED
2026,1月,13,周二,14:55:17,5334DCE6,SIMBR0197,SIMR0197,SIMU0179:User 179,GRANTED
2026,1月,13,周二,14:55:17,8C19D42A,BR017,RES010,SIMU0284:User 284,DENIED
2026,1月,13,周二,14:55:17,495297EE,SIMBR0179,SIMR0179,SIMU0038:User 38,GRANTED
2026,1月,13,周二,14:55:17,290F7C52,SIMBR0019,SIMR0019,SIMU0216:User 216,GRANTED
2026,1月,13,周二,14:55:17,E775A860,SIMBR0293,SIMR0293,SIMU0248:User 248,GRANTED
2026,1月,13,周二,14:55:17,F04FDB11,SIMBR0288,SIMR0288,SIMU0125:User 125,GRANTED
2026,1月,13,周二,14:55:17,602AF119,SIMBR0050,SIMR0050,SIMU0223:User 223,GRANTED
2026,1月,13,周二,14:55:17,E116EA41,SIMBR0126,SIMR0126,SIMU0127:User 127,GRANTED
2026,1月,13,周二,14:55:17,0EA23D3A,SIMBR0119,SIMR0119,SIMU0062:User 62,GRANTED
2026,1月,13,周二,14:55:17,F0ADE55C,SIMBR0360,SIMR0360,SIMU0237:User 237,GRANTED
2026,1月,13,周二,14:55:17,5E9892AA,SIMBR0191,SIMR0191,SIMU0293:User 293,GRANTED
2026,1月,13,周二,14:55:17,D0B8FC16,SIMBR0094,SIMR0094,SIMU0185:User 185,GRANTED
2026,1月,13,周二,14:55:17,36330273,SIMBR0037,SIMR0037,SIMU0291:User 291,GRANTED
2026,1月,13,周二,14:55:17,72A4E470,SIMBR0056,SIMR0056,SIMU0268:User 268,GRANTED
2026,1月,13,周二,14:55:17,E93FF152,SIMBR0143,SIMR0143,SIMU0197:User 197,GRANTED
2026,1月,13,周二,14:55:17,46895123,SIMBR0206,SIMR0206,SIMU0132:User 132,GRANTED
2026,1月,13,周二,14:55:17,FC9C0D71,SIMBR0365,SIMR0365,SIMU0093:User 93,GRANTED
2026,1月,13,周二,14:55:17,290F7C52,SIMBR0229,SIMR0229,SIMU0216:User 216,GRANTED
2026,1月,13,周二,14:55:17,47A80030,BR002,RES021,SIMU0234:User 234,DENIED
2026,1月,13,周二,14:55:17,1A3D1ED6,SIMBR0129,SIMR0129,SIMU0231:User 231,GRANTED
2026,1月,13,周二,14:55:17,3DC555DE,SIMBR0343,SIMR0343,SIMU0300:User 300,GRANTED
2026,1月,13,周二,14:55:17,7C28253F,SIMBR0305,SIMR0305,SIMU0027:User 27,GRANTED
2026,1月,13,周二,14:55:17,181D33C7,BR011,RES026,SIMU0227:User 227,DENIED
2026,1月,13,周二,14:55:17,8EA215FF,SIMBR0042,SIMR0042,SIMU0201:User 201,GRANTED
2026,1月,13,周二,14:55:17,E775A860,SIMBR0327,SIMR0327,SIMU0248:User 248,GRANTED
2026,1月,13,周二,14:55:17,69A8F764,SIMBR0232,SIMR0232,SIMU0240:User 240,GRANTED
2026,1月,13,周二,14:55:17,7B092D88,SIMBR0271,SIMR0271,SIMU0236:User 236,GRANTED
2026,1月,13,周二,14:55:17,DB66EC85,SIMBR0166,SIMR0166,SIMU0100:User 100,GRANTED
2026,1月,13,周二,14:55:17,5FF2F656,SIMBR0374,SIMR0374,SIMU0120:User 120,GRANTED
2026,1月,13,周二,14:55:17,C584F9D3,SIMBR0224,SIMR0224,EMP001:Zhang San,DENIED
2026,1月,13,周二,14:55:17,5AC1CCB2,SIMBR0238,SIMR0238,SIMU0264:User 264,GRANTED
2026,1月,13,周二,14:55:17,C0CB4AFF,SIMBR0187,SIMR0187,SIMU0235:User 235,GRANTED
2026,1月,13,周二,14:55:17,86937632,SIMBR0067,SIMR0067,SIMU0187:User 187,GRANTED
2026,1月,13,周二,14:55:17,95777979,SIMBR0293,SIMR0293,SIMU0051:User 51,GRANTED
2026,1月,13,周二,14:55:17,E0F41E54,SIMBR0314,SIMR0314,SIMU0176:User 176,GRANTED
2026,1月,13,周二,14:55:17,11BD165A,SIMBR0179,SIMR0179,SIMU0154:User 154,GRANTED
2026,1月,13,周二,14:55:17,41981850,SIMBR0307,SIMR0307,SIMU0263:User 263,GRANTED
2026,1月,13,周二,14:55:17,AE2F46DE,SIMBR0276,SIMR0276,SIMU0232:User 232,GRANTED
2026,1月,13,周二,14:55:17,546575AC,SIMBR0288,SIMR0288,SIMU0140:User 140,GRANTED
2026,1月,13,周二,14:55:17,F04FDB11,BR014,RES007,SIMU0125:User 125,DENIED
2026,1月,13,周二,14:55:17,13990099,BR023,RES016,SIMU0008:User 8,DENIED
2026,1月,13,周二,14:55:17,01FC696F,SIMBR0099,SIMR0099,SIMU0068:User 68,GRANTED
2026,1月,13,周二,14:55:17,4FC5D562,SIMBR0100,SIMR0100,SIMU0275:User 275,GRANTED
2026,1月,13,周二,14:55:17,A5A16F78,SIMBR0122,SIMR0122,SIMU0294:User 294,GRANTED
2026,1月,13,周二,14:55:17,B33C40D7,SIMBR0391,SIMR0391,SIMU0015:User 15,GRANTED
2026,1月,13,周二,14:55:17,290F7C52,SIMBR0003,SIMR0003,SIMU0216:User 216,GRANTED
2026,1月,13,周二,14:55:17,46895123,SIMBR0033,SIMR0033,SIMU0132:User 132,GRANTED
2026,1月,13,周二,14:55:17,D832D5F3,SIMBR0301,SIMR0301,SIMU0261:User 261,GRANTED
2026,1月,13,周二,14:55:17,5E9892AA,SIMBR0363,SIMR0363,SIMU0293:User 293,GRANTED
2026,1月,13,周二,14:55:17,F1D4B1B6,SIMBR0203,SIMR0203,SIMU0247:User 247,GRANTED
2026,1月,13,周二,14:55:17,DB66EC85,BR006,RES002,SIMU0100:User 100,DENIED
2026,1月,13,周二,14:55:17,050D9DEF,SIMBR0166,SIMR0166,SIMU0128:User 128,GRANTED
2026,1月,13,周二,14:55:17,47C3A99F,SIMBR0162,SIMR0162,SIMU0136:User 136,GRANTED
2026,1月,13,周二,14:55:17,C7C3B16D,SIMBR0063,SIMR0063,SIMU0259:User 259,GRANTED
2026,1月,13,周二,14:55:17,BA841717,SIMBR0246,SIMR0246,SIMU0064:User 64,GRANTED
2026,1月,13,周二,14:55:17,47A80030,SIMBR0328,SIMR0328,SIMU0234:User 234,GRANTED
2026,1月,13,周二,14:55:17,54722E38,SIMBR0175,SIMR0175,SIMU0222:User 222,GRANTED
2026,1月,13,周二,14:55:17,B9D6BC00,SIMBR0066,SIMR0066,SIMU0107:User 107,GRANTED
2026,1月,13,周二,14:55:17,F616A325,SIMBR0386,SIMR0386,SIMU0194:User 194,GRANTED
2026,1月,13,周二,14:55:17,10321BC3,SIMBR0234,SIMR0234,SIMU0042:User 42,GRANTED
2026,1月,13,周二,14:55:17,6F12BFA3,SIMBR0399,SIMR0399,SIMU0218:User 218,GRANTED
2026,1月,13,周二,14:55:17,A234EF8B,SIMBR0086,SIMR0086,SIMU0069:User 69,GRANTED
2026,1月,13,周二,14:55:17,C5A57784,SIMBR0115,SIMR0115,SIMU0072:User 72,GRANTED
2026,1月,13,周二,14:55:17,D324F0AC,SIMBR0153,SIMR0153,SIMU0108:User 108,GRANTED
2026,1月,13,周二,14:55:17,73913F8C,SIMBR0026,SIMR0026,SIMU0188:User 188,GRANTED
2026,1月,13,周二,14:55:17,A2589816,SIMBR0320,SIMR0320,SIMU0082:User 82,GRANTED
2026,1月,13,周二,14:55:17,CA782D54,SIMBR0288,SIMR0288,SIMU0219:User 219,GRANTED
2026,1月,13,周二,14:55:17,8B9117BE,SIMBR0320,SIMR0320,SIMU0165:User 165,GRANTED
2026,1月,13,周二,14:55:17,73913F8C,SIMBR0377,SIMR0377,SIMU0188:User 188,GRANTED
2026,1月,13,周二,14:55:17,F1D4B1B6,SIMBR0313,SIMR0313,SIMU0247:User 247,GRANTED
2026,1月,13,周二,14:55:17,A2589816,SIMBR0320,SIMR0320,SIMU0082:User 82,GRANTED
2026,1月,13,周二,14:55:17,BC450719,SIMBR0274,SIMR0274,SIMU0013:User 13,GRANTED
2026,1月,13,周二,14:55:17,628D5BBC,SIMBR0024,SIMR0024,SIMU0041:User 41,GRANTED
2026,1月,13,周二,14:55:17,FD75651D,SIMBR0155,SIMR0155,SIMU0238:User 238,GRANTED
2026,1月,13,周二,14:55:17,46895123,SIMBR0136,SIMR0136,SIMU0132:User 132,GRANTED
2026,1月,13,周二,14:55:17,3122BEFD,SIMBR0172,SIMR0172,SIMU0066:User 66,GRANTED
2026,1月,13,周二,14:55:17,397975BA,SIMBR0368,SIMR0368,SIMU0164:User 164,GRANTED
2026,1月,13,周二,14:55:17,DA33A96E,SIMBR0221,SIMR0221,SIMU0190:User 190,GRANTED
2026,1月,13,周二,14:55:17,C2F816DD,SIMBR0207,SIMR0207,SIMU0266:User 266,GRANTED
2026,1月,13,周二,14:55:17,1792E539,SIMBR0390,SIMR0390,SIMU0292:User 292,GRANTED
2026,1月,13,周二,14:55:17,C04BAEE8,SIMBR0275,SIMR0275,SIMU0129:User 129,GRANTED
2026,1月,13,周二,14:55:17,F6E7D08A,SIMBR0086,SIMR0086,SIMU0001:User 1,GRANTED
2026,1月,13,周二,14:55:17,FB68A282,SIMBR0121,SIMR0121,SIMU0183:User 183,GRANTED
2026,1月,13,周二,14:55:17,15D30411,SIMBR0034,SIMR0034,SIMU0289:User 289,GRANTED
2026,1月,13,周二,14:55:17,CBD2A48A,SIMBR0137,SIMR0137,SIMU0021:User 21,GRANTED
2026,1月,13,周二,14:55:17,F616A325,SIMBR0007,SIMR0007,SIMU0194:User 194,GRANTED
2026,1月,13,周二,14:55:17,61095621,SIMBR0189,SIMR0189,SIMU0137:User 137,GRANTED
2026,1月,13,周二,14:55:17,3CC4126C,SIMBR0164,SIMR0164,SIMU0099:User 99,GRANTED
2026,1月,13,周二,14:55:17,73913F8C,SIMBR0047,SIMR0047,SIMU0188:User 188,GRANTED
2026,1月,13,周二,14:55:17,16ED8B1D,SIMBR0198,SIMR0198,SIMU0073:User 73,GRANTED
2026,1月,13,周二,14:55:17,F8F80D07,SIMBR0072,SIMR0072,SIMU0253:User 253,GRANTED
2026,1月,13,周二,14:55:17,3EA1EF87,SIMBR0037,SIMR0037,SIMU0229:User 229,GRANTED
2026,1月,13,周二,14:55:17,E07F08A6,SIMBR0009,SIMR0009,SIMU0246:User 246,GRANTED
2026,1月,13,周二,14:55:17,CCACC23C,SIMBR0107,SIMR0107,SIMU0149:User 149,GRANTED
2026,1月,13,周二,14:55:17,FEB7592C,SIMBR0333,SIMR0333,SIMU0059:User 59,GRANTED
2026,1月,13,周二,14:55:17,0DE450B1,BR004,RES001,SIMU0016:User 16,DENIED
2026,1月,13,周二,14:55:17,56619802,SIMBR0265,SIMR0265,SIMU0202:User 202,GRANTED
2026,1月,13,周二,14:55:17,C72DAED8,BR014,RES007,SIMU0117:User 117,DENIED
2026,1月,13,周二,14:55:18,602AF119,SIMBR0080,SIMR0080,SIMU0223:User 223,GRANTED
2026,1月,13,周二,14:55:18,C72DAED8,BR008,RES003,SIMU0117:User 117,DENIED
2026,1月,13,周二,14:55:18,87F48A64,SIMBR0086,SIMR0086,SIMU0143:User 143,GRANTED
2026,1月,13,周二,14:55:18,CEC0E003,SIMBR0129,SIMR0129,SIMU0009:User 9,GRANTED
2026,1月,13,周二,14:55:18,F6E7D08A,BR022,RES015,SIMU0001:User 1,DENIED
2026,1月,13,周二,14:55:18,18788AAF,SIMBR0386,SIMR0386,SIMU0298:User 298,GRANTED
2026,1月,13,周二,14:55:18,C39400FA,BR006,RES002,SIMU0078:User 78,DENIED
2026,1月,13,周二,14:55:18,CBD2A48A,SIMBR0377,SIMR0377,SIMU0021:User 21,GRANTED
2026,1月,13,周二,14:55:18,1B14F9BC,SIMBR0185,SIMR0185,SIMU0065:User 65,GRANTED
2026,1月,13,周二,14:55:18,CB0F203D,SIMBR0377,SIMR0377,SIMU0124:User 124,GRANTED
2026,1月,13,周二,14:55:18,1E74F408,SIMBR0353,SIMR0353,SIMU0171:User 171,GRANTED
2026,1月,13,周二,14:55:18,B3E8626A,SIMBR0340,SIMR0340,SIMU0239:User 239,GRANTED
2026,1月,13,周二,14:55:18,701D5B3A,SIMBR0315,SIMR0315,SIMU0211:User 211,GRANTED
2026,1月,13,周二,14:55:18,7413D955,SIMBR0007,SIMR0007,SIMU0075:User 75,GRANTED
2026,1月,13,周二,14:55:18,2289A51E,SIMBR0138,SIMR0138,SIMU0273:User 273,GRANTED
2026,1月,13,周二,14:55:18,24546BD0,SIMBR0332,SIMR0332,SIMU0251:User 251,GRANTED
2026,1月,13,周二,14:55:18,B9D6BC00,SIMBR0338,SIMR0338,SIMU0107:User 107,GRANTED
2026,1月,13,周二,14:55:18,14103484,SIMBR0161,SIMR0161,SIMU0074:User 74,GRANTED
2026,1月,13,周二,14:55:18,853BC8DF,SIMBR0358,SIMR0358,SIMU0092:User 92,GRANTED
2026,1月,13,周二,14:55:18,D49E4724,SIMBR0085,SIMR0085,SIMU0278:User 278,GRANTED
2026,1月,13,周二,14:55:18,397975BA,SIMBR0095,SIMR0095,SIMU0164:User 164,GRANTED
2026,1月,13,周二,14:55:18,E116EA41,SIMBR0027,SIMR0027,SIMU0127:User 127,GRANTED
2026,1月,13,周二,14:55:18,C6E3BF57,SIMBR0062,SIMR0062,SIMU0297:User 297,GRANTED
2026,1月,13,周二,14:55:18,80BC1A17,SIMBR0125,SIMR0125,SIMU0112:User 112,GRANTED
2026,1月,13,周二,14:55:18,9FA88CE9,SIMBR0298,SIMR0298,SIMU0049:User 49,GRANTED
2026,1月,13,周二,14:55:18,1E4AD759,SIMBR0317,SIMR0317,SIMU0029:User 29,GRANTED
2026,1月,13,周二,14:55:18,2056B86F,SIMBR0341,SIMR0341,SIMU0067:User 67,GRANTED
2026,1月,13,周二,14:55:18,86937632,SIMBR0085,SIMR0085,SIMU0187:User 187,GRANTED
2026,1月,13,周二,14:55:18,85471FCB,SIMBR0224,SIMR0224,SIMU0054:User 54,GRANTED
2026,1月,13,周二,14:55:18,5AC1CCB2,SIMBR0265,SIMR0265,SIMU0264:User 264,GRANTED
2026,1月,13,周二,14:55:18,24DE0286,SIMBR0365,SIMR0365,SIMU0221:User 221,GRANTED
2026,1月,13,周二,14:55:18,20917633,SIMBR0324,SIMR0324,SIMU0296:User 296,GRANTED
2026,1月,13,周二,14:55:18,2D060B76,SIMBR0354,SIMR0354,SIMU0162:User 162,GRANTED
2026,1月,13,周二,14:55:18,128D7B1F,SIMBR0254,SIMR0254,SIMU0121:User 121,GRANTED
2026,1月,13,周二,14:55:18,0CFFFBA0,SIMBR0147,SIMR0147,SIMU0189:User 189,GRANTED
2026,1月,13,周二,14:55:18,A234EF8B,BR005,RES023,SIMU0069:User 69,DENIED
2026,1月,13,周二,14:55:18,15AB7C7D,SIMBR0121,SIMR0121,SIMU0096:User 96,GRANTED
2026,1月,13,周二,14:55:18,A74F536B,SIMBR0311,SIMR0311,SIMU0097:User 97,GRANTED
2026,1月,13,周二,14:55:18,15AB7C7D,SIMBR0105,SIMR0105,SIMU0096:User 96,GRANTED
2026,1月,13,周二,14:55:18,128D7B1F,SIMBR0222,SIMR0222,SIMU0121:User 121,GRANTED
2026,1月,13,周二,14:55:18,91E5E6B0,SIMBR0120,SIMR0120,SIMU0079:User 79,GRANTED
2026,1月,13,周二,14:55:18,1B14F9BC,SIMBR0055,SIMR0055,SIMU0065:User 65,GRANTED
2026,1月,13,周二,14:55:18,FB68A282,SIMBR0101,SIMR0101,SIMU0183:User 183,GRANTED
2026,1月,13,周二,14:55:18,3870BA5D,SIMBR0268,SIMR0268,SIMU0173:User 173,GRANTED
2026,1月,13,周二,14:55:18,FEF21F79,SIMBR0179,SIMR0179,SIMU0159:User 159,GRANTED
2026,1月,13,周二,14:55:18,1DE07196,SIMBR0089,SIMR0089,SIMU0274:User 274,GRANTED
2026,1月,13,周二,14:55:18,66FC8294,SIMBR0062,SIMR0062,SIMU0180:User 180,GRANTED
2026,1月,13,周二,14:55:18,C2EDBC0C,SIMBR0236,SIMR0236,SIMU0226:User 226,GRANTED
2026,1月,13,周二,14:55:18,C718E607,SIMBR0267,SIMR0267,SIMU0089:User 89,GRANTED
2026,1月,13,周二,14:55:18,40BD64A5,SIMBR0381,SIMR0381,SIMU0245:User 245,GRANTED
2026,1月,13,周二,14:55:18,56C4C8CF,SIMBR0353,SIMR0353,SIMU0077:User 77,GRANTED
2026,1月,13,周二,14:55:18,5560EC7D,SIMBR0087,SIMR0087,SIMU0109:User 109,GRANTED
2026,1月,13,周二,14:55:18,B3E8626A,SIMBR0156,SIMR0156,SIMU0239:User 239,GRANTED
2026,1月,13,周二,14:55:18,14103484,SIMBR0261,SIMR0261,SIMU0074:User 74,GRANTED
2026,1月,13,周二,14:55:18,35C69784,SIMBR0021,SIMR0021,SIMU0168:User 168,GRANTED
2026,1月,13,周二,14:55:18,518BCEDD,SIMBR0375,SIMR0375,SIMU0011:User 11,GRANTED
2026,1月,13,周二,14:55:18,D78DDFDE,BR023,RES016,SIMU0252:User 252,DENIED
2026,1月,13,周二,14:55:18,66FC8294,SIMBR0383,SIMR0383,SIMU0180:User 180,GRANTED
2026,1月,13,周二,14:55:18,8B9117BE,SIMBR0306,SIMR0306,SIMU0165:User 165,GRANTED
2026,1月,13,周二,14:55:18,A5DEC594,SIMBR0057,SIMR0057,SIMU0084:User 84,GRANTED
2026,1月,13,周二,14:55:18,CB1ACCC7,BR013,RES006,SIMU0110:User 110,DENIED
2026,1月,13,周二,14:55:18,D49E4724,SIMBR0146,SIMR0146,SIMU0278:User 278,GRANTED
2026,1月,13,周二,14:55:18,44B3ADEE,SIMBR0041,SIMR0041,SIMU0157:User 157,GRANTED
2026,1月,13,周二,14:55:18,DF7754DF,SIMBR0313,SIMR0313,SIMU0019:User 19,GRANTED
2026,1月,13,周二,14:55:18,0CFFFBA0,SIMBR0299,SIMR0299,SIMU0189:User 189,GRANTED
2026,1月,13,周二,14:55:18,C73CE928,SIMBR0361,SIMR0361,SIMU0281:User 281,GRANTED
2026,1月,13,周二,14:55:18,A89B9996,SIMBR0045,SIMR0045,SIMU0213:User 213,GRANTED
2026,1月,13,周二,14:55:18,EEC38563,SIMBR0337,SIMR0337,SIMU0141:User 141,GRANTED
2026,1月,13,周二,14:55:18,C39400FA,BR011,RES026,SIMU0078:User 78,DENIED
2026,1月,13,周二,14:55:18,C3943F18,SIMBR0235,SIMR0235,SIMU0113:User 113,GRANTED
2026,1月,13,周二,14:55:18,3122BEFD,SIMBR0021,SIMR0021,SIMU0066:User 66,GRANTED
2026,1月,13,周二,14:55:18,3DDB17B7,SIMBR0225,SIMR0225,SIMU0044:User 44,GRANTED
2026,1月,13,周二,14:55:18,628D5BBC,SIMBR0328,SIMR0328,SIMU0041:User 41,GRANTED
2026,1月,13,周二,14:55:18,538EE2BF,SIMBR0279,SIMR0279,SIMU0177:User 177,GRANTED
2026,1月,13,周二,14:55:18,47C3A99F,SIMBR0337,SIMR0337,SIMU0136:User 136,GRANTED
2026,1月,13,周二,14:55:18,E6DCC382,SIMBR0303,SIMR0303,SIMU0158:User 158,GRANTED
2026,1月,13,周二,14:55:18,7B914E9E,SIMBR0331,SIMR0331,SIMU0215:User 215,GRANTED
2026,1月,13,周二,14:55:18,5334DCE6,SIMBR0043,SIMR0043,SIMU0179:User 179,GRANTED
2026,1月,13,周二,14:55:18,CEC0E003,SIMBR0207,SIMR0207,SIMU0009:User 9,GRANTED
2026,1月,13,周二,14:55:18,D2C7D462,SIMBR0192,SIMR0192,SIMU0061:User 61,GRANTED
2026,1月,13,周二,14:55:18,D49E4724,SIMBR0243,SIMR0243,SIMU0278:User 278,GRANTED
2026,1月,13,周二,14:55:18,0540806D,SIMBR0270,SIMR0270,SIMU0265:User 265,GRANTED
2026,1月,13,周二,14:55:18,701D5B3A,SIMBR0203,SIMR0203,SIMU0211:User 211,GRANTED
2026,1月,13,周二,14:55:18,F8F80D07,SIMBR0396,SIMR0396,SIMU0253:User 253,GRANTED
2026,1月,13,周二,14:55:18,397975BA,SIMBR0196,SIMR0196,SIMU0164:User 164,GRANTED
2026,1月,13,周二,14:55:18,489655D2,SIMBR0186,SIMR0186,CON001:Wang Wu,DENIED
2026,1月,13,周二,14:55:18,FD75651D,SIMBR0322,SIMR0322,SIMU0238:User 238,GRANTED
2026,1月,13,周二,14:55:18,F616A325,SIMBR0229,SIMR0229,SIMU0194:User 194,GRANTED
2026,1月,13,周二,14:55:18,983FD996,SIMBR0250,SIMR0250,SIMU0225:User 225,GRANTED
2026,1月,13,周二,14:55:18,CB2FA116,SIMBR0290,SIMR0290,SIMU0172:User 172,GRANTED
2026,1月,13,周二,14:55:18,FC9C0D71,SIMBR0389,SIMR0389,SIMU0093:User 93,GRANTED
2026,1月,13,周二,14:55:18,53A1B264,SIMBR0331,SIMR0331,SIMU0017:User 17,GRANTED
2026,1月,13,周二,14:55:18,BA1008EF,SIMBR0279,SIMR0279,SIMU0083:User 83,GRANTED
2026,1月,13,周二,14:55:18,1A3D1ED6,SIMBR0207,SIMR0207,SIMU0231:User 231,GRANTED
2026,1月,13,周二,14:55:18,5AC1CCB2,SIMBR0299,SIMR0299,SIMU0264:User 264,GRANTED
2026,1月,13,周二,14:55:18,AA3155BB,SIMBR0131,SIMR0131,SIMU0050:User 50,GRANTED
2026,1月,13,周二,14:55:18,BC450719,SIMBR0195,SIMR0195,SIMU0013:User 13,GRANTED
2026,1月,13,周二,14:55:18,8B9117BE,SIMBR0314,SIMR0314,SIMU0165:User 165,GRANTED
2026,1月,13,周二,14:55:18,29200997,SIMBR0176,SIMR0176,SIMU0186:User 186,GRANTED
2026,1月,13,周二,14:55:18,BA0243B9,SIMBR0328,SIMR0328,PM001:Sun Ba,DENIED
2026,1月,13,周二,14:55:18,8B9117BE,SIMBR0338,SIMR0338,SIMU0165:User 165,GRANTED
2026,1月,13,周二,14:55:18,1E4AD759,SIMBR0245,SIMR0245,SIMU0029:User 29,GRANTED
2026,1月,13,周二,14:55:18,45BE30A8,SIMBR0161,SIMR0161,8d1a5202-9052-4f93-bf5a-4deffdf65fd3:a q,GRANTED
2026,1月,13,周二,14:55:18,2D060B76,SIMBR0245,SIMR0245,SIMU0162:User 162,GRANTED
2026,1月,13,周二,14:55:18,37E9D9C0,SIMBR0091,SIMR0091,SIMU0034:User 34,GRANTED
2026,1月,13,周二,14:55:18,7CA376A0,SIMBR0359,SIMR0359,SIMU0102:User 102,GRANTED
2026,1月,13,周二,14:55:18,964B6B12,SIMBR0097,SIMR0097,SIMU0003:User 3,GRANTED
2026,1月,13,周二,14:55:18,CA15B29F,SIMBR0036,SIMR0036,SIMU0206:User 206,GRANTED
2026,1月,13,周二,14:55:18,F3B58DFF,SIMBR0019,SIMR0019,SIMU0076:User 76,GRANTED
2026,1月,13,周二,14:55:18,6BDE4067,SIMBR0291,SIMR0291,SIMU0114:User 114,GRANTED
2026,1月,13,周二,14:55:18,1CA3AA4C,SIMBR0239,SIMR0239,SIMU0014:User 14,GRANTED
2026,1月,13,周二,14:55:18,7D277C80,BR008,RES003,SIMU0212:User 212,DENIED
2026,1月,13,周二,14:55:18,61095621,SIMBR0014,SIMR0014,SIMU0137:User 137,GRANTED
2026,1月,13,周二,14:55:18,84F825EE,SIMBR0303,SIMR0303,SIMU0150:User 150,GRANTED
2026,1月,13,周二,14:55:18,7413D955,SIMBR0126,SIMR0126,SIMU0075:User 75,GRANTED
2026,1月,13,周二,14:55:18,AB055C88,SIMBR0056,SIMR0056,SIMU0024:User 24,GRANTED
2026,1月,13,周二,14:55:18,CD0D9101,SIMBR0170,SIMR0170,SIMU0135:User 135,GRANTED
2026,1月,13,周二,14:55:18,BA0243B9,SIMBR0193,SIMR0193,PM001:Sun Ba,DENIED
2026,1月,13,周二,14:55:18,3EA1EF87,SIMBR0144,SIMR0144,SIMU0229:User 229,GRANTED
2026,1月,13,周二,14:55:18,F04FDB11,SIMBR0058,SIMR0058,SIMU0125:User 125,GRANTED
2026,1月,13,周二,14:55:18,72A4E470,SIMBR0386,SIMR0386,SIMU0268:User 268,GRANTED
2026,1月,13,周二,14:55:18,F3B58DFF,SIMBR0278,SIMR0278,SIMU0076:User 76,GRANTED
2026,1月,13,周二,14:55:18,4AF57AEF,SIMBR0141,SIMR0141,SIMU0193:User 193,GRANTED
2026,1月,13,周二,14:55:18,7B092D88,SIMBR0069,SIMR0069,SIMU0236:User 236,GRANTED
2026,1月,13,周二,14:55:18,BA821DBA,SIMBR0010,SIMR0010,SIMU0148:User 148,GRANTED
2026,1月,13,周二,14:55:18,874CC50E,SIMBR0353,SIMR0353,SIMU0036:User 36,GRANTED
2026,1月,13,周二,14:55:18,0540806D,SIMBR0331,SIMR0331,SIMU0265:User 265,GRANTED
2026,1月,13,周二,14:55:18,2E121B44,SIMBR0051,SIMR0051,SIMU0258:User 258,GRANTED
2026,1月,13,周二,14:55:18,D716AAF5,BR020,RES013,SIMU0170:User 170,DENIED
2026,1月,13,周二,14:55:18,C0CB4AFF,SIMBR0375,SIMR0375,SIMU0235:User 235,GRANTED
2026,1月,13,周二,14:55:18,F616A325,SIMBR0382,SIMR0382,SIMU0194:User 194,GRANTED
2026,1月,13,周二,14:55:18,A5DEC594,SIMBR0355,SIMR0355,SIMU0084:User 84,GRANTED
2026,1月,13,周二,14:55:18,2E121B44,SIMBR0119,SIMR0119,SIMU0258:User 258,GRANTED
2026,1月,13,周二,14:55:18,FAE4DEC5,SIMBR0350,SIMR0350,SIMU0053:User 53,GRANTED
2026,1月,13,周二,14:55:18,E2F9D137,SIMBR0071,SIMR0071,SIMU0217:User 217,GRANTED
2026,1月,13,周二,14:55:18,F853E5E9,SIMBR0362,SIMR0362,SIMU0119:User 119,GRANTED
2026,1月,13,周二,14:55:18,CB1ACCC7,SIMBR0048,SIMR0048,SIMU0110:User 110,GRANTED
2026,1月,13,周二,14:55:18,57ED1495,SIMBR0368,SIMR0368,SIMU0250:User 250,GRANTED
2026,1月,13,周二,14:55:18,6B7D13ED,SIMBR0397,SIMR0397,SIMU0191:User 191,GRANTED
2026,1月,13,周二,14:55:18,CD0D9101,BR026,RES019,SIMU0135:User 135,DENIED
2026,1月,13,周二,14:55:18,B0B2BCE6,BR002,RES021,SIMU0208:User 208,DENIED
2026,1月,13,周二,14:55:18,C718E607,SIMBR0287,SIMR0287,SIMU0089:User 89,GRANTED
2026,1月,13,周二,14:55:18,AE2F46DE,SIMBR0356,SIMR0356,SIMU0232:User 232,GRANTED
2026,1月,13,周二,14:55:18,4AF57AEF,SIMBR0066,SIMR0066,SIMU0193:User 193,GRANTED
2026,1月,13,周二,14:55:18,B13BB6C7,SIMBR0383,SIMR0383,SIMU0167:User 167,GRANTED
2026,1月,13,周二,14:55:18,F90964BF,SIMBR0375,SIMR0375,SIMU0091:User 91,GRANTED
2026,1月,13,周二,14:55:18,47A80030,SIMBR0396,SIMR0396,SIMU0234:User 234,GRANTED
2026,1月,13,周二,14:55:18,E8751622,SIMBR0016,SIMR0016,SIMU0161:User 161,GRANTED
2026,1月,13,周二,14:55:18,A9E67E95,SIMBR0244,SIMR0244,SIMU0243:User 243,GRANTED
2026,1月,13,周二,14:55:18,C0993563,SIMBR0389,SIMR0389,SIMU0209:User 209,GRANTED
2026,1月,13,周二,14:55:18,D0B8FC16,SIMBR0152,SIMR0152,SIMU0185:User 185,GRANTED
2026,1月,13,周二,14:55:18,48744B29,BR021,RES014,SIMU0035:User 35,DENIED
2026,1月,13,周二,14:55:18,489655D2,SIMBR0103,SIMR0103,CON001:Wang Wu,DENIED
2026,1月,13,周二,14:55:18,6C174D63,SIMBR0079,SIMR0079,SIMU0116:User 116,GRANTED
2026,1月,13,周二,14:55:18,8C19D42A,SIMBR0348,SIMR0348,SIMU0284:User 284,GRANTED
2026,1月,13,周二,14:55:18,56619802,SIMBR0162,SIMR0162,SIMU0202:User 202,GRANTED
2026,1月,13,周二,14:55:18,13F09473,SIMBR0052,SIMR0052,SIMU0279:User 279,GRANTED
2026,1月,13,周二,14:55:18,3DC555DE,SIMBR0121,SIMR0121,SIMU0300:User 300,GRANTED
2026,1月,13,周二,14:55:18,A74F536B,SIMBR0301,SIMR0301,SIMU0097:User 97,GRANTED
2026,1月,13,周二,14:55:18,3EA1EF87,SIMBR0011,SIMR0011,SIMU0229:User 229,GRANTED
2026,1月,13,周二,14:55:18,8B9117BE,SIMBR0275,SIMR0275,SIMU0165:User 165,GRANTED
2026,1月,13,周二,14:55:18,CD0D9101,SIMBR0066,SIMR0066,SIMU0135:User 135,GRANTED
2026,1月,13,周二,14:55:18,559213A2,SIMBR0267,SIMR0267,SIMU0047:User 47,GRANTED
2026,1月,13,周二,14:55:18,A89B9996,SIMBR0030,SIMR0030,SIMU0213:User 213,GRANTED
2026,1月,13,周二,14:55:18,C46D887F,SIMBR0007,SIMR0007,SIMU0254:User 254,GRANTED
2026,1月,13,周二,14:55:18,E6D64EED,SIMBR0041,SIMR0041,SIMU0105:User 105,GRANTED
2026,1月,13,周二,14:55:18,7B092D88,SIMBR0208,SIMR0208,SIMU0236:User 236,GRANTED
2026,1月,13,周二,14:55:18,F853E5E9,SIMBR0057,SIMR0057,SIMU0119:User 119,GRANTED
2026,1月,13,周二,14:55:18,D3799252,SIMBR0231,SIMR0231,SIMU0022:User 22,GRANTED
2026,1月,13,周二,14:55:18,78D4B102,BR022,RES015,SIMU0283:User 283,DENIED
2026,1月,13,周二,14:55:18,1E74F408,SIMBR0386,SIMR0386,SIMU0171:User 171,GRANTED
2026,1月,13,周二,14:55:18,A4F77AE3,SIMBR0035,SIMR0035,SIMU0031:User 31,GRANTED
2026,1月,13,周二,14:55:18,41981850,SIMBR0234,SIMR0234,SIMU0263:User 263,GRANTED
2026,1月,13,周二,14:55:18,F853E5E9,SIMBR0181,SIMR0181,SIMU0119:User 119,GRANTED
2026,1月,13,周二,14:55:18,4AF57AEF,SIMBR0388,SIMR0388,SIMU0193:User 193,GRANTED
2026,1月,13,周二,14:55:18,BD4961D3,BR021,RES014,SIMU0169:User 169,DENIED
2026,1月,13,周二,14:55:18,F616A325,SIMBR0206,SIMR0206,SIMU0194:User 194,GRANTED
2026,1月,13,周二,14:55:18,11BD165A,SIMBR0169,SIMR0169,SIMU0154:User 154,GRANTED
2026,1月,13,周二,14:55:18,905C3DCB,SIMBR0014,SIMR0014,SIMU0070:User 70,GRANTED
2026,1月,13,周二,14:55:18,AA3155BB,SIMBR0210,SIMR0210,SIMU0050:User 50,GRANTED
2026,1月,13,周二,14:55:18,BA893511,SIMBR0065,SIMR0065,SIMU0269:User 269,GRANTED
2026,1月,13,周二,14:55:18,87F48A64,SIMBR0388,SIMR0388,SIMU0143:User 143,GRANTED
2026,1月,13,周二,14:55:18,D49E4724,SIMBR0060,SIMR0060,SIMU0278:User 278,GRANTED
2026,1月,13,周二,14:55:18,5A758FE3,SIMBR0234,SIMR0234,SIMU0103:User 103,GRANTED
2026,1月,13,周二,14:55:18,5FF2F656,SIMBR0400,SIMR0400,SIMU0120:User 120,GRANTED
2026,1月,13,周二,14:55:18,290F7C52,SIMBR0029,SIMR0029,SIMU0216:User 216,GRANTED
2026,1月,13,周二,14:55:18,3B7FFD92,SIMBR0140,SIMR0140,SIMU0256:User 256,GRANTED
2026,1月,13,周二,14:55:18,0CFFFBA0,SIMBR0086,SIMR0086,SIMU0189:User 189,GRANTED
2026,1月,13,周二,14:55:18,AF6C110D,BR004,RES001,SIMU0080:User 80,DENIED
2026,1月,13,周二,14:55:18,78D74DDD,SIMBR0127,SIMR0127,VIS001:Qian Qi,DENIED
2026,1月,13,周二,14:55:18,6B7D13ED,SIMBR0340,SIMR0340,SIMU0191:User 191,GRANTED
2026,1月,13,周二,14:55:18,354118DA,SIMBR0120,SIMR0120,SIMU0052:User 52,GRANTED
2026,1月,13,周二,14:55:18,273D28BF,SIMBR0397,SIMR0397,SIMU0057:User 57,GRANTED
2026,1月,13,周二,14:55:18,57DBFC15,SIMBR0200,SIMR0200,SIMU0290:User 290,GRANTED
2026,1月,13,周二,14:55:18,068AFAB6,SIMBR0237,SIMR0237,SIMU0115:User 115,GRANTED
2026,1月,13,周二,14:55:18,84F825EE,SIMBR0271,SIMR0271,SIMU0150:User 150,GRANTED
2026,1月,13,周二,14:55:18,87F48A64,SIMBR0241,SIMR0241,SIMU0143:User 143,GRANTED
2026,1月,13,周二,14:55:18,E07F08A6,SIMBR0110,SIMR0110,SIMU0246:User 246,GRANTED
2026,1月,13,周二,14:55:18,13F09473,SIMBR0119,SIMR0119,SIMU0279:User 279,GRANTED
2026,1月,13,周二,14:55:18,BC450719,SIMBR0263,SIMR0263,SIMU0013:User 13,GRANTED
2026,1月,13,周二,14:55:19,358D24E5,SIMBR0395,SIMR0395,SIMU0130:User 130,GRANTED
2026,1月,13,周二,14:55:19,E93FF152,SIMBR0085,SIMR0085,SIMU0197:User 197,GRANTED
2026,1月,13,周二,14:55:19,45B37997,SIMBR0255,SIMR0255,SIMU0163:User 163,GRANTED
2026,1月,13,周二,14:55:19,FBFF5A63,SIMBR0289,SIMR0289,SIMU0184:User 184,GRANTED
2026,1月,13,周二,14:55:19,D87DCC23,SIMBR0326,SIMR0326,SIMU0006:User 6,GRANTED
2026,1月,13,周二,14:55:19,FB68A282,SIMBR0395,SIMR0395,SIMU0183:User 183,GRANTED
2026,1月,13,周二,14:55:19,20D788EC,SIMBR0198,SIMR0198,SIMU0271:User 271,GRANTED
2026,1月,13,周二,14:55:19,24546BD0,SIMBR0303,SIMR0303,SIMU0251:User 251,GRANTED
2026,1月,13,周二,14:55:19,1EBD89C8,SIMBR0148,SIMR0148,SIMU0123:User 123,GRANTED
2026,1月,13,周二,14:55:19,61095621,SIMBR0163,SIMR0163,SIMU0137:User 137,GRANTED
2026,1月,13,周二,14:55:19,CB1ACCC7,SIMBR0384,SIMR0384,SIMU0110:User 110,GRANTED
2026,1月,13,周二,14:55:19,27BDB972,SIMBR0023,SIMR0023,SIMU0244:User 244,GRANTED
2026,1月,13,周二,14:55:19,BA821DBA,SIMBR0133,SIMR0133,SIMU0148:User 148,GRANTED
2026,1月,13,周二,14:55:19,D3799252,BR014,RES007,SIMU0022:User 22,DENIED
2026,1月,13,周二,14:55:19,CB0F203D,SIMBR0161,SIMR0161,SIMU0124:User 124,GRANTED
2026,1月,13,周二,14:55:19,582A6476,SIMBR0081,SIMR0081,SIMU0046:User 46,GRANTED
2026,1月,13,周二,14:55:19,45B37997,SIMBR0015,SIMR0015,SIMU0163:User 163,GRANTED
2026,1月,13,周二,14:55:19,53A1B264,SIMBR0119,SIMR0119,SIMU0017:User 17,GRANTED
2026,1月,13,周二,14:55:19,84F825EE,SIMBR0085,SIMR0085,SIMU0150:User 150,GRANTED
2026,1月,13,周二,14:55:19,E393950E,SIMBR0084,SIMR0084,SIMU0195:User 195,GRANTED
2026,1月,13,周二,14:55:19,F3B58DFF,SIMBR0255,SIMR0255,SIMU0076:User 76,GRANTED
2026,1月,13,周二,14:55:19,54722E38,SIMBR0103,SIMR0103,SIMU0222:User 222,GRANTED
2026,1月,13,周二,14:55:19,8BC6335E,BR024,RES017,SIMU0204:User 204,DENIED
2026,1月,13,周二,14:55:19,B095C629,SIMBR0267,SIMR0267,SIMU0257:User 257,GRANTED
2026,1月,13,周二,14:55:19,F853E5E9,SIMBR0158,SIMR0158,SIMU0119:User 119,GRANTED
2026,1月,13,周二,14:55:19,D3799252,SIMBR0154,SIMR0154,SIMU0022:User 22,GRANTED
2026,1月,13,周二,14:55:19,87F48A64,SIMBR0290,SIMR0290,SIMU0143:User 143,GRANTED
2026,1月,13,周二,14:55:19,A7A30652,SIMBR0212,SIMR0212,SIMU0094:User 94,GRANTED
2026,1月,13,周二,14:55:19,CB0F203D,SIMBR0317,SIMR0317,SIMU0124:User 124,GRANTED
2026,1月,13,周二,14:55:19,C0993563,SIMBR0250,SIMR0250,SIMU0209:User 209,GRANTED
2026,1月,13,周二,14:55:19,8EA215FF,SIMBR0400,SIMR0400,SIMU0201:User 201,GRANTED
2026,1月,13,周二,14:55:19,3870BA5D,SIMBR0265,SIMR0265,SIMU0173:User 173,GRANTED
2026,1月,13,周二,14:55:19,C5A57784,SIMBR0045,SIMR0045,SIMU0072:User 72,GRANTED
2026,1月,13,周二,14:55:19,E93FF152,SIMBR0290,SIMR0290,SIMU0197:User 197,GRANTED
2026,1月,13,周二,14:55:19,F90964BF,SIMBR0074,SIMR0074,SIMU0091:User 91,GRANTED
2026,1月,13,周二,14:55:19,2C249415,SIMBR0130,SIMR0130,SIMU0276:User 276,GRANTED
2026,1月,13,周二,14:55:19,C50459DB,SIMBR0136,SIMR0136,SIMU0262:User 262,GRANTED
2026,1月,13,周二,14:55:19,2056B86F,SIMBR0271,SIMR0271,SIMU0067:User 67,GRANTED
2026,1月,13,周二,14:55:19,40A1D543,SIMBR0264,SIMR0264,SIMU0267:User 267,GRANTED
2026,1月,13,周二,14:55:19,EEC38563,SIMBR0115,SIMR0115,SIMU0141:User 141,GRANTED
2026,1月,13,周二,14:55:19,290F7C52,SIMBR0238,SIMR0238,SIMU0216:User 216,GRANTED
2026,1月,13,周二,14:55:19,84F825EE,SIMBR0237,SIMR0237,SIMU0150:User 150,GRANTED
2026,1月,13,周二,14:55:19,8B9117BE,SIMBR0310,SIMR0310,SIMU0165:User 165,GRANTED
2026,1月,13,周二,14:55:19,CA296753,SIMBR0088,SIMR0088,SIMU0055:User 55,GRANTED
2026,1月,13,周二,14:55:19,F8F80D07,SIMBR0120,SIMR0120,SIMU0253:User 253,GRANTED
2026,1月,13,周二,14:55:19,75D7C714,SIMBR0162,SIMR0162,SIMU0005:User 5,GRANTED
2026,1月,13,周二,14:55:19,0FB515EE,SIMBR0351,SIMR0351,SIMU0033:User 33,GRANTED
2026,1月,13,周二,14:55:19,A0043AC2,SIMBR0328,SIMR0328,SIMU0040:User 40,GRANTED
2026,1月,13,周二,14:55:19,8BC6335E,SIMBR0116,SIMR0116,SIMU0204:User 204,GRANTED
2026,1月,13,周二,14:55:19,6E7782F8,SIMBR0111,SIMR0111,INT001:Zhao Liu,DENIED
2026,1月,13,周二,14:55:19,A5DEC594,SIMBR0166,SIMR0166,SIMU0084:User 84,GRANTED
2026,1月,13,周二,14:55:19,A2903A49,SIMBR0078,SIMR0078,SIMU0043:User 43,GRANTED
2026,1月,13,周二,14:55:19,7B914E9E,SIMBR0210,SIMR0210,SIMU0215:User 215,GRANTED
2026,1月,13,周二,14:55:19,6C174D63,SIMBR0393,SIMR0393,SIMU0116:User 116,GRANTED
2026,1月,13,周二,14:55:19,8CBA0F42,SIMBR0252,SIMR0252,SIMU0152:User 152,GRANTED
2026,1月,13,周二,14:55:19,FEF21F79,SIMBR0376,SIMR0376,SIMU0159:User 159,GRANTED
2026,1月,13,周二,14:55:19,C57735BB,SIMBR0121,SIMR0121,SIMU0242:User 242,GRANTED
2026,1月,13,周二,14:55:19,DA33A96E,SIMBR0209,SIMR0209,SIMU0190:User 190,GRANTED
2026,1月,13,周二,14:55:19,FEB7592C,SIMBR0328,SIMR0328,SIMU0059:User 59,GRANTED
2026,1月,13,周二,14:55:19,FC05A793,SIMBR0088,SIMR0088,SIMU0071:User 71,GRANTED
2026,1月,13,周二,14:55:19,FEF21F79,SIMBR0230,SIMR0230,SIMU0159:User 159,GRANTED
2026,1月,13,周二,14:55:19,F3B58DFF,SIMBR0162,SIMR0162,SIMU0076:User 76,GRANTED
2026,1月,13,周二,14:55:19,3DC555DE,SIMBR0235,SIMR0235,SIMU0300:User 300,GRANTED
2026,1月,13,周二,14:55:19,E6D64EED,SIMBR0004,SIMR0004,SIMU0105:User 105,GRANTED
2026,1月,13,周二,14:55:19,273D28BF,SIMBR0238,SIMR0238,SIMU0057:User 57,GRANTED
2026,1月,13,周二,14:55:19,6C174D63,SIMBR0010,SIMR0010,SIMU0116:User 116,GRANTED
2026,1月,13,周二,14:55:19,FEB7592C,SIMBR0008,SIMR0008,SIMU0059:User 59,GRANTED
2026,1月,13,周二,14:55:19,D832D5F3,SIMBR0360,SIMR0360,SIMU0261:User 261,GRANTED
2026,1月,13,周二,14:55:19,3B22F02A,SIMBR0366,SIMR0366,SIMU0299:User 299,GRANTED
2026,1月,13,周二,14:55:19,58B690ED,SIMBR0124,SIMR0124,SIMU0081:User 81,GRANTED
2026,1月,13,周二,14:55:19,E116EA41,SIMBR0132,SIMR0132,SIMU0127:User 127,GRANTED
2026,1月,13,周二,14:55:19,B2D6FCB4,BR014,RES007,SIMU0086:User 86,DENIED
2026,1月,13,周二,14:55:19,C0993563,SIMBR0332,SIMR0332,SIMU0209:User 209,GRANTED
2026,1月,13,周二,14:55:19,853BC8DF,SIMBR0032,SIMR0032,SIMU0092:User 92,GRANTED
2026,1月,13,周二,14:55:19,01513E26,SIMBR0224,SIMR0224,SIMU0181:User 181,GRANTED
2026,1月,13,周二,14:55:19,E0F41E54,SIMBR0143,SIMR0143,SIMU0176:User 176,GRANTED
2026,1月,13,周二,14:55:19,D3799252,SIMBR0218,SIMR0218,SIMU0022:User 22,GRANTED
2026,1月,13,周二,14:55:19,C584F9D3,SIMBR0169,SIMR0169,EMP001:Zhang San,DENIED
2026,1月,13,周二,14:55:19,8B9117BE,SIMBR0035,SIMR0035,SIMU0165:User 165,GRANTED
2026,1月,13,周二,14:55:19,1A88116F,SIMBR0332,SIMR0332,SIMU0063:User 63,GRANTED
2026,1月,13,周二,14:55:19,E07F08A6,SIMBR0320,SIMR0320,SIMU0246:User 246,GRANTED
2026,1月,13,周二,14:55:19,FBBEF95C,SIMBR0288,SIMR0288,SIMU0025:User 25,GRANTED
2026,1月,13,周二,14:55:19,C73CE928,SIMBR0363,SIMR0363,SIMU0281:User 281,GRANTED
2026,1月,13,周二,14:55:19,273F3B3E,SIMBR0275,SIMR0275,SIMU0224:User 224,GRANTED
2026,1月,13,周二,14:55:19,E93FF152,SIMBR0238,SIMR0238,SIMU0197:User 197,GRANTED
2026,1月,13,周二,14:55:19,1B14F9BC,SIMBR0015,SIMR0015,SIMU0065:User 65,GRANTED
2026,1月,13,周二,14:55:19,5560EC7D,SIMBR0212,SIMR0212,SIMU0109:User 109,GRANTED
2026,1月,13,周二,14:55:19,A7A30652,SIMBR0297,SIMR0297,SIMU0094:User 94,GRANTED
2026,1月,13,周二,14:55:19,15D30411,SIMBR0268,SIMR0268,SIMU0289:User 289,GRANTED
2026,1月,13,周二,14:55:19,354118DA,SIMBR0378,SIMR0378,SIMU0052:User 52,GRANTED
2026,1月,13,周二,14:55:19,7CE9CF19,SIMBR0097,SIMR0097,SIMU0020:User 20,GRANTED
2026,1月,13,周二,14:55:19,C44E5E52,SIMBR0078,SIMR0078,SIMU0002:User 2,GRANTED
2026,1月,13,周二,14:55:19,8CBA0F42,SIMBR0066,SIMR0066,SIMU0152:User 152,GRANTED
2026,1月,13,周二,14:55:19,D2C7D462,SIMBR0192,SIMR0192,SIMU0061:User 61,GRANTED
2026,1月,13,周二,14:55:19,0A675EEC,SIMBR0371,SIMR0371,SIMU0138:User 138,GRANTED
2026,1月,13,周二,14:55:19,7BEB2168,SIMBR0383,SIMR0383,SIMU0282:User 282,GRANTED
2026,1月,13,周二,14:55:19,EF6713BA,SIMBR0387,SIMR0387,SIMU0153:User 153,GRANTED
2026,1月,13,周二,14:55:19,0641BA46,SIMBR0297,SIMR0297,SIMU0085:User 85,GRANTED
2026,1月,13,周二,14:55:19,FE83648E,SIMBR0246,SIMR0246,SIMU0142:User 142,GRANTED
2026,1月,13,周二,14:55:19,AA3155BB,SIMBR0267,SIMR0267,SIMU0050:User 50,GRANTED
2026,1月,13,周二,14:55:19,6E7782F8,SIMBR0356,SIMR0356,INT001:Zhao Liu,DENIED
2026,1月,13,周二,14:55:19,8CBA0F42,SIMBR0118,SIMR0118,SIMU0152:User 152,GRANTED
2026,1月,13,周二,14:55:19,F832AB7A,SIMBR0050,SIMR0050,SIMU0139:User 139,GRANTED
2026,1月,13,周二,14:55:19,050D9DEF,SIMBR0215,SIMR0215,SIMU0128:User 128,GRANTED
2026,1月,13,周二,14:55:19,CB0F203D,SIMBR0318,SIMR0318,SIMU0124:User 124,GRANTED
2026,1月,13,周二,14:55:19,6CEC1FDF,BR008,RES003,SIMU0230:User 230,DENIED
2026,1月,13,周二,14:55:19,3870BA5D,SIMBR0309,SIMR0309,SIMU0173:User 173,GRANTED
2026,1月,13,周二,14:55:19,BA6DDD0B,SIMBR0245,SIMR0245,SIMU0146:User 146,GRANTED
2026,1月,13,周二,14:55:19,C44E5E52,SIMBR0247,SIMR0247,SIMU0002:User 2,GRANTED
2026,1月,13,周二,14:55:19,50B332C8,SIMBR0036,SIMR0036,SIMU0122:User 122,GRANTED
2026,1月,13,周二,14:55:19,E6DCC382,SIMBR0236,SIMR0236,SIMU0158:User 158,GRANTED
2026,1月,13,周二,14:55:19,5AC1CCB2,SIMBR0281,SIMR0281,SIMU0264:User 264,GRANTED
2026,1月,13,周二,14:55:19,F0ADE55C,SIMBR0206,SIMR0206,SIMU0237:User 237,GRANTED
2026,1月,13,周二,14:55:19,6FFD7F45,SIMBR0328,SIMR0328,SIMU0198:User 198,GRANTED
2026,1月,13,周二,14:55:19,0FB515EE,SIMBR0161,SIMR0161,SIMU0033:User 33,GRANTED
2026,1月,13,周二,14:55:19,44B3ADEE,SIMBR0110,SIMR0110,SIMU0157:User 157,GRANTED
2026,1月,13,周二,14:55:19,6714B510,SIMBR0038,SIMR0038,SIMU0160:User 160,GRANTED
2026,1月,13,周二,14:55:19,CBD2A48A,SIMBR0069,SIMR0069,SIMU0021:User 21,GRANTED
2026,1月,13,周二,14:55:19,CD0D9101,SIMBR0283,SIMR0283,SIMU0135:User 135,GRANTED
2026,1月,13,周二,14:55:19,59E1ACA0,SIMBR0253,SIMR0253,SIMU0090:User 90,GRANTED
2026,1月,13,周二,14:55:19,F853E5E9,SIMBR0167,SIMR0167,SIMU0119:User 119,GRANTED
2026,1月,13,周二,14:55:19,84F825EE,SIMBR0077,SIMR0077,SIMU0150:User 150,GRANTED
2026,1月,13,周二,14:55:19,BD4961D3,SIMBR0198,SIMR0198,SIMU0169:User 169,GRANTED
2026,1月,13,周二,14:55:19,D49E4724,SIMBR0043,SIMR0043,SIMU0278:User 278,GRANTED
2026,1月,13,周二,14:55:19,D832D5F3,SIMBR0107,SIMR0107,SIMU0261:User 261,GRANTED
2026,1月,13,周二,14:55:19,6714B510,SIMBR0109,SIMR0109,SIMU0160:User 160,GRANTED
2026,1月,13,周二,14:55:19,B77EBDC0,SIMBR0249,SIMR0249,SIMU0203:User 203,GRANTED
2026,1月,13,周二,14:55:19,D3799252,SIMBR0055,SIMR0055,SIMU0022:User 22,GRANTED
2026,1月,13,周二,14:55:19,9FA88CE9,SIMBR0038,SIMR0038,SIMU0049:User 49,GRANTED
2026,1月,13,周二,14:55:19,3B7FFD92,SIMBR0276,SIMR0276,SIMU0256:User 256,GRANTED
2026,1月,13,周二,14:55:19,546575AC,SIMBR0078,SIMR0078,SIMU0140:User 140,GRANTED
2026,1月,13,周二,14:55:19,EEC38563,SIMBR0117,SIMR0117,SIMU0141:User 141,GRANTED
2026,1月,13,周二,14:55:19,C3943F18,SIMBR0245,SIMR0245,SIMU0113:User 113,GRANTED
2026,1月,13,周二,14:55:19,80AC649D,BR006,RES002,SIMU0088:User 88,DENIED
2026,1月,13,周二,14:55:19,0540806D,SIMBR0089,SIMR0089,SIMU0265:User 265,GRANTED
2026,1月,13,周二,14:55:19,94264C0C,SIMBR0012,SIMR0012,SIMU0118:User 118,GRANTED
2026,1月,13,周二,14:55:19,8EA215FF,SIMBR0193,SIMR0193,SIMU0201:User 201,GRANTED
2026,1月,13,周二,14:55:19,8CBA0F42,BR008,RES003,SIMU0152:User 152,DENIED
2026,1月,13,周二,14:55:19,BC450719,SIMBR0324,SIMR0324,SIMU0013:User 13,GRANTED
2026,1月,13,周二,14:55:19,CB1ACCC7,SIMBR0230,SIMR0230,SIMU0110:User 110,GRANTED
2026,1月,13,周二,14:55:19,B095C629,SIMBR0136,SIMR0136,SIMU0257:User 257,GRANTED
2026,1月,13,周二,14:55:19,CEC0E003,SIMBR0130,SIMR0130,SIMU0009:User 9,GRANTED
2026,1月,13,周二,14:55:19,3EA1EF87,SIMBR0291,SIMR0291,SIMU0229:User 229,GRANTED
2026,1月,13,周二,14:55:19,73913F8C,SIMBR0285,SIMR0285,SIMU0188:User 188,GRANTED
2026,1月,13,周二,14:55:19,1EE4C053,SIMBR0186,SIMR0186,SIMU0026:User 26,GRANTED
2026,1月,13,周二,14:55:19,B33C40D7,SIMBR0052,SIMR0052,SIMU0015:User 15,GRANTED
2026,1月,13,周二,14:55:19,6CEC1FDF,SIMBR0260,SIMR0260,SIMU0230:User 230,GRANTED
2026,1月,13,周二,14:55:19,BA841717,SIMBR0015,SIMR0015,SIMU0064:User 64,GRANTED
2026,1月,13,周二,14:55:19,3A395E30,SIMBR0094,SIMR0094,SIMU0280:User 280,GRANTED
2026,1月,13,周二,14:55:19,1EBD89C8,SIMBR0211,SIMR0211,SIMU0123:User 123,GRANTED
2026,1月,13,周二,14:55:19,B0B2BCE6,BR005,RES023,SIMU0208:User 208,DENIED
2026,1月,13,周二,14:55:19,A9E67E95,SIMBR0127,SIMR0127,SIMU0243:User 243,GRANTED
2026,1月,13,周二,14:55:19,F8F80D07,SIMBR0298,SIMR0298,SIMU0253:User 253,GRANTED
2026,1月,13,周二,14:55:19,0CFFFBA0,SIMBR0149,SIMR0149,SIMU0189:User 189,GRANTED
2026,1月,13,周二,14:55:19,E8751622,SIMBR0207,SIMR0207,SIMU0161:User 161,GRANTED
2026,1月,13,周二,14:55:19,66FC8294,SIMBR0255,SIMR0255,SIMU0180:User 180,GRANTED
2026,1月,13,周二,14:55:19,5334DCE6,SIMBR0207,SIMR0207,SIMU0179:User 179,GRANTED
2026,1月,13,周二,14:55:19,1E74F408,SIMBR0383,SIMR0383,SIMU0171:User 171,GRANTED
2026,1月,13,周二,14:55:19,35C69784,BR007,RES024,SIMU0168:User 168,DENIED
2026,1月,13,周二,14:55:19,D3E409F0,SIMBR0244,SIMR0244,SIMU0012:User 12,GRANTED
2026,1月,13,周二,14:55:19,66FC8294,SIMBR0277,SIMR0277,SIMU0180:User 180,GRANTED
2026,1月,13,周二,14:55:19,E6D64EED,SIMBR0125,SIMR0125,SIMU0105:User 105,GRANTED
2026,1月,13,周二,14:55:19,B3E8626A,SIMBR0062,SIMR0062,SIMU0239:User 239,GRANTED
2026,1月,13,周二,14:55:19,CA15B29F,BR010,RES004,SIMU0206:User 206,DENIED
2026,1月,13,周二,14:55:19,1E74F408,SIMBR0378,SIMR0378,SIMU0171:User 171,GRANTED
2026,1月,13,周二,14:55:19,8E0C2F27,SIMBR0104,SIMR0104,SIMU0126:User 126,GRANTED
2026,1月,13,周二,14:55:19,BA6DDD0B,SIMBR0177,SIMR0177,SIMU0146:User 146,GRANTED
2026,1月,13,周二,14:55:19,C5A57784,BR004,RES001,SIMU0072:User 72,DENIED
2026,1月,13,周二,14:55:19,128D7B1F,SIMBR0297,SIMR0297,SIMU0121:User 121,GRANTED
2026,1月,13,周二,14:55:19,14103484,SIMBR0262,SIMR0262,SIMU0074:User 74,GRANTED
2026,1月,13,周二,14:55:19,7BEB2168,SIMBR0231,SIMR0231,SIMU0282:User 282,GRANTED
2026,1月,13,周二,14:55:19,6BDE4067,BR020,RES013,SIMU0114:User 114,DENIED
2026,1月,13,周二,14:55:19,73913F8C,SIMBR0329,SIMR0329,SIMU0188:User 188,GRANTED
2026,1月,13,周二,14:55:19,0DE450B1,SIMBR0369,SIMR0369,SIMU0016:User 16,GRANTED
2026,1月,13,周二,14:55:19,44B3ADEE,SIMBR0317,SIMR0317,SIMU0157:User 157,GRANTED
2026,1月,13,周二,14:55:19,E0F41E54,SIMBR0022,SIMR0022,SIMU0176:User 176,GRANTED
2026,1月,13,周二,14:55:19,F3B58DFF,SIMBR0069,SIMR0069,SIMU0076:User 76,GRANTED
2026,1月,13,周二,14:55:19,C72DAED8,SIMBR0336,SIMR0336,SIMU0117:User 117,GRANTED
2026,1月,13,周二,14:55:19,6213A883,SIMBR0330,SIMR0330,SIMU0249:User 249,GRANTED
2026,1月,13,周二,14:55:19,F832AB7A,SIMBR0104,SIMR0104,SIMU0139:User 139,GRANTED
2026,1月,13,周二,14:55:19,273F3B3E,SIMBR0056,SIMR0056,SIMU0224:User 224,GRANTED
2026,1月,13,周二,14:55:19,CB1ACCC7,SIMBR0222,SIMR0222,SIMU0110:User 110,GRANTED
2026,1月,13,周二,14:55:19,8D67E6D5,SIMBR0327,SIMR0327,SIMU0045:User 45,GRANTED
2026,1月,13,周二,14:55:19,C46D887F,SIMBR0261,SIMR0261,SIMU0254:User 254,GRANTED
2026,1月,13,周二,14:55:19,75D7C714,SIMBR0239,SIMR0239,SIMU0005:User 5,GRANTED
2026,1月,13,周二,14:55:19,2EEB40A9,SIMBR0114,SIMR0114,SIMU0260:User 260,GRANTED
2026,1月,13,周二,14:55:19,B0DFB305,SIMBR0214,SIMR0214,SIMU0151:User 151,GRANTED
2026,1月,13,周二,14:55:19,37E9D9C0,SIMBR0212,SIMR0212,SIMU0034:User 34,GRANTED
2026,1月,13,周二,14:55:19,47C3A99F,SIMBR0057,SIMR0057,SIMU0136:User 136,GRANTED
2026,1月,13,周二,14:55:19,EFC60F14,SIMBR0072,SIMR0072,SIMU0286:User 286,GRANTED
2026,1月,13,周二,14:55:19,46895123,BR020,RES013,SIMU0132:User 132,DENIED
2026,1月,13,周二,14:55:19,CA15B29F,BR017,RES010,SIMU0206:User 206,DENIED
2026,1月,13,周二,14:55:19,2E121B44,SIMBR0114,SIMR0114,SIMU0258:User 258,GRANTED
2026,1月,13,周二,14:55:19,C0F19B1C,SIMBR0272,SIMR0272,SIMU0155:User 155,GRANTED
2026,1月,13,周二,14:55:19,8B9117BE,SIMBR0249,SIMR0249,SIMU0165:User 165,GRANTED
2026,1月,13,周二,14:55:19,3DDB17B7,BR009,RES025,SIMU0044:User 44,DENIED
2026,1月,13,周二,14:55:19,A7A30652,SIMBR0170,SIMR0170,SIMU0094:User 94,GRANTED
2026,1月,13,周二,14:55:19,628D5BBC,SIMBR0129,SIMR0129,SIMU0041:User 41,GRANTED
2026,1月,13,周二,14:55:19,13F09473,SIMBR0222,SIMR0222,SIMU0279:User 279,GRANTED
2026,1月,13,周二,14:55:19,FBFF5A63,SIMBR0286,SIMR0286,SIMU0184:User 184,GRANTED
2026,1月,13,周二,14:55:20,C3943F18,SIMBR0297,SIMR0297,SIMU0113:User 113,GRANTED
2026,1月,13,周二,14:55:20,6A6279C3,BR003,RES022,SIMU0178:User 178,DENIED
2026,1月,13,周二,14:55:20,4B59E256,SIMBR0052,SIMR0052,SIMU0182:User 182,GRANTED
2026,1月,13,周二,14:55:20,49B45DCD,BR003,RES022,SIMU0272:User 272,DENIED
2026,1月,13,周二,14:55:20,73913F8C,SIMBR0152,SIMR0152,SIMU0188:User 188,GRANTED
2026,1月,13,周二,14:55:20,EFC60F14,SIMBR0386,SIMR0386,SIMU0286:User 286,GRANTED
2026,1月,13,周二,14:55:20,F0ADE55C,SIMBR0375,SIMR0375,SIMU0237:User 237,GRANTED
2026,1月,13,周二,14:55:20,45BE30A8,SIMBR0209,SIMR0209,8d1a5202-9052-4f93-bf5a-4deffdf65fd3:a q,GRANTED
2026,1月,13,周二,14:55:20,E2506042,SIMBR0028,SIMR0028,SIMU0101:User 101,GRANTED
2026,1月,13,周二,14:55:20,D0B8FC16,SIMBR0064,SIMR0064,SIMU0185:User 185,GRANTED
2026,1月,13,周二,14:55:20,59E1ACA0,SIMBR0392,SIMR0392,SIMU0090:User 90,GRANTED
2026,1月,13,周二,14:55:20,FE83648E,SIMBR0364,SIMR0364,SIMU0142:User 142,GRANTED
2026,1月,13,周二,14:55:20,559213A2,SIMBR0398,SIMR0398,SIMU0047:User 47,GRANTED
2026,1月,13,周二,14:55:20,FE83648E,SIMBR0170,SIMR0170,SIMU0142:User 142,GRANTED
2026,1月,13,周二,14:55:20,69A8F764,SIMBR0178,SIMR0178,SIMU0240:User 240,GRANTED
2026,1月,13,周二,14:55:20,1E4AD759,SIMBR0259,SIMR0259,SIMU0029:User 29,GRANTED
2026,1月,13,周二,14:55:20,B3E8626A,SIMBR0150,SIMR0150,SIMU0239:User 239,GRANTED
2026,1月,13,周二,14:55:20,FBBEF95C,SIMBR0319,SIMR0319,SIMU0025:User 25,GRANTED
2026,1月,13,周二,14:55:20,394DF2A8,SIMBR0007,SIMR0007,SIMU0111:User 111,GRANTED
2026,1月,13,周二,14:55:20,0DE450B1,SIMBR0309,SIMR0309,SIMU0016:User 16,GRANTED
2026,1月,13,周二,14:55:20,35C69784,SIMBR0251,SIMR0251,SIMU0168:User 168,GRANTED
2026,1月,13,周二,14:55:20,B33C40D7,SIMBR0190,SIMR0190,SIMU0015:User 15,GRANTED
2026,1月,13,周二,14:55:20,5C4195BE,SIMBR0270,SIMR0270,SIMU0288:User 288,GRANTED
2026,1月,13,周二,14:55:20,AE2F46DE,SIMBR0159,SIMR0159,SIMU0232:User 232,GRANTED
2026,1月,13,周二,14:55:20,3EA1EF87,SIMBR0347,SIMR0347,SIMU0229:User 229,GRANTED
2026,1月,13,周二,14:55:20,3A395E30,SIMBR0252,SIMR0252,SIMU0280:User 280,GRANTED
2026,1月,13,周二,14:55:20,E116EA41,SIMBR0022,SIMR0022,SIMU0127:User 127,GRANTED
2026,1月,13,周二,14:55:20,E393950E,SIMBR0081,SIMR0081,SIMU0195:User 195,GRANTED
2026,1月,13,周二,14:55:20,FB68A282,SIMBR0185,SIMR0185,SIMU0183:User 183,GRANTED
2026,1月,13,周二,14:55:20,983FD996,SIMBR0322,SIMR0322,SIMU0225:User 225,GRANTED
2026,1月,13,周二,14:55:20,7C28253F,SIMBR0037,SIMR0037,SIMU0027:User 27,GRANTED
2026,1月,13,周二,14:55:20,97A9597E,SIMBR0007,SIMR0007,SIMU0030:User 30,GRANTED
2026,1月,13,周二,14:55:20,DB66EC85,SIMBR0307,SIMR0307,SIMU0100:User 100,GRANTED
2026,1月,13,周二,14:55:20,14103484,SIMBR0032,SIMR0032,SIMU0074:User 74,GRANTED
2026,1月,13,周二,14:55:20,0CFFFBA0,SIMBR0138,SIMR0138,SIMU0189:User 189,GRANTED
2026,1月,13,周二,14:55:20,D832D5F3,SIMBR0122,SIMR0122,SIMU0261:User 261,GRANTED
2026,1月,13,周二,14:55:20,C2F816DD,SIMBR0030,SIMR0030,SIMU0266:User 266,GRANTED
2026,1月,13,周二,14:55:20,B77EBDC0,SIMBR0350,SIMR0350,SIMU0203:User 203,GRANTED
2026,1月,13,周二,14:55:20,5A758FE3,SIMBR0198,SIMR0198,SIMU0103:User 103,GRANTED
2026,1月,13,周二,14:55:20,20D788EC,SIMBR0112,SIMR0112,SIMU0271:User 271,GRANTED
2026,1月,13,周二,14:55:20,66FC8294,SIMBR0144,SIMR0144,SIMU0180:User 180,GRANTED
2026,1月,13,周二,14:55:20,37E9D9C0,SIMBR0204,SIMR0204,SIMU0034:User 34,GRANTED
2026,1月,13,周二,14:55:20,15D30411,SIMBR0007,SIMR0007,SIMU0289:User 289,GRANTED
2026,1月,13,周二,14:55:20,3B22F02A,SIMBR0294,SIMR0294,SIMU0299:User 299,GRANTED
2026,1月,13,周二,14:55:20,F90964BF,SIMBR0006,SIMR0006,SIMU0091:User 91,GRANTED
2026,1月,13,周二,14:55:20,FAE4DEC5,SIMBR0203,SIMR0203,SIMU0053:User 53,GRANTED
2026,1月,13,周二,14:55:20,FB68A282,SIMBR0211,SIMR0211,SIMU0183:User 183,GRANTED
2026,1月,13,周二,14:55:20,643D2F0C,SIMBR0266,SIMR0266,SIMU0048:User 48,GRANTED
2026,1月,13,周二,14:55:20,8EA215FF,SIMBR0144,SIMR0144,SIMU0201:User 201,GRANTED
2026,1月,13,周二,14:55:20,47A80030,SIMBR0293,SIMR0293,SIMU0234:User 234,GRANTED
2026,1月,13,周二,14:55:20,1A88116F,SIMBR0005,SIMR0005,SIMU0063:User 63,GRANTED
2026,1月,13,周二,14:55:20,BD4961D3,SIMBR0236,SIMR0236,SIMU0169:User 169,GRANTED
2026,1月,13,周二,14:55:20,91E5E6B0,BR005,RES023,SIMU0079:User 79,DENIED
2026,1月,13,周二,14:55:20,D0871CF1,SIMBR0346,SIMR0346,SIMU0007:User 7,GRANTED
2026,1月,13,周二,14:55:20,AF6C110D,SIMBR0309,SIMR0309,SIMU0080:User 80,GRANTED
2026,1月,13,周二,14:55:20,72A4E470,SIMBR0126,SIMR0126,SIMU0268:User 268,GRANTED
2026,1月,13,周二,14:55:20,C50459DB,SIMBR0067,SIMR0067,SIMU0262:User 262,GRANTED
2026,1月,13,周二,14:55:20,E6DCC382,SIMBR0333,SIMR0333,SIMU0158:User 158,GRANTED
2026,1月,13,周二,14:55:20,58B690ED,SIMBR0106,SIMR0106,SIMU0081:User 81,GRANTED
2026,1月,13,周二,14:55:20,F90964BF,SIMBR0006,SIMR0006,SIMU0091:User 91,GRANTED
2026,1月,13,周二,14:55:20,0EE439B9,SIMBR0310,SIMR0310,SIMU0004:User 4,GRANTED
2026,1月,13,周二,14:55:20,29200997,SIMBR0237,SIMR0237,SIMU0186:User 186,GRANTED
2026,1月,13,周二,14:55:20,C46D887F,BR002,RES021,SIMU0254:User 254,DENIED
2026,1月,13,周二,14:55:20,29200997,BR001,RES020,SIMU0186:User 186,DENIED
2026,1月,13,周二,14:55:20,B6F02DDB,SIMBR0152,SIMR0152,SIMU0156:User 156,GRANTED
2026,1月,13,周二,14:55:20,3DDB17B7,SIMBR0325,SIMR0325,SIMU0044:User 44,GRANTED
2026,1月,13,周二,14:55:20,D0871CF1,SIMBR0248,SIMR0248,SIMU0007:User 7,GRANTED
2026,1月,13,周二,14:55:20,6213A883,SIMBR0310,SIMR0310,SIMU0249:User 249,GRANTED
2026,1月,13,周二,14:55:20,359F9D02,SIMBR0219,SIMR0219,SIMU0087:User 87,GRANTED
2026,1月,13,周二,14:55:20,1812D558,BR013,RES006,SIMU0214:User 214,DENIED
2026,1月,13,周二,14:55:20,582A6476,SIMBR0310,SIMR0310,SIMU0046:User 46,GRANTED
2026,1月,13,周二,14:55:20,2056B86F,SIMBR0275,SIMR0275,SIMU0067:User 67,GRANTED
2026,1月,13,周二,14:55:20,BA6DDD0B,BR002,RES021,SIMU0146:User 146,DENIED
2026,1月,13,周二,14:55:20,6213A883,SIMBR0290,SIMR0290,SIMU0249:User 249,GRANTED
2026,1月,13,周二,14:55:20,7B914E9E,SIMBR0175,SIMR0175,SIMU0215:User 215,GRANTED
2026,1月,13,周二,14:55:20,D0171F97,SIMBR0387,SIMR0387,SIMU0032:User 32,GRANTED
2026,1月,13,周二,14:55:20,95379CDB,SIMBR0300,SIMR0300,f46ee39b-ac9d-4193-a478-f8cfc35cec07:gagaga a,GRANTED
2026,1月,13,周二,14:55:20,B2D6FCB4,SIMBR0051,SIMR0051,SIMU0086:User 86,GRANTED
2026,1月,13,周二,14:55:20,80BC1A17,SIMBR0147,SIMR0147,SIMU0112:User 112,GRANTED
2026,1月,13,周二,14:55:20,C6E3BF57,SIMBR0388,SIMR0388,SIMU0297:User 297,GRANTED
2026,1月,13,周二,14:55:20,7BEB2168,SIMBR0208,SIMR0208,SIMU0282:User 282,GRANTED
2026,1月,13,周二,14:55:20,0FB515EE,SIMBR0170,SIMR0170,SIMU0033:User 33,GRANTED
2026,1月,13,周二,14:55:20,5FF2F656,SIMBR0345,SIMR0345,SIMU0120:User 120,GRANTED
2026,1月,13,周二,14:55:20,F90964BF,SIMBR0323,SIMR0323,SIMU0091:User 91,GRANTED
2026,1月,13,周二,14:55:20,489655D2,SIMBR0068,SIMR0068,CON001:Wang Wu,DENIED
2026,1月,13,周二,14:55:20,068AFAB6,SIMBR0294,SIMR0294,SIMU0115:User 115,GRANTED
2026,1月,13,周二,14:55:20,4DFA0FE5,SIMBR0240,SIMR0240,SIMU0255:User 255,GRANTED
2026,1月,13,周二,14:55:20,47C3A99F,SIMBR0116,SIMR0116,SIMU0136:User 136,GRANTED
2026,1月,13,周二,14:55:20,B33C40D7,SIMBR0285,SIMR0285,SIMU0015:User 15,GRANTED
2026,1月,13,周二,14:55:20,F853E5E9,SIMBR0211,SIMR0211,SIMU0119:User 119,GRANTED
2026,1月,13,周二,14:55:20,57DBFC15,SIMBR0378,SIMR0378,SIMU0290:User 290,GRANTED
2026,1月,13,周二,14:55:20,9FA88CE9,SIMBR0395,SIMR0395,SIMU0049:User 49,GRANTED
2026,1月,13,周二,14:55:20,4FC5D562,SIMBR0161,SIMR0161,SIMU0275:User 275,GRANTED
2026,1月,13,周二,14:55:20,FD75651D,SIMBR0085,SIMR0085,SIMU0238:User 238,GRANTED
2026,1月,13,周二,14:55:20,41981850,SIMBR0073,SIMR0073,SIMU0263:User 263,GRANTED
2026,1月,13,周二,14:55:20,D0B8FC16,SIMBR0208,SIMR0208,SIMU0185:User 185,GRANTED
2026,1月,13,周二,14:55:20,D3E409F0,SIMBR0042,SIMR0042,SIMU0012:User 12,GRANTED
2026,1月,13,周二,14:55:20,DA3D486F,BR022,RES015,SIMU0028:User 28,DENIED
2026,1月,13,周二,14:55:20,D324F0AC,SIMBR0038,SIMR0038,SIMU0108:User 108,GRANTED
2026,1月,13,周二,14:55:20,4AF57AEF,SIMBR0151,SIMR0151,SIMU0193:User 193,GRANTED
2026,1月,13,周二,14:55:20,FB68A282,SIMBR0014,SIMR0014,SIMU0183:User 183,GRANTED
2026,1月,13,周二,14:55:20,14103484,SIMBR0032,SIMR0032,SIMU0074:User 74,GRANTED
2026,1月,13,周二,14:55:20,2056B86F,SIMBR0366,SIMR0366,SIMU0067:User 67,GRANTED
2026,1月,13,周二,14:55:20,C31E01F0,BR018,RES011,SIMU0192:User 192,DENIED
2026,1月,13,周二,14:55:20,87F48A64,SIMBR0207,SIMR0207,SIMU0143:User 143,GRANTED
2026,1月,13,周二,14:55:20,1812D558,SIMBR0076,SIMR0076,SIMU0214:User 214,GRANTED
2026,1月,13,周二,14:55:20,6FFD7F45,SIMBR0100,SIMR0100,SIMU0198:User 198,GRANTED
2026,1月,13,周二,14:55:20,D2C7D462,SIMBR0321,SIMR0321,SIMU0061:User 61,GRANTED
2026,1月,13,周二,14:55:20,FC05A793,SIMBR0194,SIMR0194,SIMU0071:User 71,GRANTED
2026,1月,13,周二,14:55:20,78D4B102,SIMBR0200,SIMR0200,SIMU0283:User 283,GRANTED
2026,1月,13,周二,14:55:20,72A4E470,SIMBR0249,SIMR0249,SIMU0268:User 268,GRANTED
2026,1月,13,周二,14:55:20,81F12C1B,SIMBR0383,SIMR0383,SIMU0200:User 200,GRANTED
2026,1月,13,周二,14:55:20,C72DAED8,SIMBR0239,SIMR0239,SIMU0117:User 117,GRANTED
2026,1月,13,周二,14:55:20,AA3155BB,SIMBR0229,SIMR0229,SIMU0050:User 50,GRANTED
2026,1月,13,周二,14:55:20,C73CE928,SIMBR0091,SIMR0091,SIMU0281:User 281,GRANTED
2026,1月,13,周二,14:55:20,6CEC1FDF,SIMBR0397,SIMR0397,SIMU0230:User 230,GRANTED
2026,1月,13,周二,14:55:20,1EBD89C8,BR020,RES013,SIMU0123:User 123,DENIED
2026,1月,13,周二,14:55:20,7B914E9E,SIMBR0164,SIMR0164,SIMU0215:User 215,GRANTED
2026,1月,13,周二,14:55:20,0CFFFBA0,SIMBR0304,SIMR0304,SIMU0189:User 189,GRANTED
2026,1月,13,周二,14:55:20,874CC50E,SIMBR0270,SIMR0270,SIMU0036:User 36,GRANTED
2026,1月,13,周二,14:55:20,1EE4C053,SIMBR0348,SIMR0348,SIMU0026:User 26,GRANTED
2026,1月,13,周二,14:55:20,15AB7C7D,SIMBR0037,SIMR0037,SIMU0096:User 96,GRANTED
2026,1月,13,周二,14:55:20,53A1B264,SIMBR0261,SIMR0261,SIMU0017:User 17,GRANTED
2026,1月,13,周二,14:55:20,01513E26,SIMBR0253,SIMR0253,SIMU0181:User 181,GRANTED
2026,1月,13,周二,14:55:20,C72DAED8,SIMBR0399,SIMR0399,SIMU0117:User 117,GRANTED
2026,1月,13,周二,14:55:20,1812D558,SIMBR0176,SIMR0176,SIMU0214:User 214,GRANTED
2026,1月,13,周二,14:55:20,9A00F337,SIMBR0081,SIMR0081,SIMU0285:User 285,GRANTED
2026,1月,13,周二,14:55:20,8BF81A2A,SIMBR0303,SIMR0303,SIMU0233:User 233,GRANTED
2026,1月,13,周二,14:55:20,C46D887F,SIMBR0171,SIMR0171,SIMU0254:User 254,GRANTED
2026,1月,13,周二,14:55:20,4FC5D562,SIMBR0017,SIMR0017,SIMU0275:User 275,GRANTED
2026,1月,13,周二,14:55:20,72A4E470,SIMBR0240,SIMR0240,SIMU0268:User 268,GRANTED
2026,1月,13,周二,14:55:20,3EA1EF87,SIMBR0151,SIMR0151,SIMU0229:User 229,GRANTED
2026,1月,13,周二,14:55:20,97A9597E,SIMBR0322,SIMR0322,SIMU0030:User 30,GRANTED
2026,1月,13,周二,14:55:20,C169BAEB,SIMBR0139,SIMR0139,SIMU0174:User 174,GRANTED
2026,1月,13,周二,14:55:20,9615FFCC,SIMBR0256,SIMR0256,SIMU0010:User 10,GRANTED
2026,1月,13,周二,14:55:20,C2EDBC0C,BR011,RES026,SIMU0226:User 226,DENIED
2026,1月,13,周二,14:55:20,643D2F0C,SIMBR0021,SIMR0021,SIMU0048:User 48,GRANTED
2026,1月,13,周二,14:55:20,94264C0C,SIMBR0116,SIMR0116,SIMU0118:User 118,GRANTED
2026,1月,13,周二,14:55:20,18788AAF,BR013,RES006,SIMU0298:User 298,DENIED
2026,1月,13,周二,14:55:20,6F12BFA3,SIMBR0238,SIMR0238,SIMU0218:User 218,GRANTED
2026,1月,13,周二,14:55:20,E93FF152,SIMBR0228,SIMR0228,SIMU0197:User 197,GRANTED
2026,1月,13,周二,14:55:20,CB2FA116,SIMBR0041,SIMR0041,SIMU0172:User 172,GRANTED
2026,1月,13,周二,14:55:20,F6E7D08A,SIMBR0126,SIMR0126,SIMU0001:User 1,GRANTED
2026,1月,13,周二,14:55:20,49B45DCD,SIMBR0286,SIMR0286,SIMU0272:User 272,GRANTED
2026,1月,13,周二,14:55:20,B0DFB305,SIMBR0327,SIMR0327,SIMU0151:User 151,GRANTED
2026,1月,13,周二,14:55:20,8884A944,SIMBR0305,SIMR0305,SIMU0295:User 295,GRANTED
2026,1月,13,周二,14:55:20,9A00F337,SIMBR0267,SIMR0267,SIMU0285:User 285,GRANTED
2026,1月,13,周二,14:55:20,D324F0AC,SIMBR0231,SIMR0231,SIMU0108:User 108,GRANTED
2026,1月,13,周二,14:55:20,A9E67E95,SIMBR0205,SIMR0205,SIMU0243:User 243,GRANTED
2026,1月,13,周二,14:55:20,BC450719,SIMBR0122,SIMR0122,SIMU0013:User 13,GRANTED
2026,1月,13,周二,14:55:20,D324F0AC,SIMBR0005,SIMR0005,SIMU0108:User 108,GRANTED
2026,1月,13,周二,14:55:20,8884A944,SIMBR0080,SIMR0080,SIMU0295:User 295,GRANTED
2026,1月,13,周二,14:55:20,3EA1EF87,SIMBR0087,SIMR0087,SIMU0229:User 229,GRANTED
2026,1月,13,周二,14:55:20,14103484,SIMBR0240,SIMR0240,SIMU0074:User 74,GRANTED
2026,1月,13,周二,14:55:20,F853E5E9,SIMBR0071,SIMR0071,SIMU0119:User 119,GRANTED
2026,1月,13,周二,14:55:20,1E74F408,SIMBR0237,SIMR0237,SIMU0171:User 171,GRANTED
2026,1月,13,周二,14:55:20,E07F08A6,SIMBR0299,SIMR0299,SIMU0246:User 246,GRANTED
2026,1月,13,周二,14:55:20,15D30411,SIMBR0295,SIMR0295,SIMU0289:User 289,GRANTED
2026,1月,13,周二,14:55:20,F616A325,SIMBR0116,SIMR0116,SIMU0194:User 194,GRANTED
2026,1月,13,周二,14:55:20,128D7B1F,SIMBR0391,SIMR0391,SIMU0121:User 121,GRANTED
2026,1月,13,周二,14:55:20,E6D64EED,SIMBR0177,SIMR0177,SIMU0105:User 105,GRANTED
2026,1月,13,周二,14:55:20,CB0F203D,SIMBR0272,SIMR0272,SIMU0124:User 124,GRANTED
2026,1月,13,周二,14:55:20,2289A51E,SIMBR0277,SIMR0277,SIMU0273:User 273,GRANTED
2026,1月,13,周二,14:55:20,21A13EE6,SIMBR0212,SIMR0212,SIMU0133:User 133,GRANTED
2026,1月,13,周二,14:55:20,DA3D486F,SIMBR0323,SIMR0323,SIMU0028:User 28,GRANTED
2026,1月,13,周二,14:55:20,54C5EDBD,SIMBR0179,SIMR0179,SIMU0145:User 145,GRANTED
2026,1月,13,周二,14:55:20,F90964BF,SIMBR0386,SIMR0386,SIMU0091:User 91,GRANTED
2026,1月,13,周二,14:55:20,DB66EC85,SIMBR0398,SIMR0398,SIMU0100:User 100,GRANTED
2026,1月,13,周二,14:55:20,7CE9CF19,SIMBR0188,SIMR0188,SIMU0020:User 20,GRANTED
2026,1月,13,周二,14:55:20,D0871CF1,SIMBR0187,SIMR0187,SIMU0007:User 7,GRANTED
2026,1月,13,周二,14:55:20,CD0D9101,SIMBR0155,SIMR0155,SIMU0135:User 135,GRANTED
2026,1月,13,周二,14:55:20,E116EA41,SIMBR0310,SIMR0310,SIMU0127:User 127,GRANTED
2026,1月,13,周二,14:55:20,D0B8FC16,SIMBR0295,SIMR0295,SIMU0185:User 185,GRANTED
2026,1月,13,周二,14:55:20,A74F536B,SIMBR0022,SIMR0022,SIMU0097:User 97,GRANTED
2026,1月,13,周二,14:55:20,1A3D1ED6,SIMBR0347,SIMR0347,SIMU0231:User 231,GRANTED
2026,1月,13,周二,14:55:20,D0871CF1,BR022,RES015,SIMU0007:User 7,DENIED
2026,1月,13,周二,14:55:20,D49E4724,SIMBR0286,SIMR0286,SIMU0278:User 278,GRANTED
2026,1月,13,周二,14:55:20,A7A30652,SIMBR0293,SIMR0293,SIMU0094:User 94,GRANTED
2026,1月,13,周二,14:55:20,0A675EEC,SIMBR0218,SIMR0218,SIMU0138:User 138,GRANTED
2026,1月,13,周二,14:55:20,35C69784,BR020,RES013,SIMU0168:User 168,DENIED
2026,1月,13,周二,14:55:20,BD4961D3,SIMBR0112,SIMR0112,SIMU0169:User 169,GRANTED
2026,1月,13,周二,14:55:20,58B690ED,SIMBR0357,SIMR0357,SIMU0081:User 81,GRANTED
2026,1月,13,周二,14:55:20,8B9117BE,SIMBR0284,SIMR0284,SIMU0165:User 165,GRANTED
2026,1月,13,周二,14:55:20,81F12C1B,SIMBR0107,SIMR0107,SIMU0200:User 200,GRANTED
2026,1月,13,周二,14:55:20,DA33A96E,SIMBR0331,SIMR0331,SIMU0190:User 190,GRANTED
2026,1月,13,周二,14:55:20,0EE439B9,SIMBR0257,SIMR0257,SIMU0004:User 4,GRANTED
2026,1月,13,周二,14:55:20,40A1D543,SIMBR0072,SIMR0072,SIMU0267:User 267,GRANTED
2026,1月,13,周二,14:55:20,D2C7D462,SIMBR0183,SIMR0183,SIMU0061:User 61,GRANTED
2026,1月,13,周二,14:55:20,7C3923AE,SIMBR0274,SIMR0274,SIMU0210:User 210,GRANTED
2026,1月,13,周二,14:55:20,9A00F337,SIMBR0387,SIMR0387,SIMU0285:User 285,GRANTED
2026,1月,13,周二,14:55:20,C72DAED8,SIMBR0260,SIMR0260,SIMU0117:User 117,GRANTED
2026,1月,13,周二,14:55:20,7413D955,BR019,RES012,SIMU0075:User 75,DENIED
2026,1月,13,周二,14:55:20,518BCEDD,SIMBR0283,SIMR0283,SIMU0011:User 11,GRANTED
2026,1月,13,周二,14:55:20,273F3B3E,SIMBR0297,SIMR0297,SIMU0224:User 224,GRANTED
2026,1月,13,周二,14:55:20,3870BA5D,SIMBR0248,SIMR0248,SIMU0173:User 173,GRANTED
2026,1月,13,周二,14:55:20,068AFAB6,SIMBR0260,SIMR0260,SIMU0115:User 115,GRANTED
2026,1月,13,周二,14:55:20,50B332C8,BR019,RES012,SIMU0122:User 122,DENIED
2026,1月,13,周二,14:55:20,D87DCC23,SIMBR0113,SIMR0113,SIMU0006:User 6,GRANTED
2026,1月,13,周二,14:55:20,D49E4724,SIMBR0277,SIMR0277,SIMU0278:User 278,GRANTED
2026,1月,13,周二,14:55:20,359F9D02,SIMBR0101,SIMR0101,SIMU0087:User 87,GRANTED
2026,1月,13,周二,14:55:21,853BC8DF,BR008,RES003,SIMU0092:User 92,DENIED
2026,1月,13,周二,14:55:21,16ED8B1D,SIMBR0278,SIMR0278,SIMU0073:User 73,GRANTED
2026,1月,13,周二,14:55:21,37FA6637,SIMBR0263,SIMR0263,SIMU0199:User 199,GRANTED
2026,1月,13,周二,14:55:21,6F12BFA3,SIMBR0006,SIMR0006,SIMU0218:User 218,GRANTED
2026,1月,13,周二,14:55:21,6C174D63,SIMBR0050,SIMR0050,SIMU0116:User 116,GRANTED
2026,1月,13,周二,14:55:21,7413D955,SIMBR0056,SIMR0056,SIMU0075:User 75,GRANTED
2026,1月,13,周二,14:55:21,3B9B3EAE,SIMBR0305,SIMR0305,SIMU0144:User 144,GRANTED
2026,1月,13,周二,14:55:21,B6F02DDB,SIMBR0225,SIMR0225,SIMU0156:User 156,GRANTED
2026,1月,13,周二,14:55:21,80BC1A17,SIMBR0188,SIMR0188,SIMU0112:User 112,GRANTED
2026,1月,13,周二,14:55:21,CB1ACCC7,SIMBR0394,SIMR0394,SIMU0110:User 110,GRANTED
2026,1月,13,周二,14:55:21,CA782D54,SIMBR0010,SIMR0010,SIMU0219:User 219,GRANTED
2026,1月,13,周二,14:55:21,D0B8FC16,SIMBR0075,SIMR0075,SIMU0185:User 185,GRANTED
2026,1月,13,周二,14:55:21,BA1008EF,SIMBR0347,SIMR0347,SIMU0083:User 83,GRANTED
2026,1月,13,周二,14:55:21,50B332C8,SIMBR0001,SIMR0001,SIMU0122:User 122,GRANTED
2026,1月,13,周二,14:55:21,73913F8C,BR011,RES026,SIMU0188:User 188,DENIED
2026,1月,13,周二,14:55:21,1A88116F,SIMBR0224,SIMR0224,SIMU0063:User 63,GRANTED
2026,1月,13,周二,14:55:21,15AB7C7D,SIMBR0006,SIMR0006,SIMU0096:User 96,GRANTED
2026,1月,13,周二,14:55:21,AA3155BB,SIMBR0215,SIMR0215,SIMU0050:User 50,GRANTED
2026,1月,13,周二,14:55:21,24DE0286,SIMBR0342,SIMR0342,SIMU0221:User 221,GRANTED
2026,1月,13,周二,14:55:21,BA1008EF,SIMBR0201,SIMR0201,SIMU0083:User 83,GRANTED
2026,1月,13,周二,14:55:21,2289A51E,SIMBR0204,SIMR0204,SIMU0273:User 273,GRANTED
2026,1月,13,周二,14:55:21,C0993563,SIMBR0131,SIMR0131,SIMU0209:User 209,GRANTED
2026,1月,13,周二,14:55:21,E55AD432,SIMBR0187,SIMR0187,SIMU0134:User 134,GRANTED
2026,1月,13,周二,14:55:21,DA33A96E,SIMBR0023,SIMR0023,SIMU0190:User 190,GRANTED
2026,1月,13,周二,14:55:21,44B3ADEE,SIMBR0162,SIMR0162,SIMU0157:User 157,GRANTED
2026,1月,13,周二,14:55:21,5D5C3450,SIMBR0362,SIMR0362,SIMU0131:User 131,GRANTED
2026,1月,13,周二,14:55:21,DA3D486F,SIMBR0366,SIMR0366,SIMU0028:User 28,GRANTED
2026,1月,13,周二,14:55:21,24A968FA,SIMBR0001,SIMR0001,SIMU0241:User 241,GRANTED
2026,1月,13,周二,14:55:21,1792E539,SIMBR0024,SIMR0024,SIMU0292:User 292,GRANTED
2026,1月,13,周二,14:55:21,559213A2,SIMBR0031,SIMR0031,SIMU0047:User 47,GRANTED
2026,1月,13,周二,14:55:21,964B6B12,SIMBR0071,SIMR0071,SIMU0003:User 3,GRANTED
2026,1月,13,周二,14:55:21,7D277C80,SIMBR0379,SIMR0379,SIMU0212:User 212,GRANTED
2026,1月,13,周二,14:55:21,A5DEC594,SIMBR0148,SIMR0148,SIMU0084:User 84,GRANTED
2026,1月,13,周二,14:55:21,81F12C1B,BR011,RES026,SIMU0200:User 200,DENIED
2026,1月,13,周二,14:55:21,B0B2BCE6,BR002,RES021,SIMU0208:User 208,DENIED
2026,1月,13,周二,14:55:21,C2F816DD,SIMBR0075,SIMR0075,SIMU0266:User 266,GRANTED
2026,1月,13,周二,14:55:21,C0CB4AFF,SIMBR0365,SIMR0365,SIMU0235:User 235,GRANTED
2026,1月,13,周二,14:55:21,78D74DDD,BR021,RES014,VIS001:Qian Qi,DENIED
2026,1月,13,周二,14:55:21,9FA88CE9,SIMBR0210,SIMR0210,SIMU0049:User 49,GRANTED
2026,1月,13,周二,14:55:21,E07F08A6,SIMBR0257,SIMR0257,SIMU0246:User 246,GRANTED
2026,1月,13,周二,14:55:21,C72DAED8,SIMBR0386,SIMR0386,SIMU0117:User 117,GRANTED
2026,1月,13,周二,14:55:21,D6BC3463,SIMBR0254,SIMR0254,SIMU0037:User 37,GRANTED
2026,1月,13,周二,14:55:21,F616A325,SIMBR0203,SIMR0203,SIMU0194:User 194,GRANTED
2026,1月,13,周二,14:55:21,78D4B102,SIMBR0015,SIMR0015,SIMU0283:User 283,GRANTED
2026,1月,13,周二,14:55:21,2E121B44,BR016,RES009,SIMU0258:User 258,DENIED
2026,1月,13,周二,14:55:21,AB055C88,SIMBR0329,SIMR0329,SIMU0024:User 24,GRANTED
2026,1月,13,周二,14:55:21,56619802,SIMBR0113,SIMR0113,SIMU0202:User 202,GRANTED
2026,1月,13,周二,14:55:21,1E74F408,SIMBR0316,SIMR0316,SIMU0171:User 171,GRANTED
2026,1月,13,周二,14:55:21,C31E01F0,SIMBR0348,SIMR0348,SIMU0192:User 192,GRANTED
2026,1月,13,周二,14:55:21,FB68A282,SIMBR0066,SIMR0066,SIMU0183:User 183,GRANTED
2026,1月,13,周二,14:55:21,F1D4B1B6,SIMBR0392,SIMR0392,SIMU0247:User 247,GRANTED
2026,1月,13,周二,14:55:21,7413D955,SIMBR0237,SIMR0237,SIMU0075:User 75,GRANTED
2026,1月,13,周二,14:55:21,D832D5F3,SIMBR0134,SIMR0134,SIMU0261:User 261,GRANTED
2026,1月,13,周二,14:55:21,853BC8DF,SIMBR0280,SIMR0280,SIMU0092:User 92,GRANTED
2026,1月,13,周二,14:55:21,E2506042,SIMBR0022,SIMR0022,SIMU0101:User 101,GRANTED
2026,1月,13,周二,14:55:21,BA0243B9,SIMBR0392,SIMR0392,PM001:Sun Ba,DENIED
2026,1月,13,周二,14:55:21,5334DCE6,SIMBR0392,SIMR0392,SIMU0179:User 179,GRANTED
2026,1月,13,周二,14:55:21,273F3B3E,SIMBR0354,SIMR0354,SIMU0224:User 224,GRANTED
2026,1月,13,周二,14:55:21,80BC1A17,SIMBR0196,SIMR0196,SIMU0112:User 112,GRANTED
2026,1月,13,周二,14:55:21,18788AAF,SIMBR0193,SIMR0193,SIMU0298:User 298,GRANTED
2026,1月,13,周二,14:55:21,A5DEC594,SIMBR0146,SIMR0146,SIMU0084:User 84,GRANTED
2026,1月,13,周二,14:55:21,2289A51E,SIMBR0042,SIMR0042,SIMU0273:User 273,GRANTED
2026,1月,13,周二,14:55:21,7C3923AE,SIMBR0205,SIMR0205,SIMU0210:User 210,GRANTED
2026,1月,13,周二,14:55:21,58B690ED,SIMBR0253,SIMR0253,SIMU0081:User 81,GRANTED
2026,1月,13,周二,14:55:21,9A00F337,SIMBR0200,SIMR0200,SIMU0285:User 285,GRANTED
2026,1月,13,周二,14:55:21,45BE30A8,SIMBR0248,SIMR0248,8d1a5202-9052-4f93-bf5a-4deffdf65fd3:a q,GRANTED
2026,1月,13,周二,14:55:21,FAE4DEC5,SIMBR0377,SIMR0377,SIMU0053:User 53,GRANTED
2026,1月,13,周二,14:55:21,B6F02DDB,SIMBR0207,SIMR0207,SIMU0156:User 156,GRANTED
2026,1月,13,周二,14:55:21,DB66EC85,SIMBR0323,SIMR0323,SIMU0100:User 100,GRANTED
2026,1月,13,周二,14:55:21,701D5B3A,SIMBR0207,SIMR0207,SIMU0211:User 211,GRANTED
2026,1月,13,周二,14:55:21,4B59E256,SIMBR0209,SIMR0209,SIMU0182:User 182,GRANTED
2026,1月,13,周二,14:55:21,D3E409F0,SIMBR0057,SIMR0057,SIMU0012:User 12,GRANTED
2026,1月,13,周二,14:55:21,2E121B44,SIMBR0187,SIMR0187,SIMU0258:User 258,GRANTED
2026,1月,13,周二,14:55:21,A2589816,SIMBR0253,SIMR0253,SIMU0082:User 82,GRANTED
2026,1月,13,周二,14:55:21,C6173DD5,SIMBR0307,SIMR0307,SIMU0023:User 23,GRANTED
2026,1月,13,周二,14:55:21,0641BA46,SIMBR0386,SIMR0386,SIMU0085:User 85,GRANTED
2026,1月,13,周二,14:55:21,0DE450B1,SIMBR0289,SIMR0289,SIMU0016:User 16,GRANTED
2026,1月,13,周二,14:55:21,D6BC3463,SIMBR0167,SIMR0167,SIMU0037:User 37,GRANTED
2026,1月,13,周二,14:55:21,6CEC1FDF,SIMBR0015,SIMR0015,SIMU0230:User 230,GRANTED
2026,1月,13,周二,14:55:21,E137F666,SIMBR0123,SIMR0123,SIMU0220:User 220,GRANTED
2026,1月,13,周二,14:55:21,78D4B102,SIMBR0223,SIMR0223,SIMU0283:User 283,GRANTED
2026,1月,13,周二,14:55:21,E2506042,SIMBR0192,SIMR0192,SIMU0101:User 101,GRANTED
2026,1月,13,周二,14:55:21,C04BAEE8,SIMBR0115,SIMR0115,SIMU0129:User 129,GRANTED
2026,1月,13,周二,14:55:21,273D28BF,SIMBR0168,SIMR0168,SIMU0057:User 57,GRANTED
2026,1月,13,周二,14:55:21,5E9892AA,SIMBR0040,SIMR0040,SIMU0293:User 293,GRANTED
2026,1月,13,周二,14:55:21,9A00F337,SIMBR0122,SIMR0122,SIMU0285:User 285,GRANTED
2026,1月,13,周二,14:55:21,CCACC23C,SIMBR0326,SIMR0326,SIMU0149:User 149,GRANTED
2026,1月,13,周二,14:55:21,B0DFB305,SIMBR0278,SIMR0278,SIMU0151:User 151,GRANTED
2026,1月,13,周二,14:55:21,2E121B44,SIMBR0091,SIMR0091,SIMU0258:User 258,GRANTED
2026,1月,13,周二,14:55:21,0540806D,SIMBR0007,SIMR0007,SIMU0265:User 265,GRANTED
2026,1月,13,周二,14:55:21,3122BEFD,SIMBR0061,SIMR0061,SIMU0066:User 66,GRANTED
2026,1月,13,周二,14:55:21,3EA1EF87,SIMBR0033,SIMR0033,SIMU0229:User 229,GRANTED
2026,1月,13,周二,14:55:21,3DDB17B7,SIMBR0362,SIMR0362,SIMU0044:User 44,GRANTED
2026,1月,13,周二,14:55:21,FC05A793,SIMBR0358,SIMR0358,SIMU0071:User 71,GRANTED
2026,1月,13,周二,14:55:21,BA1008EF,SIMBR0103,SIMR0103,SIMU0083:User 83,GRANTED
2026,1月,13,周二,14:55:21,8BF81A2A,SIMBR0222,SIMR0222,SIMU0233:User 233,GRANTED
2026,1月,13,周二,14:55:21,D49E4724,SIMBR0242,SIMR0242,SIMU0278:User 278,GRANTED
2026,1月,13,周二,14:55:21,7CA376A0,SIMBR0035,SIMR0035,SIMU0102:User 102,GRANTED
2026,1月,13,周二,14:55:21,7C3923AE,SIMBR0323,SIMR0323,SIMU0210:User 210,GRANTED
2026,1月,13,周二,14:55:21,A89B9996,SIMBR0385,SIMR0385,SIMU0213:User 213,GRANTED
2026,1月,13,周二,14:55:21,3B22F02A,SIMBR0205,SIMR0205,SIMU0299:User 299,GRANTED
2026,1月,13,周二,14:55:21,E6D64EED,SIMBR0380,SIMR0380,SIMU0105:User 105,GRANTED
2026,1月,13,周二,14:55:21,FC05A793,SIMBR0301,SIMR0301,SIMU0071:User 71,GRANTED
2026,1月,13,周二,14:55:21,7C3923AE,BR015,RES008,SIMU0210:User 210,DENIED
2026,1月,13,周二,14:55:21,4B59E256,SIMBR0256,SIMR0256,SIMU0182:User 182,GRANTED
2026,1月,13,周二,14:55:21,E775A860,SIMBR0132,SIMR0132,SIMU0248:User 248,GRANTED
2026,1月,13,周二,14:55:21,CA15B29F,SIMBR0232,SIMR0232,SIMU0206:User 206,GRANTED
2026,1月,13,周二,14:55:21,7B914E9E,SIMBR0106,SIMR0106,SIMU0215:User 215,GRANTED
2026,1月,13,周二,14:55:21,964B6B12,SIMBR0374,SIMR0374,SIMU0003:User 3,GRANTED
2026,1月,13,周二,14:55:21,5FF2F656,SIMBR0348,SIMR0348,SIMU0120:User 120,GRANTED
2026,1月,13,周二,14:55:21,B33C40D7,SIMBR0096,SIMR0096,SIMU0015:User 15,GRANTED
2026,1月,13,周二,14:55:21,0540806D,SIMBR0207,SIMR0207,SIMU0265:User 265,GRANTED
2026,1月,13,周二,14:55:21,BA841717,SIMBR0397,SIMR0397,SIMU0064:User 64,GRANTED
2026,1月,13,周二,14:55:21,4AF57AEF,SIMBR0087,SIMR0087,SIMU0193:User 193,GRANTED
2026,1月,13,周二,14:55:21,8B9117BE,SIMBR0004,SIMR0004,SIMU0165:User 165,GRANTED
2026,1月,13,周二,14:55:21,D0B8FC16,BR019,RES012,SIMU0185:User 185,DENIED
2026,1月,13,周二,14:55:21,86937632,SIMBR0071,SIMR0071,SIMU0187:User 187,GRANTED
2026,1月,13,周二,14:55:21,B9D6BC00,SIMBR0283,SIMR0283,SIMU0107:User 107,GRANTED
2026,1月,13,周二,14:55:21,7B914E9E,SIMBR0338,SIMR0338,SIMU0215:User 215,GRANTED
2026,1月,13,周二,14:55:21,397975BA,SIMBR0057,SIMR0057,SIMU0164:User 164,GRANTED
2026,1月,13,周二,14:55:21,9A00F337,SIMBR0236,SIMR0236,SIMU0285:User 285,GRANTED
2026,1月,13,周二,14:55:21,A74F536B,SIMBR0388,SIMR0388,SIMU0097:User 97,GRANTED
2026,1月,13,周二,14:55:21,10321BC3,SIMBR0139,SIMR0139,SIMU0042:User 42,GRANTED
2026,1月,13,周二,14:55:21,5334DCE6,SIMBR0247,SIMR0247,SIMU0179:User 179,GRANTED
2026,1月,13,周二,14:55:21,C0F19B1C,SIMBR0289,SIMR0289,SIMU0155:User 155,GRANTED
2026,1月,13,周二,14:55:21,273F3B3E,SIMBR0372,SIMR0372,SIMU0224:User 224,GRANTED
2026,1月,13,周二,14:55:21,29200997,BR026,RES019,SIMU0186:User 186,DENIED
2026,1月,13,周二,14:55:21,CEC0E003,SIMBR0307,SIMR0307,SIMU0009:User 9,GRANTED
2026,1月,13,周二,14:55:21,A2589816,SIMBR0173,SIMR0173,SIMU0082:User 82,GRANTED
2026,1月,13,周二,14:55:21,6C174D63,SIMBR0267,SIMR0267,SIMU0116:User 116,GRANTED
2026,1月,13,周二,14:55:21,C57735BB,SIMBR0026,SIMR0026,SIMU0242:User 242,GRANTED
2026,1月,13,周二,14:55:21,3A395E30,SIMBR0265,SIMR0265,SIMU0280:User 280,GRANTED
2026,1月,13,周二,14:55:21,0A675EEC,SIMBR0062,SIMR0062,SIMU0138:User 138,GRANTED
2026,1月,13,周二,14:55:21,C44E5E52,SIMBR0064,SIMR0064,SIMU0002:User 2,GRANTED
2026,1月,13,周二,14:55:21,1A88116F,SIMBR0397,SIMR0397,SIMU0063:User 63,GRANTED
2026,1月,13,周二,14:55:21,C57735BB,SIMBR0322,SIMR0322,SIMU0242:User 242,GRANTED
2026,1月,13,周二,14:55:21,57DBFC15,SIMBR0046,SIMR0046,SIMU0290:User 290,GRANTED
2026,1月,13,周二,14:55:21,050D9DEF,SIMBR0352,SIMR0352,SIMU0128:User 128,GRANTED
2026,1月,13,周二,14:55:21,9615FFCC,SIMBR0301,SIMR0301,SIMU0010:User 10,GRANTED
2026,1月,13,周二,14:55:21,BA6DDD0B,SIMBR0078,SIMR0078,SIMU0146:User 146,GRANTED
2026,1月,13,周二,14:55:21,4D83FE2E,SIMBR0104,SIMR0104,SIMU0056:User 56,GRANTED
2026,1月,13,周二,14:55:21,D324F0AC,SIMBR0268,SIMR0268,SIMU0108:User 108,GRANTED
2026,1月,13,周二,14:55:21,8BF81A2A,SIMBR0342,SIMR0342,SIMU0233:User 233,GRANTED
2026,1月,13,周二,14:55:21,7B092D88,BR001,RES020,SIMU0236:User 236,DENIED
2026,1月,13,周二,14:55:21,95379CDB,SIMBR0144,SIMR0144,f46ee39b-ac9d-4193-a478-f8cfc35cec07:gagaga a,GRANTED
2026,1月,13,周二,14:55:21,8C19D42A,SIMBR0305,SIMR0305,SIMU0284:User 284,GRANTED
2026,1月,13,周二,14:55:21,40BD64A5,SIMBR0173,SIMR0173,SIMU0245:User 245,GRANTED
2026,1月,13,周二,14:55:21,57DBFC15,SIMBR0181,SIMR0181,SIMU0290:User 290,GRANTED
2026,1月,13,周二,14:55:21,C6173DD5,SIMBR0144,SIMR0144,SIMU0023:User 23,GRANTED
2026,1月,13,周二,14:55:21,B0DFB305,SIMBR0024,SIMR0024,SIMU0151:User 151,GRANTED
2026,1月,13,周二,14:55:21,643D2F0C,SIMBR0338,SIMR0338,SIMU0048:User 48,GRANTED
2026,1月,13,周二,14:55:21,21A13EE6,SIMBR0356,SIMR0356,SIMU0133:User 133,GRANTED
2026,1月,13,周二,14:55:21,A9E67E95,SIMBR0107,SIMR0107,SIMU0243:User 243,GRANTED
2026,1月,13,周二,14:55:21,E0F41E54,SIMBR0330,SIMR0330,SIMU0176:User 176,GRANTED
2026,1月,13,周二,14:55:21,7C3923AE,SIMBR0227,SIMR0227,SIMU0210:User 210,GRANTED
2026,1月,13,周二,14:55:21,5560EC7D,SIMBR0094,SIMR0094,SIMU0109:User 109,GRANTED
2026,1月,13,周二,14:55:21,4D83FE2E,SIMBR0248,SIMR0248,SIMU0056:User 56,GRANTED
2026,1月,13,周二,14:55:21,14103484,SIMBR0205,SIMR0205,SIMU0074:User 74,GRANTED
2026,1月,13,周二,14:55:21,628D5BBC,SIMBR0294,SIMR0294,SIMU0041:User 41,GRANTED
2026,1月,13,周二,14:55:21,B6F02DDB,SIMBR0269,SIMR0269,SIMU0156:User 156,GRANTED
2026,1月,13,周二,14:55:21,AA3155BB,SIMBR0104,SIMR0104,SIMU0050:User 50,GRANTED
2026,1月,13,周二,14:55:21,84F825EE,SIMBR0315,SIMR0315,SIMU0150:User 150,GRANTED
2026,1月,13,周二,14:55:21,F8F80D07,SIMBR0383,SIMR0383,SIMU0253:User 253,GRANTED
2026,1月,13,周二,14:55:21,35C69784,SIMBR0338,SIMR0338,SIMU0168:User 168,GRANTED
2026,1月,13,周二,14:55:21,874CC50E,SIMBR0356,SIMR0356,SIMU0036:User 36,GRANTED
2026,1月,13,周二,14:55:21,C584F9D3,SIMBR0305,SIMR0305,EMP001:Zhang San,DENIED
2026,1月,13,周二,14:55:21,A74F536B,SIMBR0105,SIMR0105,SIMU0097:User 97,GRANTED
2026,1月,13,周二,14:55:21,273D28BF,SIMBR0294,SIMR0294,SIMU0057:User 57,GRANTED
2026,1月,13,周二,14:55:21,5560EC7D,SIMBR0135,SIMR0135,SIMU0109:User 109,GRANTED
2026,1月,13,周二,14:55:21,3A395E30,SIMBR0364,SIMR0364,SIMU0280:User 280,GRANTED
2026,1月,13,周二,14:55:21,45B37997,SIMBR0392,SIMR0392,SIMU0163:User 163,GRANTED
2026,1月,13,周二,14:55:21,7CE9CF19,SIMBR0188,SIMR0188,SIMU0020:User 20,GRANTED
2026,1月,13,周二,14:55:21,358D24E5,SIMBR0349,SIMR0349,SIMU0130:User 130,GRANTED
2026,1月,13,周二,14:55:21,5334DCE6,SIMBR0315,SIMR0315,SIMU0179:User 179,GRANTED
2026,1月,13,周二,14:55:21,0EE439B9,SIMBR0217,SIMR0217,SIMU0004:User 4,GRANTED
2026,1月,13,周二,14:55:21,35C69784,BR013,RES006,SIMU0168:User 168,DENIED
2026,1月,13,周二,14:55:21,FEF21F79,SIMBR0308,SIMR0308,SIMU0159:User 159,GRANTED
2026,1月,13,周二,14:55:21,33F39C8F,SIMBR0209,SIMR0209,SIMU0205:User 205,GRANTED
2026,1月,13,周二,14:55:21,C5A57784,SIMBR0038,SIMR0038,SIMU0072:User 72,GRANTED
2026,1月,13,周二,14:55:21,86937632,SIMBR0046,SIMR0046,SIMU0187:User 187,GRANTED
2026,1月,13,周二,14:55:21,A4F77AE3,SIMBR0079,SIMR0079,SIMU0031:User 31,GRANTED
2026,1月,13,周二,14:55:21,C7C3B16D,SIMBR0088,SIMR0088,SIMU0259:User 259,GRANTED
2026,1月,13,周二,14:55:21,8B9117BE,SIMBR0215,SIMR0215,SIMU0165:User 165,GRANTED
2026,1月,13,周二,14:55:21,C584F9D3,SIMBR0398,SIMR0398,EMP001:Zhang San,DENIED
2026,1月,13,周二,14:55:21,F90964BF,SIMBR0060,SIMR0060,SIMU0091:User 91,GRANTED
2026,1月,13,周二,14:55:21,41981850,SIMBR0274,SIMR0274,SIMU0263:User 263,GRANTED
2026,1月,13,周二,14:55:21,78D4B102,SIMBR0135,SIMR0135,SIMU0283:User 283,GRANTED
2026,1月,13,周二,14:55:21,2E121B44,SIMBR0323,SIMR0323,SIMU0258:User 258,GRANTED
2026,1月,13,周二,14:55:21,5AC1CCB2,SIMBR0364,SIMR0364,SIMU0264:User 264,GRANTED
2026,1月,13,周二,14:55:21,59E1ACA0,SIMBR0081,SIMR0081,SIMU0090:User 90,GRANTED
2026,1月,13,周二,14:55:21,DF7754DF,SIMBR0271,SIMR0271,SIMU0019:User 19,GRANTED
2026,1月,13,周二,14:55:21,518BCEDD,SIMBR0398,SIMR0398,SIMU0011:User 11,GRANTED
2026,1月,13,周二,14:55:21,F853E5E9,SIMBR0031,SIMR0031,SIMU0119:User 119,GRANTED
2026,1月,13,周二,14:55:21,128D7B1F,SIMBR0077,SIMR0077,SIMU0121:User 121,GRANTED
2026,1月,13,周二,14:55:21,6BDE4067,SIMBR0210,SIMR0210,SIMU0114:User 114,GRANTED
2026,1月,13,周二,14:55:21,85471FCB,SIMBR0241,SIMR0241,SIMU0054:User 54,GRANTED
2026,1月,13,周二,14:55:21,E07F08A6,SIMBR0171,SIMR0171,SIMU0246:User 246,GRANTED
2026,1月,13,周二,14:55:21,C5A57784,BR002,RES021,SIMU0072:User 72,DENIED
2026,1月,13,周二,14:55:21,66FC8294,SIMBR0130,SIMR0130,SIMU0180:User 180,GRANTED
2026,1月,13,周二,14:55:21,7C28253F,SIMBR0292,SIMR0292,SIMU0027:User 27,GRANTED
2026,1月,13,周二,14:55:22,8884A944,SIMBR0223,SIMR0223,SIMU0295:User 295,GRANTED
2026,1月,13,周二,14:55:22,56C4C8CF,BR018,RES011,SIMU0077:User 77,DENIED
2026,1月,13,周二,14:55:22,40BD64A5,BR005,RES023,SIMU0245:User 245,DENIED
2026,1月,13,周二,14:55:22,24A968FA,SIMBR0113,SIMR0113,SIMU0241:User 241,GRANTED
2026,1月,13,周二,14:55:22,C72DAED8,SIMBR0374,SIMR0374,SIMU0117:User 117,GRANTED
2026,1月,13,周二,14:55:22,B9D6BC00,SIMBR0313,SIMR0313,SIMU0107:User 107,GRANTED
2026,1月,13,周二,14:55:22,B33C40D7,SIMBR0344,SIMR0344,SIMU0015:User 15,GRANTED
2026,1月,13,周二,14:55:22,6C174D63,SIMBR0164,SIMR0164,SIMU0116:User 116,GRANTED
2026,1月,13,周二,14:55:22,13990099,SIMBR0030,SIMR0030,SIMU0008:User 8,GRANTED
2026,1月,13,周二,14:55:22,16ED8B1D,SIMBR0202,SIMR0202,SIMU0073:User 73,GRANTED
2026,1月,13,周二,14:55:22,4B59E256,BR024,RES017,SIMU0182:User 182,DENIED
2026,1月,13,周二,14:55:22,4B59E256,SIMBR0304,SIMR0304,SIMU0182:User 182,GRANTED
2026,1月,13,周二,14:55:22,15D30411,SIMBR0234,SIMR0234,SIMU0289:User 289,GRANTED
2026,1月,13,周二,14:55:22,FE83648E,SIMBR0371,SIMR0371,SIMU0142:User 142,GRANTED
2026,1月,13,周二,14:55:22,D832D5F3,SIMBR0199,SIMR0199,SIMU0261:User 261,GRANTED
2026,1月,13,周二,14:55:22,5A758FE3,SIMBR0136,SIMR0136,SIMU0103:User 103,GRANTED
2026,1月,13,周二,14:55:22,290F7C52,BR015,RES008,SIMU0216:User 216,DENIED
2026,1月,13,周二,14:55:22,FB68A282,SIMBR0248,SIMR0248,SIMU0183:User 183,GRANTED
2026,1月,13,周二,14:55:22,94264C0C,SIMBR0105,SIMR0105,SIMU0118:User 118,GRANTED
2026,1月,13,周二,14:55:22,FC05A793,SIMBR0349,SIMR0349,SIMU0071:User 71,GRANTED
2026,1月,13,周二,14:55:22,5A758FE3,SIMBR0230,SIMR0230,SIMU0103:User 103,GRANTED
2026,1月,13,周二,14:55:22,030D82CF,SIMBR0216,SIMR0216,SIMU0207:User 207,GRANTED
2026,1月,13,周二,14:55:22,9615FFCC,SIMBR0234,SIMR0234,SIMU0010:User 10,GRANTED
2026,1月,13,周二,14:55:22,E393950E,SIMBR0222,SIMR0222,SIMU0195:User 195,GRANTED
2026,1月,13,周二,14:55:22,CB2FA116,SIMBR0065,SIMR0065,SIMU0172:User 172,GRANTED
2026,1月,13,周二,14:55:22,273D28BF,SIMBR0380,SIMR0380,SIMU0057:User 57,GRANTED
2026,1月,13,周二,14:55:22,397975BA,SIMBR0110,SIMR0110,SIMU0164:User 164,GRANTED
2026,1月,13,周二,14:55:22,628D5BBC,SIMBR0188,SIMR0188,SIMU0041:User 41,GRANTED
2026,1月,13,周二,14:55:22,3DC555DE,SIMBR0381,SIMR0381,SIMU0300:User 300,GRANTED
2026,1月,13,周二,14:55:22,2C249415,SIMBR0235,SIMR0235,SIMU0276:User 276,GRANTED
2026,1月,13,周二,14:55:22,B2D6FCB4,SIMBR0019,SIMR0019,SIMU0086:User 86,GRANTED
2026,1月,13,周二,14:55:22,BA821DBA,SIMBR0097,SIMR0097,SIMU0148:User 148,GRANTED
2026,1月,13,周二,14:55:22,CBD2A48A,SIMBR0190,SIMR0190,SIMU0021:User 21,GRANTED
2026,1月,13,周二,14:55:22,C2F816DD,SIMBR0367,SIMR0367,SIMU0266:User 266,GRANTED
2026,1月,13,周二,14:55:22,1EBD89C8,SIMBR0266,SIMR0266,SIMU0123:User 123,GRANTED
2026,1月,13,周二,14:55:22,45BE30A8,SIMBR0127,SIMR0127,8d1a5202-9052-4f93-bf5a-4deffdf65fd3:a q,GRANTED
2026,1月,13,周二,14:55:22,AB055C88,SIMBR0143,SIMR0143,SIMU0024:User 24,GRANTED
2026,1月,13,周二,14:55:22,FBBEF95C,SIMBR0112,SIMR0112,SIMU0025:User 25,GRANTED
2026,1月,13,周二,14:55:22,0641BA46,SIMBR0290,SIMR0290,SIMU0085:User 85,GRANTED
2026,1月,13,周二,14:55:22,B33C40D7,SIMBR0145,SIMR0145,SIMU0015:User 15,GRANTED
2026,1月,13,周二,14:55:22,57DBFC15,SIMBR0363,SIMR0363,SIMU0290:User 290,GRANTED
2026,1月,13,周二,14:55:22,44B3ADEE,SIMBR0170,SIMR0170,SIMU0157:User 157,GRANTED
2026,1月,13,周二,14:55:22,D716AAF5,SIMBR0385,SIMR0385,SIMU0170:User 170,GRANTED
2026,1月,13,周二,14:55:22,DA33A96E,SIMBR0301,SIMR0301,SIMU0190:User 190,GRANTED
2026,1月,13,周二,14:55:22,13990099,SIMBR0071,SIMR0071,SIMU0008:User 8,GRANTED
2026,1月,13,周二,14:55:22,C31E01F0,SIMBR0306,SIMR0306,SIMU0192:User 192,GRANTED
2026,1月,13,周二,14:55:22,C04BAEE8,SIMBR0175,SIMR0175,SIMU0129:User 129,GRANTED
2026,1月,13,周二,14:55:22,3DC555DE,SIMBR0295,SIMR0295,SIMU0300:User 300,GRANTED
2026,1月,13,周二,14:55:22,F832AB7A,SIMBR0207,SIMR0207,SIMU0139:User 139,GRANTED
2026,1月,13,周二,14:55:22,F616A325,SIMBR0306,SIMR0306,SIMU0194:User 194,GRANTED
2026,1月,13,周二,14:55:22,41981850,SIMBR0224,SIMR0224,SIMU0263:User 263,GRANTED
2026,1月,13,周二,14:55:22,3B7FFD92,SIMBR0156,SIMR0156,SIMU0256:User 256,GRANTED
2026,1月,13,周二,14:55:22,8EA215FF,SIMBR0253,SIMR0253,SIMU0201:User 201,GRANTED
2026,1月,13,周二,14:55:22,40BD64A5,SIMBR0268,SIMR0268,SIMU0245:User 245,GRANTED
2026,1月,13,周二,14:55:22,D0871CF1,SIMBR0310,SIMR0310,SIMU0007:User 7,GRANTED
2026,1月,13,周二,14:55:22,A5DEC594,SIMBR0299,SIMR0299,SIMU0084:User 84,GRANTED
2026,1月,13,周二,14:55:22,D716AAF5,SIMBR0307,SIMR0307,SIMU0170:User 170,GRANTED
2026,1月,13,周二,14:55:22,A5A16F78,SIMBR0250,SIMR0250,SIMU0294:User 294,GRANTED
2026,1月,13,周二,14:55:22,D78DDFDE,SIMBR0064,SIMR0064,SIMU0252:User 252,GRANTED
2026,1月,13,周二,14:55:22,3B7FFD92,SIMBR0179,SIMR0179,SIMU0256:User 256,GRANTED
2026,1月,13,周二,14:55:22,4758C16D,SIMBR0391,SIMR0391,SIMU0147:User 147,GRANTED
2026,1月,13,周二,14:55:22,80BC1A17,SIMBR0064,SIMR0064,SIMU0112:User 112,GRANTED
2026,1月,13,周二,14:55:22,3EA1EF87,SIMBR0232,SIMR0232,SIMU0229:User 229,GRANTED
2026,1月,13,周二,14:55:22,36330273,SIMBR0239,SIMR0239,SIMU0291:User 291,GRANTED
2026,1月,13,周二,14:55:22,CEC0E003,SIMBR0143,SIMR0143,SIMU0009:User 9,GRANTED
2026,1月,13,周二,14:55:22,48744B29,BR020,RES013,SIMU0035:User 35,DENIED
2026,1月,13,周二,14:55:22,5A758FE3,SIMBR0153,SIMR0153,SIMU0103:User 103,GRANTED
2026,1月,13,周二,14:55:22,FBBEF95C,SIMBR0364,SIMR0364,SIMU0025:User 25,GRANTED
2026,1月,13,周二,14:55:22,4B59E256,SIMBR0338,SIMR0338,SIMU0182:User 182,GRANTED
2026,1月,13,周二,14:55:22,D716AAF5,SIMBR0222,SIMR0222,SIMU0170:User 170,GRANTED
2026,1月,13,周二,14:55:22,D832D5F3,SIMBR0331,SIMR0331,SIMU0261:User 261,GRANTED
2026,1月,13,周二,14:55:22,3B9B3EAE,SIMBR0208,SIMR0208,SIMU0144:User 144,GRANTED
2026,1月,13,周二,14:55:22,0EA23D3A,SIMBR0243,SIMR0243,SIMU0062:User 62,GRANTED
2026,1月,13,周二,14:55:22,3EA1EF87,SIMBR0202,SIMR0202,SIMU0229:User 229,GRANTED
2026,1月,13,周二,14:55:22,359F9D02,SIMBR0241,SIMR0241,SIMU0087:User 87,GRANTED
2026,1月,13,周二,14:55:22,80AC649D,SIMBR0149,SIMR0149,SIMU0088:User 88,GRANTED
2026,1月,13,周二,14:55:22,8CBA0F42,SIMBR0328,SIMR0328,SIMU0152:User 152,GRANTED
2026,1月,13,周二,14:55:22,A2903A49,SIMBR0335,SIMR0335,SIMU0043:User 43,GRANTED
2026,1月,13,周二,14:55:22,C73CE928,SIMBR0176,SIMR0176,SIMU0281:User 281,GRANTED
2026,1月,13,周二,14:55:22,394DF2A8,SIMBR0284,SIMR0284,SIMU0111:User 111,GRANTED
2026,1月,13,周二,14:55:22,2289A51E,SIMBR0338,SIMR0338,SIMU0273:User 273,GRANTED
2026,1月,13,周二,14:55:22,C0F19B1C,SIMBR0206,SIMR0206,SIMU0155:User 155,GRANTED
2026,1月,13,周二,14:55:22,5D5C3450,SIMBR0070,SIMR0070,SIMU0131:User 131,GRANTED
2026,1月,13,周二,14:55:22,2EEB40A9,SIMBR0028,SIMR0028,SIMU0260:User 260,GRANTED
2026,1月,13,周二,14:55:22,F90964BF,SIMBR0013,SIMR0013,SIMU0091:User 91,GRANTED
2026,1月,13,周二,14:55:22,0EA23D3A,SIMBR0067,SIMR0067,SIMU0062:User 62,GRANTED
2026,1月,13,周二,14:55:22,643D2F0C,SIMBR0371,SIMR0371,SIMU0048:User 48,GRANTED
2026,1月,13,周二,14:55:22,7BEB2168,SIMBR0292,SIMR0292,SIMU0282:User 282,GRANTED
2026,1月,13,周二,14:55:22,AF6C110D,SIMBR0309,SIMR0309,SIMU0080:User 80,GRANTED
2026,1月,13,周二,14:55:22,A74F536B,BR005,RES023,SIMU0097:User 97,DENIED
2026,1月,13,周二,14:55:22,44B3ADEE,SIMBR0236,SIMR0236,SIMU0157:User 157,GRANTED
2026,1月,13,周二,14:55:22,D832D5F3,SIMBR0047,SIMR0047,SIMU0261:User 261,GRANTED
2026,1月,13,周二,14:55:22,BA821DBA,SIMBR0360,SIMR0360,SIMU0148:User 148,GRANTED
2026,1月,13,周二,14:55:22,69A8F764,SIMBR0183,SIMR0183,SIMU0240:User 240,GRANTED
2026,1月,13,周二,14:55:22,C0F19B1C,SIMBR0078,SIMR0078,SIMU0155:User 155,GRANTED
2026,1月,13,周二,14:55:22,D504C218,SIMBR0282,SIMR0282,SIMU0060:User 60,GRANTED
2026,1月,13,周二,14:55:22,3DC555DE,SIMBR0307,SIMR0307,SIMU0300:User 300,GRANTED
2026,1月,13,周二,14:55:22,45BE30A8,SIMBR0338,SIMR0338,8d1a5202-9052-4f93-bf5a-4deffdf65fd3:a q,GRANTED
2026,1月,13,周二,14:55:22,A5DEC594,SIMBR0111,SIMR0111,SIMU0084:User 84,GRANTED
2026,1月,13,周二,14:55:22,EFC60F14,SIMBR0324,SIMR0324,SIMU0286:User 286,GRANTED
2026,1月,13,周二,14:55:22,72A4E470,SIMBR0254,SIMR0254,SIMU0268:User 268,GRANTED
2026,1月,13,周二,14:55:22,8CBA0F42,SIMBR0209,SIMR0209,SIMU0152:User 152,GRANTED
2026,1月,13,周二,14:55:22,36330273,SIMBR0208,SIMR0208,SIMU0291:User 291,GRANTED
2026,1月,13,周二,14:55:22,4FC5D562,SIMBR0305,SIMR0305,SIMU0275:User 275,GRANTED
2026,1月,13,周二,14:55:22,602AF119,SIMBR0344,SIMR0344,SIMU0223:User 223,GRANTED
2026,1月,13,周二,14:55:22,FAE4DEC5,SIMBR0256,SIMR0256,SIMU0053:User 53,GRANTED
2026,1月,13,周二,14:55:22,D6BC3463,BR009,RES025,SIMU0037:User 37,DENIED
2026,1月,13,周二,14:55:22,C584F9D3,BR020,RES013,EMP001:Zhang San,DENIED
2026,1月,13,周二,14:55:22,582A6476,SIMBR0147,SIMR0147,SIMU0046:User 46,GRANTED
2026,1月,13,周二,14:55:22,181D33C7,SIMBR0335,SIMR0335,SIMU0227:User 227,GRANTED
2026,1月,13,周二,14:55:22,9FA88CE9,SIMBR0182,SIMR0182,SIMU0049:User 49,GRANTED
2026,1月,13,周二,14:55:22,F9B71846,SIMBR0014,SIMR0014,SIMU0196:User 196,GRANTED
2026,1月,13,周二,14:55:22,8EA215FF,SIMBR0114,SIMR0114,SIMU0201:User 201,GRANTED
2026,1月,13,周二,14:55:22,FD75651D,SIMBR0368,SIMR0368,SIMU0238:User 238,GRANTED
2026,1月,13,周二,14:55:22,A53931BD,SIMBR0133,SIMR0133,SIMU0058:User 58,GRANTED
2026,1月,13,周二,14:55:22,905C3DCB,SIMBR0350,SIMR0350,SIMU0070:User 70,GRANTED
2026,1月,13,周二,14:55:22,6FFD7F45,SIMBR0002,SIMR0002,SIMU0198:User 198,GRANTED
2026,1月,13,周二,14:55:22,C169BAEB,SIMBR0151,SIMR0151,SIMU0174:User 174,GRANTED
2026,1月,13,周二,14:55:22,B9D6BC00,SIMBR0240,SIMR0240,SIMU0107:User 107,GRANTED
2026,1月,13,周二,14:55:22,4D153C4A,SIMBR0008,SIMR0008,SIMU0104:User 104,GRANTED
2026,1月,13,周二,14:55:22,75D7C714,SIMBR0394,SIMR0394,SIMU0005:User 5,GRANTED
2026,1月,13,周二,14:55:22,643D2F0C,SIMBR0042,SIMR0042,SIMU0048:User 48,GRANTED
2026,1月,13,周二,14:55:22,33F39C8F,SIMBR0193,SIMR0193,SIMU0205:User 205,GRANTED
2026,1月,13,周二,14:55:22,DF7754DF,SIMBR0097,SIMR0097,SIMU0019:User 19,GRANTED
2026,1月,13,周二,14:55:22,EEC38563,SIMBR0306,SIMR0306,SIMU0141:User 141,GRANTED
2026,1月,13,周二,14:55:22,E55AD432,BR009,RES025,SIMU0134:User 134,DENIED
2026,1月,13,周二,14:55:22,F90964BF,SIMBR0128,SIMR0128,SIMU0091:User 91,GRANTED
2026,1月,13,周二,14:55:22,0EE439B9,SIMBR0327,SIMR0327,SIMU0004:User 4,GRANTED
2026,1月,13,周二,14:55:22,35C69784,SIMBR0155,SIMR0155,SIMU0168:User 168,GRANTED
2026,1月,13,周二,14:55:22,40A1D543,SIMBR0232,SIMR0232,SIMU0267:User 267,GRANTED
2026,1月,13,周二,14:55:22,A9E67E95,SIMBR0046,SIMR0046,SIMU0243:User 243,GRANTED
2026,1月,13,周二,14:55:22,DB66EC85,SIMBR0305,SIMR0305,SIMU0100:User 100,GRANTED
2026,1月,13,周二,14:55:22,8BF81A2A,SIMBR0161,SIMR0161,SIMU0233:User 233,GRANTED
2026,1月,13,周二,14:55:22,0540806D,SIMBR0234,SIMR0234,SIMU0265:User 265,GRANTED
2026,1月,13,周二,14:55:22,18788AAF,SIMBR0075,SIMR0075,SIMU0298:User 298,GRANTED
2026,1月,13,周二,14:55:22,7B914E9E,SIMBR0039,SIMR0039,SIMU0215:User 215,GRANTED
2026,1月,13,周二,14:55:22,7CA376A0,SIMBR0319,SIMR0319,SIMU0102:User 102,GRANTED
2026,1月,13,周二,14:55:22,FC9C0D71,SIMBR0246,SIMR0246,SIMU0093:User 93,GRANTED
2026,1月,13,周二,14:55:22,F8F80D07,SIMBR0250,SIMR0250,SIMU0253:User 253,GRANTED
2026,1月,13,周二,14:55:22,489655D2,SIMBR0065,SIMR0065,CON001:Wang Wu,DENIED
2026,1月,13,周二,14:55:22,A51F7B4F,SIMBR0169,SIMR0169,SIMU0277:User 277,GRANTED
2026,1月,13,周二,14:55:22,13990099,SIMBR0334,SIMR0334,SIMU0008:User 8,GRANTED
2026,1月,13,周二,14:55:22,E07F08A6,SIMBR0350,SIMR0350,SIMU0246:User 246,GRANTED
2026,1月,13,周二,14:55:22,B2D6FCB4,SIMBR0351,SIMR0351,SIMU0086:User 86,GRANTED
2026,1月,13,周二,14:55:22,6C174D63,SIMBR0103,SIMR0103,SIMU0116:User 116,GRANTED
2026,1月,13,周二,14:55:22,CEC0E003,SIMBR0173,SIMR0173,SIMU0009:User 9,GRANTED
2026,1月,13,周二,14:55:22,29200997,SIMBR0346,SIMR0346,SIMU0186:User 186,GRANTED
2026,1月,13,周二,14:55:22,AB055C88,SIMBR0321,SIMR0321,SIMU0024:User 24,GRANTED
2026,1月,13,周二,14:55:22,46895123,SIMBR0033,SIMR0033,SIMU0132:User 132,GRANTED
2026,1月,13,周二,14:55:22,8B9117BE,SIMBR0069,SIMR0069,SIMU0165:User 165,GRANTED
2026,1月,13,周二,14:55:22,A7A30652,SIMBR0038,SIMR0038,SIMU0094:User 94,GRANTED
2026,1月,13,周二,14:55:22,95777979,SIMBR0138,SIMR0138,SIMU0051:User 51,GRANTED
2026,1月,13,周二,14:55:22,41981850,SIMBR0128,SIMR0128,SIMU0263:User 263,GRANTED
2026,1月,13,周二,14:55:22,C5A57784,SIMBR0321,SIMR0321,SIMU0072:User 72,GRANTED
2026,1月,13,周二,14:55:22,A7A30652,SIMBR0130,SIMR0130,SIMU0094:User 94,GRANTED
2026,1月,13,周二,14:55:22,49B45DCD,SIMBR0223,SIMR0223,SIMU0272:User 272,GRANTED
2026,1月,13,周二,14:55:22,DA33A96E,SIMBR0256,SIMR0256,SIMU0190:User 190,GRANTED
2026,1月,13,周二,14:55:22,5A758FE3,SIMBR0325,SIMR0325,SIMU0103:User 103,GRANTED
2026,1月,13,周二,14:55:22,5334DCE6,SIMBR0042,SIMR0042,SIMU0179:User 179,GRANTED
2026,1月,13,周二,14:55:22,F6E7D08A,SIMBR0187,SIMR0187,SIMU0001:User 1,GRANTED
2026,1月,13,周二,14:55:22,58B690ED,SIMBR0248,SIMR0248,SIMU0081:User 81,GRANTED
2026,1月,13,周二,14:55:22,58B55845,SIMBR0191,SIMR0191,EMP002:Li Si,DENIED
2026,1月,13,周二,14:55:22,7B914E9E,SIMBR0208,SIMR0208,SIMU0215:User 215,GRANTED
2026,1月,13,周二,14:55:22,3CC4126C,SIMBR0101,SIMR0101,SIMU0099:User 99,GRANTED
2026,1月,13,周二,14:55:22,8BF81A2A,SIMBR0180,SIMR0180,SIMU0233:User 233,GRANTED
2026,1月,13,周二,14:55:22,C31E01F0,SIMBR0193,SIMR0193,SIMU0192:User 192,GRANTED
2026,1月,13,周二,14:55:22,6F12BFA3,SIMBR0235,SIMR0235,SIMU0218:User 218,GRANTED
2026,1月,13,周二,14:55:22,72A4E470,SIMBR0078,SIMR0078,SIMU0268:User 268,GRANTED
2026,1月,13,周二,14:55:22,15AB7C7D,SIMBR0101,SIMR0101,SIMU0096:User 96,GRANTED
2026,1月,13,周二,14:55:22,29200997,SIMBR0221,SIMR0221,SIMU0186:User 186,GRANTED
2026,1月,13,周二,14:55:22,BA821DBA,SIMBR0174,SIMR0174,SIMU0148:User 148,GRANTED
2026,1月,13,周二,14:55:22,FE83648E,SIMBR0155,SIMR0155,SIMU0142:User 142,GRANTED
2026,1月,13,周二,14:55:22,24A968FA,SIMBR0019,SIMR0019,SIMU0241:User 241,GRANTED
2026,1月,13,周二,14:55:22,86937632,SIMBR0002,SIMR0002,SIMU0187:User 187,GRANTED
2026,1月,13,周二,14:55:22,FEF21F79,SIMBR0108,SIMR0108,SIMU0159:User 159,GRANTED
2026,1月,13,周二,14:55:22,7B092D88,SIMBR0307,SIMR0307,SIMU0236:User 236,GRANTED
2026,1月,13,周二,14:55:22,47A80030,SIMBR0386,SIMR0386,SIMU0234:User 234,GRANTED
2026,1月,13,周二,14:55:22,1EBD89C8,SIMBR0381,SIMR0381,SIMU0123:User 123,GRANTED
2026,1月,13,周二,14:55:22,EEC38563,SIMBR0322,SIMR0322,SIMU0141:User 141,GRANTED
2026,1月,13,周二,14:55:22,37E9D9C0,SIMBR0285,SIMR0285,SIMU0034:User 34,GRANTED
2026,1月,13,周二,14:55:22,A89B9996,SIMBR0395,SIMR0395,SIMU0213:User 213,GRANTED
2026,1月,13,周二,14:55:22,7B092D88,SIMBR0335,SIMR0335,SIMU0236:User 236,GRANTED
2026,1月,13,周二,14:55:22,C5A57784,SIMBR0176,SIMR0176,SIMU0072:User 72,GRANTED
2026,1月,13,周二,14:55:22,0EA23D3A,BR009,RES025,SIMU0062:User 62,DENIED
2026,1月,13,周二,14:55:22,10321BC3,SIMBR0317,SIMR0317,SIMU0042:User 42,GRANTED
2026,1月,13,周二,14:55:22,61095621,SIMBR0317,SIMR0317,SIMU0137:User 137,GRANTED
2026,1月,13,周二,14:55:22,C73CE928,SIMBR0176,SIMR0176,SIMU0281:User 281,GRANTED
2026,1月,13,周二,14:55:22,3DC555DE,SIMBR0179,SIMR0179,SIMU0300:User 300,GRANTED
2026,1月,13,周二,14:55:22,E775A860,SIMBR0366,SIMR0366,SIMU0248:User 248,GRANTED
2026,1月,13,周二,14:55:22,FC05A793,SIMBR0208,SIMR0208,SIMU0071:User 71,GRANTED
2026,1月,13,周二,14:55:22,358D24E5,SIMBR0316,SIMR0316,SIMU0130:User 130,GRANTED
2026,1月,13,周二,14:55:22,01FC696F,SIMBR0198,SIMR0198,SIMU0068:User 68,GRANTED
2026,1月,13,周二,14:55:22,1A3D1ED6,SIMBR0250,SIMR0250,SIMU0231:User 231,GRANTED
2026,1月,13,周二,14:55:22,F04FDB11,SIMBR0278,SIMR0278,SIMU0125:User 125,GRANTED
2026,1月,13,周二,14:55:22,1CA3AA4C,SIMBR0169,SIMR0169,SIMU0014:User 14,GRANTED
2026,1月,13,周二,14:55:22,D832D5F3,SIMBR0207,SIMR0207,SIMU0261:User 261,GRANTED
2026,1月,13,周二,14:55:22,F04FDB11,SIMBR0060,SIMR0060,SIMU0125:User 125,GRANTED
2026,1月,13,周二,14:55:22,DA33A96E,SIMBR0342,SIMR0342,SIMU0190:User 190,GRANTED
2026,1月,13,周二,14:55:22,181D33C7,SIMBR0136,SIMR0136,SIMU0227:User 227,GRANTED
2026,1月,13,周二,14:55:22,F9B71846,SIMBR0331,SIMR0331,SIMU0196:User 196,GRANTED
2026,1月,13,周二,14:55:23,1792E539,SIMBR0375,SIMR0375,SIMU0292:User 292,GRANTED
2026,1月,13,周二,14:55:23,2056B86F,SIMBR0138,SIMR0138,SIMU0067:User 67,GRANTED
2026,1月,13,周二,14:55:23,2EEB40A9,SIMBR0315,SIMR0315,SIMU0260:User 260,GRANTED
2026,1月,13,周二,14:55:23,27BDB972,SIMBR0115,SIMR0115,SIMU0244:User 244,GRANTED
2026,1月,13,周二,14:55:23,6CEC1FDF,SIMBR0308,SIMR0308,SIMU0230:User 230,GRANTED
2026,1月,13,周二,14:55:23,B13BB6C7,SIMBR0208,SIMR0208,SIMU0167:User 167,GRANTED
2026,1月,13,周二,14:55:23,B2D6FCB4,SIMBR0291,SIMR0291,SIMU0086:User 86,GRANTED
2026,1月,13,周二,14:55:23,FEB7592C,SIMBR0084,SIMR0084,SIMU0059:User 59,GRANTED
2026,1月,13,周二,14:55:23,3B9B3EAE,SIMBR0108,SIMR0108,SIMU0144:User 144,GRANTED
2026,1月,13,周二,14:55:23,C0F19B1C,SIMBR0082,SIMR0082,SIMU0155:User 155,GRANTED
2026,1月,13,周二,14:55:23,44B3ADEE,BR026,RES019,SIMU0157:User 157,DENIED
2026,1月,13,周二,14:55:23,E116EA41,SIMBR0312,SIMR0312,SIMU0127:User 127,GRANTED
2026,1月,13,周二,14:55:23,A53931BD,SIMBR0044,SIMR0044,SIMU0058:User 58,GRANTED
2026,1月,13,周二,14:55:23,4D153C4A,SIMBR0043,SIMR0043,SIMU0104:User 104,GRANTED
2026,1月,13,周二,14:55:23,2C249415,SIMBR0169,SIMR0169,SIMU0276:User 276,GRANTED
2026,1月,13,周二,14:55:23,B2D6FCB4,SIMBR0131,SIMR0131,SIMU0086:User 86,GRANTED
2026,1月,13,周二,14:55:23,C2EDBC0C,SIMBR0002,SIMR0002,SIMU0226:User 226,GRANTED
2026,1月,13,周二,14:55:23,394DF2A8,SIMBR0080,SIMR0080,SIMU0111:User 111,GRANTED
2026,1月,13,周二,14:55:23,47A80030,SIMBR0110,SIMR0110,SIMU0234:User 234,GRANTED
2026,1月,13,周二,14:55:23,CCACC23C,SIMBR0145,SIMR0145,SIMU0149:User 149,GRANTED
2026,1月,13,周二,14:55:23,D87DCC23,SIMBR0123,SIMR0123,SIMU0006:User 6,GRANTED
2026,1月,13,周二,14:55:23,58B690ED,SIMBR0026,SIMR0026,SIMU0081:User 81,GRANTED
2026,1月,13,周二,14:55:23,69A8F764,SIMBR0348,SIMR0348,SIMU0240:User 240,GRANTED
2026,1月,13,周二,14:55:23,E55AD432,SIMBR0102,SIMR0102,SIMU0134:User 134,GRANTED
2026,1月,13,周二,14:55:23,8BC6335E,BR024,RES017,SIMU0204:User 204,DENIED
2026,1月,13,周二,14:55:23,EFC60F14,SIMBR0355,SIMR0355,SIMU0286:User 286,GRANTED
2026,1月,13,周二,14:55:23,3122BEFD,SIMBR0223,SIMR0223,SIMU0066:User 66,GRANTED
2026,1月,13,周二,14:55:23,394DF2A8,SIMBR0359,SIMR0359,SIMU0111:User 111,GRANTED
2026,1月,13,周二,14:55:23,1792E539,SIMBR0374,SIMR0374,SIMU0292:User 292,GRANTED
2026,1月,13,周二,14:55:23,C718E607,SIMBR0070,SIMR0070,SIMU0089:User 89,GRANTED
2026,1月,13,周二,14:55:23,C0F19B1C,SIMBR0281,SIMR0281,SIMU0155:User 155,GRANTED
2026,1月,13,周二,14:55:23,29200997,SIMBR0121,SIMR0121,SIMU0186:User 186,GRANTED
2026,1月,13,周二,14:55:23,7BEB2168,SIMBR0301,SIMR0301,SIMU0282:User 282,GRANTED
2026,1月,13,周二,14:55:23,E2F9D137,SIMBR0040,SIMR0040,SIMU0217:User 217,GRANTED
2026,1月,13,周二,14:55:23,559213A2,SIMBR0092,SIMR0092,SIMU0047:User 47,GRANTED
2026,1月,13,周二,14:55:23,E6DCC382,SIMBR0341,SIMR0341,SIMU0158:User 158,GRANTED
2026,1月,13,周二,14:55:23,40A1D543,SIMBR0159,SIMR0159,SIMU0267:User 267,GRANTED
2026,1月,13,周二,14:55:23,20D788EC,SIMBR0097,SIMR0097,SIMU0271:User 271,GRANTED
2026,1月,13,周二,14:55:23,3DC555DE,SIMBR0035,SIMR0035,SIMU0300:User 300,GRANTED
2026,1月,13,周二,14:55:23,A74F536B,SIMBR0138,SIMR0138,SIMU0097:User 97,GRANTED
2026,1月,13,周二,14:55:23,F3B58DFF,SIMBR0086,SIMR0086,SIMU0076:User 76,GRANTED
2026,1月,13,周二,14:55:23,84F825EE,SIMBR0176,SIMR0176,SIMU0150:User 150,GRANTED
2026,1月,13,周二,14:55:23,1DE07196,SIMBR0065,SIMR0065,SIMU0274:User 274,GRANTED
2026,1月,13,周二,14:55:23,B13BB6C7,BR024,RES017,SIMU0167:User 167,DENIED
2026,1月,13,周二,14:55:23,54C5EDBD,SIMBR0202,SIMR0202,SIMU0145:User 145,GRANTED
2026,1月,13,周二,14:55:23,B2D6FCB4,SIMBR0026,SIMR0026,SIMU0086:User 86,GRANTED
2026,1月,13,周二,14:55:23,6C174D63,SIMBR0378,SIMR0378,SIMU0116:User 116,GRANTED
2026,1月,13,周二,14:55:23,E0F41E54,SIMBR0252,SIMR0252,SIMU0176:User 176,GRANTED
2026,1月,13,周二,14:55:23,E07F08A6,SIMBR0398,SIMR0398,SIMU0246:User 246,GRANTED
2026,1月,13,周二,14:55:23,F616A325,SIMBR0339,SIMR0339,SIMU0194:User 194,GRANTED
2026,1月,13,周二,14:55:23,8B9117BE,SIMBR0008,SIMR0008,SIMU0165:User 165,GRANTED
2026,1月,13,周二,14:55:23,6CEC1FDF,SIMBR0037,SIMR0037,SIMU0230:User 230,GRANTED
2026,1月,13,周二,14:55:23,E0F41E54,SIMBR0087,SIMR0087,SIMU0176:User 176,GRANTED
2026,1月,13,周二,14:55:23,95379CDB,SIMBR0019,SIMR0019,f46ee39b-ac9d-4193-a478-f8cfc35cec07:gagaga a,GRANTED
2026,1月,13,周二,14:55:23,11BD165A,SIMBR0096,SIMR0096,SIMU0154:User 154,GRANTED
2026,1月,13,周二,14:55:23,FAE4DEC5,SIMBR0389,SIMR0389,SIMU0053:User 53,GRANTED
2026,1月,13,周二,14:55:23,C72DAED8,SIMBR0191,SIMR0191,SIMU0117:User 117,GRANTED
2026,1月,13,周二,14:55:23,0641BA46,SIMBR0158,SIMR0158,SIMU0085:User 85,GRANTED
2026,1月,13,周二,14:55:23,F832AB7A,SIMBR0223,SIMR0223,SIMU0139:User 139,GRANTED
2026,1月,13,周二,14:55:23,1B14F9BC,SIMBR0181,SIMR0181,SIMU0065:User 65,GRANTED
2026,1月,13,周二,14:55:23,E116EA41,SIMBR0038,SIMR0038,SIMU0127:User 127,GRANTED
2026,1月,13,周二,14:55:23,1A3D1ED6,SIMBR0010,SIMR0010,SIMU0231:User 231,GRANTED
2026,1月,13,周二,14:55:23,8884A944,BR015,RES008,SIMU0295:User 295,DENIED
2026,1月,13,周二,14:55:23,F9B71846,SIMBR0031,SIMR0031,SIMU0196:User 196,GRANTED
2026,1月,13,周二,14:55:23,128D7B1F,SIMBR0104,SIMR0104,SIMU0121:User 121,GRANTED
2026,1月,13,周二,14:55:23,A7A30652,SIMBR0069,SIMR0069,SIMU0094:User 94,GRANTED
2026,1月,13,周二,14:55:23,F9B71846,SIMBR0249,SIMR0249,SIMU0196:User 196,GRANTED
2026,1月,13,周二,14:55:23,BA893511,SIMBR0153,SIMR0153,SIMU0269:User 269,GRANTED
2026,1月,13,周二,14:55:23,A53931BD,SIMBR0347,SIMR0347,SIMU0058:User 58,GRANTED
2026,1月,13,周二,14:55:23,CCACC23C,SIMBR0261,SIMR0261,SIMU0149:User 149,GRANTED
2026,1月,13,周二,14:55:23,181D33C7,SIMBR0043,SIMR0043,SIMU0227:User 227,GRANTED
2026,1月,13,周二,14:55:23,33F39C8F,SIMBR0115,SIMR0115,SIMU0205:User 205,GRANTED
2026,1月,13,周二,14:55:23,DB66EC85,SIMBR0376,SIMR0376,SIMU0100:User 100,GRANTED
2026,1月,13,周二,14:55:23,C1CE8342,SIMBR0275,SIMR0275,SIMU0018:User 18,GRANTED
2026,1月,13,周二,14:55:23,358D24E5,SIMBR0396,SIMR0396,SIMU0130:User 130,GRANTED
2026,1月,13,周二,14:55:23,2EEB40A9,SIMBR0198,SIMR0198,SIMU0260:User 260,GRANTED
2026,1月,13,周二,14:55:23,5C4195BE,SIMBR0012,SIMR0012,SIMU0288:User 288,GRANTED
2026,1月,13,周二,14:55:23,D49E4724,SIMBR0334,SIMR0334,SIMU0278:User 278,GRANTED
2026,1月,13,周二,14:55:23,D0B8FC16,SIMBR0246,SIMR0246,SIMU0185:User 185,GRANTED
2026,1月,13,周二,14:55:23,01513E26,SIMBR0171,SIMR0171,SIMU0181:User 181,GRANTED
2026,1月,13,周二,14:55:23,5560EC7D,SIMBR0059,SIMR0059,SIMU0109:User 109,GRANTED
2026,1月,13,周二,14:55:23,C718E607,SIMBR0090,SIMR0090,SIMU0089:User 89,GRANTED
2026,1月,13,周二,14:55:23,A53931BD,SIMBR0291,SIMR0291,SIMU0058:User 58,GRANTED
2026,1月,13,周二,14:55:23,1EBD89C8,SIMBR0066,SIMR0066,SIMU0123:User 123,GRANTED
2026,1月,13,周二,14:55:23,AB055C88,SIMBR0290,SIMR0290,SIMU0024:User 24,GRANTED
2026,1月,13,周二,14:55:23,397975BA,SIMBR0154,SIMR0154,SIMU0164:User 164,GRANTED
2026,1月,13,周二,14:55:23,F1D4B1B6,SIMBR0149,SIMR0149,SIMU0247:User 247,GRANTED
2026,1月,13,周二,14:55:23,0CFFFBA0,SIMBR0076,SIMR0076,SIMU0189:User 189,GRANTED
2026,1月,13,周二,14:55:23,4D83FE2E,SIMBR0062,SIMR0062,SIMU0056:User 56,GRANTED
2026,1月,13,周二,14:55:23,D49E4724,SIMBR0126,SIMR0126,SIMU0278:User 278,GRANTED
2026,1月,13,周二,14:55:23,1812D558,SIMBR0045,SIMR0045,SIMU0214:User 214,GRANTED
2026,1月,13,周二,14:55:23,397975BA,SIMBR0233,SIMR0233,SIMU0164:User 164,GRANTED
2026,1月,13,周二,14:55:23,4D83FE2E,SIMBR0197,SIMR0197,SIMU0056:User 56,GRANTED
2026,1月,13,周二,14:55:23,BA893511,SIMBR0155,SIMR0155,SIMU0269:User 269,GRANTED
2026,1月,13,周二,14:55:23,BC450719,SIMBR0322,SIMR0322,SIMU0013:User 13,GRANTED
2026,1月,13,周二,14:55:23,1E4AD759,SIMBR0129,SIMR0129,SIMU0029:User 29,GRANTED
2026,1月,13,周二,14:55:23,4D153C4A,SIMBR0079,SIMR0079,SIMU0104:User 104,GRANTED
2026,1月,13,周二,14:55:23,2E121B44,SIMBR0029,SIMR0029,SIMU0258:User 258,GRANTED
2026,1月,13,周二,14:55:23,F0ADE55C,SIMBR0370,SIMR0370,SIMU0237:User 237,GRANTED
2026,1月,13,周二,14:55:23,D2C7D462,SIMBR0125,SIMR0125,SIMU0061:User 61,GRANTED
2026,1月,13,周二,14:55:23,36330273,SIMBR0286,SIMR0286,SIMU0291:User 291,GRANTED
2026,1月,13,周二,14:55:23,FB68A282,SIMBR0164,SIMR0164,SIMU0183:User 183,GRANTED
2026,1月,13,周二,14:55:23,8884A944,SIMBR0271,SIMR0271,SIMU0295:User 295,GRANTED
2026,1月,13,周二,14:55:23,FD75651D,SIMBR0132,SIMR0132,SIMU0238:User 238,GRANTED
2026,1月,13,周二,14:55:23,8EA215FF,SIMBR0020,SIMR0020,SIMU0201:User 201,GRANTED
2026,1月,13,周二,14:55:23,128D7B1F,SIMBR0284,SIMR0284,SIMU0121:User 121,GRANTED
2026,1月,13,周二,14:55:23,2C249415,SIMBR0165,SIMR0165,SIMU0276:User 276,GRANTED
2026,1月,13,周二,14:55:23,1E4AD759,SIMBR0216,SIMR0216,SIMU0029:User 29,GRANTED
2026,1月,13,周二,14:55:23,2056B86F,SIMBR0028,SIMR0028,SIMU0067:User 67,GRANTED
2026,1月,13,周二,14:55:23,D78DDFDE,SIMBR0092,SIMR0092,SIMU0252:User 252,GRANTED
2026,1月,13,周二,14:55:23,50B332C8,SIMBR0026,SIMR0026,SIMU0122:User 122,GRANTED
2026,1月,13,周二,14:55:23,A5A16F78,SIMBR0193,SIMR0193,SIMU0294:User 294,GRANTED
2026,1月,13,周二,14:55:23,C50459DB,SIMBR0200,SIMR0200,SIMU0262:User 262,GRANTED
2026,1月,13,周二,14:55:23,35C69784,SIMBR0322,SIMR0322,SIMU0168:User 168,GRANTED
2026,1月,13,周二,14:55:23,EF6713BA,BR025,RES018,SIMU0153:User 153,DENIED
2026,1月,13,周二,14:55:23,F1D4B1B6,SIMBR0095,SIMR0095,SIMU0247:User 247,GRANTED
2026,1月,13,周二,14:55:23,628D5BBC,SIMBR0306,SIMR0306,SIMU0041:User 41,GRANTED
2026,1月,13,周二,14:55:23,BEBCE825,SIMBR0089,SIMR0089,SIMU0270:User 270,GRANTED
2026,1月,13,周二,14:55:23,7B092D88,SIMBR0019,SIMR0019,SIMU0236:User 236,GRANTED
2026,1月,13,周二,14:55:23,3DC555DE,SIMBR0181,SIMR0181,SIMU0300:User 300,GRANTED
2026,1月,13,周二,14:55:23,6B7D13ED,SIMBR0109,SIMR0109,SIMU0191:User 191,GRANTED
2026,1月,13,周二,14:55:23,73913F8C,SIMBR0054,SIMR0054,SIMU0188:User 188,GRANTED
2026,1月,13,周二,14:55:23,538EE2BF,SIMBR0313,SIMR0313,SIMU0177:User 177,GRANTED
2026,1月,13,周二,14:55:23,BA821DBA,SIMBR0121,SIMR0121,SIMU0148:User 148,GRANTED
2026,1月,13,周二,14:55:23,4B59E256,SIMBR0056,SIMR0056,SIMU0182:User 182,GRANTED
2026,1月,13,周二,14:55:23,0FB515EE,BR003,RES022,SIMU0033:User 33,DENIED
2026,1月,13,周二,14:55:23,FAE4DEC5,SIMBR0343,SIMR0343,SIMU0053:User 53,GRANTED
2026,1月,13,周二,14:55:23,FC05A793,SIMBR0227,SIMR0227,SIMU0071:User 71,GRANTED
2026,1月,13,周二,14:55:23,23858FDA,SIMBR0373,SIMR0373,SIMU0098:User 98,GRANTED
2026,1月,13,周二,14:55:23,DA3D486F,SIMBR0360,SIMR0360,SIMU0028:User 28,GRANTED
2026,1月,13,周二,14:55:23,95777979,SIMBR0172,SIMR0172,SIMU0051:User 51,GRANTED
2026,1月,13,周二,14:55:23,F853E5E9,SIMBR0364,SIMR0364,SIMU0119:User 119,GRANTED
2026,1月,13,周二,14:55:23,BD4961D3,SIMBR0069,SIMR0069,SIMU0169:User 169,GRANTED
2026,1月,13,周二,14:55:23,50B332C8,SIMBR0341,SIMR0341,SIMU0122:User 122,GRANTED
2026,1月,13,周二,14:55:23,FE83648E,SIMBR0111,SIMR0111,SIMU0142:User 142,GRANTED
2026,1月,13,周二,14:55:23,D3799252,SIMBR0096,SIMR0096,SIMU0022:User 22,GRANTED
2026,1月,13,周二,14:55:23,CB1ACCC7,SIMBR0153,SIMR0153,SIMU0110:User 110,GRANTED
2026,1月,13,周二,14:55:23,6213A883,SIMBR0349,SIMR0349,SIMU0249:User 249,GRANTED
2026,1月,13,周二,14:55:23,A4F77AE3,SIMBR0098,SIMR0098,SIMU0031:User 31,GRANTED
2026,1月,13,周二,14:55:23,D87DCC23,SIMBR0209,SIMR0209,SIMU0006:User 6,GRANTED
2026,1月,13,周二,14:55:23,24546BD0,SIMBR0038,SIMR0038,SIMU0251:User 251,GRANTED
2026,1月,13,周二,14:55:23,21A13EE6,SIMBR0252,SIMR0252,SIMU0133:User 133,GRANTED
2026,1月,13,周二,14:55:23,37FA6637,SIMBR0279,SIMR0279,SIMU0199:User 199,GRANTED
2026,1月,13,周二,14:55:23,4FC5D562,SIMBR0281,SIMR0281,SIMU0275:User 275,GRANTED
2026,1月,13,周二,14:55:23,59E1ACA0,SIMBR0276,SIMR0276,SIMU0090:User 90,GRANTED
2026,1月,13,周二,14:55:23,61095621,SIMBR0190,SIMR0190,SIMU0137:User 137,GRANTED
2026,1月,13,周二,14:55:23,E55AD432,SIMBR0281,SIMR0281,SIMU0134:User 134,GRANTED
2026,1月,13,周二,14:55:23,E6DCC382,SIMBR0200,SIMR0200,SIMU0158:User 158,GRANTED
2026,1月,13,周二,14:55:23,FEF21F79,SIMBR0002,SIMR0002,SIMU0159:User 159,GRANTED
2026,1月,13,周二,14:55:23,A5A16F78,SIMBR0187,SIMR0187,SIMU0294:User 294,GRANTED
2026,1月,13,周二,14:55:23,97A9597E,SIMBR0087,SIMR0087,SIMU0030:User 30,GRANTED
2026,1月,13,周二,14:55:23,DA3D486F,SIMBR0387,SIMR0387,SIMU0028:User 28,GRANTED
2026,1月,13,周二,14:55:23,A51F7B4F,SIMBR0252,SIMR0252,SIMU0277:User 277,GRANTED
2026,1月,13,周二,14:55:23,7C3923AE,SIMBR0362,SIMR0362,SIMU0210:User 210,GRANTED
2026,1月,13,周二,14:55:23,D3E409F0,SIMBR0368,SIMR0368,SIMU0012:User 12,GRANTED
2026,1月,13,周二,14:55:23,24A968FA,SIMBR0132,SIMR0132,SIMU0241:User 241,GRANTED
2026,1月,13,周二,14:55:23,5334DCE6,BR003,RES022,SIMU0179:User 179,DENIED
2026,1月,13,周二,14:55:23,CA15B29F,SIMBR0185,SIMR0185,SIMU0206:User 206,GRANTED
2026,1月,13,周二,14:55:23,3870BA5D,SIMBR0172,SIMR0172,SIMU0173:User 173,GRANTED
2026,1月,13,周二,14:55:23,538EE2BF,SIMBR0194,SIMR0194,SIMU0177:User 177,GRANTED
2026,1月,13,周二,14:55:23,F853E5E9,SIMBR0266,SIMR0266,SIMU0119:User 119,GRANTED
2026,1月,13,周二,14:55:23,3CC4126C,SIMBR0219,SIMR0219,SIMU0099:User 99,GRANTED
2026,1月,13,周二,14:55:23,3B22F02A,SIMBR0184,SIMR0184,SIMU0299:User 299,GRANTED
2026,1月,13,周二,14:55:23,AF6C110D,SIMBR0358,SIMR0358,SIMU0080:User 80,GRANTED
2026,1月,13,周二,14:55:23,40A1D543,SIMBR0333,SIMR0333,SIMU0267:User 267,GRANTED
2026,1月,13,周二,14:55:23,C44E5E52,SIMBR0145,SIMR0145,SIMU0002:User 2,GRANTED
2026,1月,13,周二,14:55:23,11BD165A,SIMBR0370,SIMR0370,SIMU0154:User 154,GRANTED
2026,1月,13,周二,14:55:23,CD0D9101,SIMBR0056,SIMR0056,SIMU0135:User 135,GRANTED
2026,1月,13,周二,14:55:23,E6DCC382,SIMBR0147,SIMR0147,SIMU0158:User 158,GRANTED
2026,1月,13,周二,14:55:23,8C19D42A,SIMBR0213,SIMR0213,SIMU0284:User 284,GRANTED
2026,1月,13,周二,14:55:23,2C249415,SIMBR0201,SIMR0201,SIMU0276:User 276,GRANTED
2026,1月,13,周二,14:55:23,0EE439B9,SIMBR0117,SIMR0117,SIMU0004:User 4,GRANTED
2026,1月,13,周二,14:55:23,CBD2A48A,SIMBR0215,SIMR0215,SIMU0021:User 21,GRANTED
2026,1月,13,周二,14:55:23,16ED8B1D,SIMBR0140,SIMR0140,SIMU0073:User 73,GRANTED
2026,1月,13,周二,14:55:23,D0B8FC16,SIMBR0363,SIMR0363,SIMU0185:User 185,GRANTED
2026,1月,13,周二,14:55:23,7C3923AE,SIMBR0223,SIMR0223,SIMU0210:User 210,GRANTED
2026,1月,13,周二,14:55:23,54C5EDBD,SIMBR0147,SIMR0147,SIMU0145:User 145,GRANTED
2026,1月,13,周二,14:55:23,A51F7B4F,SIMBR0274,SIMR0274,SIMU0277:User 277,GRANTED
2026,1月,13,周二,14:55:23,A7A30652,SIMBR0229,SIMR0229,SIMU0094:User 94,GRANTED
2026,1月,13,周二,14:55:23,E393950E,SIMBR0003,SIMR0003,SIMU0195:User 195,GRANTED
2026,1月,13,周二,14:55:23,78D74DDD,SIMBR0139,SIMR0139,VIS001:Qian Qi,DENIED
2026,1月,13,周二,14:55:23,FBFF5A63,SIMBR0201,SIMR0201,SIMU0184:User 184,GRANTED
2026,1月,13,周二,14:55:23,8BC6335E,SIMBR0055,SIMR0055,SIMU0204:User 204,GRANTED
2026,1月,13,周二,14:55:23,D78DDFDE,SIMBR0390,SIMR0390,SIMU0252:User 252,GRANTED
2026,1月,13,周二,14:55:23,78D74DDD,SIMBR0138,SIMR0138,VIS001:Qian Qi,DENIED
2026,1月,13,周二,14:55:23,273D28BF,SIMBR0083,SIMR0083,SIMU0057:User 57,GRANTED
2026,1月,13,周二,14:55:23,4D153C4A,SIMBR0031,SIMR0031,SIMU0104:User 104,GRANTED
2026,1月,13,周二,14:55:23,24DE0286,SIMBR0156,SIMR0156,SIMU0221:User 221,GRANTED
2026,1月,13,周二,14:55:23,B0B2BCE6,SIMBR0045,SIMR0045,SIMU0208:User 208,GRANTED
2026,1月,13,周二,14:55:23,CB0F203D,SIMBR0190,SIMR0190,SIMU0124:User 124,GRANTED
2026,1月,13,周二,14:55:23,2D060B76,SIMBR0080,SIMR0080,SIMU0162:User 162,GRANTED
2026,1月,13,周二,14:55:23,C7C3B16D,SIMBR0188,SIMR0188,SIMU0259:User 259,GRANTED
2026,1月,13,周二,14:55:23,4FC5D562,SIMBR0234,SIMR0234,SIMU0275:User 275,GRANTED
2026,1月,13,周二,14:55:23,EF6713BA,SIMBR0313,SIMR0313,SIMU0153:User 153,GRANTED
2026,1月,13,周二,14:55:23,87F48A64,SIMBR0330,SIMR0330,SIMU0143:User 143,GRANTED
2026,1月,13,周二,14:55:23,E93FF152,SIMBR0149,SIMR0149,SIMU0197:User 197,GRANTED
2026,1月,13,周二,14:55:23,B77EBDC0,SIMBR0180,SIMR0180,SIMU0203:User 203,GRANTED
2026,1月,13,周二,14:55:23,0EA23D3A,SIMBR0195,SIMR0195,SIMU0062:User 62,GRANTED
2026,1月,13,周二,14:55:23,068AFAB6,SIMBR0012,SIMR0012,SIMU0115:User 115,GRANTED
2026,1月,13,周二,14:55:23,CB0F203D,SIMBR0192,SIMR0192,SIMU0124:User 124,GRANTED
2026,1月,13,周二,14:55:24,F616A325,SIMBR0287,SIMR0287,SIMU0194:User 194,GRANTED
2026,1月,13,周二,14:55:24,A9E67E95,SIMBR0255,SIMR0255,SIMU0243:User 243,GRANTED
2026,1月,13,周二,14:55:24,50B332C8,SIMBR0259,SIMR0259,SIMU0122:User 122,GRANTED
2026,1月,13,周二,14:55:24,A0043AC2,SIMBR0390,SIMR0390,SIMU0040:User 40,GRANTED
2026,1月,13,周二,14:55:24,A5A16F78,SIMBR0067,SIMR0067,SIMU0294:User 294,GRANTED
2026,1月,13,周二,14:55:24,0DE450B1,SIMBR0178,SIMR0178,SIMU0016:User 16,GRANTED
2026,1月,13,周二,14:55:24,C1CE8342,SIMBR0286,SIMR0286,SIMU0018:User 18,GRANTED
2026,1月,13,周二,14:55:24,F9B71846,SIMBR0306,SIMR0306,SIMU0196:User 196,GRANTED
2026,1月,13,周二,14:55:24,AE2F46DE,SIMBR0097,SIMR0097,SIMU0232:User 232,GRANTED
2026,1月,13,周二,14:55:24,3DC555DE,SIMBR0266,SIMR0266,SIMU0300:User 300,GRANTED
2026,1月,13,周二,14:55:24,FC9C0D71,SIMBR0207,SIMR0207,SIMU0093:User 93,GRANTED
2026,1月,13,周二,14:55:24,56C4C8CF,SIMBR0040,SIMR0040,SIMU0077:User 77,GRANTED
2026,1月,13,周二,14:55:24,8B9117BE,SIMBR0140,SIMR0140,SIMU0165:User 165,GRANTED
2026,1月,13,周二,14:55:24,49B45DCD,SIMBR0347,SIMR0347,SIMU0272:User 272,GRANTED
2026,1月,13,周二,14:55:24,80BC1A17,SIMBR0092,SIMR0092,SIMU0112:User 112,GRANTED
2026,1月,13,周二,14:55:24,C72DAED8,SIMBR0161,SIMR0161,SIMU0117:User 117,GRANTED
2026,1月,13,周二,14:55:24,78D4B102,SIMBR0291,SIMR0291,SIMU0283:User 283,GRANTED
2026,1月,13,周二,14:55:24,D6BC3463,SIMBR0271,SIMR0271,SIMU0037:User 37,GRANTED
2026,1月,13,周二,14:55:24,13F09473,SIMBR0182,SIMR0182,SIMU0279:User 279,GRANTED
2026,1月,13,周二,14:55:24,CA296753,SIMBR0276,SIMR0276,SIMU0055:User 55,GRANTED
2026,1月,13,周二,14:55:24,D49E4724,SIMBR0064,SIMR0064,SIMU0278:User 278,GRANTED
2026,1月,13,周二,14:55:24,44B3ADEE,SIMBR0172,SIMR0172,SIMU0157:User 157,GRANTED
2026,1月,13,周二,14:55:24,58B690ED,SIMBR0221,SIMR0221,SIMU0081:User 81,GRANTED
2026,1月,13,周二,14:55:24,45BE30A8,SIMBR0260,SIMR0260,8d1a5202-9052-4f93-bf5a-4deffdf65fd3:a q,GRANTED
2026,1月,13,周二,14:55:24,983FD996,SIMBR0015,SIMR0015,SIMU0225:User 225,GRANTED
2026,1月,13,周二,14:55:24,37E9D9C0,SIMBR0214,SIMR0214,SIMU0034:User 34,GRANTED
2026,1月,13,周二,14:55:24,C44E5E52,SIMBR0356,SIMR0356,SIMU0002:User 2,GRANTED
2026,1月,13,周二,14:55:24,DA3D486F,SIMBR0349,SIMR0349,SIMU0028:User 28,GRANTED
2026,1月,13,周二,14:55:24,E6D64EED,BR011,RES026,SIMU0105:User 105,DENIED
2026,1月,13,周二,14:55:24,CBD2A48A,SIMBR0035,SIMR0035,SIMU0021:User 21,GRANTED
2026,1月,13,周二,14:55:24,58B55845,SIMBR0304,SIMR0304,EMP002:Li Si,DENIED
2026,1月,13,周二,14:55:24,394DF2A8,SIMBR0105,SIMR0105,SIMU0111:User 111,GRANTED
2026,1月,13,周二,14:55:24,DF7754DF,SIMBR0076,SIMR0076,SIMU0019:User 19,GRANTED
2026,1月,13,周二,14:55:24,2C249415,SIMBR0325,SIMR0325,SIMU0276:User 276,GRANTED
2026,1月,13,周二,14:55:24,5E9892AA,SIMBR0337,SIMR0337,SIMU0293:User 293,GRANTED
2026,1月,13,周二,14:55:24,C04BAEE8,SIMBR0115,SIMR0115,SIMU0129:User 129,GRANTED
2026,1月,13,周二,14:55:24,C2F816DD,BR007,RES024,SIMU0266:User 266,DENIED
2026,1月,13,周二,14:55:24,56619802,SIMBR0294,SIMR0294,SIMU0202:User 202,GRANTED
2026,1月,13,周二,14:55:24,7CA376A0,SIMBR0184,SIMR0184,SIMU0102:User 102,GRANTED
2026,1月,13,周二,14:55:24,10321BC3,SIMBR0165,SIMR0165,SIMU0042:User 42,GRANTED
2026,1月,13,周二,14:55:24,0540806D,SIMBR0248,SIMR0248,SIMU0265:User 265,GRANTED
2026,1月,13,周二,14:55:24,7CA376A0,SIMBR0066,SIMR0066,SIMU0102:User 102,GRANTED
2026,1月,13,周二,14:55:24,D3E409F0,SIMBR0215,SIMR0215,SIMU0012:User 12,GRANTED
2026,1月,13,周二,14:55:24,29200997,SIMBR0131,SIMR0131,SIMU0186:User 186,GRANTED
2026,1月,13,周二,14:55:24,5E9892AA,SIMBR0074,SIMR0074,SIMU0293:User 293,GRANTED
2026,1月,13,周二,14:55:24,57DBFC15,SIMBR0076,SIMR0076,SIMU0290:User 290,GRANTED
2026,1月,13,周二,14:55:24,518BCEDD,SIMBR0021,SIMR0021,SIMU0011:User 11,GRANTED
2026,1月,13,周二,14:55:24,D0871CF1,SIMBR0267,SIMR0267,SIMU0007:User 7,GRANTED
2026,1月,13,周二,14:55:24,B095C629,SIMBR0397,SIMR0397,SIMU0257:User 257,GRANTED
2026,1月,13,周二,14:55:24,B9D6BC00,SIMBR0286,SIMR0286,SIMU0107:User 107,GRANTED
2026,1月,13,周二,14:55:24,85471FCB,SIMBR0186,SIMR0186,SIMU0054:User 54,GRANTED
2026,1月,13,周二,14:55:24,A0043AC2,SIMBR0203,SIMR0203,SIMU0040:User 40,GRANTED
2026,1月,13,周二,14:55:24,B77EBDC0,SIMBR0108,SIMR0108,SIMU0203:User 203,GRANTED
2026,1月,13,周二,14:55:24,B095C629,SIMBR0190,SIMR0190,SIMU0257:User 257,GRANTED
2026,1月,13,周二,14:55:24,47A80030,SIMBR0051,SIMR0051,SIMU0234:User 234,GRANTED
2026,1月,13,周二,14:55:24,24A968FA,SIMBR0330,SIMR0330,SIMU0241:User 241,GRANTED
2026,1月,13,周二,14:55:24,0EE439B9,SIMBR0200,SIMR0200,SIMU0004:User 4,GRANTED
2026,1月,13,周二,14:55:24,9A00F337,SIMBR0396,SIMR0396,SIMU0285:User 285,GRANTED
2026,1月,13,周二,14:55:24,FE83648E,SIMBR0365,SIMR0365,SIMU0142:User 142,GRANTED
2026,1月,13,周二,14:55:24,354118DA,SIMBR0262,SIMR0262,SIMU0052:User 52,GRANTED
2026,1月,13,周二,14:55:24,EFC60F14,SIMBR0004,SIMR0004,SIMU0286:User 286,GRANTED
2026,1月,13,周二,14:55:24,B0B2BCE6,SIMBR0006,SIMR0006,SIMU0208:User 208,GRANTED
2026,1月,13,周二,14:55:24,853BC8DF,SIMBR0355,SIMR0355,SIMU0092:User 92,GRANTED
2026,1月,13,周二,14:55:24,69A8F764,SIMBR0136,SIMR0136,SIMU0240:User 240,GRANTED
2026,1月,13,周二,14:55:24,3A395E30,SIMBR0160,SIMR0160,SIMU0280:User 280,GRANTED
2026,1月,13,周二,14:55:24,D832D5F3,SIMBR0061,SIMR0061,SIMU0261:User 261,GRANTED
2026,1月,13,周二,14:55:24,D49E4724,SIMBR0312,SIMR0312,SIMU0278:User 278,GRANTED
2026,1月,13,周二,14:55:24,CA15B29F,SIMBR0082,SIMR0082,SIMU0206:User 206,GRANTED
2026,1月,13,周二,14:55:24,397975BA,BR026,RES019,SIMU0164:User 164,DENIED
2026,1月,13,周二,14:55:24,15D30411,SIMBR0194,SIMR0194,SIMU0289:User 289,GRANTED
2026,1月,13,周二,14:55:24,A5A16F78,SIMBR0352,SIMR0352,SIMU0294:User 294,GRANTED
2026,1月,13,周二,14:55:24,A9E67E95,SIMBR0276,SIMR0276,SIMU0243:User 243,GRANTED
2026,1月,13,周二,14:55:24,D2C7D462,SIMBR0378,SIMR0378,SIMU0061:User 61,GRANTED
2026,1月,13,周二,14:55:24,69A8F764,SIMBR0310,SIMR0310,SIMU0240:User 240,GRANTED
2026,1月,13,周二,14:55:24,A234EF8B,SIMBR0153,SIMR0153,SIMU0069:User 69,GRANTED
2026,1月,13,周二,14:55:24,E8751622,SIMBR0120,SIMR0120,SIMU0161:User 161,GRANTED
2026,1月,13,周二,14:55:24,21A13EE6,SIMBR0198,SIMR0198,SIMU0133:User 133,GRANTED
2026,1月,13,周二,14:55:24,5E9892AA,SIMBR0159,SIMR0159,SIMU0293:User 293,GRANTED
2026,1月,13,周二,14:55:24,B0B2BCE6,BR001,RES020,SIMU0208:User 208,DENIED
2026,1月,13,周二,14:55:24,8D67E6D5,SIMBR0193,SIMR0193,SIMU0045:User 45,GRANTED
2026,1月,13,周二,14:55:24,6FFD7F45,SIMBR0105,SIMR0105,SIMU0198:User 198,GRANTED
2026,1月,13,周二,14:55:24,84F825EE,SIMBR0208,SIMR0208,SIMU0150:User 150,GRANTED
2026,1月,13,周二,14:55:24,B9D6BC00,BR020,RES013,SIMU0107:User 107,DENIED
2026,1月,13,周二,14:55:24,8884A944,SIMBR0324,SIMR0324,SIMU0295:User 295,GRANTED
2026,1月,13,周二,14:55:24,FE83648E,SIMBR0135,SIMR0135,SIMU0142:User 142,GRANTED
2026,1月,13,周二,14:55:24,546575AC,SIMBR0385,SIMR0385,SIMU0140:User 140,GRANTED
2026,1月,13,周二,14:55:24,C2F816DD,SIMBR0361,SIMR0361,SIMU0266:User 266,GRANTED
2026,1月,13,周二,14:55:24,2EEB40A9,BR005,RES023,SIMU0260:User 260,DENIED
2026,1月,13,周二,14:55:24,B9D6BC00,SIMBR0230,SIMR0230,SIMU0107:User 107,GRANTED
2026,1月,13,周二,14:55:24,9615FFCC,BR019,RES012,SIMU0010:User 10,DENIED
2026,1月,13,周二,14:55:24,69A8F764,SIMBR0328,SIMR0328,SIMU0240:User 240,GRANTED
2026,1月,13,周二,14:55:24,1A88116F,SIMBR0037,SIMR0037,SIMU0063:User 63,GRANTED
2026,1月,13,周二,14:55:24,495297EE,SIMBR0137,SIMR0137,SIMU0038:User 38,GRANTED
2026,1月,13,周二,14:55:24,87F48A64,BR007,RES024,SIMU0143:User 143,DENIED
2026,1月,13,周二,14:55:24,C46D887F,SIMBR0071,SIMR0071,SIMU0254:User 254,GRANTED
2026,1月,13,周二,14:55:24,6CEC1FDF,SIMBR0243,SIMR0243,SIMU0230:User 230,GRANTED
2026,1月,13,周二,14:55:24,E07F08A6,SIMBR0146,SIMR0146,SIMU0246:User 246,GRANTED
2026,1月,13,周二,14:55:24,13990099,SIMBR0335,SIMR0335,SIMU0008:User 8,GRANTED
2026,1月,13,周二,14:55:24,BA821DBA,SIMBR0391,SIMR0391,SIMU0148:User 148,GRANTED
2026,1月,13,周二,14:55:24,9615FFCC,SIMBR0221,SIMR0221,SIMU0010:User 10,GRANTED
2026,1月,13,周二,14:55:24,D0171F97,SIMBR0345,SIMR0345,SIMU0032:User 32,GRANTED
2026,1月,13,周二,14:55:24,7CA376A0,SIMBR0238,SIMR0238,SIMU0102:User 102,GRANTED
2026,1月,13,周二,14:55:24,6E7782F8,SIMBR0199,SIMR0199,INT001:Zhao Liu,DENIED
2026,1月,13,周二,14:55:24,FD75651D,SIMBR0378,SIMR0378,SIMU0238:User 238,GRANTED
2026,1月,13,周二,14:55:24,905C3DCB,SIMBR0369,SIMR0369,SIMU0070:User 70,GRANTED
2026,1月,13,周二,14:55:24,24A968FA,SIMBR0054,SIMR0054,SIMU0241:User 241,GRANTED
2026,1月,13,周二,14:55:24,CA782D54,SIMBR0049,SIMR0049,SIMU0219:User 219,GRANTED
2026,1月,13,周二,14:55:24,1A3D1ED6,SIMBR0104,SIMR0104,SIMU0231:User 231,GRANTED
2026,1月,13,周二,14:55:24,D78DDFDE,SIMBR0237,SIMR0237,SIMU0252:User 252,GRANTED
2026,1月,13,周二,14:55:24,10321BC3,SIMBR0291,SIMR0291,SIMU0042:User 42,GRANTED
2026,1月,13,周二,14:55:24,9A00F337,SIMBR0014,SIMR0014,SIMU0285:User 285,GRANTED
2026,1月,13,周二,14:55:24,24DE0286,BR009,RES025,SIMU0221:User 221,DENIED
2026,1月,13,周二,14:55:24,C2F816DD,SIMBR0237,SIMR0237,SIMU0266:User 266,GRANTED
2026,1月,13,周二,14:55:24,0540806D,SIMBR0371,SIMR0371,SIMU0265:User 265,GRANTED
2026,1月,13,周二,14:55:24,FC05A793,SIMBR0035,SIMR0035,SIMU0071:User 71,GRANTED
2026,1月,13,周二,14:55:24,E137F666,SIMBR0388,SIMR0388,SIMU0220:User 220,GRANTED
2026,1月,13,周二,14:55:24,358D24E5,BR025,RES018,SIMU0130:User 130,DENIED
2026,1月,13,周二,14:55:24,273F3B3E,SIMBR0233,SIMR0233,SIMU0224:User 224,GRANTED
2026,1月,13,周二,14:55:24,643D2F0C,SIMBR0302,SIMR0302,SIMU0048:User 48,GRANTED
2026,1月,13,周二,14:55:24,94264C0C,SIMBR0153,SIMR0153,SIMU0118:User 118,GRANTED
2026,1月,13,周二,14:55:24,E393950E,SIMBR0375,SIMR0375,SIMU0195:User 195,GRANTED
2026,1月,13,周二,14:55:24,C39400FA,SIMBR0326,SIMR0326,SIMU0078:User 78,GRANTED
2026,1月,13,周二,14:55:24,F0ADE55C,SIMBR0065,SIMR0065,SIMU0237:User 237,GRANTED
2026,1月,13,周二,14:55:24,F9B71846,SIMBR0297,SIMR0297,SIMU0196:User 196,GRANTED
2026,1月,13,周二,14:55:24,86937632,SIMBR0037,SIMR0037,SIMU0187:User 187,GRANTED
2026,1月,13,周二,14:55:24,F616A325,SIMBR0091,SIMR0091,SIMU0194:User 194,GRANTED
2026,1月,13,周二,14:55:24,F90964BF,SIMBR0177,SIMR0177,SIMU0091:User 91,GRANTED
2026,1月,13,周二,14:55:24,EEC38563,SIMBR0186,SIMR0186,SIMU0141:User 141,GRANTED
2026,1月,13,周二,14:55:24,B1990B96,SIMBR0046,SIMR0046,SIMU0106:User 106,GRANTED
2026,1月,13,周二,14:55:24,C718E607,SIMBR0326,SIMR0326,SIMU0089:User 89,GRANTED
2026,1月,13,周二,14:55:24,D87DCC23,SIMBR0139,SIMR0139,SIMU0006:User 6,GRANTED
2026,1月,13,周二,14:55:24,6F12BFA3,SIMBR0026,SIMR0026,SIMU0218:User 218,GRANTED
2026,1月,13,周二,14:55:24,F6E7D08A,SIMBR0214,SIMR0214,SIMU0001:User 1,GRANTED
2026,1月,13,周二,14:55:24,2C249415,SIMBR0083,SIMR0083,SIMU0276:User 276,GRANTED
2026,1月,13,周二,14:55:24,1E74F408,SIMBR0098,SIMR0098,SIMU0171:User 171,GRANTED
2026,1月,13,周二,14:55:24,3122BEFD,SIMBR0242,SIMR0242,SIMU0066:User 66,GRANTED
2026,1月,13,周二,14:55:24,DB66EC85,SIMBR0057,SIMR0057,SIMU0100:User 100,GRANTED
2026,1月,13,周二,14:55:24,983FD996,SIMBR0112,SIMR0112,SIMU0225:User 225,GRANTED
2026,1月,13,周二,14:55:24,0EE439B9,SIMBR0265,SIMR0265,SIMU0004:User 4,GRANTED
2026,1月,13,周二,14:55:24,BA841717,SIMBR0171,SIMR0171,SIMU0064:User 64,GRANTED
2026,1月,13,周二,14:55:24,050D9DEF,SIMBR0374,SIMR0374,SIMU0128:User 128,GRANTED
2026,1月,13,周二,14:55:24,F90964BF,BR010,RES004,SIMU0091:User 91,DENIED
2026,1月,13,周二,14:55:24,C39400FA,SIMBR0331,SIMR0331,SIMU0078:User 78,GRANTED
2026,1月,13,周二,14:55:24,D832D5F3,SIMBR0086,SIMR0086,SIMU0261:User 261,GRANTED
2026,1月,13,周二,14:55:24,8E0C2F27,SIMBR0035,SIMR0035,SIMU0126:User 126,GRANTED
2026,1月,13,周二,14:55:24,C46D887F,SIMBR0033,SIMR0033,SIMU0254:User 254,GRANTED
2026,1月,13,周二,14:55:24,56619802,SIMBR0396,SIMR0396,SIMU0202:User 202,GRANTED
2026,1月,13,周二,14:55:24,983FD996,SIMBR0394,SIMR0394,SIMU0225:User 225,GRANTED
2026,1月,13,周二,14:55:24,F04FDB11,SIMBR0354,SIMR0354,SIMU0125:User 125,GRANTED
2026,1月,13,周二,14:55:24,D87DCC23,SIMBR0263,SIMR0263,SIMU0006:User 6,GRANTED
2026,1月,13,周二,14:55:24,D78DDFDE,SIMBR0295,SIMR0295,SIMU0252:User 252,GRANTED
2026,1月,13,周二,14:55:24,0DE450B1,SIMBR0158,SIMR0158,SIMU0016:User 16,GRANTED
2026,1月,13,周二,14:55:24,13990099,SIMBR0028,SIMR0028,SIMU0008:User 8,GRANTED
2026,1月,13,周二,14:55:24,86937632,SIMBR0040,SIMR0040,SIMU0187:User 187,GRANTED
2026,1月,13,周二,14:55:24,9615FFCC,SIMBR0221,SIMR0221,SIMU0010:User 10,GRANTED
2026,1月,13,周二,14:55:24,BD4961D3,SIMBR0025,SIMR0025,SIMU0169:User 169,GRANTED
2026,1月,13,周二,14:55:24,95777979,SIMBR0103,SIMR0103,SIMU0051:User 51,GRANTED
2026,1月,13,周二,14:55:24,FBFF5A63,SIMBR0223,SIMR0223,SIMU0184:User 184,GRANTED
2026,1月,13,周二,14:55:24,D6BC3463,SIMBR0113,SIMR0113,SIMU0037:User 37,GRANTED
2026,1月,13,周二,14:55:24,49B45DCD,BR004,RES001,SIMU0272:User 272,DENIED
2026,1月,13,周二,14:55:24,5D5C3450,SIMBR0292,SIMR0292,SIMU0131:User 131,GRANTED
2026,1月,13,周二,14:55:24,CEC0E003,SIMBR0237,SIMR0237,SIMU0009:User 9,GRANTED
2026,1月,13,周二,14:55:24,6C174D63,SIMBR0362,SIMR0362,SIMU0116:User 116,GRANTED
2026,1月,13,周二,14:55:24,3B9B3EAE,BR021,RES014,SIMU0144:User 144,DENIED
2026,1月,13,周二,14:55:24,D2C7D462,SIMBR0230,SIMR0230,SIMU0061:User 61,GRANTED
2026,1月,13,周二,14:55:24,1792E539,SIMBR0345,SIMR0345,SIMU0292:User 292,GRANTED
2026,1月,13,周二,14:55:24,56C4C8CF,SIMBR0337,SIMR0337,SIMU0077:User 77,GRANTED
2026,1月,13,周二,14:55:24,CD0D9101,SIMBR0126,SIMR0126,SIMU0135:User 135,GRANTED
2026,1月,13,周二,14:55:24,F3B58DFF,SIMBR0057,SIMR0057,SIMU0076:User 76,GRANTED
2026,1月,13,周二,14:55:24,181D33C7,SIMBR0108,SIMR0108,SIMU0227:User 227,GRANTED
2026,1月,13,周二,14:55:24,3A52D444,SIMBR0247,SIMR0247,SIMU0166:User 166,GRANTED
2026,1月,13,周二,14:55:24,C2F816DD,SIMBR0227,SIMR0227,SIMU0266:User 266,GRANTED
2026,1月,13,周二,14:55:24,628D5BBC,SIMBR0172,SIMR0172,SIMU0041:User 41,GRANTED
2026,1月,13,周二,14:55:24,CCACC23C,SIMBR0021,SIMR0021,SIMU0149:User 149,GRANTED
2026,1月,13,周二,14:55:24,D87DCC23,SIMBR0183,SIMR0183,SIMU0006:User 6,GRANTED
2026,1月,13,周二,14:55:24,3EA1EF87,SIMBR0341,SIMR0341,SIMU0229:User 229,GRANTED
2026,1月,13,周二,14:55:24,1B14F9BC,SIMBR0091,SIMR0091,SIMU0065:User 65,GRANTED
2026,1月,13,周二,14:55:24,FBBEF95C,SIMBR0057,SIMR0057,SIMU0025:User 25,GRANTED
2026,1月,13,周二,14:55:24,D832D5F3,SIMBR0178,SIMR0178,SIMU0261:User 261,GRANTED
2026,1月,13,周二,14:55:24,45B37997,SIMBR0184,SIMR0184,SIMU0163:User 163,GRANTED
2026,1月,13,周二,14:55:24,C72DAED8,SIMBR0009,SIMR0009,SIMU0117:User 117,GRANTED
2026,1月,13,周二,14:55:24,3122BEFD,SIMBR0302,SIMR0302,SIMU0066:User 66,GRANTED
2026,1月,13,周二,14:55:24,C2EDBC0C,SIMBR0299,SIMR0299,SIMU0226:User 226,GRANTED
2026,1月,13,周二,14:55:24,16ED8B1D,SIMBR0021,SIMR0021,SIMU0073:User 73,GRANTED
2026,1月,13,周二,14:55:24,FBBEF95C,SIMBR0355,SIMR0355,SIMU0025:User 25,GRANTED
2026,1月,13,周二,14:55:24,D324F0AC,SIMBR0109,SIMR0109,SIMU0108:User 108,GRANTED
2026,1月,13,周二,14:55:24,36330273,SIMBR0198,SIMR0198,SIMU0291:User 291,GRANTED
2026,1月,13,周二,14:55:24,56619802,SIMBR0172,SIMR0172,SIMU0202:User 202,GRANTED
2026,1月,13,周二,14:55:24,C0F19B1C,BR015,RES008,SIMU0155:User 155,DENIED
2026,1月,13,周二,14:55:24,4DFA0FE5,SIMBR0223,SIMR0223,SIMU0255:User 255,GRANTED
2026,1月,13,周二,14:55:24,80AC649D,BR004,RES001,SIMU0088:User 88,DENIED
2026,1月,13,周二,14:55:24,C5A57784,SIMBR0246,SIMR0246,SIMU0072:User 72,GRANTED
2026,1月,13,周二,14:55:24,EF6713BA,SIMBR0266,SIMR0266,SIMU0153:User 153,GRANTED
2026,1月,13,周二,14:55:24,B13BB6C7,SIMBR0084,SIMR0084,SIMU0167:User 167,GRANTED
2026,1月,13,周二,14:55:24,6A6279C3,SIMBR0296,SIMR0296,SIMU0178:User 178,GRANTED
2026,1月,13,周二,14:55:24,0641BA46,SIMBR0146,SIMR0146,SIMU0085:User 85,GRANTED
2026,1月,13,周二,14:55:24,45B37997,SIMBR0399,SIMR0399,SIMU0163:User 163,GRANTED
2026,1月,13,周二,14:55:24,78D74DDD,BR020,RES013,VIS001:Qian Qi,DENIED
2026,1月,13,周二,14:55:24,8BC6335E,SIMBR0363,SIMR0363,SIMU0204:User 204,GRANTED
2026,1月,13,周二,14:55:24,D87DCC23,SIMBR0104,SIMR0104,SIMU0006:User 6,GRANTED
2026,1月,13,周二,14:55:25,CB2FA116,SIMBR0079,SIMR0079,SIMU0172:User 172,GRANTED
2026,1月,13,周二,14:55:25,4B59E256,SIMBR0095,SIMR0095,SIMU0182:User 182,GRANTED
2026,1月,13,周二,14:55:25,DB66EC85,SIMBR0053,SIMR0053,SIMU0100:User 100,GRANTED
2026,1月,13,周二,14:55:25,84F825EE,SIMBR0136,SIMR0136,SIMU0150:User 150,GRANTED
2026,1月,13,周二,14:55:25,905C3DCB,SIMBR0225,SIMR0225,SIMU0070:User 70,GRANTED
2026,1月,13,周二,14:55:25,4D153C4A,SIMBR0232,SIMR0232,SIMU0104:User 104,GRANTED
2026,1月,13,周二,14:55:25,602AF119,SIMBR0111,SIMR0111,SIMU0223:User 223,GRANTED
2026,1月,13,周二,14:55:25,3122BEFD,SIMBR0328,SIMR0328,SIMU0066:User 66,GRANTED
2026,1月,13,周二,14:55:25,1E74F408,SIMBR0031,SIMR0031,SIMU0171:User 171,GRANTED
2026,1月,13,周二,14:55:25,C50459DB,SIMBR0313,SIMR0313,SIMU0262:User 262,GRANTED
2026,1月,13,周二,14:55:25,24DE0286,BR004,RES001,SIMU0221:User 221,DENIED
2026,1月,13,周二,14:55:25,5AC1CCB2,SIMBR0169,SIMR0169,SIMU0264:User 264,GRANTED
2026,1月,13,周二,14:55:25,964B6B12,SIMBR0037,SIMR0037,SIMU0003:User 3,GRANTED
2026,1月,13,周二,14:55:25,3EA1EF87,SIMBR0388,SIMR0388,SIMU0229:User 229,GRANTED
2026,1月,13,周二,14:55:25,23858FDA,SIMBR0088,SIMR0088,SIMU0098:User 98,GRANTED
2026,1月,13,周二,14:55:25,7BEB2168,SIMBR0205,SIMR0205,SIMU0282:User 282,GRANTED
2026,1月,13,周二,14:55:25,24DE0286,SIMBR0381,SIMR0381,SIMU0221:User 221,GRANTED
2026,1月,13,周二,14:55:25,290F7C52,SIMBR0085,SIMR0085,SIMU0216:User 216,GRANTED
2026,1月,13,周二,14:55:25,874CC50E,SIMBR0237,SIMR0237,SIMU0036:User 36,GRANTED
2026,1月,13,周二,14:55:25,290F7C52,SIMBR0041,SIMR0041,SIMU0216:User 216,GRANTED
2026,1月,13,周二,14:55:25,C44E5E52,SIMBR0340,SIMR0340,SIMU0002:User 2,GRANTED
2026,1月,13,周二,14:55:25,AA3155BB,SIMBR0189,SIMR0189,SIMU0050:User 50,GRANTED
2026,1月,13,周二,14:55:25,853BC8DF,SIMBR0143,SIMR0143,SIMU0092:User 92,GRANTED
2026,1月,13,周二,14:55:25,D716AAF5,SIMBR0043,SIMR0043,SIMU0170:User 170,GRANTED
2026,1月,13,周二,14:55:25,E0F41E54,SIMBR0340,SIMR0340,SIMU0176:User 176,GRANTED
2026,1月,13,周二,14:55:25,24A968FA,SIMBR0161,SIMR0161,SIMU0241:User 241,GRANTED
2026,1月,13,周二,14:55:25,F04FDB11,SIMBR0328,SIMR0328,SIMU0125:User 125,GRANTED
2026,1月,13,周二,14:55:25,8884A944,BR014,RES007,SIMU0295:User 295,DENIED
2026,1月,13,周二,14:55:25,FAE4DEC5,SIMBR0105,SIMR0105,SIMU0053:User 53,GRANTED
2026,1月,13,周二,14:55:25,7C3923AE,BR017,RES010,SIMU0210:User 210,DENIED
2026,1月,13,周二,14:55:25,BA1008EF,SIMBR0144,SIMR0144,SIMU0083:User 83,GRANTED
2026,1月,13,周二,14:55:25,10321BC3,SIMBR0239,SIMR0239,SIMU0042:User 42,GRANTED
2026,1月,13,周二,14:55:25,66FC8294,SIMBR0091,SIMR0091,SIMU0180:User 180,GRANTED
2026,1月,13,周二,14:55:25,C584F9D3,SIMBR0052,SIMR0052,EMP001:Zhang San,DENIED
2026,1月,13,周二,14:55:25,FBBEF95C,SIMBR0114,SIMR0114,SIMU0025:User 25,GRANTED
2026,1月,13,周二,14:55:25,5A758FE3,SIMBR0080,SIMR0080,SIMU0103:User 103,GRANTED
2026,1月,13,周二,14:55:25,C5A57784,SIMBR0369,SIMR0369,SIMU0072:User 72,GRANTED
2026,1月,13,周二,14:55:25,21A13EE6,SIMBR0103,SIMR0103,SIMU0133:User 133,GRANTED
2026,1月,13,周二,14:55:25,D87DCC23,SIMBR0276,SIMR0276,SIMU0006:User 6,GRANTED
2026,1月,13,周二,14:55:25,F90964BF,SIMBR0155,SIMR0155,SIMU0091:User 91,GRANTED
2026,1月,13,周二,14:55:25,EF6713BA,SIMBR0397,SIMR0397,SIMU0153:User 153,GRANTED
2026,1月,13,周二,14:55:25,31C1AEEF,SIMBR0096,SIMR0096,SIMU0039:User 39,GRANTED
2026,1月,13,周二,14:55:25,2EEB40A9,SIMBR0174,SIMR0174,SIMU0260:User 260,GRANTED
2026,1月,13,周二,14:55:25,20917633,SIMBR0058,SIMR0058,SIMU0296:User 296,GRANTED
2026,1月,13,周二,14:55:25,905C3DCB,SIMBR0072,SIMR0072,SIMU0070:User 70,GRANTED
2026,1月,13,周二,14:55:25,13F09473,SIMBR0153,SIMR0153,SIMU0279:User 279,GRANTED
2026,1月,13,周二,14:55:25,FBBEF95C,SIMBR0128,SIMR0128,SIMU0025:User 25,GRANTED
2026,1月,13,周二,14:55:25,4D83FE2E,SIMBR0263,SIMR0263,SIMU0056:User 56,GRANTED
2026,1月,13,周二,14:55:25,8EA215FF,SIMBR0224,SIMR0224,SIMU0201:User 201,GRANTED
2026,1月,13,周二,14:55:25,33F39C8F,SIMBR0118,SIMR0118,SIMU0205:User 205,GRANTED
2026,1月,13,周二,14:55:25,964B6B12,SIMBR0327,SIMR0327,SIMU0003:User 3,GRANTED
2026,1月,13,周二,14:55:25,CB1ACCC7,SIMBR0007,SIMR0007,SIMU0110:User 110,GRANTED
2026,1月,13,周二,14:55:25,BA6DDD0B,SIMBR0171,SIMR0171,SIMU0146:User 146,GRANTED
2026,1月,13,周二,14:55:25,1B14F9BC,SIMBR0087,SIMR0087,SIMU0065:User 65,GRANTED
2026,1月,13,周二,14:55:25,030D82CF,SIMBR0288,SIMR0288,SIMU0207:User 207,GRANTED
2026,1月,13,周二,14:55:25,E6D64EED,SIMBR0100,SIMR0100,SIMU0105:User 105,GRANTED
2026,1月,13,周二,14:55:25,24A968FA,SIMBR0074,SIMR0074,SIMU0241:User 241,GRANTED
2026,1月,13,周二,14:55:25,5AC1CCB2,SIMBR0397,SIMR0397,SIMU0264:User 264,GRANTED
2026,1月,13,周二,14:55:25,BEBCE825,SIMBR0139,SIMR0139,SIMU0270:User 270,GRANTED
2026,1月,13,周二,14:55:25,D78DDFDE,SIMBR0267,SIMR0267,SIMU0252:User 252,GRANTED
2026,1月,13,周二,14:55:25,C39400FA,SIMBR0295,SIMR0295,SIMU0078:User 78,GRANTED
2026,1月,13,周二,14:55:25,56C4C8CF,SIMBR0207,SIMR0207,SIMU0077:User 77,GRANTED
2026,1月,13,周二,14:55:25,DF7754DF,SIMBR0124,SIMR0124,SIMU0019:User 19,GRANTED
2026,1月,13,周二,14:55:25,9A00F337,SIMBR0236,SIMR0236,SIMU0285:User 285,GRANTED
2026,1月,13,周二,14:55:25,3870BA5D,SIMBR0350,SIMR0350,SIMU0173:User 173,GRANTED
2026,1月,13,周二,14:55:25,582A6476,SIMBR0110,SIMR0110,SIMU0046:User 46,GRANTED
2026,1月,13,周二,14:55:25,628D5BBC,SIMBR0187,SIMR0187,SIMU0041:User 41,GRANTED
2026,1月,13,周二,14:55:25,1A88116F,SIMBR0097,SIMR0097,SIMU0063:User 63,GRANTED
2026,1月,13,周二,14:55:25,B6F02DDB,SIMBR0140,SIMR0140,SIMU0156:User 156,GRANTED
2026,1月,13,周二,14:55:25,A5A16F78,SIMBR0288,SIMR0288,SIMU0294:User 294,GRANTED
2026,1月,13,周二,14:55:25,EF6713BA,SIMBR0014,SIMR0014,SIMU0153:User 153,GRANTED
2026,1月,13,周二,14:55:25,D87DCC23,BR003,RES022,SIMU0006:User 6,DENIED
2026,1月,13,周二,14:55:25,2289A51E,SIMBR0113,SIMR0113,SIMU0273:User 273,GRANTED
2026,1月,13,周二,14:55:25,A2903A49,SIMBR0155,SIMR0155,SIMU0043:User 43,GRANTED
2026,1月,13,周二,14:55:25,D504C218,SIMBR0206,SIMR0206,SIMU0060:User 60,GRANTED
2026,1月,13,周二,14:55:25,128D7B1F,SIMBR0389,SIMR0389,SIMU0121:User 121,GRANTED
2026,1月,13,周二,14:55:25,49B45DCD,SIMBR0250,SIMR0250,SIMU0272:User 272,GRANTED
2026,1月,13,周二,14:55:25,F9B71846,SIMBR0304,SIMR0304,SIMU0196:User 196,GRANTED
2026,1月,13,周二,14:55:25,602AF119,SIMBR0337,SIMR0337,SIMU0223:User 223,GRANTED
2026,1月,13,周二,14:55:25,1E74F408,SIMBR0278,SIMR0278,SIMU0171:User 171,GRANTED
2026,1月,13,周二,14:55:25,FAE4DEC5,SIMBR0210,SIMR0210,SIMU0053:User 53,GRANTED
2026,1月,13,周二,14:55:25,0EA23D3A,SIMBR0217,SIMR0217,SIMU0062:User 62,GRANTED
2026,1月,13,周二,14:55:25,47C3A99F,SIMBR0338,SIMR0338,SIMU0136:User 136,GRANTED
2026,1月,13,周二,14:55:25,01513E26,SIMBR0351,SIMR0351,SIMU0181:User 181,GRANTED
2026,1月,13,周二,14:55:25,FBFF5A63,SIMBR0317,SIMR0317,SIMU0184:User 184,GRANTED
2026,1月,13,周二,14:55:25,C0F19B1C,SIMBR0091,SIMR0091,SIMU0155:User 155,GRANTED
2026,1月,13,周二,14:55:25,54722E38,SIMBR0300,SIMR0300,SIMU0222:User 222,GRANTED
2026,1月,13,周二,14:55:25,C46D887F,SIMBR0350,SIMR0350,SIMU0254:User 254,GRANTED
2026,1月,13,周二,14:55:25,3DDB17B7,SIMBR0244,SIMR0244,SIMU0044:User 44,GRANTED
2026,1月,13,周二,14:55:25,273D28BF,BR011,RES026,SIMU0057:User 57,DENIED
2026,1月,13,周二,14:55:25,C1CE8342,SIMBR0389,SIMR0389,SIMU0018:User 18,GRANTED
2026,1月,13,周二,14:55:25,FE83648E,SIMBR0354,SIMR0354,SIMU0142:User 142,GRANTED
2026,1月,13,周二,14:55:25,97A9597E,SIMBR0102,SIMR0102,SIMU0030:User 30,GRANTED
2026,1月,13,周二,14:55:25,1EBD89C8,SIMBR0213,SIMR0213,SIMU0123:User 123,GRANTED
2026,1月,13,周二,14:55:25,D3799252,SIMBR0318,SIMR0318,SIMU0022:User 22,GRANTED
2026,1月,13,周二,14:55:25,A74F536B,SIMBR0072,SIMR0072,SIMU0097:User 97,GRANTED
2026,1月,13,周二,14:55:25,3B22F02A,SIMBR0176,SIMR0176,SIMU0299:User 299,GRANTED
2026,1月,13,周二,14:55:25,394DF2A8,SIMBR0400,SIMR0400,SIMU0111:User 111,GRANTED
2026,1月,13,周二,14:55:25,7CE9CF19,SIMBR0298,SIMR0298,SIMU0020:User 20,GRANTED
2026,1月,13,周二,14:55:25,44B3ADEE,SIMBR0206,SIMR0206,SIMU0157:User 157,GRANTED
2026,1月,13,周二,14:55:25,8BF81A2A,SIMBR0037,SIMR0037,SIMU0233:User 233,GRANTED
2026,1月,13,周二,14:55:25,AB055C88,SIMBR0249,SIMR0249,SIMU0024:User 24,GRANTED
2026,1月,13,周二,14:55:25,C46D887F,SIMBR0361,SIMR0361,SIMU0254:User 254,GRANTED
2026,1月,13,周二,14:55:25,F6E7D08A,SIMBR0353,SIMR0353,SIMU0001:User 1,GRANTED
2026,1月,13,周二,14:55:25,1A3D1ED6,SIMBR0252,SIMR0252,SIMU0231:User 231,GRANTED
2026,1月,13,周二,14:55:25,2C249415,SIMBR0060,SIMR0060,SIMU0276:User 276,GRANTED
2026,1月,13,周二,14:55:25,45B37997,SIMBR0104,SIMR0104,SIMU0163:User 163,GRANTED
2026,1月,13,周二,14:55:25,BEBCE825,SIMBR0145,SIMR0145,SIMU0270:User 270,GRANTED
2026,1月,13,周二,14:55:25,C72DAED8,SIMBR0256,SIMR0256,SIMU0117:User 117,GRANTED
2026,1月,13,周二,14:55:25,D716AAF5,SIMBR0304,SIMR0304,SIMU0170:User 170,GRANTED
2026,1月,13,周二,14:55:25,6E7782F8,SIMBR0167,SIMR0167,INT001:Zhao Liu,DENIED
2026,1月,13,周二,14:55:25,95379CDB,SIMBR0150,SIMR0150,f46ee39b-ac9d-4193-a478-f8cfc35cec07:gagaga a,GRANTED
2026,1月,13,周二,14:55:25,DA3D486F,BR009,RES025,SIMU0028:User 28,DENIED
2026,1月,13,周二,14:55:25,47A80030,SIMBR0364,SIMR0364,SIMU0234:User 234,GRANTED
2026,1月,13,周二,14:55:25,84F825EE,SIMBR0231,SIMR0231,SIMU0150:User 150,GRANTED
2026,1月,13,周二,14:55:25,AE2F46DE,SIMBR0167,SIMR0167,SIMU0232:User 232,GRANTED
2026,1月,13,周二,14:55:25,41981850,SIMBR0156,SIMR0156,SIMU0263:User 263,GRANTED
2026,1月,13,周二,14:55:25,C3943F18,SIMBR0002,SIMR0002,SIMU0113:User 113,GRANTED
2026,1月,13,周二,14:55:25,DCB76AA3,SIMBR0181,SIMR0181,SIMU0228:User 228,GRANTED
2026,1月,13,周二,14:55:25,FEB7592C,SIMBR0162,SIMR0162,SIMU0059:User 59,GRANTED
2026,1月,13,周二,14:55:25,46895123,SIMBR0053,SIMR0053,SIMU0132:User 132,GRANTED
2026,1月,13,周二,14:55:25,6CEC1FDF,SIMBR0144,SIMR0144,SIMU0230:User 230,GRANTED
2026,1月,13,周二,14:55:25,8884A944,SIMBR0400,SIMR0400,SIMU0295:User 295,GRANTED
2026,1月,13,周二,14:55:25,BEBCE825,SIMBR0252,SIMR0252,SIMU0270:User 270,GRANTED
2026,1月,13,周二,14:55:25,3A52D444,SIMBR0252,SIMR0252,SIMU0166:User 166,GRANTED
2026,1月,13,周二,14:55:25,3870BA5D,SIMBR0074,SIMR0074,SIMU0173:User 173,GRANTED
2026,1月,13,周二,14:55:25,BEBCE825,SIMBR0355,SIMR0355,SIMU0270:User 270,GRANTED
2026,1月,13,周二,14:55:25,AA3155BB,SIMBR0211,SIMR0211,SIMU0050:User 50,GRANTED
2026,1月,13,周二,14:55:25,01FC696F,SIMBR0103,SIMR0103,SIMU0068:User 68,GRANTED
2026,1月,13,周二,14:55:25,75D7C714,SIMBR0285,SIMR0285,SIMU0005:User 5,GRANTED
2026,1月,13,周二,14:55:25,1DE07196,SIMBR0071,SIMR0071,SIMU0274:User 274,GRANTED
2026,1月,13,周二,14:55:25,4B59E256,SIMBR0195,SIMR0195,SIMU0182:User 182,GRANTED
2026,1月,13,周二,14:55:25,F1D4B1B6,SIMBR0162,SIMR0162,SIMU0247:User 247,GRANTED
2026,1月,13,周二,14:55:25,B6F02DDB,SIMBR0136,SIMR0136,SIMU0156:User 156,GRANTED
2026,1月,13,周二,14:55:25,128D7B1F,SIMBR0119,SIMR0119,SIMU0121:User 121,GRANTED
2026,1月,13,周二,14:55:25,3A395E30,SIMBR0219,SIMR0219,SIMU0280:User 280,GRANTED
2026,1月,13,周二,14:55:25,44B3ADEE,SIMBR0118,SIMR0118,SIMU0157:User 157,GRANTED
2026,1月,13,周二,14:55:25,CA15B29F,SIMBR0075,SIMR0075,SIMU0206:User 206,GRANTED
2026,1月,13,周二,14:55:25,628D5BBC,SIMBR0103,SIMR0103,SIMU0041:User 41,GRANTED
2026,1月,13,周二,14:55:25,B6F02DDB,SIMBR0016,SIMR0016,SIMU0156:User 156,GRANTED
2026,1月,13,周二,14:55:25,BD4961D3,SIMBR0105,SIMR0105,SIMU0169:User 169,GRANTED
2026,1月,13,周二,14:55:25,01513E26,BR004,RES001,SIMU0181:User 181,DENIED
2026,1月,13,周二,14:55:25,1A3D1ED6,SIMBR0314,SIMR0314,SIMU0231:User 231,GRANTED
2026,1月,13,周二,14:55:25,78D4B102,SIMBR0116,SIMR0116,SIMU0283:User 283,GRANTED
2026,1月,13,周二,14:55:25,47A80030,SIMBR0391,SIMR0391,SIMU0234:User 234,GRANTED
2026,1月,13,周二,14:55:25,1792E539,SIMBR0334,SIMR0334,SIMU0292:User 292,GRANTED
2026,1月,13,周二,14:55:25,47C3A99F,SIMBR0203,SIMR0203,SIMU0136:User 136,GRANTED
2026,1月,13,周二,14:55:25,F6E7D08A,SIMBR0070,SIMR0070,SIMU0001:User 1,GRANTED
2026,1月,13,周二,14:55:25,C6173DD5,SIMBR0178,SIMR0178,SIMU0023:User 23,GRANTED
2026,1月,13,周二,14:55:25,24546BD0,SIMBR0089,SIMR0089,SIMU0251:User 251,GRANTED
2026,1月,13,周二,14:55:25,E137F666,SIMBR0268,SIMR0268,SIMU0220:User 220,GRANTED
2026,1月,13,周二,14:55:25,2056B86F,SIMBR0184,SIMR0184,SIMU0067:User 67,GRANTED
2026,1月,13,周二,14:55:25,A9E67E95,SIMBR0307,SIMR0307,SIMU0243:User 243,GRANTED
2026,1月,13,周二,14:55:25,91E5E6B0,SIMBR0181,SIMR0181,SIMU0079:User 79,GRANTED
2026,1月,13,周二,14:55:25,54722E38,SIMBR0126,SIMR0126,SIMU0222:User 222,GRANTED
2026,1月,13,周二,14:55:25,181D33C7,SIMBR0282,SIMR0282,SIMU0227:User 227,GRANTED
2026,1月,13,周二,14:55:25,7413D955,SIMBR0387,SIMR0387,SIMU0075:User 75,GRANTED
2026,1月,13,周二,14:55:25,3870BA5D,SIMBR0171,SIMR0171,SIMU0173:User 173,GRANTED
2026,1月,13,周二,14:55:25,B6F02DDB,BR018,RES011,SIMU0156:User 156,DENIED
2026,1月,13,周二,14:55:25,61095621,SIMBR0392,SIMR0392,SIMU0137:User 137,GRANTED
2026,1月,13,周二,14:55:25,538EE2BF,SIMBR0354,SIMR0354,SIMU0177:User 177,GRANTED
2026,1月,13,周二,14:55:25,050D9DEF,SIMBR0137,SIMR0137,SIMU0128:User 128,GRANTED
2026,1月,13,周二,14:55:25,E0F41E54,SIMBR0336,SIMR0336,SIMU0176:User 176,GRANTED
2026,1月,13,周二,14:55:25,905C3DCB,SIMBR0206,SIMR0206,SIMU0070:User 70,GRANTED
2026,1月,13,周二,14:55:25,5E9892AA,SIMBR0159,SIMR0159,SIMU0293:User 293,GRANTED
2026,1月,13,周二,14:55:25,8D67E6D5,SIMBR0174,SIMR0174,SIMU0045:User 45,GRANTED
2026,1月,13,周二,14:55:25,1EBD89C8,SIMBR0340,SIMR0340,SIMU0123:User 123,GRANTED
2026,1月,13,周二,14:55:25,A9E67E95,SIMBR0036,SIMR0036,SIMU0243:User 243,GRANTED
2026,1月,13,周二,14:55:25,95379CDB,SIMBR0354,SIMR0354,f46ee39b-ac9d-4193-a478-f8cfc35cec07:gagaga a,GRANTED
2026,1月,13,周二,14:55:25,B77EBDC0,SIMBR0290,SIMR0290,SIMU0203:User 203,GRANTED
2026,1月,13,周二,14:55:25,2EEB40A9,SIMBR0014,SIMR0014,SIMU0260:User 260,GRANTED
2026,1月,13,周二,14:55:25,DB66EC85,SIMBR0007,SIMR0007,SIMU0100:User 100,GRANTED
2026,1月,13,周二,14:55:25,0641BA46,SIMBR0102,SIMR0102,SIMU0085:User 85,GRANTED
2026,1月,13,周二,14:55:25,2EEB40A9,SIMBR0285,SIMR0285,SIMU0260:User 260,GRANTED
2026,1月,13,周二,14:55:25,1B14F9BC,SIMBR0294,SIMR0294,SIMU0065:User 65,GRANTED
2026,1月,13,周二,14:55:25,E0F41E54,SIMBR0034,SIMR0034,SIMU0176:User 176,GRANTED
2026,1月,13,周二,14:55:25,3DDB17B7,SIMBR0339,SIMR0339,SIMU0044:User 44,GRANTED
2026,1月,13,周二,14:55:25,5C4195BE,SIMBR0202,SIMR0202,SIMU0288:User 288,GRANTED
2026,1月,13,周二,14:55:25,394DF2A8,SIMBR0206,SIMR0206,SIMU0111:User 111,GRANTED
2026,1月,13,周二,14:55:25,E8751622,SIMBR0330,SIMR0330,SIMU0161:User 161,GRANTED
2026,1月,13,周二,14:55:25,C0F19B1C,SIMBR0303,SIMR0303,SIMU0155:User 155,GRANTED
2026,1月,13,周二,14:55:25,0641BA46,SIMBR0392,SIMR0392,SIMU0085:User 85,GRANTED
2026,1月,13,周二,14:55:25,C31E01F0,SIMBR0360,SIMR0360,SIMU0192:User 192,GRANTED
2026,1月,13,周二,14:55:25,4DFA0FE5,SIMBR0216,SIMR0216,SIMU0255:User 255,GRANTED
2026,1月,13,周二,14:55:25,358D24E5,SIMBR0282,SIMR0282,SIMU0130:User 130,GRANTED
2026,1月,13,周二,14:55:25,F9B71846,SIMBR0285,SIMR0285,SIMU0196:User 196,GRANTED
2026,1月,13,周二,14:55:25,DA3D486F,SIMBR0137,SIMR0137,SIMU0028:User 28,GRANTED
2026,1月,13,周二,14:55:25,C6173DD5,BR019,RES012,SIMU0023:User 23,DENIED
2026,1月,13,周二,14:55:25,D1BB07EE,SIMBR0119,SIMR0119,SIMU0287:User 287,GRANTED
2026,1月,13,周二,14:55:25,181D33C7,SIMBR0316,SIMR0316,SIMU0227:User 227,GRANTED
2026,1月,13,周二,14:55:25,CEC0E003,BR023,RES016,SIMU0009:User 9,DENIED
2026,1月,13,周二,14:55:25,D49E4724,SIMBR0080,SIMR0080,SIMU0278:User 278,GRANTED
2026,1月,13,周二,14:55:25,BC450719,SIMBR0042,SIMR0042,SIMU0013:User 13,GRANTED
2026,1月,13,周二,14:55:25,3DDB17B7,SIMBR0038,SIMR0038,SIMU0044:User 44,GRANTED
2026,1月,13,周二,14:55:25,CB2FA116,SIMBR0084,SIMR0084,SIMU0172:User 172,GRANTED
2026,1月,13,周二,14:55:25,7C28253F,SIMBR0130,SIMR0130,SIMU0027:User 27,GRANTED
2026,1月,13,周二,14:55:25,7CA376A0,SIMBR0361,SIMR0361,SIMU0102:User 102,GRANTED
2026,1月,13,周二,14:55:25,57ED1495,SIMBR0244,SIMR0244,SIMU0250:User 250,GRANTED
2026,1月,13,周二,14:55:25,8EA215FF,SIMBR0177,SIMR0177,SIMU0201:User 201,GRANTED
2026,1月,13,周二,14:55:25,36330273,SIMBR0274,SIMR0274,SIMU0291:User 291,GRANTED
2026,1月,13,周二,14:55:26,66FC8294,SIMBR0338,SIMR0338,SIMU0180:User 180,GRANTED
2026,1月,13,周二,14:55:26,3A395E30,SIMBR0289,SIMR0289,SIMU0280:User 280,GRANTED
2026,1月,13,周二,14:55:26,84F825EE,SIMBR0057,SIMR0057,SIMU0150:User 150,GRANTED
2026,1月,13,周二,14:55:26,273D28BF,SIMBR0045,SIMR0045,SIMU0057:User 57,GRANTED
2026,1月,13,周二,14:55:26,D78DDFDE,SIMBR0286,SIMR0286,SIMU0252:User 252,GRANTED
2026,1月,13,周二,14:55:26,F832AB7A,SIMBR0111,SIMR0111,SIMU0139:User 139,GRANTED
2026,1月,13,周二,14:55:26,EF6713BA,SIMBR0202,SIMR0202,SIMU0153:User 153,GRANTED
2026,1月,13,周二,14:55:26,36330273,SIMBR0309,SIMR0309,SIMU0291:User 291,GRANTED
2026,1月,13,周二,14:55:26,E2506042,SIMBR0213,SIMR0213,SIMU0101:User 101,GRANTED
2026,1月,13,周二,14:55:26,3DDB17B7,SIMBR0274,SIMR0274,SIMU0044:User 44,GRANTED
2026,1月,13,周二,14:55:26,3A395E30,SIMBR0279,SIMR0279,SIMU0280:User 280,GRANTED
2026,1月,13,周二,14:55:26,E2506042,SIMBR0162,SIMR0162,SIMU0101:User 101,GRANTED
2026,1月,13,周二,14:55:26,7C28253F,SIMBR0354,SIMR0354,SIMU0027:User 27,GRANTED
2026,1月,13,周二,14:55:26,6213A883,SIMBR0052,SIMR0052,SIMU0249:User 249,GRANTED
2026,1月,13,周二,14:55:26,23858FDA,SIMBR0364,SIMR0364,SIMU0098:User 98,GRANTED
2026,1月,13,周二,14:55:26,E6DCC382,SIMBR0385,SIMR0385,SIMU0158:User 158,GRANTED
2026,1月,13,周二,14:55:26,CB2FA116,SIMBR0159,SIMR0159,SIMU0172:User 172,GRANTED
2026,1月,13,周二,14:55:26,59E1ACA0,SIMBR0352,SIMR0352,SIMU0090:User 90,GRANTED
2026,1月,13,周二,14:55:26,6E7782F8,BR002,RES021,INT001:Zhao Liu,DENIED
2026,1月,13,周二,14:55:26,8BF81A2A,SIMBR0334,SIMR0334,SIMU0233:User 233,GRANTED
2026,1月,13,周二,14:55:26,D87DCC23,BR026,RES019,SIMU0006:User 6,DENIED
2026,1月,13,周二,14:55:26,C44E5E52,SIMBR0338,SIMR0338,SIMU0002:User 2,GRANTED
2026,1月,13,周二,14:55:26,F853E5E9,SIMBR0179,SIMR0179,SIMU0119:User 119,GRANTED
2026,1月,13,周二,14:55:26,D504C218,SIMBR0113,SIMR0113,SIMU0060:User 60,GRANTED
2026,1月,13,周二,14:55:26,4D153C4A,SIMBR0195,SIMR0195,SIMU0104:User 104,GRANTED
2026,1月,13,周二,14:55:26,4AF57AEF,BR018,RES011,SIMU0193:User 193,DENIED
2026,1月,13,周二,14:55:26,7D277C80,SIMBR0149,SIMR0149,SIMU0212:User 212,GRANTED
2026,1月,13,周二,14:55:26,13990099,BR018,RES011,SIMU0008:User 8,DENIED
2026,1月,13,周二,14:55:26,8EA215FF,SIMBR0157,SIMR0157,SIMU0201:User 201,GRANTED
2026,1月,13,周二,14:55:26,A89B9996,SIMBR0018,SIMR0018,SIMU0213:User 213,GRANTED
2026,1月,13,周二,14:55:26,C31E01F0,SIMBR0081,SIMR0081,SIMU0192:User 192,GRANTED
2026,1月,13,周二,14:55:26,E2F9D137,SIMBR0080,SIMR0080,SIMU0217:User 217,GRANTED
2026,1月,13,周二,14:55:26,4B59E256,BR009,RES025,SIMU0182:User 182,DENIED
2026,1月,13,周二,14:55:26,80BC1A17,SIMBR0080,SIMR0080,SIMU0112:User 112,GRANTED
2026,1月,13,周二,14:55:26,5334DCE6,SIMBR0163,SIMR0163,SIMU0179:User 179,GRANTED
2026,1月,13,周二,14:55:26,D3799252,SIMBR0137,SIMR0137,SIMU0022:User 22,GRANTED
2026,1月,13,周二,14:55:26,D832D5F3,SIMBR0310,SIMR0310,SIMU0261:User 261,GRANTED
2026,1月,13,周二,14:55:26,2EEB40A9,SIMBR0322,SIMR0322,SIMU0260:User 260,GRANTED
2026,1月,13,周二,14:55:26,20917633,SIMBR0110,SIMR0110,SIMU0296:User 296,GRANTED
2026,1月,13,周二,14:55:26,97A9597E,SIMBR0354,SIMR0354,SIMU0030:User 30,GRANTED
2026,1月,13,周二,14:55:26,C2F816DD,BR015,RES008,SIMU0266:User 266,DENIED
2026,1月,13,周二,14:55:26,DF7754DF,SIMBR0101,SIMR0101,SIMU0019:User 19,GRANTED
2026,1月,13,周二,14:55:26,CD0D9101,SIMBR0193,SIMR0193,SIMU0135:User 135,GRANTED
2026,1月,13,周二,14:55:26,D78DDFDE,SIMBR0212,SIMR0212,SIMU0252:User 252,GRANTED
2026,1月,13,周二,14:55:26,D87DCC23,SIMBR0085,SIMR0085,SIMU0006:User 6,GRANTED
2026,1月,13,周二,14:55:26,5E9892AA,SIMBR0062,SIMR0062,SIMU0293:User 293,GRANTED
2026,1月,13,周二,14:55:26,8BF81A2A,SIMBR0370,SIMR0370,SIMU0233:User 233,GRANTED
2026,1月,13,周二,14:55:26,86937632,SIMBR0072,SIMR0072,SIMU0187:User 187,GRANTED
2026,1月,13,周二,14:55:26,23858FDA,SIMBR0326,SIMR0326,SIMU0098:User 98,GRANTED
2026,1月,13,周二,14:55:26,33F39C8F,SIMBR0369,SIMR0369,SIMU0205:User 205,GRANTED
2026,1月,13,周二,14:55:26,6C174D63,SIMBR0010,SIMR0010,SIMU0116:User 116,GRANTED
2026,1月,13,周二,14:55:26,BA0243B9,SIMBR0146,SIMR0146,PM001:Sun Ba,DENIED
2026,1月,13,周二,14:55:26,53A1B264,SIMBR0326,SIMR0326,SIMU0017:User 17,GRANTED
2026,1月,13,周二,14:55:26,CA296753,SIMBR0391,SIMR0391,SIMU0055:User 55,GRANTED
2026,1月,13,周二,14:55:26,964B6B12,SIMBR0294,SIMR0294,SIMU0003:User 3,GRANTED
2026,1月,13,周二,14:55:26,5560EC7D,SIMBR0058,SIMR0058,SIMU0109:User 109,GRANTED
2026,1月,13,周二,14:55:26,E0F41E54,SIMBR0279,SIMR0279,SIMU0176:User 176,GRANTED
2026,1月,13,周二,14:55:26,DCB76AA3,SIMBR0154,SIMR0154,SIMU0228:User 228,GRANTED
2026,1月,13,周二,14:55:26,546575AC,SIMBR0141,SIMR0141,SIMU0140:User 140,GRANTED
2026,1月,13,周二,14:55:26,DB66EC85,SIMBR0173,SIMR0173,SIMU0100:User 100,GRANTED
2026,1月,13,周二,14:55:26,A7A30652,SIMBR0337,SIMR0337,SIMU0094:User 94,GRANTED
2026,1月,13,周二,14:55:26,7D277C80,BR013,RES006,SIMU0212:User 212,DENIED
2026,1月,13,周二,14:55:26,D0171F97,SIMBR0059,SIMR0059,SIMU0032:User 32,GRANTED
2026,1月,13,周二,14:55:26,B2D6FCB4,SIMBR0197,SIMR0197,SIMU0086:User 86,GRANTED
2026,1月,13,周二,14:55:26,FEB7592C,SIMBR0098,SIMR0098,SIMU0059:User 59,GRANTED
2026,1月,13,周二,14:55:26,A7A30652,SIMBR0263,SIMR0263,SIMU0094:User 94,GRANTED
2026,1月,13,周二,14:55:26,A2903A49,SIMBR0301,SIMR0301,SIMU0043:User 43,GRANTED
2026,1月,13,周二,14:55:26,6CEC1FDF,SIMBR0061,SIMR0061,SIMU0230:User 230,GRANTED
2026,1月,13,周二,14:55:26,B6F02DDB,SIMBR0326,SIMR0326,SIMU0156:User 156,GRANTED
2026,1月,13,周二,14:55:26,13F09473,SIMBR0088,SIMR0088,SIMU0279:User 279,GRANTED
2026,1月,13,周二,14:55:26,6CEC1FDF,SIMBR0244,SIMR0244,SIMU0230:User 230,GRANTED
2026,1月,13,周二,14:55:26,A7A30652,SIMBR0140,SIMR0140,SIMU0094:User 94,GRANTED
2026,1月,13,周二,14:55:26,59E1ACA0,SIMBR0334,SIMR0334,SIMU0090:User 90,GRANTED
2026,1月,13,周二,14:55:26,A51F7B4F,SIMBR0092,SIMR0092,SIMU0277:User 277,GRANTED
2026,1月,13,周二,14:55:26,0EA23D3A,SIMBR0237,SIMR0237,SIMU0062:User 62,GRANTED
2026,1月,13,周二,14:55:26,4AF57AEF,SIMBR0272,SIMR0272,SIMU0193:User 193,GRANTED
2026,1月,13,周二,14:55:26,D3799252,BR012,RES005,SIMU0022:User 22,DENIED
2026,1月,13,周二,14:55:26,7B092D88,SIMBR0131,SIMR0131,SIMU0236:User 236,GRANTED
2026,1月,13,周二,14:55:26,1A88116F,BR023,RES016,SIMU0063:User 63,DENIED
2026,1月,13,周二,14:55:26,C04BAEE8,SIMBR0269,SIMR0269,SIMU0129:User 129,GRANTED
2026,1月,13,周二,14:55:26,95777979,SIMBR0307,SIMR0307,SIMU0051:User 51,GRANTED
2026,1月,13,周二,14:55:26,1E74F408,SIMBR0013,SIMR0013,SIMU0171:User 171,GRANTED
2026,1月,13,周二,14:55:26,85471FCB,SIMBR0010,SIMR0010,SIMU0054:User 54,GRANTED
2026,1月,13,周二,14:55:26,81F12C1B,SIMBR0321,SIMR0321,SIMU0200:User 200,GRANTED
2026,1月,13,周二,14:55:26,E8751622,SIMBR0166,SIMR0166,SIMU0161:User 161,GRANTED
2026,1月,13,周二,14:55:26,F9B71846,SIMBR0148,SIMR0148,SIMU0196:User 196,GRANTED
2026,1月,13,周二,14:55:26,A2903A49,SIMBR0315,SIMR0315,SIMU0043:User 43,GRANTED
2026,1月,13,周二,14:55:26,FB68A282,SIMBR0202,SIMR0202,SIMU0183:User 183,GRANTED
2026,1月,13,周二,14:55:26,48744B29,SIMBR0387,SIMR0387,SIMU0035:User 35,GRANTED
2026,1月,13,周二,14:55:26,C7C3B16D,SIMBR0204,SIMR0204,SIMU0259:User 259,GRANTED
2026,1月,13,周二,14:55:26,FD75651D,SIMBR0282,SIMR0282,SIMU0238:User 238,GRANTED
2026,1月,13,周二,14:55:26,C584F9D3,SIMBR0177,SIMR0177,EMP001:Zhang San,DENIED
2026,1月,13,周二,14:55:26,B33C40D7,SIMBR0386,SIMR0386,SIMU0015:User 15,GRANTED
2026,1月,13,周二,14:55:26,2C249415,SIMBR0108,SIMR0108,SIMU0276:User 276,GRANTED
2026,1月,13,周二,14:55:26,C73CE928,SIMBR0027,SIMR0027,SIMU0281:User 281,GRANTED
2026,1月,13,周二,14:55:26,397975BA,SIMBR0216,SIMR0216,SIMU0164:User 164,GRANTED
2026,1月,13,周二,14:55:26,B095C629,SIMBR0391,SIMR0391,SIMU0257:User 257,GRANTED
2026,1月,13,周二,14:55:26,E2506042,SIMBR0267,SIMR0267,SIMU0101:User 101,GRANTED
2026,1月,13,周二,14:55:26,94264C0C,SIMBR0246,SIMR0246,SIMU0118:User 118,GRANTED
2026,1月,13,周二,14:55:26,C0993563,SIMBR0103,SIMR0103,SIMU0209:User 209,GRANTED
2026,1月,13,周二,14:55:26,3CC4126C,SIMBR0224,SIMR0224,SIMU0099:User 99,GRANTED
2026,1月,13,周二,14:55:26,3B7FFD92,SIMBR0331,SIMR0331,SIMU0256:User 256,GRANTED
2026,1月,13,周二,14:55:26,7C3923AE,SIMBR0265,SIMR0265,SIMU0210:User 210,GRANTED
2026,1月,13,周二,14:55:26,E0F41E54,SIMBR0080,SIMR0080,SIMU0176:User 176,GRANTED
2026,1月,13,周二,14:55:26,3DDB17B7,SIMBR0089,SIMR0089,SIMU0044:User 44,GRANTED
2026,1月,13,周二,14:55:26,D0171F97,SIMBR0053,SIMR0053,SIMU0032:User 32,GRANTED
2026,1月,13,周二,14:55:26,0A675EEC,SIMBR0076,SIMR0076,SIMU0138:User 138,GRANTED
2026,1月,13,周二,14:55:26,E93FF152,SIMBR0370,SIMR0370,SIMU0197:User 197,GRANTED
2026,1月,13,周二,14:55:26,D0B8FC16,BR025,RES018,SIMU0185:User 185,DENIED
2026,1月,13,周二,14:55:26,47C3A99F,BR008,RES003,SIMU0136:User 136,DENIED
2026,1月,13,周二,14:55:26,31C1AEEF,SIMBR0114,SIMR0114,SIMU0039:User 39,GRANTED
2026,1月,13,周二,14:55:26,3DDB17B7,SIMBR0257,SIMR0257,SIMU0044:User 44,GRANTED
2026,1月,13,周二,14:55:26,CBD2A48A,SIMBR0169,SIMR0169,SIMU0021:User 21,GRANTED
2026,1月,13,周二,14:55:26,397975BA,SIMBR0262,SIMR0262,SIMU0164:User 164,GRANTED
2026,1月,13,周二,14:55:26,F853E5E9,BR023,RES016,SIMU0119:User 119,DENIED
2026,1月,13,周二,14:55:26,48744B29,SIMBR0151,SIMR0151,SIMU0035:User 35,GRANTED
2026,1月,13,周二,14:55:26,CEC0E003,SIMBR0061,SIMR0061,SIMU0009:User 9,GRANTED
2026,1月,13,周二,14:55:26,CB1ACCC7,SIMBR0119,SIMR0119,SIMU0110:User 110,GRANTED
2026,1月,13,周二,14:55:26,2D060B76,SIMBR0169,SIMR0169,SIMU0162:User 162,GRANTED
2026,1月,13,周二,14:55:26,964B6B12,BR013,RES006,SIMU0003:User 3,DENIED
2026,1月,13,周二,14:55:26,4AF57AEF,SIMBR0321,SIMR0321,SIMU0193:User 193,GRANTED
2026,1月,13,周二,14:55:26,7B092D88,SIMBR0296,SIMR0296,SIMU0236:User 236,GRANTED
2026,1月,13,周二,14:55:26,0EE439B9,SIMBR0378,SIMR0378,SIMU0004:User 4,GRANTED
2026,1月,13,周二,14:55:26,BEBCE825,SIMBR0040,SIMR0040,SIMU0270:User 270,GRANTED
2026,1月,13,周二,14:55:26,358D24E5,SIMBR0053,SIMR0053,SIMU0130:User 130,GRANTED
2026,1月,13,周二,14:55:26,0EA23D3A,SIMBR0262,SIMR0262,SIMU0062:User 62,GRANTED
2026,1月,13,周二,14:55:26,D716AAF5,SIMBR0034,SIMR0034,SIMU0170:User 170,GRANTED
2026,1月,13,周二,14:55:26,5C4195BE,BR018,RES011,SIMU0288:User 288,DENIED
2026,1月,13,周二,14:55:26,CB0F203D,SIMBR0198,SIMR0198,SIMU0124:User 124,GRANTED
2026,1月,13,周二,14:55:26,8B29C7CC,SIMBR0118,SIMR0118,SIMU0175:User 175,GRANTED
2026,1月,13,周二,14:55:26,CA782D54,SIMBR0189,SIMR0189,SIMU0219:User 219,GRANTED
2026,1月,13,周二,14:55:26,F90964BF,SIMBR0339,SIMR0339,SIMU0091:User 91,GRANTED
2026,1月,13,周二,14:55:26,66FC8294,SIMBR0097,SIMR0097,SIMU0180:User 180,GRANTED
2026,1月,13,周二,14:55:26,85471FCB,SIMBR0082,SIMR0082,SIMU0054:User 54,GRANTED
2026,1月,13,周二,14:55:26,E2F9D137,SIMBR0117,SIMR0117,SIMU0217:User 217,GRANTED
2026,1月,13,周二,14:55:26,C7C3B16D,SIMBR0294,SIMR0294,SIMU0259:User 259,GRANTED
2026,1月,13,周二,14:55:26,397975BA,SIMBR0010,SIMR0010,SIMU0164:User 164,GRANTED
2026,1月,13,周二,14:55:26,23858FDA,SIMBR0026,SIMR0026,SIMU0098:User 98,GRANTED
2026,1月,13,周二,14:55:26,95379CDB,SIMBR0194,SIMR0194,f46ee39b-ac9d-4193-a478-f8cfc35cec07:gagaga a,GRANTED
2026,1月,13,周二,14:55:26,21A13EE6,BR012,RES005,SIMU0133:User 133,DENIED
2026,1月,13,周二,14:55:26,2C249415,SIMBR0262,SIMR0262,SIMU0276:User 276,GRANTED
2026,1月,13,周二,14:55:26,CEC0E003,SIMBR0246,SIMR0246,SIMU0009:User 9,GRANTED
2026,1月,13,周二,14:55:26,01FC696F,SIMBR0297,SIMR0297,SIMU0068:User 68,GRANTED
2026,1月,13,周二,14:55:26,C04BAEE8,SIMBR0070,SIMR0070,SIMU0129:User 129,GRANTED
2026,1月,13,周二,14:55:26,4D83FE2E,SIMBR0245,SIMR0245,SIMU0056:User 56,GRANTED
2026,1月,13,周二,14:55:26,5560EC7D,BR017,RES010,SIMU0109:User 109,DENIED
2026,1月,13,周二,14:55:26,58B690ED,SIMBR0151,SIMR0151,SIMU0081:User 81,GRANTED
2026,1月,13,周二,14:55:26,01FC696F,SIMBR0006,SIMR0006,SIMU0068:User 68,GRANTED
2026,1月,13,周二,14:55:26,13990099,SIMBR0099,SIMR0099,SIMU0008:User 8,GRANTED
2026,1月,13,周二,14:55:26,D832D5F3,SIMBR0203,SIMR0203,SIMU0261:User 261,GRANTED
2026,1月,13,周二,14:55:26,3DC555DE,SIMBR0385,SIMR0385,SIMU0300:User 300,GRANTED
2026,1月,13,周二,14:55:26,3A395E30,SIMBR0037,SIMR0037,SIMU0280:User 280,GRANTED
2026,1月,13,周二,14:55:26,40A1D543,SIMBR0360,SIMR0360,SIMU0267:User 267,GRANTED
2026,1月,13,周二,14:55:26,80BC1A17,SIMBR0393,SIMR0393,SIMU0112:User 112,GRANTED
2026,1月,13,周二,14:55:26,6A6279C3,SIMBR0224,SIMR0224,SIMU0178:User 178,GRANTED
2026,1月,13,周二,14:55:26,FBFF5A63,SIMBR0250,SIMR0250,SIMU0184:User 184,GRANTED
2026,1月,13,周二,14:55:26,1812D558,SIMBR0370,SIMR0370,SIMU0214:User 214,GRANTED
2026,1月,13,周二,14:55:26,CA296753,SIMBR0009,SIMR0009,SIMU0055:User 55,GRANTED
2026,1月,13,周二,14:55:26,C0CB4AFF,SIMBR0373,SIMR0373,SIMU0235:User 235,GRANTED
2026,1月,13,周二,14:55:26,45BE30A8,SIMBR0376,SIMR0376,8d1a5202-9052-4f93-bf5a-4deffdf65fd3:a q,GRANTED
2026,1月,13,周二,14:55:26,FC9C0D71,SIMBR0249,SIMR0249,SIMU0093:User 93,GRANTED
2026,1月,13,周二,14:55:26,C0993563,SIMBR0139,SIMR0139,SIMU0209:User 209,GRANTED
2026,1月,13,周二,14:55:26,4DFA0FE5,SIMBR0150,SIMR0150,SIMU0255:User 255,GRANTED
2026,1月,13,周二,14:55:26,C44E5E52,SIMBR0049,SIMR0049,SIMU0002:User 2,GRANTED
2026,1月,13,周二,14:55:26,2E121B44,SIMBR0288,SIMR0288,SIMU0258:User 258,GRANTED
2026,1月,13,周二,14:55:26,7B914E9E,SIMBR0386,SIMR0386,SIMU0215:User 215,GRANTED
2026,1月,13,周二,14:55:26,2EEB40A9,SIMBR0264,SIMR0264,SIMU0260:User 260,GRANTED
2026,1月,13,周二,14:55:26,47C3A99F,SIMBR0400,SIMR0400,SIMU0136:User 136,GRANTED
2026,1月,13,周二,14:55:26,87F48A64,SIMBR0305,SIMR0305,SIMU0143:User 143,GRANTED
2026,1月,13,周二,14:55:26,84F825EE,SIMBR0103,SIMR0103,SIMU0150:User 150,GRANTED
2026,1月,13,周二,14:55:26,1E4AD759,SIMBR0278,SIMR0278,SIMU0029:User 29,GRANTED
2026,1月,13,周二,14:55:26,F3B58DFF,SIMBR0086,SIMR0086,SIMU0076:User 76,GRANTED
2026,1月,13,周二,14:55:26,354118DA,SIMBR0238,SIMR0238,SIMU0052:User 52,GRANTED
2026,1月,13,周二,14:55:26,8884A944,SIMBR0094,SIMR0094,SIMU0295:User 295,GRANTED
2026,1月,13,周二,14:55:26,AB055C88,SIMBR0121,SIMR0121,SIMU0024:User 24,GRANTED
2026,1月,13,周二,14:55:26,AE2F46DE,SIMBR0214,SIMR0214,SIMU0232:User 232,GRANTED
2026,1月,13,周二,14:55:26,0540806D,SIMBR0315,SIMR0315,SIMU0265:User 265,GRANTED
2026,1月,13,周二,14:55:26,3122BEFD,SIMBR0100,SIMR0100,SIMU0066:User 66,GRANTED
2026,1月,13,周二,14:55:26,A4F77AE3,BR011,RES026,SIMU0031:User 31,DENIED
2026,1月,13,周二,14:55:26,35C69784,SIMBR0361,SIMR0361,SIMU0168:User 168,GRANTED
2026,1月,13,周二,14:55:26,3B9B3EAE,SIMBR0053,SIMR0053,SIMU0144:User 144,GRANTED
2026,1月,13,周二,14:55:26,D2C7D462,SIMBR0307,SIMR0307,SIMU0061:User 61,GRANTED
2026,1月,13,周二,14:55:26,D2C7D462,SIMBR0244,SIMR0244,SIMU0061:User 61,GRANTED
2026,1月,13,周二,14:55:26,21A13EE6,SIMBR0252,SIMR0252,SIMU0133:User 133,GRANTED
2026,1月,13,周二,14:55:26,559213A2,SIMBR0169,SIMR0169,SIMU0047:User 47,GRANTED
2026,1月,13,周二,14:55:26,C72DAED8,SIMBR0012,SIMR0012,SIMU0117:User 117,GRANTED
2026,1月,13,周二,14:55:26,CB1ACCC7,SIMBR0034,SIMR0034,SIMU0110:User 110,GRANTED
2026,1月,13,周二,14:55:26,91E5E6B0,SIMBR0091,SIMR0091,SIMU0079:User 79,GRANTED
2026,1月,13,周二,14:55:26,6213A883,SIMBR0192,SIMR0192,SIMU0249:User 249,GRANTED
2026,1月,13,周二,14:55:26,C72DAED8,SIMBR0372,SIMR0372,SIMU0117:User 117,GRANTED
2026,1月,13,周二,14:55:26,86937632,SIMBR0315,SIMR0315,SIMU0187:User 187,GRANTED
2026,1月,13,周二,14:55:26,20917633,SIMBR0182,SIMR0182,SIMU0296:User 296,GRANTED
2026,1月,13,周二,14:55:26,2056B86F,SIMBR0208,SIMR0208,SIMU0067:User 67,GRANTED
2026,1月,13,周二,14:55:26,E07F08A6,SIMBR0323,SIMR0323,SIMU0246:User 246,GRANTED
2026,1月,13,周二,14:55:26,7C3923AE,SIMBR0321,SIMR0321,SIMU0210:User 210,GRANTED
2026,1月,13,周二,14:55:26,F90964BF,SIMBR0109,SIMR0109,SIMU0091:User 91,GRANTED
2026,1月,13,周二,14:55:26,2D060B76,SIMBR0157,SIMR0157,SIMU0162:User 162,GRANTED
2026,1月,13,周二,14:55:26,983FD996,SIMBR0046,SIMR0046,SIMU0225:User 225,GRANTED
2026,1月,13,周二,14:55:26,A9E67E95,BR021,RES014,SIMU0243:User 243,DENIED
2026,1月,13,周二,14:55:26,B1990B96,SIMBR0107,SIMR0107,SIMU0106:User 106,GRANTED
2026,1月,13,周二,14:55:27,2289A51E,SIMBR0254,SIMR0254,SIMU0273:User 273,GRANTED
2026,1月,13,周二,14:55:27,45B37997,SIMBR0374,SIMR0374,SIMU0163:User 163,GRANTED
2026,1月,13,周二,14:55:27,2D060B76,SIMBR0133,SIMR0133,SIMU0162:User 162,GRANTED
2026,1月,13,周二,14:55:27,1A88116F,SIMBR0113,SIMR0113,SIMU0063:User 63,GRANTED
2026,1月,13,周二,14:55:27,87F48A64,SIMBR0279,SIMR0279,SIMU0143:User 143,GRANTED
2026,1月,13,周二,14:55:27,D3E409F0,SIMBR0081,SIMR0081,SIMU0012:User 12,GRANTED
2026,1月,13,周二,14:55:27,3870BA5D,SIMBR0185,SIMR0185,SIMU0173:User 173,GRANTED
2026,1月,13,周二,14:55:27,94264C0C,SIMBR0007,SIMR0007,SIMU0118:User 118,GRANTED
2026,1月,13,周二,14:55:27,58B55845,SIMBR0309,SIMR0309,EMP002:Li Si,DENIED
2026,1月,13,周二,14:55:27,273D28BF,SIMBR0271,SIMR0271,SIMU0057:User 57,GRANTED
2026,1月,13,周二,14:55:27,AF6C110D,SIMBR0290,SIMR0290,SIMU0080:User 80,GRANTED
2026,1月,13,周二,14:55:27,358D24E5,SIMBR0237,SIMR0237,SIMU0130:User 130,GRANTED
2026,1月,13,周二,14:55:27,5334DCE6,SIMBR0021,SIMR0021,SIMU0179:User 179,GRANTED
2026,1月,13,周二,14:55:27,46895123,SIMBR0172,SIMR0172,SIMU0132:User 132,GRANTED
2026,1月,13,周二,14:55:27,C0F19B1C,SIMBR0067,SIMR0067,SIMU0155:User 155,GRANTED
2026,1月,13,周二,14:55:27,FB68A282,SIMBR0193,SIMR0193,SIMU0183:User 183,GRANTED
2026,1月,13,周二,14:55:27,B77EBDC0,SIMBR0151,SIMR0151,SIMU0203:User 203,GRANTED
2026,1月,13,周二,14:55:27,F832AB7A,SIMBR0004,SIMR0004,SIMU0139:User 139,GRANTED
2026,1月,13,周二,14:55:27,628D5BBC,BR019,RES012,SIMU0041:User 41,DENIED
2026,1月,13,周二,14:55:27,3B22F02A,SIMBR0175,SIMR0175,SIMU0299:User 299,GRANTED
2026,1月,13,周二,14:55:27,A0043AC2,SIMBR0191,SIMR0191,SIMU0040:User 40,GRANTED
2026,1月,13,周二,14:55:27,6C174D63,SIMBR0395,SIMR0395,SIMU0116:User 116,GRANTED
2026,1月,13,周二,14:55:27,20D788EC,SIMBR0229,SIMR0229,SIMU0271:User 271,GRANTED
2026,1月,13,周二,14:55:27,85471FCB,SIMBR0317,SIMR0317,SIMU0054:User 54,GRANTED
2026,1月,13,周二,14:55:27,78D74DDD,SIMBR0296,SIMR0296,VIS001:Qian Qi,DENIED
2026,1月,13,周二,14:55:27,4D153C4A,SIMBR0095,SIMR0095,SIMU0104:User 104,GRANTED
2026,1月,13,周二,14:55:27,E137F666,SIMBR0331,SIMR0331,SIMU0220:User 220,GRANTED
2026,1月,13,周二,14:55:27,D0B8FC16,SIMBR0303,SIMR0303,SIMU0185:User 185,GRANTED
2026,1月,13,周二,14:55:27,3A52D444,SIMBR0319,SIMR0319,SIMU0166:User 166,GRANTED
2026,1月,13,周二,14:55:27,6F12BFA3,SIMBR0278,SIMR0278,SIMU0218:User 218,GRANTED
2026,1月,13,周二,14:55:27,6CEC1FDF,SIMBR0046,SIMR0046,SIMU0230:User 230,GRANTED
2026,1月,13,周二,14:55:27,E6D64EED,SIMBR0027,SIMR0027,SIMU0105:User 105,GRANTED
2026,1月,13,周二,14:55:27,538EE2BF,SIMBR0334,SIMR0334,SIMU0177:User 177,GRANTED
2026,1月,13,周二,14:55:27,489655D2,SIMBR0312,SIMR0312,CON001:Wang Wu,DENIED
2026,1月,13,周二,14:55:27,8B9117BE,SIMBR0067,SIMR0067,SIMU0165:User 165,GRANTED
2026,1月,13,周二,14:55:27,DB66EC85,SIMBR0132,SIMR0132,SIMU0100:User 100,GRANTED
2026,1月,13,周二,14:55:27,DA3D486F,SIMBR0178,SIMR0178,SIMU0028:User 28,GRANTED
2026,1月,13,周二,14:55:27,94264C0C,BR013,RES006,SIMU0118:User 118,DENIED
2026,1月,13,周二,14:55:27,7B092D88,SIMBR0150,SIMR0150,SIMU0236:User 236,GRANTED
2026,1月,13,周二,14:55:27,DF7754DF,SIMBR0146,SIMR0146,SIMU0019:User 19,GRANTED
2026,1月,13,周二,14:55:27,F8F80D07,BR021,RES014,SIMU0253:User 253,DENIED
2026,1月,13,周二,14:55:27,CCACC23C,SIMBR0149,SIMR0149,SIMU0149:User 149,GRANTED
2026,1月,13,周二,14:55:27,C50459DB,SIMBR0047,SIMR0047,SIMU0262:User 262,GRANTED
2026,1月,13,周二,14:55:27,01FC696F,SIMBR0236,SIMR0236,SIMU0068:User 68,GRANTED
2026,1月,13,周二,14:55:27,2E121B44,SIMBR0264,SIMR0264,SIMU0258:User 258,GRANTED
2026,1月,13,周二,14:55:27,57DBFC15,SIMBR0257,SIMR0257,SIMU0290:User 290,GRANTED
2026,1月,13,周二,14:55:27,A2903A49,SIMBR0083,SIMR0083,SIMU0043:User 43,GRANTED
2026,1月,13,周二,14:55:27,C72DAED8,BR018,RES011,SIMU0117:User 117,DENIED
2026,1月,13,周二,14:55:27,95379CDB,SIMBR0138,SIMR0138,f46ee39b-ac9d-4193-a478-f8cfc35cec07:gagaga a,GRANTED
2026,1月,13,周二,14:55:27,1A3D1ED6,SIMBR0033,SIMR0033,SIMU0231:User 231,GRANTED
2026,1月,13,周二,14:55:27,3870BA5D,SIMBR0186,SIMR0186,SIMU0173:User 173,GRANTED
2026,1月,13,周二,14:55:27,559213A2,SIMBR0231,SIMR0231,SIMU0047:User 47,GRANTED
2026,1月,13,周二,14:55:27,8D67E6D5,SIMBR0053,SIMR0053,SIMU0045:User 45,GRANTED
2026,1月,13,周二,14:55:27,E116EA41,BR001,RES020,SIMU0127:User 127,DENIED
2026,1月,13,周二,14:55:27,7CA376A0,SIMBR0261,SIMR0261,SIMU0102:User 102,GRANTED
2026,1月,13,周二,14:55:27,D3E409F0,SIMBR0391,SIMR0391,SIMU0012:User 12,GRANTED
2026,1月,13,周二,14:55:27,B3E8626A,SIMBR0109,SIMR0109,SIMU0239:User 239,GRANTED
2026,1月,13,周二,14:55:27,BC450719,SIMBR0170,SIMR0170,SIMU0013:User 13,GRANTED
2026,1月,13,周二,14:55:27,FC05A793,SIMBR0124,SIMR0124,SIMU0071:User 71,GRANTED
2026,1月,13,周二,14:55:27,A4F77AE3,BR013,RES006,SIMU0031:User 31,DENIED
2026,1月,13,周二,14:55:27,95379CDB,SIMBR0305,SIMR0305,f46ee39b-ac9d-4193-a478-f8cfc35cec07:gagaga a,GRANTED
2026,1月,13,周二,14:55:27,2C249415,SIMBR0259,SIMR0259,SIMU0276:User 276,GRANTED
2026,1月,13,周二,14:55:27,24DE0286,BR002,RES021,SIMU0221:User 221,DENIED
2026,1月,13,周二,14:55:27,7C3923AE,SIMBR0121,SIMR0121,SIMU0210:User 210,GRANTED
2026,1月,13,周二,14:55:27,2056B86F,SIMBR0055,SIMR0055,SIMU0067:User 67,GRANTED
2026,1月,13,周二,14:55:27,3A52D444,SIMBR0342,SIMR0342,SIMU0166:User 166,GRANTED
2026,1月,13,周二,14:55:27,495297EE,SIMBR0294,SIMR0294,SIMU0038:User 38,GRANTED
2026,1月,13,周二,14:55:27,13F09473,SIMBR0021,SIMR0021,SIMU0279:User 279,GRANTED
2026,1月,13,周二,14:55:27,983FD996,SIMBR0398,SIMR0398,SIMU0225:User 225,GRANTED
2026,1月,13,周二,14:55:27,E07F08A6,SIMBR0318,SIMR0318,SIMU0246:User 246,GRANTED
2026,1月,13,周二,14:55:27,354118DA,SIMBR0127,SIMR0127,SIMU0052:User 52,GRANTED
2026,1月,13,周二,14:55:27,1CA3AA4C,SIMBR0314,SIMR0314,SIMU0014:User 14,GRANTED
2026,1月,13,周二,14:55:27,BA841717,SIMBR0212,SIMR0212,SIMU0064:User 64,GRANTED
2026,1月,13,周二,14:55:27,C7C3B16D,SIMBR0250,SIMR0250,SIMU0259:User 259,GRANTED
2026,1月,13,周二,14:55:27,CA782D54,SIMBR0060,SIMR0060,SIMU0219:User 219,GRANTED
2026,1月,13,周二,14:55:27,15D30411,SIMBR0262,SIMR0262,SIMU0289:User 289,GRANTED
2026,1月,13,周二,14:55:27,1CA3AA4C,SIMBR0230,SIMR0230,SIMU0014:User 14,GRANTED
2026,1月,13,周二,14:55:27,A5DEC594,SIMBR0389,SIMR0389,SIMU0084:User 84,GRANTED
2026,1月,13,周二,14:55:27,E2506042,SIMBR0033,SIMR0033,SIMU0101:User 101,GRANTED
2026,1月,13,周二,14:55:27,D6BC3463,SIMBR0050,SIMR0050,SIMU0037:User 37,GRANTED
2026,1月,13,周二,14:55:27,C1CE8342,SIMBR0030,SIMR0030,SIMU0018:User 18,GRANTED
2026,1月,13,周二,14:55:27,24546BD0,SIMBR0176,SIMR0176,SIMU0251:User 251,GRANTED
2026,1月,13,周二,14:55:27,FE83648E,SIMBR0008,SIMR0008,SIMU0142:User 142,GRANTED
2026,1月,13,周二,14:55:27,D49E4724,SIMBR0303,SIMR0303,SIMU0278:User 278,GRANTED
2026,1月,13,周二,14:55:27,358D24E5,SIMBR0311,SIMR0311,SIMU0130:User 130,GRANTED
2026,1月,13,周二,14:55:27,80AC649D,SIMBR0031,SIMR0031,SIMU0088:User 88,GRANTED
2026,1月,13,周二,14:55:27,C0F19B1C,SIMBR0319,SIMR0319,SIMU0155:User 155,GRANTED
2026,1月,13,周二,14:55:27,F3B58DFF,SIMBR0145,SIMR0145,SIMU0076:User 76,GRANTED
2026,1月,13,周二,14:55:27,54C5EDBD,SIMBR0230,SIMR0230,SIMU0145:User 145,GRANTED
2026,1月,13,周二,14:55:27,E07F08A6,SIMBR0131,SIMR0131,SIMU0246:User 246,GRANTED
2026,1月,13,周二,14:55:27,D324F0AC,SIMBR0042,SIMR0042,SIMU0108:User 108,GRANTED
2026,1月,13,周二,14:55:27,DCB76AA3,SIMBR0052,SIMR0052,SIMU0228:User 228,GRANTED
2026,1月,13,周二,14:55:27,6BDE4067,SIMBR0196,SIMR0196,SIMU0114:User 114,GRANTED
2026,1月,13,周二,14:55:27,6BDE4067,SIMBR0105,SIMR0105,SIMU0114:User 114,GRANTED
2026,1月,13,周二,14:55:27,01FC696F,SIMBR0319,SIMR0319,SIMU0068:User 68,GRANTED
2026,1月,13,周二,14:55:27,3870BA5D,SIMBR0275,SIMR0275,SIMU0173:User 173,GRANTED
2026,1月,13,周二,14:55:27,20D788EC,SIMBR0057,SIMR0057,SIMU0271:User 271,GRANTED
2026,1月,13,周二,14:55:27,1DE07196,SIMBR0172,SIMR0172,SIMU0274:User 274,GRANTED
2026,1月,13,周二,14:55:27,54C5EDBD,SIMBR0159,SIMR0159,SIMU0145:User 145,GRANTED
2026,1月,13,周二,14:55:27,643D2F0C,SIMBR0267,SIMR0267,SIMU0048:User 48,GRANTED
2026,1月,13,周二,14:55:27,3A52D444,SIMBR0192,SIMR0192,SIMU0166:User 166,GRANTED
2026,1月,13,周二,14:55:27,E116EA41,SIMBR0390,SIMR0390,SIMU0127:User 127,GRANTED
2026,1月,13,周二,14:55:27,1EE4C053,SIMBR0180,SIMR0180,SIMU0026:User 26,GRANTED
2026,1月,13,周二,14:55:27,518BCEDD,SIMBR0027,SIMR0027,SIMU0011:User 11,GRANTED
2026,1月,13,周二,14:55:27,290F7C52,SIMBR0229,SIMR0229,SIMU0216:User 216,GRANTED
2026,1月,13,周二,14:55:27,45B37997,SIMBR0148,SIMR0148,SIMU0163:User 163,GRANTED
2026,1月,13,周二,14:55:27,A4F77AE3,SIMBR0160,SIMR0160,SIMU0031:User 31,GRANTED
2026,1月,13,周二,14:55:27,D78DDFDE,SIMBR0198,SIMR0198,SIMU0252:User 252,GRANTED
2026,1月,13,周二,14:55:27,8C19D42A,SIMBR0187,SIMR0187,SIMU0284:User 284,GRANTED
2026,1月,13,周二,14:55:27,58B55845,SIMBR0115,SIMR0115,EMP002:Li Si,DENIED
2026,1月,13,周二,14:55:27,6213A883,SIMBR0294,SIMR0294,SIMU0249:User 249,GRANTED
2026,1月,13,周二,14:55:27,A7A30652,SIMBR0394,SIMR0394,SIMU0094:User 94,GRANTED
2026,1月,13,周二,14:55:27,5FF2F656,SIMBR0034,SIMR0034,SIMU0120:User 120,GRANTED
2026,1月,13,周二,14:55:27,E116EA41,BR005,RES023,SIMU0127:User 127,DENIED
2026,1月,13,周二,14:55:27,84F825EE,SIMBR0337,SIMR0337,SIMU0150:User 150,GRANTED
2026,1月,13,周二,14:55:27,7C28253F,SIMBR0367,SIMR0367,SIMU0027:User 27,GRANTED
2026,1月,13,周二,14:55:27,80AC649D,BR008,RES003,SIMU0088:User 88,DENIED
2026,1月,13,周二,14:55:27,80AC649D,SIMBR0124,SIMR0124,SIMU0088:User 88,GRANTED
2026,1月,13,周二,14:55:27,AE2F46DE,SIMBR0234,SIMR0234,SIMU0232:User 232,GRANTED
2026,1月,13,周二,14:55:27,5FF2F656,SIMBR0325,SIMR0325,SIMU0120:User 120,GRANTED
2026,1月,13,周二,14:55:27,FB68A282,SIMBR0110,SIMR0110,SIMU0183:User 183,GRANTED
2026,1月,13,周二,14:55:27,3A52D444,SIMBR0322,SIMR0322,SIMU0166:User 166,GRANTED
2026,1月,13,周二,14:55:27,C73CE928,SIMBR0194,SIMR0194,SIMU0281:User 281,GRANTED
2026,1月,13,周二,14:55:27,A0043AC2,SIMBR0062,SIMR0062,SIMU0040:User 40,GRANTED
2026,1月,13,周二,14:55:27,290F7C52,SIMBR0120,SIMR0120,SIMU0216:User 216,GRANTED
2026,1月,13,周二,14:55:27,0A675EEC,SIMBR0192,SIMR0192,SIMU0138:User 138,GRANTED
2026,1月,13,周二,14:55:27,495297EE,SIMBR0117,SIMR0117,SIMU0038:User 38,GRANTED
2026,1月,13,周二,14:55:27,0A675EEC,SIMBR0159,SIMR0159,SIMU0138:User 138,GRANTED
2026,1月,13,周二,14:55:27,85471FCB,BR005,RES023,SIMU0054:User 54,DENIED
2026,1月,13,周二,14:55:27,359F9D02,SIMBR0123,SIMR0123,SIMU0087:User 87,GRANTED
2026,1月,13,周二,14:55:27,66FC8294,SIMBR0050,SIMR0050,SIMU0180:User 180,GRANTED
2026,1月,13,周二,14:55:27,A5A16F78,SIMBR0181,SIMR0181,SIMU0294:User 294,GRANTED
2026,1月,13,周二,14:55:27,36330273,SIMBR0203,SIMR0203,SIMU0291:User 291,GRANTED
2026,1月,13,周二,14:55:27,A2903A49,SIMBR0337,SIMR0337,SIMU0043:User 43,GRANTED
2026,1月,13,周二,14:55:27,E6D64EED,SIMBR0175,SIMR0175,SIMU0105:User 105,GRANTED
2026,1月,13,周二,14:55:27,C584F9D3,SIMBR0227,SIMR0227,EMP001:Zhang San,DENIED
2026,1月,13,周二,14:55:27,0EA23D3A,SIMBR0239,SIMR0239,SIMU0062:User 62,GRANTED
2026,1月,13,周二,14:55:27,B3E8626A,BR004,RES001,SIMU0239:User 239,DENIED
2026,1月,13,周二,14:55:27,C73CE928,SIMBR0257,SIMR0257,SIMU0281:User 281,GRANTED
2026,1月,13,周二,14:55:27,D78DDFDE,SIMBR0306,SIMR0306,SIMU0252:User 252,GRANTED
2026,1月,13,周二,14:55:27,54722E38,SIMBR0307,SIMR0307,SIMU0222:User 222,GRANTED
2026,1月,13,周二,14:55:27,E137F666,SIMBR0390,SIMR0390,SIMU0220:User 220,GRANTED
2026,1月,13,周二,14:55:27,273F3B3E,SIMBR0285,SIMR0285,SIMU0224:User 224,GRANTED
2026,1月,13,周二,14:55:27,B0DFB305,SIMBR0122,SIMR0122,SIMU0151:User 151,GRANTED
2026,1月,13,周二,14:55:27,C44E5E52,SIMBR0372,SIMR0372,SIMU0002:User 2,GRANTED
2026,1月,13,周二,14:55:27,C57735BB,SIMBR0128,SIMR0128,SIMU0242:User 242,GRANTED
2026,1月,13,周二,14:55:27,5560EC7D,SIMBR0218,SIMR0218,SIMU0109:User 109,GRANTED
2026,1月,13,周二,14:55:27,D504C218,SIMBR0053,SIMR0053,SIMU0060:User 60,GRANTED
2026,1月,13,周二,14:55:27,9FA88CE9,SIMBR0078,SIMR0078,SIMU0049:User 49,GRANTED
2026,1月,13,周二,14:55:27,FEF21F79,SIMBR0364,SIMR0364,SIMU0159:User 159,GRANTED
2026,1月,13,周二,14:55:27,0EA23D3A,SIMBR0107,SIMR0107,SIMU0062:User 62,GRANTED
2026,1月,13,周二,14:55:27,273D28BF,SIMBR0017,SIMR0017,SIMU0057:User 57,GRANTED
2026,1月,13,周二,14:55:27,3B22F02A,SIMBR0238,SIMR0238,SIMU0299:User 299,GRANTED
2026,1月,13,周二,14:55:27,18788AAF,SIMBR0353,SIMR0353,SIMU0298:User 298,GRANTED
2026,1月,13,周二,14:55:27,48744B29,SIMBR0315,SIMR0315,SIMU0035:User 35,GRANTED
2026,1月,13,周二,14:55:27,3A52D444,SIMBR0255,SIMR0255,SIMU0166:User 166,GRANTED
2026,1月,13,周二,14:55:27,A51F7B4F,SIMBR0051,SIMR0051,SIMU0277:User 277,GRANTED
2026,1月,13,周二,14:55:27,2C249415,SIMBR0384,SIMR0384,SIMU0276:User 276,GRANTED
2026,1月,13,周二,14:55:27,3EA1EF87,SIMBR0061,SIMR0061,SIMU0229:User 229,GRANTED
2026,1月,13,周二,14:55:27,1EBD89C8,SIMBR0146,SIMR0146,SIMU0123:User 123,GRANTED
2026,1月,13,周二,14:55:27,273F3B3E,SIMBR0053,SIMR0053,SIMU0224:User 224,GRANTED
2026,1月,13,周二,14:55:27,D3799252,SIMBR0231,SIMR0231,SIMU0022:User 22,GRANTED
2026,1月,13,周二,14:55:27,C0CB4AFF,SIMBR0129,SIMR0129,SIMU0235:User 235,GRANTED
2026,1月,13,周二,14:55:27,C6E3BF57,SIMBR0071,SIMR0071,SIMU0297:User 297,GRANTED
2026,1月,13,周二,14:55:27,2EEB40A9,BR026,RES019,SIMU0260:User 260,DENIED
2026,1月,13,周二,14:55:27,29200997,SIMBR0038,SIMR0038,SIMU0186:User 186,GRANTED
2026,1月,13,周二,14:55:27,F6E7D08A,SIMBR0094,SIMR0094,SIMU0001:User 1,GRANTED
2026,1月,13,周二,14:55:27,CB2FA116,SIMBR0179,SIMR0179,SIMU0172:User 172,GRANTED
2026,1月,13,周二,14:55:27,5334DCE6,BR002,RES021,SIMU0179:User 179,DENIED
2026,1月,13,周二,14:55:27,3A395E30,SIMBR0243,SIMR0243,SIMU0280:User 280,GRANTED
2026,1月,13,周二,14:55:27,FEF21F79,SIMBR0332,SIMR0332,SIMU0159:User 159,GRANTED
2026,1月,13,周二,14:55:27,41981850,SIMBR0206,SIMR0206,SIMU0263:User 263,GRANTED
2026,1月,13,周二,14:55:27,58B690ED,SIMBR0282,SIMR0282,SIMU0081:User 81,GRANTED
2026,1月,13,周二,14:55:27,1812D558,SIMBR0259,SIMR0259,SIMU0214:User 214,GRANTED
2026,1月,13,周二,14:55:27,C2F816DD,SIMBR0352,SIMR0352,SIMU0266:User 266,GRANTED
2026,1月,13,周二,14:55:27,905C3DCB,SIMBR0186,SIMR0186,SIMU0070:User 70,GRANTED
2026,1月,13,周二,14:55:27,45BE30A8,SIMBR0281,SIMR0281,8d1a5202-9052-4f93-bf5a-4deffdf65fd3:a q,GRANTED
2026,1月,13,周二,14:55:27,5AC1CCB2,SIMBR0271,SIMR0271,SIMU0264:User 264,GRANTED
2026,1月,13,周二,14:55:27,D0B8FC16,BR020,RES013,SIMU0185:User 185,DENIED
2026,1月,13,周二,14:55:27,1E4AD759,SIMBR0285,SIMR0285,SIMU0029:User 29,GRANTED
2026,1月,13,周二,14:55:27,6B7D13ED,SIMBR0198,SIMR0198,SIMU0191:User 191,GRANTED
2026,1月,13,周二,14:55:27,D0171F97,SIMBR0222,SIMR0222,SIMU0032:User 32,GRANTED
2026,1月,13,周二,14:55:27,57DBFC15,SIMBR0186,SIMR0186,SIMU0290:User 290,GRANTED
2026,1月,13,周二,14:55:27,F9B71846,SIMBR0057,SIMR0057,SIMU0196:User 196,GRANTED
2026,1月,13,周二,14:55:27,CD0D9101,SIMBR0153,SIMR0153,SIMU0135:User 135,GRANTED
2026,1月,13,周二,14:55:27,58B690ED,SIMBR0282,SIMR0282,SIMU0081:User 81,GRANTED
2026,1月,13,周二,14:55:27,36330273,SIMBR0194,SIMR0194,SIMU0291:User 291,GRANTED
2026,1月,13,周二,14:55:27,3DDB17B7,SIMBR0397,SIMR0397,SIMU0044:User 44,GRANTED
2026,1月,13,周二,14:55:27,24A968FA,SIMBR0390,SIMR0390,SIMU0241:User 241,GRANTED
2026,1月,13,周二,14:55:27,A0043AC2,SIMBR0138,SIMR0138,SIMU0040:User 40,GRANTED
2026,1月,13,周二,14:55:27,2E121B44,SIMBR0135,SIMR0135,SIMU0258:User 258,GRANTED
2026,1月,13,周二,14:55:27,15D30411,SIMBR0017,SIMR0017,SIMU0289:User 289,GRANTED
2026,1月,13,周二,14:55:27,94264C0C,SIMBR0211,SIMR0211,SIMU0118:User 118,GRANTED
2026,1月,13,周二,14:55:27,13F09473,SIMBR0362,SIMR0362,SIMU0279:User 279,GRANTED
2026,1月,13,周二,14:55:27,1EBD89C8,SIMBR0320,SIMR0320,SIMU0123:User 123,GRANTED
2026,1月,13,周二,14:55:27,CA296753,SIMBR0073,SIMR0073,SIMU0055:User 55,GRANTED
2026,1月,13,周二,14:55:27,5560EC7D,SIMBR0061,SIMR0061,SIMU0109:User 109,GRANTED
2026,1月,13,周二,14:55:27,3122BEFD,SIMBR0283,SIMR0283,SIMU0066:User 66,GRANTED
2026,1月,13,周二,14:55:27,B13BB6C7,SIMBR0195,SIMR0195,SIMU0167:User 167,GRANTED
2026,1月,13,周二,14:55:27,1EBD89C8,SIMBR0377,SIMR0377,SIMU0123:User 123,GRANTED
2026,1月,13,周二,14:55:28,13990099,SIMBR0011,SIMR0011,SIMU0008:User 8,GRANTED
2026,1月,13,周二,14:55:28,0641BA46,SIMBR0118,SIMR0118,SIMU0085:User 85,GRANTED
2026,1月,13,周二,14:55:28,33F39C8F,SIMBR0362,SIMR0362,SIMU0205:User 205,GRANTED
2026,1月,13,周二,14:55:28,40BD64A5,SIMBR0250,SIMR0250,SIMU0245:User 245,GRANTED
2026,1月,13,周二,14:55:28,8CBA0F42,SIMBR0270,SIMR0270,SIMU0152:User 152,GRANTED
2026,1月,13,周二,14:55:28,B77EBDC0,SIMBR0032,SIMR0032,SIMU0203:User 203,GRANTED
2026,1月,13,周二,14:55:28,489655D2,SIMBR0255,SIMR0255,CON001:Wang Wu,DENIED
2026,1月,13,周二,14:55:28,6B7D13ED,SIMBR0338,SIMR0338,SIMU0191:User 191,GRANTED
2026,1月,13,周二,14:55:28,DCB76AA3,SIMBR0295,SIMR0295,SIMU0228:User 228,GRANTED
2026,1月,13,周二,14:55:28,BA841717,SIMBR0186,SIMR0186,SIMU0064:User 64,GRANTED
2026,1月,13,周二,14:55:28,24A968FA,BR020,RES013,SIMU0241:User 241,DENIED
2026,1月,13,周二,14:55:28,36330273,SIMBR0107,SIMR0107,SIMU0291:User 291,GRANTED
2026,1月,13,周二,14:55:28,C39400FA,SIMBR0336,SIMR0336,SIMU0078:User 78,GRANTED
2026,1月,13,周二,14:55:28,58B55845,BR006,RES002,EMP002:Li Si,GRANTED
2026,1月,13,周二,14:55:28,37E9D9C0,SIMBR0083,SIMR0083,SIMU0034:User 34,GRANTED
2026,1月,13,周二,14:55:28,0CFFFBA0,SIMBR0335,SIMR0335,SIMU0189:User 189,GRANTED
2026,1月,13,周二,14:55:28,75D7C714,SIMBR0001,SIMR0001,SIMU0005:User 5,GRANTED
2026,1月,13,周二,14:55:28,3CC4126C,SIMBR0312,SIMR0312,SIMU0099:User 99,GRANTED
2026,1月,13,周二,14:55:28,0CFFFBA0,SIMBR0148,SIMR0148,SIMU0189:User 189,GRANTED
2026,1月,13,周二,14:55:28,D6BC3463,SIMBR0251,SIMR0251,SIMU0037:User 37,GRANTED
2026,1月,13,周二,14:55:28,874CC50E,SIMBR0261,SIMR0261,SIMU0036:User 36,GRANTED
2026,1月,13,周二,14:55:28,BA6DDD0B,BR021,RES014,SIMU0146:User 146,DENIED
2026,1月,13,周二,14:55:28,BA6DDD0B,SIMBR0090,SIMR0090,SIMU0146:User 146,GRANTED
2026,1月,13,周二,14:55:28,47A80030,SIMBR0197,SIMR0197,SIMU0234:User 234,GRANTED
2026,1月,13,周二,14:55:28,B13BB6C7,SIMBR0326,SIMR0326,SIMU0167:User 167,GRANTED
2026,1月,13,周二,14:55:28,72A4E470,SIMBR0255,SIMR0255,SIMU0268:User 268,GRANTED
2026,1月,13,周二,14:55:28,47A80030,SIMBR0143,SIMR0143,SIMU0234:User 234,GRANTED
2026,1月,13,周二,14:55:28,F0ADE55C,SIMBR0054,SIMR0054,SIMU0237:User 237,GRANTED
2026,1月,13,周二,14:55:28,F8F80D07,SIMBR0034,SIMR0034,SIMU0253:User 253,GRANTED
2026,1月,13,周二,14:55:28,CCACC23C,SIMBR0162,SIMR0162,SIMU0149:User 149,GRANTED
2026,1月,13,周二,14:55:28,3870BA5D,SIMBR0056,SIMR0056,SIMU0173:User 173,GRANTED
2026,1月,13,周二,14:55:28,C39400FA,SIMBR0062,SIMR0062,SIMU0078:User 78,GRANTED
2026,1月,13,周二,14:55:28,18788AAF,SIMBR0228,SIMR0228,SIMU0298:User 298,GRANTED
2026,1月,13,周二,14:55:28,48744B29,SIMBR0075,SIMR0075,SIMU0035:User 35,GRANTED
2026,1月,13,周二,14:55:28,33F39C8F,SIMBR0373,SIMR0373,SIMU0205:User 205,GRANTED
2026,1月,13,周二,14:55:28,C2EDBC0C,SIMBR0159,SIMR0159,SIMU0226:User 226,GRANTED
2026,1月,13,周二,14:55:28,5AC1CCB2,SIMBR0272,SIMR0272,SIMU0264:User 264,GRANTED
2026,1月,13,周二,14:55:28,15AB7C7D,SIMBR0201,SIMR0201,SIMU0096:User 96,GRANTED
2026,1月,13,周二,14:55:28,128D7B1F,BR016,RES009,SIMU0121:User 121,DENIED
2026,1月,13,周二,14:55:28,F90964BF,SIMBR0158,SIMR0158,SIMU0091:User 91,GRANTED
2026,1月,13,周二,14:55:28,E775A860,SIMBR0083,SIMR0083,SIMU0248:User 248,GRANTED
2026,1月,13,周二,14:55:28,81F12C1B,SIMBR0066,SIMR0066,SIMU0200:User 200,GRANTED
2026,1月,13,周二,14:55:28,5E9892AA,SIMBR0390,SIMR0390,SIMU0293:User 293,GRANTED
2026,1月,13,周二,14:55:28,8C19D42A,SIMBR0287,SIMR0287,SIMU0284:User 284,GRANTED
2026,1月,13,周二,14:55:28,E116EA41,SIMBR0296,SIMR0296,SIMU0127:User 127,GRANTED
2026,1月,13,周二,14:55:28,A4F77AE3,SIMBR0160,SIMR0160,SIMU0031:User 31,GRANTED
2026,1月,13,周二,14:55:28,3870BA5D,SIMBR0196,SIMR0196,SIMU0173:User 173,GRANTED
2026,1月,13,周二,14:55:28,A51F7B4F,SIMBR0169,SIMR0169,SIMU0277:User 277,GRANTED
2026,1月,13,周二,14:55:28,C44E5E52,SIMBR0332,SIMR0332,SIMU0002:User 2,GRANTED
2026,1月,13,周二,14:55:28,F832AB7A,SIMBR0011,SIMR0011,SIMU0139:User 139,GRANTED
2026,1月,13,周二,14:55:28,57DBFC15,SIMBR0016,SIMR0016,SIMU0290:User 290,GRANTED
2026,1月,13,周二,14:55:28,15D30411,SIMBR0400,SIMR0400,SIMU0289:User 289,GRANTED
2026,1月,13,周二,14:55:28,546575AC,SIMBR0057,SIMR0057,SIMU0140:User 140,GRANTED
2026,1月,13,周二,14:55:28,B2D6FCB4,SIMBR0114,SIMR0114,SIMU0086:User 86,GRANTED
2026,1月,13,周二,14:55:28,41981850,SIMBR0186,SIMR0186,SIMU0263:User 263,GRANTED
2026,1月,13,周二,14:55:28,2056B86F,SIMBR0207,SIMR0207,SIMU0067:User 67,GRANTED
2026,1月,13,周二,14:55:28,C04BAEE8,SIMBR0292,SIMR0292,SIMU0129:User 129,GRANTED
2026,1月,13,周二,14:55:28,2C249415,SIMBR0156,SIMR0156,SIMU0276:User 276,GRANTED
2026,1月,13,周二,14:55:28,D3799252,SIMBR0383,SIMR0383,SIMU0022:User 22,GRANTED
2026,1月,13,周二,14:55:28,A4F77AE3,BR015,RES008,SIMU0031:User 31,DENIED
2026,1月,13,周二,14:55:28,A4F77AE3,SIMBR0050,SIMR0050,SIMU0031:User 31,GRANTED
2026,1月,13,周二,14:55:28,F832AB7A,SIMBR0164,SIMR0164,SIMU0139:User 139,GRANTED
2026,1月,13,周二,14:55:28,C7C3B16D,SIMBR0331,SIMR0331,SIMU0259:User 259,GRANTED
2026,1月,13,周二,14:55:28,3B22F02A,SIMBR0286,SIMR0286,SIMU0299:User 299,GRANTED
2026,1月,13,周二,14:55:28,A2903A49,SIMBR0265,SIMR0265,SIMU0043:User 43,GRANTED
2026,1月,13,周二,14:55:28,7CA376A0,SIMBR0131,SIMR0131,SIMU0102:User 102,GRANTED
2026,1月,13,周二,14:55:28,7C28253F,SIMBR0029,SIMR0029,SIMU0027:User 27,GRANTED
2026,1月,13,周二,14:55:28,58B690ED,SIMBR0270,SIMR0270,SIMU0081:User 81,GRANTED
2026,1月,13,周二,14:55:28,D324F0AC,SIMBR0333,SIMR0333,SIMU0108:User 108,GRANTED
2026,1月,13,周二,14:55:28,BA893511,SIMBR0271,SIMR0271,SIMU0269:User 269,GRANTED
2026,1月,13,周二,14:55:28,C0F19B1C,SIMBR0018,SIMR0018,SIMU0155:User 155,GRANTED
2026,1月,13,周二,14:55:28,0641BA46,SIMBR0278,SIMR0278,SIMU0085:User 85,GRANTED
2026,1月,13,周二,14:55:28,DA33A96E,SIMBR0133,SIMR0133,SIMU0190:User 190,GRANTED
2026,1月,13,周二,14:55:28,A53931BD,SIMBR0286,SIMR0286,SIMU0058:User 58,GRANTED
2026,1月,13,周二,14:55:28,A53931BD,SIMBR0253,SIMR0253,SIMU0058:User 58,GRANTED
2026,1月,13,周二,14:55:28,EF6713BA,SIMBR0175,SIMR0175,SIMU0153:User 153,GRANTED
2026,1月,13,周二,14:55:28,A4F77AE3,SIMBR0102,SIMR0102,SIMU0031:User 31,GRANTED
2026,1月,13,周二,14:55:28,DB66EC85,SIMBR0215,SIMR0215,SIMU0100:User 100,GRANTED
2026,1月,13,周二,14:55:28,3DDB17B7,SIMBR0266,SIMR0266,SIMU0044:User 44,GRANTED
2026,1月,13,周二,14:55:28,E116EA41,SIMBR0302,SIMR0302,SIMU0127:User 127,GRANTED
2026,1月,13,周二,14:55:28,24546BD0,SIMBR0066,SIMR0066,SIMU0251:User 251,GRANTED
2026,1月,13,周二,14:55:28,C2EDBC0C,SIMBR0076,SIMR0076,SIMU0226:User 226,GRANTED
2026,1月,13,周二,14:55:28,6B7D13ED,SIMBR0088,SIMR0088,SIMU0191:User 191,GRANTED
2026,1月,13,周二,14:55:28,C2F816DD,SIMBR0392,SIMR0392,SIMU0266:User 266,GRANTED
2026,1月,13,周二,14:55:28,37FA6637,SIMBR0028,SIMR0028,SIMU0199:User 199,GRANTED
2026,1月,13,周二,14:55:28,1CA3AA4C,SIMBR0071,SIMR0071,SIMU0014:User 14,GRANTED
2026,1月,13,周二,14:55:28,FBFF5A63,SIMBR0243,SIMR0243,SIMU0184:User 184,GRANTED
2026,1月,13,周二,14:55:28,D78DDFDE,SIMBR0069,SIMR0069,SIMU0252:User 252,GRANTED
2026,1月,13,周二,14:55:28,CEC0E003,SIMBR0311,SIMR0311,SIMU0009:User 9,GRANTED
2026,1月,13,周二,14:55:28,559213A2,SIMBR0297,SIMR0297,SIMU0047:User 47,GRANTED
2026,1月,13,周二,14:55:28,6B7D13ED,SIMBR0152,SIMR0152,SIMU0191:User 191,GRANTED
2026,1月,13,周二,14:55:28,7BEB2168,SIMBR0034,SIMR0034,SIMU0282:User 282,GRANTED
2026,1月,13,周二,14:55:28,1EBD89C8,SIMBR0172,SIMR0172,SIMU0123:User 123,GRANTED
2026,1月,13,周二,14:55:28,050D9DEF,SIMBR0172,SIMR0172,SIMU0128:User 128,GRANTED
2026,1月,13,周二,14:55:28,6FFD7F45,SIMBR0233,SIMR0233,SIMU0198:User 198,GRANTED
2026,1月,13,周二,14:55:28,7C28253F,SIMBR0226,SIMR0226,SIMU0027:User 27,GRANTED
2026,1月,13,周二,14:55:28,31C1AEEF,SIMBR0362,SIMR0362,SIMU0039:User 39,GRANTED
2026,1月,13,周二,14:55:28,E8751622,SIMBR0224,SIMR0224,SIMU0161:User 161,GRANTED
2026,1月,13,周二,14:55:28,6E7782F8,SIMBR0290,SIMR0290,INT001:Zhao Liu,DENIED
2026,1月,13,周二,14:55:28,983FD996,SIMBR0200,SIMR0200,SIMU0225:User 225,GRANTED
2026,1月,13,周二,14:55:28,B0DFB305,SIMBR0263,SIMR0263,SIMU0151:User 151,GRANTED
2026,1月,13,周二,14:55:28,20D788EC,SIMBR0064,SIMR0064,SIMU0271:User 271,GRANTED
2026,1月,13,周二,14:55:28,3122BEFD,SIMBR0320,SIMR0320,SIMU0066:User 66,GRANTED
2026,1月,13,周二,14:55:28,3EA1EF87,SIMBR0333,SIMR0333,SIMU0229:User 229,GRANTED
2026,1月,13,周二,14:55:28,D49E4724,SIMBR0233,SIMR0233,SIMU0278:User 278,GRANTED
2026,1月,13,周二,14:55:28,2C249415,SIMBR0044,SIMR0044,SIMU0276:User 276,GRANTED
2026,1月,13,周二,14:55:28,4B59E256,SIMBR0003,SIMR0003,SIMU0182:User 182,GRANTED
2026,1月,13,周二,14:55:28,B77EBDC0,SIMBR0036,SIMR0036,SIMU0203:User 203,GRANTED
2026,1月,13,周二,14:55:28,87F48A64,BR006,RES002,SIMU0143:User 143,DENIED
2026,1月,13,周二,14:55:28,050D9DEF,BR021,RES014,SIMU0128:User 128,DENIED
2026,1月,13,周二,14:55:28,BA893511,SIMBR0008,SIMR0008,SIMU0269:User 269,GRANTED
2026,1月,13,周二,14:55:28,8D67E6D5,SIMBR0188,SIMR0188,SIMU0045:User 45,GRANTED
2026,1月,13,周二,14:55:28,C3943F18,SIMBR0373,SIMR0373,SIMU0113:User 113,GRANTED
2026,1月,13,周二,14:55:28,128D7B1F,SIMBR0237,SIMR0237,SIMU0121:User 121,GRANTED
2026,1月,13,周二,14:55:28,50B332C8,SIMBR0274,SIMR0274,SIMU0122:User 122,GRANTED
2026,1月,13,周二,14:55:28,DA33A96E,SIMBR0118,SIMR0118,SIMU0190:User 190,GRANTED
2026,1月,13,周二,14:55:28,0540806D,SIMBR0385,SIMR0385,SIMU0265:User 265,GRANTED
2026,1月,13,周二,14:55:28,24DE0286,SIMBR0167,SIMR0167,SIMU0221:User 221,GRANTED
2026,1月,13,周二,14:55:28,45B37997,SIMBR0368,SIMR0368,SIMU0163:User 163,GRANTED
2026,1月,13,周二,14:55:28,3B7FFD92,SIMBR0328,SIMR0328,SIMU0256:User 256,GRANTED
2026,1月,13,周二,14:55:28,E6DCC382,SIMBR0289,SIMR0289,SIMU0158:User 158,GRANTED
2026,1月,13,周二,14:55:28,5FF2F656,SIMBR0261,SIMR0261,SIMU0120:User 120,GRANTED
2026,1月,13,周二,14:55:28,6CEC1FDF,SIMBR0087,SIMR0087,SIMU0230:User 230,GRANTED
2026,1月,13,周二,14:55:28,B77EBDC0,SIMBR0287,SIMR0287,SIMU0203:User 203,GRANTED
2026,1月,13,周二,14:55:28,A5DEC594,SIMBR0007,SIMR0007,SIMU0084:User 84,GRANTED
2026,1月,13,周二,14:55:28,1EBD89C8,SIMBR0015,SIMR0015,SIMU0123:User 123,GRANTED
2026,1月,13,周二,14:55:28,8BF81A2A,SIMBR0258,SIMR0258,SIMU0233:User 233,GRANTED
2026,1月,13,周二,14:55:28,CCACC23C,SIMBR0052,SIMR0052,SIMU0149:User 149,GRANTED
2026,1月,13,周二,14:55:28,81F12C1B,SIMBR0229,SIMR0229,SIMU0200:User 200,GRANTED
2026,1月,13,周二,14:55:28,80AC649D,SIMBR0191,SIMR0191,SIMU0088:User 88,GRANTED
2026,1月,13,周二,14:55:28,495297EE,SIMBR0396,SIMR0396,SIMU0038:User 38,GRANTED
2026,1月,13,周二,14:55:28,9D3B8CFC,SIMBR0240,SIMR0240,SIMU0095:User 95,GRANTED
2026,1月,13,周二,14:55:28,8CBA0F42,SIMBR0259,SIMR0259,SIMU0152:User 152,GRANTED
2026,1月,13,周二,14:55:28,518BCEDD,SIMBR0292,SIMR0292,SIMU0011:User 11,GRANTED
2026,1月,13,周二,14:55:28,1DE07196,SIMBR0106,SIMR0106,SIMU0274:User 274,GRANTED
2026,1月,13,周二,14:55:28,47C3A99F,SIMBR0176,SIMR0176,SIMU0136:User 136,GRANTED
2026,1月,13,周二,14:55:28,358D24E5,SIMBR0291,SIMR0291,SIMU0130:User 130,GRANTED
2026,1月,13,周二,14:55:28,18788AAF,SIMBR0276,SIMR0276,SIMU0298:User 298,GRANTED
2026,1月,13,周二,14:55:28,A89B9996,SIMBR0084,SIMR0084,SIMU0213:User 213,GRANTED
2026,1月,13,周二,14:55:28,45BE30A8,SIMBR0230,SIMR0230,8d1a5202-9052-4f93-bf5a-4deffdf65fd3:a q,GRANTED
2026,1月,13,周二,14:55:28,C584F9D3,SIMBR0150,SIMR0150,EMP001:Zhang San,DENIED
2026,1月,13,周二,14:55:28,CEC0E003,SIMBR0216,SIMR0216,SIMU0009:User 9,GRANTED
2026,1月,13,周二,14:55:28,97A9597E,BR004,RES001,SIMU0030:User 30,DENIED
2026,1月,13,周二,14:55:28,BA6DDD0B,SIMBR0236,SIMR0236,SIMU0146:User 146,GRANTED
2026,1月,13,周二,14:55:28,45BE30A8,SIMBR0369,SIMR0369,8d1a5202-9052-4f93-bf5a-4deffdf65fd3:a q,GRANTED
2026,1月,13,周二,14:55:28,E0F41E54,SIMBR0043,SIMR0043,SIMU0176:User 176,GRANTED
2026,1月,13,周二,14:55:28,1EE4C053,SIMBR0290,SIMR0290,SIMU0026:User 26,GRANTED
2026,1月,13,周二,14:55:28,E6DCC382,SIMBR0009,SIMR0009,SIMU0158:User 158,GRANTED
2026,1月,13,周二,14:55:28,69A8F764,SIMBR0343,SIMR0343,SIMU0240:User 240,GRANTED
2026,1月,13,周二,14:55:28,CB2FA116,SIMBR0259,SIMR0259,SIMU0172:User 172,GRANTED
2026,1月,13,周二,14:55:28,F8F80D07,SIMBR0202,SIMR0202,SIMU0253:User 253,GRANTED
2026,1月,13,周二,14:55:28,01FC696F,SIMBR0357,SIMR0357,SIMU0068:User 68,GRANTED
2026,1月,13,周二,14:55:28,C584F9D3,SIMBR0069,SIMR0069,EMP001:Zhang San,DENIED
2026,1月,13,周二,14:55:28,701D5B3A,SIMBR0216,SIMR0216,SIMU0211:User 211,GRANTED
2026,1月,13,周二,14:55:28,E116EA41,SIMBR0259,SIMR0259,SIMU0127:User 127,GRANTED
2026,1月,13,周二,14:55:28,C6E3BF57,SIMBR0229,SIMR0229,SIMU0297:User 297,GRANTED
2026,1月,13,周二,14:55:28,E116EA41,SIMBR0011,SIMR0011,SIMU0127:User 127,GRANTED
2026,1月,13,周二,14:55:28,C50459DB,SIMBR0361,SIMR0361,SIMU0262:User 262,GRANTED
2026,1月,13,周二,14:55:28,C5A57784,SIMBR0366,SIMR0366,SIMU0072:User 72,GRANTED
2026,1月,13,周二,14:55:28,14103484,SIMBR0361,SIMR0361,SIMU0074:User 74,GRANTED
2026,1月,13,周二,14:55:28,3870BA5D,SIMBR0082,SIMR0082,SIMU0173:User 173,GRANTED
2026,1月,13,周二,14:55:28,B13BB6C7,SIMBR0184,SIMR0184,SIMU0167:User 167,GRANTED
2026,1月,13,周二,14:55:28,128D7B1F,SIMBR0384,SIMR0384,SIMU0121:User 121,GRANTED
2026,1月,13,周二,14:55:28,397975BA,SIMBR0290,SIMR0290,SIMU0164:User 164,GRANTED
2026,1月,13,周二,14:55:28,C5A57784,BR025,RES018,SIMU0072:User 72,DENIED
2026,1月,13,周二,14:55:28,DA33A96E,SIMBR0308,SIMR0308,SIMU0190:User 190,GRANTED
2026,1月,13,周二,14:55:28,CCACC23C,SIMBR0261,SIMR0261,SIMU0149:User 149,GRANTED
2026,1月,13,周二,14:55:28,FC9C0D71,SIMBR0185,SIMR0185,SIMU0093:User 93,GRANTED
2026,1月,13,周二,14:55:28,B6F02DDB,SIMBR0115,SIMR0115,SIMU0156:User 156,GRANTED
2026,1月,13,周二,14:55:28,6B7D13ED,SIMBR0339,SIMR0339,SIMU0191:User 191,GRANTED
2026,1月,13,周二,14:55:28,546575AC,SIMBR0232,SIMR0232,SIMU0140:User 140,GRANTED
2026,1月,13,周二,14:55:28,CA15B29F,SIMBR0106,SIMR0106,SIMU0206:User 206,GRANTED
2026,1月,13,周二,14:55:28,0EE439B9,SIMBR0344,SIMR0344,SIMU0004:User 4,GRANTED
2026,1月,13,周二,14:55:28,8EA215FF,SIMBR0306,SIMR0306,SIMU0201:User 201,GRANTED
2026,1月,13,周二,14:55:28,D2C7D462,SIMBR0144,SIMR0144,SIMU0061:User 61,GRANTED
2026,1月,13,周二,14:55:28,BC450719,SIMBR0240,SIMR0240,SIMU0013:User 13,GRANTED
2026,1月,13,周二,14:55:28,FE83648E,SIMBR0328,SIMR0328,SIMU0142:User 142,GRANTED
2026,1月,13,周二,14:55:28,FBFF5A63,SIMBR0055,SIMR0055,SIMU0184:User 184,GRANTED
2026,1月,13,周二,14:55:28,B0DFB305,SIMBR0341,SIMR0341,SIMU0151:User 151,GRANTED
2026,1月,13,周二,14:55:28,F04FDB11,SIMBR0344,SIMR0344,SIMU0125:User 125,GRANTED
2026,1月,13,周二,14:55:28,7BEB2168,BR011,RES026,SIMU0282:User 282,DENIED
2026,1月,13,周二,14:55:28,643D2F0C,SIMBR0112,SIMR0112,SIMU0048:User 48,GRANTED
2026,1月,13,周二,14:55:28,1812D558,SIMBR0389,SIMR0389,SIMU0214:User 214,GRANTED
2026,1月,13,周二,14:55:28,B9D6BC00,SIMBR0149,SIMR0149,SIMU0107:User 107,GRANTED
2026,1月,13,周二,14:55:28,F04FDB11,SIMBR0374,SIMR0374,SIMU0125:User 125,GRANTED
2026,1月,13,周二,14:55:28,F3B58DFF,SIMBR0315,SIMR0315,SIMU0076:User 76,GRANTED
2026,1月,13,周二,14:55:28,C50459DB,SIMBR0300,SIMR0300,SIMU0262:User 262,GRANTED
2026,1月,13,周二,14:55:28,DCB76AA3,SIMBR0205,SIMR0205,SIMU0228:User 228,GRANTED
2026,1月,13,周二,14:55:28,D0871CF1,SIMBR0078,SIMR0078,SIMU0007:User 7,GRANTED
2026,1月,13,周二,14:55:28,1E4AD759,SIMBR0265,SIMR0265,SIMU0029:User 29,GRANTED
2026,1月,13,周二,14:55:28,4D153C4A,SIMBR0339,SIMR0339,SIMU0104:User 104,GRANTED
2026,1月,13,周二,14:55:28,FC9C0D71,SIMBR0026,SIMR0026,SIMU0093:User 93,GRANTED
2026,1月,13,周二,14:55:28,C50459DB,SIMBR0183,SIMR0183,SIMU0262:User 262,GRANTED
2026,1月,13,周二,14:55:28,FBFF5A63,SIMBR0375,SIMR0375,SIMU0184:User 184,GRANTED
2026,1月,13,周二,14:55:28,F04FDB11,SIMBR0307,SIMR0307,SIMU0125:User 125,GRANTED
2026,1月,13,周二,14:55:28,9FA88CE9,SIMBR0171,SIMR0171,SIMU0049:User 49,GRANTED
2026,1月,13,周二,14:55:28,58B55845,SIMBR0149,SIMR0149,EMP002:Li Si,DENIED
2026,1月,13,周二,14:55:28,BA841717,SIMBR0298,SIMR0298,SIMU0064:User 64,GRANTED
2026,1月,13,周二,14:55:28,F616A325,SIMBR0285,SIMR0285,SIMU0194:User 194,GRANTED
2026,1月,13,周二,14:55:28,D3E409F0,SIMBR0009,SIMR0009,SIMU0012:User 12,GRANTED
2026,1月,13,周二,14:55:29,6C174D63,SIMBR0083,SIMR0083,SIMU0116:User 116,GRANTED
2026,1月,13,周二,14:55:29,A89B9996,SIMBR0198,SIMR0198,SIMU0213:User 213,GRANTED
2026,1月,13,周二,14:55:29,CB0F203D,SIMBR0364,SIMR0364,SIMU0124:User 124,GRANTED
2026,1月,13,周二,14:55:29,D0B8FC16,SIMBR0336,SIMR0336,SIMU0185:User 185,GRANTED
2026,1月,13,周二,14:55:29,602AF119,SIMBR0115,SIMR0115,SIMU0223:User 223,GRANTED
2026,1月,13,周二,14:55:29,358D24E5,SIMBR0153,SIMR0153,SIMU0130:User 130,GRANTED
2026,1月,13,周二,14:55:29,5560EC7D,SIMBR0113,SIMR0113,SIMU0109:User 109,GRANTED
2026,1月,13,周二,14:55:29,DF7754DF,SIMBR0239,SIMR0239,SIMU0019:User 19,GRANTED
2026,1月,13,周二,14:55:29,7CE9CF19,SIMBR0377,SIMR0377,SIMU0020:User 20,GRANTED
2026,1月,13,周二,14:55:29,C31E01F0,SIMBR0066,SIMR0066,SIMU0192:User 192,GRANTED
2026,1月,13,周二,14:55:29,9A00F337,SIMBR0393,SIMR0393,SIMU0285:User 285,GRANTED
2026,1月,13,周二,14:55:29,E07F08A6,SIMBR0216,SIMR0216,SIMU0246:User 246,GRANTED
2026,1月,13,周二,14:55:29,9615FFCC,BR018,RES011,SIMU0010:User 10,DENIED
2026,1月,13,周二,14:55:29,97A9597E,SIMBR0369,SIMR0369,SIMU0030:User 30,GRANTED
2026,1月,13,周二,14:55:29,5FF2F656,SIMBR0094,SIMR0094,SIMU0120:User 120,GRANTED
2026,1月,13,周二,14:55:29,C72DAED8,SIMBR0323,SIMR0323,SIMU0117:User 117,GRANTED
2026,1月,13,周二,14:55:29,964B6B12,SIMBR0343,SIMR0343,SIMU0003:User 3,GRANTED
2026,1月,13,周二,14:55:29,A234EF8B,SIMBR0171,SIMR0171,SIMU0069:User 69,GRANTED
2026,1月,13,周二,14:55:29,F1D4B1B6,SIMBR0060,SIMR0060,SIMU0247:User 247,GRANTED
2026,1月,13,周二,14:55:29,D3799252,SIMBR0297,SIMR0297,SIMU0022:User 22,GRANTED
2026,1月,13,周二,14:55:29,E8751622,SIMBR0105,SIMR0105,SIMU0161:User 161,GRANTED
2026,1月,13,周二,14:55:29,A234EF8B,SIMBR0269,SIMR0269,SIMU0069:User 69,GRANTED
2026,1月,13,周二,14:55:29,5AC1CCB2,SIMBR0332,SIMR0332,SIMU0264:User 264,GRANTED
2026,1月,13,周二,14:55:29,FC05A793,SIMBR0300,SIMR0300,SIMU0071:User 71,GRANTED
2026,1月,13,周二,14:55:29,559213A2,SIMBR0223,SIMR0223,SIMU0047:User 47,GRANTED
2026,1月,13,周二,14:55:29,BD4961D3,SIMBR0375,SIMR0375,SIMU0169:User 169,GRANTED
2026,1月,13,周二,14:55:29,3DDB17B7,SIMBR0116,SIMR0116,SIMU0044:User 44,GRANTED
2026,1月,13,周二,14:55:29,D0171F97,SIMBR0379,SIMR0379,SIMU0032:User 32,GRANTED
2026,1月,13,周二,14:55:29,40A1D543,SIMBR0153,SIMR0153,SIMU0267:User 267,GRANTED
2026,1月,13,周二,14:55:29,D87DCC23,SIMBR0365,SIMR0365,SIMU0006:User 6,GRANTED
2026,1月,13,周二,14:55:29,AE2F46DE,SIMBR0388,SIMR0388,SIMU0232:User 232,GRANTED
2026,1月,13,周二,14:55:29,01FC696F,SIMBR0013,SIMR0013,SIMU0068:User 68,GRANTED
2026,1月,13,周二,14:55:29,78D4B102,SIMBR0360,SIMR0360,SIMU0283:User 283,GRANTED
2026,1月,13,周二,14:55:29,7D277C80,SIMBR0284,SIMR0284,SIMU0212:User 212,GRANTED
2026,1月,13,周二,14:55:29,3870BA5D,SIMBR0343,SIMR0343,SIMU0173:User 173,GRANTED
2026,1月,13,周二,14:55:29,C584F9D3,SIMBR0203,SIMR0203,EMP001:Zhang San,DENIED
2026,1月,13,周二,14:55:29,359F9D02,SIMBR0285,SIMR0285,SIMU0087:User 87,GRANTED
2026,1月,13,周二,14:55:29,7D277C80,SIMBR0334,SIMR0334,SIMU0212:User 212,GRANTED
2026,1月,13,周二,14:55:29,D78DDFDE,SIMBR0220,SIMR0220,SIMU0252:User 252,GRANTED
2026,1月,13,周二,14:55:29,A4F77AE3,SIMBR0073,SIMR0073,SIMU0031:User 31,GRANTED
2026,1月,13,周二,14:55:29,CB0F203D,SIMBR0061,SIMR0061,SIMU0124:User 124,GRANTED
2026,1月,13,周二,14:55:29,964B6B12,SIMBR0087,SIMR0087,SIMU0003:User 3,GRANTED
2026,1月,13,周二,14:55:29,97A9597E,SIMBR0101,SIMR0101,SIMU0030:User 30,GRANTED
2026,1月,13,周二,14:55:29,1EBD89C8,SIMBR0221,SIMR0221,SIMU0123:User 123,GRANTED
2026,1月,13,周二,14:55:29,3B7FFD92,SIMBR0334,SIMR0334,SIMU0256:User 256,GRANTED
2026,1月,13,周二,14:55:29,CA296753,SIMBR0265,SIMR0265,SIMU0055:User 55,GRANTED
2026,1月,13,周二,14:55:29,E116EA41,SIMBR0105,SIMR0105,SIMU0127:User 127,GRANTED
2026,1月,13,周二,14:55:29,54C5EDBD,SIMBR0291,SIMR0291,SIMU0145:User 145,GRANTED
2026,1月,13,周二,14:55:29,1CA3AA4C,SIMBR0228,SIMR0228,SIMU0014:User 14,GRANTED
2026,1月,13,周二,14:55:29,27BDB972,SIMBR0120,SIMR0120,SIMU0244:User 244,GRANTED
2026,1月,13,周二,14:55:29,7D277C80,SIMBR0349,SIMR0349,SIMU0212:User 212,GRANTED
2026,1月,13,周二,14:55:29,95379CDB,SIMBR0345,SIMR0345,f46ee39b-ac9d-4193-a478-f8cfc35cec07:gagaga a,GRANTED
2026,1月,13,周二,14:55:29,80AC649D,SIMBR0263,SIMR0263,SIMU0088:User 88,GRANTED
2026,1月,13,周二,14:55:29,5A758FE3,SIMBR0278,SIMR0278,SIMU0103:User 103,GRANTED
2026,1月,13,周二,14:55:29,61095621,SIMBR0256,SIMR0256,SIMU0137:User 137,GRANTED
2026,1月,13,周二,14:55:29,D0871CF1,SIMBR0182,SIMR0182,SIMU0007:User 7,GRANTED
2026,1月,13,周二,14:55:29,C584F9D3,SIMBR0242,SIMR0242,EMP001:Zhang San,DENIED
2026,1月,13,周二,14:55:29,81F12C1B,SIMBR0174,SIMR0174,SIMU0200:User 200,GRANTED
2026,1月,13,周二,14:55:29,C169BAEB,SIMBR0313,SIMR0313,SIMU0174:User 174,GRANTED
2026,1月,13,周二,14:55:29,A234EF8B,SIMBR0064,SIMR0064,SIMU0069:User 69,GRANTED
2026,1月,13,周二,14:55:29,CB0F203D,SIMBR0173,SIMR0173,SIMU0124:User 124,GRANTED
2026,1月,13,周二,14:55:29,24A968FA,SIMBR0356,SIMR0356,SIMU0241:User 241,GRANTED
2026,1月,13,周二,14:55:29,7CE9CF19,SIMBR0197,SIMR0197,SIMU0020:User 20,GRANTED
2026,1月,13,周二,14:55:29,8BC6335E,BR001,RES020,SIMU0204:User 204,DENIED
2026,1月,13,周二,14:55:29,C3943F18,SIMBR0134,SIMR0134,SIMU0113:User 113,GRANTED
2026,1月,13,周二,14:55:29,A5A16F78,SIMBR0158,SIMR0158,SIMU0294:User 294,GRANTED
2026,1月,13,周二,14:55:29,FC05A793,BR019,RES012,SIMU0071:User 71,DENIED
2026,1月,13,周二,14:55:29,E137F666,SIMBR0118,SIMR0118,SIMU0220:User 220,GRANTED
2026,1月,13,周二,14:55:29,87F48A64,SIMBR0005,SIMR0005,SIMU0143:User 143,GRANTED
2026,1月,13,周二,14:55:29,2EEB40A9,SIMBR0221,SIMR0221,SIMU0260:User 260,GRANTED
2026,1月,13,周二,14:55:29,D78DDFDE,SIMBR0081,SIMR0081,SIMU0252:User 252,GRANTED
2026,1月,13,周二,14:55:29,FD75651D,SIMBR0060,SIMR0060,SIMU0238:User 238,GRANTED
2026,1月,13,周二,14:55:29,C31E01F0,SIMBR0400,SIMR0400,SIMU0192:User 192,GRANTED
2026,1月,13,周二,14:55:29,16ED8B1D,SIMBR0178,SIMR0178,SIMU0073:User 73,GRANTED
2026,1月,13,周二,14:55:29,40A1D543,SIMBR0222,SIMR0222,SIMU0267:User 267,GRANTED
2026,1月,13,周二,14:55:29,86937632,SIMBR0177,SIMR0177,SIMU0187:User 187,GRANTED
2026,1月,13,周二,14:55:29,0EA23D3A,SIMBR0041,SIMR0041,SIMU0062:User 62,GRANTED
2026,1月,13,周二,14:55:29,6B7D13ED,SIMBR0222,SIMR0222,SIMU0191:User 191,GRANTED
2026,1月,13,周二,14:55:29,F853E5E9,SIMBR0195,SIMR0195,SIMU0119:User 119,GRANTED
2026,1月,13,周二,14:55:29,FE83648E,SIMBR0182,SIMR0182,SIMU0142:User 142,GRANTED
2026,1月,13,周二,14:55:29,D832D5F3,SIMBR0211,SIMR0211,SIMU0261:User 261,GRANTED
2026,1月,13,周二,14:55:29,3870BA5D,SIMBR0017,SIMR0017,SIMU0173:User 173,GRANTED
2026,1月,13,周二,14:55:29,C44E5E52,SIMBR0276,SIMR0276,SIMU0002:User 2,GRANTED
2026,1月,13,周二,14:55:29,853BC8DF,SIMBR0367,SIMR0367,SIMU0092:User 92,GRANTED
2026,1月,13,周二,14:55:29,3A52D444,SIMBR0045,SIMR0045,SIMU0166:User 166,GRANTED
2026,1月,13,周二,14:55:29,394DF2A8,SIMBR0060,SIMR0060,SIMU0111:User 111,GRANTED
2026,1月,13,周二,14:55:29,5FF2F656,SIMBR0377,SIMR0377,SIMU0120:User 120,GRANTED
2026,1月,13,周二,14:55:29,7CA376A0,SIMBR0224,SIMR0224,SIMU0102:User 102,GRANTED
2026,1月,13,周二,14:55:29,C6173DD5,SIMBR0004,SIMR0004,SIMU0023:User 23,GRANTED
2026,1月,13,周二,14:55:29,CEC0E003,BR006,RES002,SIMU0009:User 9,DENIED
2026,1月,13,周二,14:55:29,CA782D54,SIMBR0108,SIMR0108,SIMU0219:User 219,GRANTED
2026,1月,13,周二,14:55:29,3122BEFD,SIMBR0010,SIMR0010,SIMU0066:User 66,GRANTED
2026,1月,13,周二,14:55:29,75D7C714,SIMBR0348,SIMR0348,SIMU0005:User 5,GRANTED
2026,1月,13,周二,14:55:29,358D24E5,SIMBR0196,SIMR0196,SIMU0130:User 130,GRANTED
2026,1月,13,周二,14:55:29,6F12BFA3,SIMBR0097,SIMR0097,SIMU0218:User 218,GRANTED
2026,1月,13,周二,14:55:29,3122BEFD,SIMBR0096,SIMR0096,SIMU0066:User 66,GRANTED
2026,1月,13,周二,14:55:29,B095C629,SIMBR0030,SIMR0030,SIMU0257:User 257,GRANTED
2026,1月,13,周二,14:55:29,66FC8294,SIMBR0281,SIMR0281,SIMU0180:User 180,GRANTED
2026,1月,13,周二,14:55:29,9FA88CE9,SIMBR0353,SIMR0353,SIMU0049:User 49,GRANTED
2026,1月,13,周二,14:55:29,C46D887F,SIMBR0190,SIMR0190,SIMU0254:User 254,GRANTED
2026,1月,13,周二,14:55:29,B33C40D7,SIMBR0010,SIMR0010,SIMU0015:User 15,GRANTED
2026,1月,13,周二,14:55:29,1EBD89C8,SIMBR0371,SIMR0371,SIMU0123:User 123,GRANTED
2026,1月,13,周二,14:55:29,1EE4C053,SIMBR0162,SIMR0162,SIMU0026:User 26,GRANTED
2026,1月,13,周二,14:55:29,128D7B1F,SIMBR0052,SIMR0052,SIMU0121:User 121,GRANTED
2026,1月,13,周二,14:55:29,A2589816,SIMBR0203,SIMR0203,SIMU0082:User 82,GRANTED
2026,1月,13,周二,14:55:29,45BE30A8,SIMBR0153,SIMR0153,8d1a5202-9052-4f93-bf5a-4deffdf65fd3:a q,GRANTED
2026,1月,13,周二,14:55:29,FC9C0D71,SIMBR0176,SIMR0176,SIMU0093:User 93,GRANTED
2026,1月,13,周二,14:55:29,18788AAF,SIMBR0310,SIMR0310,SIMU0298:User 298,GRANTED
2026,1月,13,周二,14:55:29,1CA3AA4C,SIMBR0256,SIMR0256,SIMU0014:User 14,GRANTED
2026,1月,13,周二,14:55:29,81F12C1B,SIMBR0244,SIMR0244,SIMU0200:User 200,GRANTED
2026,1月,13,周二,14:55:29,FBFF5A63,SIMBR0136,SIMR0136,SIMU0184:User 184,GRANTED
2026,1月,13,周二,14:55:29,546575AC,SIMBR0073,SIMR0073,SIMU0140:User 140,GRANTED
2026,1月,13,周二,14:55:29,37E9D9C0,SIMBR0333,SIMR0333,SIMU0034:User 34,GRANTED
2026,1月,13,周二,14:55:29,D0B8FC16,SIMBR0193,SIMR0193,SIMU0185:User 185,GRANTED
2026,1月,13,周二,14:55:29,273D28BF,SIMBR0035,SIMR0035,SIMU0057:User 57,GRANTED
2026,1月,13,周二,14:55:29,8E0C2F27,SIMBR0196,SIMR0196,SIMU0126:User 126,GRANTED
2026,1月,13,周二,14:55:29,A234EF8B,SIMBR0291,SIMR0291,SIMU0069:User 69,GRANTED
2026,1月,13,周二,14:55:29,D504C218,SIMBR0354,SIMR0354,SIMU0060:User 60,GRANTED
2026,1月,13,周二,14:55:29,C04BAEE8,SIMBR0363,SIMR0363,SIMU0129:User 129,GRANTED
2026,1月,13,周二,14:55:29,78D4B102,SIMBR0038,SIMR0038,SIMU0283:User 283,GRANTED
2026,1月,13,周二,14:55:29,D0871CF1,SIMBR0060,SIMR0060,SIMU0007:User 7,GRANTED
2026,1月,13,周二,14:55:29,58B55845,SIMBR0209,SIMR0209,EMP002:Li Si,DENIED
2026,1月,13,周二,14:55:29,84F825EE,SIMBR0002,SIMR0002,SIMU0150:User 150,GRANTED
2026,1月,13,周二,14:55:29,7C3923AE,SIMBR0352,SIMR0352,SIMU0210:User 210,GRANTED
2026,1月,13,周二,14:55:29,495297EE,SIMBR0313,SIMR0313,SIMU0038:User 38,GRANTED
2026,1月,13,周二,14:55:29,3B9B3EAE,SIMBR0267,SIMR0267,SIMU0144:User 144,GRANTED
2026,1月,13,周二,14:55:29,CA15B29F,SIMBR0174,SIMR0174,SIMU0206:User 206,GRANTED
2026,1月,13,周二,14:55:29,D3E409F0,SIMBR0132,SIMR0132,SIMU0012:User 12,GRANTED
2026,1月,13,周二,14:55:29,A7A30652,SIMBR0207,SIMR0207,SIMU0094:User 94,GRANTED
2026,1月,13,周二,14:55:29,C718E607,SIMBR0349,SIMR0349,SIMU0089:User 89,GRANTED
2026,1月,13,周二,14:55:29,495297EE,SIMBR0004,SIMR0004,SIMU0038:User 38,GRANTED
2026,1月,13,周二,14:55:29,48744B29,SIMBR0347,SIMR0347,SIMU0035:User 35,GRANTED
2026,1月,13,周二,14:55:29,546575AC,SIMBR0222,SIMR0222,SIMU0140:User 140,GRANTED
2026,1月,13,周二,14:55:29,C0993563,SIMBR0237,SIMR0237,SIMU0209:User 209,GRANTED
2026,1月,13,周二,14:55:29,D2C7D462,SIMBR0287,SIMR0287,SIMU0061:User 61,GRANTED
2026,1月,13,周二,14:55:29,AF6C110D,SIMBR0115,SIMR0115,SIMU0080:User 80,GRANTED
2026,1月,13,周二,14:55:29,B6F02DDB,SIMBR0334,SIMR0334,SIMU0156:User 156,GRANTED
2026,1月,13,周二,14:55:29,37FA6637,SIMBR0325,SIMR0325,SIMU0199:User 199,GRANTED
2026,1月,13,周二,14:55:29,AE2F46DE,SIMBR0172,SIMR0172,SIMU0232:User 232,GRANTED
2026,1月,13,周二,14:55:29,66FC8294,SIMBR0099,SIMR0099,SIMU0180:User 180,GRANTED
2026,1月,13,周二,14:55:29,4FC5D562,SIMBR0021,SIMR0021,SIMU0275:User 275,GRANTED
2026,1月,13,周二,14:55:29,3EA1EF87,SIMBR0014,SIMR0014,SIMU0229:User 229,GRANTED
2026,1月,13,周二,14:55:29,B6F02DDB,SIMBR0400,SIMR0400,SIMU0156:User 156,GRANTED
2026,1月,13,周二,14:55:29,BD4961D3,SIMBR0237,SIMR0237,SIMU0169:User 169,GRANTED
2026,1月,13,周二,14:55:29,FEF21F79,SIMBR0104,SIMR0104,SIMU0159:User 159,GRANTED
2026,1月,13,周二,14:55:29,E8751622,SIMBR0026,SIMR0026,SIMU0161:User 161,GRANTED
2026,1月,13,周二,14:55:29,6213A883,BR013,RES006,SIMU0249:User 249,DENIED
2026,1月,13,周二,14:55:29,518BCEDD,SIMBR0095,SIMR0095,SIMU0011:User 11,GRANTED
2026,1月,13,周二,14:55:29,6C174D63,SIMBR0010,SIMR0010,SIMU0116:User 116,GRANTED
2026,1月,13,周二,14:55:29,AA3155BB,SIMBR0189,SIMR0189,SIMU0050:User 50,GRANTED
2026,1月,13,周二,14:55:29,F0ADE55C,SIMBR0041,SIMR0041,SIMU0237:User 237,GRANTED
2026,1月,13,周二,14:55:29,FB68A282,SIMBR0151,SIMR0151,SIMU0183:User 183,GRANTED
2026,1月,13,周二,14:55:29,E2506042,SIMBR0211,SIMR0211,SIMU0101:User 101,GRANTED
2026,1月,13,周二,14:55:29,D0B8FC16,SIMBR0065,SIMR0065,SIMU0185:User 185,GRANTED
2026,1月,13,周二,14:55:29,6213A883,BR013,RES006,SIMU0249:User 249,DENIED
2026,1月,13,周二,14:55:29,5E9892AA,SIMBR0108,SIMR0108,SIMU0293:User 293,GRANTED
2026,1月,13,周二,14:55:29,4D83FE2E,BR011,RES026,SIMU0056:User 56,DENIED
2026,1月,13,周二,14:55:29,273D28BF,SIMBR0011,SIMR0011,SIMU0057:User 57,GRANTED
2026,1月,13,周二,14:55:29,964B6B12,SIMBR0135,SIMR0135,SIMU0003:User 3,GRANTED
2026,1月,13,周二,14:55:29,E6D64EED,SIMBR0151,SIMR0151,SIMU0105:User 105,GRANTED
2026,1月,13,周二,14:55:29,C0F19B1C,SIMBR0238,SIMR0238,SIMU0155:User 155,GRANTED
2026,1月,13,周二,14:55:29,A2903A49,SIMBR0343,SIMR0343,SIMU0043:User 43,GRANTED
2026,1月,13,周二,14:55:29,030D82CF,SIMBR0141,SIMR0141,SIMU0207:User 207,GRANTED
2026,1月,13,周二,14:55:29,E6D64EED,SIMBR0109,SIMR0109,SIMU0105:User 105,GRANTED
2026,1月,13,周二,14:55:29,A2589816,SIMBR0316,SIMR0316,SIMU0082:User 82,GRANTED
2026,1月,13,周二,14:55:29,3A52D444,SIMBR0231,SIMR0231,SIMU0166:User 166,GRANTED
2026,1月,13,周二,14:55:29,75D7C714,SIMBR0255,SIMR0255,SIMU0005:User 5,GRANTED
2026,1月,13,周二,14:55:29,DF7754DF,SIMBR0169,SIMR0169,SIMU0019:User 19,GRANTED
2026,1月,13,周二,14:55:29,81F12C1B,SIMBR0073,SIMR0073,SIMU0200:User 200,GRANTED
2026,1月,13,周二,14:55:29,24A968FA,SIMBR0282,SIMR0282,SIMU0241:User 241,GRANTED
2026,1月,13,周二,14:55:29,C57735BB,SIMBR0315,SIMR0315,SIMU0242:User 242,GRANTED
2026,1月,13,周二,14:55:29,A89B9996,SIMBR0364,SIMR0364,SIMU0213:User 213,GRANTED
2026,1月,13,周二,14:55:29,F9B71846,SIMBR0247,SIMR0247,SIMU0196:User 196,GRANTED
2026,1月,13,周二,14:55:29,E2506042,SIMBR0111,SIMR0111,SIMU0101:User 101,GRANTED
2026,1月,13,周二,14:55:29,24A968FA,SIMBR0389,SIMR0389,SIMU0241:User 241,GRANTED
2026,1月,13,周二,14:55:29,56619802,SIMBR0016,SIMR0016,SIMU0202:User 202,GRANTED
2026,1月,13,周二,14:55:29,643D2F0C,SIMBR0245,SIMR0245,SIMU0048:User 48,GRANTED
2026,1月,13,周二,14:55:29,1EE4C053,SIMBR0373,SIMR0373,SIMU0026:User 26,GRANTED
2026,1月,13,周二,14:55:29,14103484,BR016,RES009,SIMU0074:User 74,DENIED
2026,1月,13,周二,14:55:29,7B914E9E,SIMBR0203,SIMR0203,SIMU0215:User 215,GRANTED
2026,1月,13,周二,14:55:29,3870BA5D,SIMBR0215,SIMR0215,SIMU0173:User 173,GRANTED
2026,1月,13,周二,14:55:29,C39400FA,SIMBR0022,SIMR0022,SIMU0078:User 78,GRANTED
2026,1月,13,周二,14:55:29,D3E409F0,SIMBR0244,SIMR0244,SIMU0012:User 12,GRANTED
2026,1月,13,周二,14:55:29,C6E3BF57,SIMBR0090,SIMR0090,SIMU0297:User 297,GRANTED
2026,1月,13,周二,14:55:29,1E74F408,SIMBR0324,SIMR0324,SIMU0171:User 171,GRANTED
2026,1月,13,周二,14:55:29,7BEB2168,SIMBR0065,SIMR0065,SIMU0282:User 282,GRANTED
2026,1月,13,周二,14:55:29,7B914E9E,SIMBR0211,SIMR0211,SIMU0215:User 215,GRANTED
2026,1月,13,周二,14:55:29,C5A57784,SIMBR0009,SIMR0009,SIMU0072:User 72,GRANTED
2026,1月,13,周二,14:55:29,AA3155BB,SIMBR0219,SIMR0219,SIMU0050:User 50,GRANTED
2026,1月,13,周二,14:55:29,C6173DD5,SIMBR0290,SIMR0290,SIMU0023:User 23,GRANTED
2026,1月,13,周二,14:55:29,1A88116F,SIMBR0194,SIMR0194,SIMU0063:User 63,GRANTED
2026,1月,13,周二,14:55:29,C44E5E52,SIMBR0243,SIMR0243,SIMU0002:User 2,GRANTED
2026,1月,13,周二,14:55:29,53A1B264,SIMBR0285,SIMR0285,SIMU0017:User 17,GRANTED
2026,1月,13,周二,14:55:29,FE83648E,SIMBR0311,SIMR0311,SIMU0142:User 142,GRANTED
2026,1月,13,周二,14:55:29,354118DA,SIMBR0220,SIMR0220,SIMU0052:User 52,GRANTED
2026,1月,13,周二,14:55:29,91E5E6B0,SIMBR0230,SIMR0230,SIMU0079:User 79,GRANTED
2026,1月,13,周二,14:55:29,B0DFB305,SIMBR0016,SIMR0016,SIMU0151:User 151,GRANTED
2026,1月,13,周二,14:55:29,C31E01F0,SIMBR0208,SIMR0208,SIMU0192:User 192,GRANTED
2026,1月,13,周二,14:55:29,C31E01F0,BR006,RES002,SIMU0192:User 192,DENIED
2026,1月,13,周二,14:55:29,CB2FA116,SIMBR0033,SIMR0033,SIMU0172:User 172,GRANTED
2026,1月,13,周二,14:55:30,E55AD432,SIMBR0214,SIMR0214,SIMU0134:User 134,GRANTED
2026,1月,13,周二,14:55:30,59E1ACA0,SIMBR0018,SIMR0018,SIMU0090:User 90,GRANTED
2026,1月,13,周二,14:55:30,2C249415,SIMBR0254,SIMR0254,SIMU0276:User 276,GRANTED
2026,1月,13,周二,14:55:30,983FD996,SIMBR0339,SIMR0339,SIMU0225:User 225,GRANTED
2026,1月,13,周二,14:55:30,F3B58DFF,SIMBR0108,SIMR0108,SIMU0076:User 76,GRANTED
2026,1月,13,周二,14:55:30,359F9D02,BR012,RES005,SIMU0087:User 87,DENIED
2026,1月,13,周二,14:55:30,BA6DDD0B,SIMBR0067,SIMR0067,SIMU0146:User 146,GRANTED
2026,1月,13,周二,14:55:30,E137F666,SIMBR0041,SIMR0041,SIMU0220:User 220,GRANTED
2026,1月,13,周二,14:55:30,DB66EC85,SIMBR0342,SIMR0342,SIMU0100:User 100,GRANTED
2026,1月,13,周二,14:55:30,602AF119,SIMBR0023,SIMR0023,SIMU0223:User 223,GRANTED
2026,1月,13,周二,14:55:30,3B7FFD92,SIMBR0297,SIMR0297,SIMU0256:User 256,GRANTED
2026,1月,13,周二,14:55:30,CCACC23C,SIMBR0268,SIMR0268,SIMU0149:User 149,GRANTED
2026,1月,13,周二,14:55:30,546575AC,SIMBR0127,SIMR0127,SIMU0140:User 140,GRANTED
2026,1月,13,周二,14:55:30,BA1008EF,SIMBR0319,SIMR0319,SIMU0083:User 83,GRANTED
2026,1月,13,周二,14:55:30,78D4B102,SIMBR0233,SIMR0233,SIMU0283:User 283,GRANTED
2026,1月,13,周二,14:55:30,0CFFFBA0,SIMBR0046,SIMR0046,SIMU0189:User 189,GRANTED
2026,1月,13,周二,14:55:30,B6F02DDB,BR014,RES007,SIMU0156:User 156,DENIED
2026,1月,13,周二,14:55:30,40A1D543,SIMBR0006,SIMR0006,SIMU0267:User 267,GRANTED
2026,1月,13,周二,14:55:30,D49E4724,SIMBR0386,SIMR0386,SIMU0278:User 278,GRANTED
2026,1月,13,周二,14:55:30,8EA215FF,SIMBR0207,SIMR0207,SIMU0201:User 201,GRANTED
2026,1月,13,周二,14:55:30,A9E67E95,SIMBR0022,SIMR0022,SIMU0243:User 243,GRANTED
2026,1月,13,周二,14:55:30,273F3B3E,SIMBR0386,SIMR0386,SIMU0224:User 224,GRANTED
2026,1月,13,周二,14:55:30,66FC8294,SIMBR0076,SIMR0076,SIMU0180:User 180,GRANTED
2026,1月,13,周二,14:55:30,61095621,SIMBR0165,SIMR0165,SIMU0137:User 137,GRANTED
2026,1月,13,周二,14:55:30,0EA23D3A,SIMBR0016,SIMR0016,SIMU0062:User 62,GRANTED
2026,1月,13,周二,14:55:30,A89B9996,SIMBR0387,SIMR0387,SIMU0213:User 213,GRANTED
2026,1月,13,周二,14:55:30,A4F77AE3,SIMBR0121,SIMR0121,SIMU0031:User 31,GRANTED
2026,1月,13,周二,14:55:30,C50459DB,SIMBR0345,SIMR0345,SIMU0262:User 262,GRANTED
2026,1月,13,周二,14:55:30,030D82CF,SIMBR0097,SIMR0097,SIMU0207:User 207,GRANTED
2026,1月,13,周二,14:55:30,01513E26,SIMBR0224,SIMR0224,SIMU0181:User 181,GRANTED
2026,1月,13,周二,14:55:30,F616A325,SIMBR0394,SIMR0394,SIMU0194:User 194,GRANTED
2026,1月,13,周二,14:55:30,643D2F0C,SIMBR0168,SIMR0168,SIMU0048:User 48,GRANTED
2026,1月,13,周二,14:55:30,C1CE8342,SIMBR0001,SIMR0001,SIMU0018:User 18,GRANTED
2026,1月,13,周二,14:55:30,C57735BB,SIMBR0382,SIMR0382,SIMU0242:User 242,GRANTED
2026,1月,13,周二,14:55:30,F90964BF,SIMBR0218,SIMR0218,SIMU0091:User 91,GRANTED
2026,1月,13,周二,14:55:30,A2903A49,SIMBR0262,SIMR0262,SIMU0043:User 43,GRANTED
2026,1月,13,周二,14:55:30,FEB7592C,SIMBR0176,SIMR0176,SIMU0059:User 59,GRANTED
2026,1月,13,周二,14:55:30,A2589816,SIMBR0306,SIMR0306,SIMU0082:User 82,GRANTED
2026,1月,13,周二,14:55:30,29200997,SIMBR0096,SIMR0096,SIMU0186:User 186,GRANTED
2026,1月,13,周二,14:55:30,D3799252,BR026,RES019,SIMU0022:User 22,DENIED
2026,1月,13,周二,14:55:30,73913F8C,SIMBR0076,SIMR0076,SIMU0188:User 188,GRANTED
2026,1月,13,周二,14:55:30,33F39C8F,SIMBR0311,SIMR0311,SIMU0205:User 205,GRANTED
2026,1月,13,周二,14:55:30,33F39C8F,SIMBR0149,SIMR0149,SIMU0205:User 205,GRANTED
2026,1月,13,周二,14:55:30,C5A57784,SIMBR0292,SIMR0292,SIMU0072:User 72,GRANTED
2026,1月,13,周二,14:55:30,1B14F9BC,SIMBR0293,SIMR0293,SIMU0065:User 65,GRANTED
2026,1月,13,周二,14:55:30,BA821DBA,SIMBR0032,SIMR0032,SIMU0148:User 148,GRANTED
2026,1月,13,周二,14:55:30,85471FCB,SIMBR0149,SIMR0149,SIMU0054:User 54,GRANTED
2026,1月,13,周二,14:55:30,CA782D54,SIMBR0087,SIMR0087,SIMU0219:User 219,GRANTED
2026,1月,13,周二,14:55:30,49B45DCD,SIMBR0010,SIMR0010,SIMU0272:User 272,GRANTED
2026,1月,13,周二,14:55:30,E6D64EED,SIMBR0359,SIMR0359,SIMU0105:User 105,GRANTED
2026,1月,13,周二,14:55:30,538EE2BF,SIMBR0041,SIMR0041,SIMU0177:User 177,GRANTED
2026,1月,13,周二,14:55:30,2056B86F,SIMBR0366,SIMR0366,SIMU0067:User 67,GRANTED
2026,1月,13,周二,14:55:30,D0171F97,SIMBR0173,SIMR0173,SIMU0032:User 32,GRANTED
2026,1月,13,周二,14:55:30,4AF57AEF,SIMBR0286,SIMR0286,SIMU0193:User 193,GRANTED
2026,1月,13,周二,14:55:30,8E0C2F27,SIMBR0217,SIMR0217,SIMU0126:User 126,GRANTED
2026,1月,13,周二,14:55:30,5A758FE3,SIMBR0279,SIMR0279,SIMU0103:User 103,GRANTED
2026,1月,13,周二,14:55:30,41981850,SIMBR0048,SIMR0048,SIMU0263:User 263,GRANTED
2026,1月,13,周二,14:55:30,1DE07196,SIMBR0351,SIMR0351,SIMU0274:User 274,GRANTED
2026,1月,13,周二,14:55:30,D716AAF5,SIMBR0356,SIMR0356,SIMU0170:User 170,GRANTED
2026,1月,13,周二,14:55:30,AF6C110D,SIMBR0135,SIMR0135,SIMU0080:User 80,GRANTED
2026,1月,13,周二,14:55:30,4DFA0FE5,SIMBR0180,SIMR0180,SIMU0255:User 255,GRANTED
2026,1月,13,周二,14:55:30,AE2F46DE,SIMBR0334,SIMR0334,SIMU0232:User 232,GRANTED
2026,1月,13,周二,14:55:30,A9E67E95,SIMBR0387,SIMR0387,SIMU0243:User 243,GRANTED
2026,1月,13,周二,14:55:30,C46D887F,SIMBR0377,SIMR0377,SIMU0254:User 254,GRANTED
2026,1月,13,周二,14:55:30,2056B86F,SIMBR0391,SIMR0391,SIMU0067:User 67,GRANTED
2026,1月,13,周二,14:55:30,D832D5F3,SIMBR0304,SIMR0304,SIMU0261:User 261,GRANTED
2026,1月,13,周二,14:55:30,B6F02DDB,SIMBR0250,SIMR0250,SIMU0156:User 156,GRANTED
2026,1月,13,周二,14:55:30,B0DFB305,SIMBR0140,SIMR0140,SIMU0151:User 151,GRANTED
2026,1月,13,周二,14:55:30,358D24E5,SIMBR0161,SIMR0161,SIMU0130:User 130,GRANTED
2026,1月,13,周二,14:55:30,A9E67E95,SIMBR0169,SIMR0169,SIMU0243:User 243,GRANTED
2026,1月,13,周二,14:55:30,3B7FFD92,SIMBR0349,SIMR0349,SIMU0256:User 256,GRANTED
2026,1月,13,周二,14:55:30,20917633,SIMBR0284,SIMR0284,SIMU0296:User 296,GRANTED
2026,1月,13,周二,14:55:30,C0993563,SIMBR0103,SIMR0103,SIMU0209:User 209,GRANTED
2026,1月,13,周二,14:55:30,B0DFB305,SIMBR0208,SIMR0208,SIMU0151:User 151,GRANTED
2026,1月,13,周二,14:55:30,BA893511,SIMBR0043,SIMR0043,SIMU0269:User 269,GRANTED
2026,1月,13,周二,14:55:30,5A758FE3,SIMBR0103,SIMR0103,SIMU0103:User 103,GRANTED
2026,1月,13,周二,14:55:30,628D5BBC,SIMBR0084,SIMR0084,SIMU0041:User 41,GRANTED
2026,1月,13,周二,14:55:30,5560EC7D,BR022,RES015,SIMU0109:User 109,DENIED
2026,1月,13,周二,14:55:30,D504C218,SIMBR0361,SIMR0361,SIMU0060:User 60,GRANTED
2026,1月,13,周二,14:55:30,1812D558,BR021,RES014,SIMU0214:User 214,DENIED
2026,1月,13,周二,14:55:30,6E7782F8,BR004,RES001,INT001:Zhao Liu,GRANTED
2026,1月,13,周二,14:55:30,3B7FFD92,SIMBR0341,SIMR0341,SIMU0256:User 256,GRANTED
2026,1月,13,周二,14:55:30,128D7B1F,SIMBR0049,SIMR0049,SIMU0121:User 121,GRANTED
2026,1月,13,周二,14:55:30,C718E607,SIMBR0015,SIMR0015,SIMU0089:User 89,GRANTED
2026,1月,13,周二,14:55:30,6BDE4067,SIMBR0152,SIMR0152,SIMU0114:User 114,GRANTED
2026,1月,13,周二,14:55:30,78D74DDD,SIMBR0175,SIMR0175,VIS001:Qian Qi,DENIED
2026,1月,13,周二,14:55:30,47C3A99F,SIMBR0115,SIMR0115,SIMU0136:User 136,GRANTED
2026,1月,13,周二,14:55:30,7D277C80,SIMBR0356,SIMR0356,SIMU0212:User 212,GRANTED
2026,1月,13,周二,14:55:30,5C4195BE,SIMBR0372,SIMR0372,SIMU0288:User 288,GRANTED
2026,1月,13,周二,14:55:30,A234EF8B,SIMBR0267,SIMR0267,SIMU0069:User 69,GRANTED
2026,1月,13,周二,14:55:30,C73CE928,SIMBR0021,SIMR0021,SIMU0281:User 281,GRANTED
2026,1月,13,周二,14:55:30,58B690ED,SIMBR0393,SIMR0393,SIMU0081:User 81,GRANTED
2026,1月,13,周二,14:55:30,EEC38563,SIMBR0118,SIMR0118,SIMU0141:User 141,GRANTED
2026,1月,13,周二,14:55:30,5334DCE6,SIMBR0300,SIMR0300,SIMU0179:User 179,GRANTED
2026,1月,13,周二,14:55:30,1812D558,SIMBR0004,SIMR0004,SIMU0214:User 214,GRANTED
2026,1月,13,周二,14:55:30,72A4E470,SIMBR0154,SIMR0154,SIMU0268:User 268,GRANTED
2026,1月,13,周二,14:55:30,F9B71846,SIMBR0047,SIMR0047,SIMU0196:User 196,GRANTED
2026,1月,13,周二,14:55:30,47A80030,SIMBR0165,SIMR0165,SIMU0234:User 234,GRANTED
2026,1月,13,周二,14:55:30,0EA23D3A,SIMBR0305,SIMR0305,SIMU0062:User 62,GRANTED
2026,1月,13,周二,14:55:30,41981850,SIMBR0043,SIMR0043,SIMU0263:User 263,GRANTED
2026,1月,13,周二,14:55:30,61095621,SIMBR0019,SIMR0019,SIMU0137:User 137,GRANTED
2026,1月,13,周二,14:55:30,E393950E,SIMBR0383,SIMR0383,SIMU0195:User 195,GRANTED
2026,1月,13,周二,14:55:30,C44E5E52,SIMBR0299,SIMR0299,SIMU0002:User 2,GRANTED
2026,1月,13,周二,14:55:30,E2506042,SIMBR0303,SIMR0303,SIMU0101:User 101,GRANTED
2026,1月,13,周二,14:55:30,D49E4724,SIMBR0192,SIMR0192,SIMU0278:User 278,GRANTED
2026,1月,13,周二,14:55:30,050D9DEF,SIMBR0366,SIMR0366,SIMU0128:User 128,GRANTED
2026,1月,13,周二,14:55:30,59E1ACA0,SIMBR0138,SIMR0138,SIMU0090:User 90,GRANTED
2026,1月,13,周二,14:55:30,559213A2,SIMBR0134,SIMR0134,SIMU0047:User 47,GRANTED
2026,1月,13,周二,14:55:30,D1BB07EE,SIMBR0267,SIMR0267,SIMU0287:User 287,GRANTED
2026,1月,13,周二,14:55:30,86937632,SIMBR0387,SIMR0387,SIMU0187:User 187,GRANTED
2026,1月,13,周二,14:55:30,1DE07196,BR010,RES004,SIMU0274:User 274,DENIED
2026,1月,13,周二,14:55:30,15D30411,SIMBR0233,SIMR0233,SIMU0289:User 289,GRANTED
2026,1月,13,周二,14:55:30,13F09473,SIMBR0396,SIMR0396,SIMU0279:User 279,GRANTED
2026,1月,13,周二,14:55:30,BEBCE825,BR020,RES013,SIMU0270:User 270,DENIED
2026,1月,13,周二,14:55:30,C5A57784,SIMBR0195,SIMR0195,SIMU0072:User 72,GRANTED
2026,1月,13,周二,14:55:30,C6173DD5,SIMBR0364,SIMR0364,SIMU0023:User 23,GRANTED
2026,1月,13,周二,14:55:30,1CA3AA4C,SIMBR0110,SIMR0110,SIMU0014:User 14,GRANTED
2026,1月,13,周二,14:55:30,6CEC1FDF,SIMBR0190,SIMR0190,SIMU0230:User 230,GRANTED
2026,1月,13,周二,14:55:30,C04BAEE8,SIMBR0140,SIMR0140,SIMU0129:User 129,GRANTED
2026,1月,13,周二,14:55:30,8CBA0F42,SIMBR0240,SIMR0240,SIMU0152:User 152,GRANTED
2026,1月,13,周二,14:55:30,2E121B44,SIMBR0095,SIMR0095,SIMU0258:User 258,GRANTED
2026,1月,13,周二,14:55:30,A2903A49,SIMBR0344,SIMR0344,SIMU0043:User 43,GRANTED
2026,1月,13,周二,14:55:30,C1CE8342,SIMBR0273,SIMR0273,SIMU0018:User 18,GRANTED
2026,1月,13,周二,14:55:30,D504C218,SIMBR0142,SIMR0142,SIMU0060:User 60,GRANTED
2026,1月,13,周二,14:55:30,628D5BBC,SIMBR0327,SIMR0327,SIMU0041:User 41,GRANTED
2026,1月,13,周二,14:55:30,FBBEF95C,SIMBR0015,SIMR0015,SIMU0025:User 25,GRANTED
2026,1月,13,周二,14:55:30,C46D887F,BR007,RES024,SIMU0254:User 254,DENIED
2026,1月,13,周二,14:55:30,853BC8DF,SIMBR0034,SIMR0034,SIMU0092:User 92,GRANTED
2026,1月,13,周二,14:55:30,3A52D444,SIMBR0393,SIMR0393,SIMU0166:User 166,GRANTED
2026,1月,13,周二,14:55:30,4D153C4A,SIMBR0091,SIMR0091,SIMU0104:User 104,GRANTED
2026,1月,13,周二,14:55:30,0FB515EE,SIMBR0040,SIMR0040,SIMU0033:User 33,GRANTED
2026,1月,13,周二,14:55:30,643D2F0C,SIMBR0071,SIMR0071,SIMU0048:User 48,GRANTED
2026,1月,13,周二,14:55:30,EFC60F14,BR012,RES005,SIMU0286:User 286,DENIED
2026,1月,13,周二,14:55:30,01513E26,BR020,RES013,SIMU0181:User 181,DENIED
2026,1月,13,周二,14:55:30,983FD996,SIMBR0252,SIMR0252,SIMU0225:User 225,GRANTED
2026,1月,13,周二,14:55:30,1A3D1ED6,SIMBR0270,SIMR0270,SIMU0231:User 231,GRANTED
2026,1月,13,周二,14:55:30,53A1B264,SIMBR0109,SIMR0109,SIMU0017:User 17,GRANTED
2026,1月,13,周二,14:55:30,01FC696F,SIMBR0211,SIMR0211,SIMU0068:User 68,GRANTED
2026,1月,13,周二,14:55:30,8BC6335E,SIMBR0245,SIMR0245,SIMU0204:User 204,GRANTED
2026,1月,13,周二,14:55:30,57ED1495,SIMBR0297,SIMR0297,SIMU0250:User 250,GRANTED
2026,1月,13,周二,14:55:30,6CEC1FDF,SIMBR0082,SIMR0082,SIMU0230:User 230,GRANTED
2026,1月,13,周二,14:55:30,29200997,SIMBR0118,SIMR0118,SIMU0186:User 186,GRANTED
2026,1月,13,周二,14:55:30,8E0C2F27,SIMBR0048,SIMR0048,SIMU0126:User 126,GRANTED
2026,1月,13,周二,14:55:30,6CEC1FDF,SIMBR0379,SIMR0379,SIMU0230:User 230,GRANTED
2026,1月,13,周二,14:55:30,628D5BBC,SIMBR0179,SIMR0179,SIMU0041:User 41,GRANTED
2026,1月,13,周二,14:55:30,397975BA,SIMBR0258,SIMR0258,SIMU0164:User 164,GRANTED
2026,1月,13,周二,14:55:30,9FA88CE9,SIMBR0037,SIMR0037,SIMU0049:User 49,GRANTED
2026,1月,13,周二,14:55:30,F0ADE55C,SIMBR0104,SIMR0104,SIMU0237:User 237,GRANTED
2026,1月,13,周二,14:55:30,9D3B8CFC,SIMBR0218,SIMR0218,SIMU0095:User 95,GRANTED
2026,1月,13,周二,14:55:30,94264C0C,BR016,RES009,SIMU0118:User 118,DENIED
2026,1月,13,周二,14:55:30,8D67E6D5,SIMBR0322,SIMR0322,SIMU0045:User 45,GRANTED
2026,1月,13,周二,14:55:30,57DBFC15,SIMBR0314,SIMR0314,SIMU0290:User 290,GRANTED
2026,1月,13,周二,14:55:30,964B6B12,SIMBR0035,SIMR0035,SIMU0003:User 3,GRANTED
2026,1月,13,周二,14:55:30,EF6713BA,SIMBR0103,SIMR0103,SIMU0153:User 153,GRANTED
2026,1月,13,周二,14:55:30,628D5BBC,SIMBR0162,SIMR0162,SIMU0041:User 41,GRANTED
2026,1月,13,周二,14:55:30,31C1AEEF,SIMBR0173,SIMR0173,SIMU0039:User 39,GRANTED
2026,1月,13,周二,14:55:30,2D060B76,SIMBR0182,SIMR0182,SIMU0162:User 162,GRANTED
2026,1月,13,周二,14:55:30,C50459DB,SIMBR0042,SIMR0042,SIMU0262:User 262,GRANTED
2026,1月,13,周二,14:55:30,643D2F0C,SIMBR0323,SIMR0323,SIMU0048:User 48,GRANTED
2026,1月,13,周二,14:55:30,0EA23D3A,SIMBR0324,SIMR0324,SIMU0062:User 62,GRANTED
2026,1月,13,周二,14:55:30,F90964BF,SIMBR0172,SIMR0172,SIMU0091:User 91,GRANTED
2026,1月,13,周二,14:55:30,D6BC3463,SIMBR0248,SIMR0248,SIMU0037:User 37,GRANTED
2026,1月,13,周二,14:55:30,A0043AC2,SIMBR0200,SIMR0200,SIMU0040:User 40,GRANTED
2026,1月,13,周二,14:55:30,3EA1EF87,SIMBR0131,SIMR0131,SIMU0229:User 229,GRANTED
2026,1月,13,周二,14:55:30,48744B29,SIMBR0168,SIMR0168,SIMU0035:User 35,GRANTED
2026,1月,13,周二,14:55:30,6BDE4067,SIMBR0141,SIMR0141,SIMU0114:User 114,GRANTED
2026,1月,13,周二,14:55:30,1792E539,SIMBR0265,SIMR0265,SIMU0292:User 292,GRANTED
2026,1月,13,周二,14:55:30,D49E4724,SIMBR0199,SIMR0199,SIMU0278:User 278,GRANTED
2026,1月,13,周二,14:55:30,18788AAF,SIMBR0045,SIMR0045,SIMU0298:User 298,GRANTED
2026,1月,13,周二,14:55:30,559213A2,SIMBR0383,SIMR0383,SIMU0047:User 47,GRANTED
2026,1月,13,周二,14:55:30,A53931BD,SIMBR0271,SIMR0271,SIMU0058:User 58,GRANTED
2026,1月,13,周二,14:55:30,4AF57AEF,SIMBR0295,SIMR0295,SIMU0193:User 193,GRANTED
2026,1月,13,周二,14:55:30,53A1B264,SIMBR0232,SIMR0232,SIMU0017:User 17,GRANTED
2026,1月,13,周二,14:55:30,290F7C52,SIMBR0103,SIMR0103,SIMU0216:User 216,GRANTED
2026,1月,13,周二,14:55:30,97A9597E,SIMBR0048,SIMR0048,SIMU0030:User 30,GRANTED
2026,1月,13,周二,14:55:30,58B55845,SIMBR0326,SIMR0326,EMP002:Li Si,DENIED
2026,1月,13,周二,14:55:30,C0CB4AFF,SIMBR0300,SIMR0300,SIMU0235:User 235,GRANTED
2026,1月,13,周二,14:55:30,45BE30A8,SIMBR0125,SIMR0125,8d1a5202-9052-4f93-bf5a-4deffdf65fd3:a q,GRANTED
2026,1月,13,周二,14:55:30,FAE4DEC5,SIMBR0215,SIMR0215,SIMU0053:User 53,GRANTED
2026,1月,13,周二,14:55:30,D324F0AC,SIMBR0347,SIMR0347,SIMU0108:User 108,GRANTED
2026,1月,13,周二,14:55:30,BA841717,SIMBR0331,SIMR0331,SIMU0064:User 64,GRANTED
2026,1月,13,周二,14:55:30,9A00F337,SIMBR0203,SIMR0203,SIMU0285:User 285,GRANTED
2026,1月,13,周二,14:55:30,C0F19B1C,SIMBR0021,SIMR0021,SIMU0155:User 155,GRANTED
2026,1月,13,周二,14:55:30,EFC60F14,SIMBR0231,SIMR0231,SIMU0286:User 286,GRANTED
2026,1月,13,周二,14:55:30,602AF119,SIMBR0378,SIMR0378,SIMU0223:User 223,GRANTED
2026,1月,13,周二,14:55:30,559213A2,SIMBR0242,SIMR0242,SIMU0047:User 47,GRANTED
2026,1月,13,周二,14:55:30,EEC38563,SIMBR0269,SIMR0269,SIMU0141:User 141,GRANTED
2026,1月,13,周二,14:55:30,2C249415,SIMBR0035,SIMR0035,SIMU0276:User 276,GRANTED
2026,1月,13,周二,14:55:30,24A968FA,SIMBR0162,SIMR0162,SIMU0241:User 241,GRANTED
2026,1月,13,周二,14:55:30,58B55845,SIMBR0196,SIMR0196,EMP002:Li Si,DENIED
2026,1月,13,周二,14:55:30,F616A325,SIMBR0223,SIMR0223,SIMU0194:User 194,GRANTED
2026,1月,13,周二,14:55:30,91E5E6B0,SIMBR0283,SIMR0283,SIMU0079:User 79,GRANTED
2026,1月,13,周二,14:55:30,47A80030,SIMBR0098,SIMR0098,SIMU0234:User 234,GRANTED
2026,1月,13,周二,14:55:30,72A4E470,SIMBR0115,SIMR0115,SIMU0268:User 268,GRANTED
2026,1月,13,周二,14:55:30,7CE9CF19,SIMBR0060,SIMR0060,SIMU0020:User 20,GRANTED
2026,1月,13,周二,14:55:30,8C19D42A,SIMBR0223,SIMR0223,SIMU0284:User 284,GRANTED
2026,1月,13,周二,14:55:30,050D9DEF,SIMBR0283,SIMR0283,SIMU0128:User 128,GRANTED
2026,1月,13,周二,14:55:30,BC450719,SIMBR0179,SIMR0179,SIMU0013:User 13,GRANTED
2026,1月,13,周二,14:55:30,53A1B264,SIMBR0227,SIMR0227,SIMU0017:User 17,GRANTED
2026,1月,13,周二,14:55:30,37FA6637,SIMBR0228,SIMR0228,SIMU0199:User 199,GRANTED
2026,1月,13,周二,14:55:31,8EA215FF,SIMBR0045,SIMR0045,SIMU0201:User 201,GRANTED
2026,1月,13,周二,14:55:31,128D7B1F,SIMBR0080,SIMR0080,SIMU0121:User 121,GRANTED
2026,1月,13,周二,14:55:31,0540806D,SIMBR0311,SIMR0311,SIMU0265:User 265,GRANTED
2026,1月,13,周二,14:55:31,BA1008EF,SIMBR0370,SIMR0370,SIMU0083:User 83,GRANTED
2026,1月,13,周二,14:55:31,15D30411,SIMBR0014,SIMR0014,SIMU0289:User 289,GRANTED
2026,1月,13,周二,14:55:31,E0F41E54,SIMBR0379,SIMR0379,SIMU0176:User 176,GRANTED
2026,1月,13,周二,14:55:31,D716AAF5,SIMBR0243,SIMR0243,SIMU0170:User 170,GRANTED
2026,1月,13,周二,14:55:31,21A13EE6,SIMBR0094,SIMR0094,SIMU0133:User 133,GRANTED
2026,1月,13,周二,14:55:31,B77EBDC0,SIMBR0298,SIMR0298,SIMU0203:User 203,GRANTED
2026,1月,13,周二,14:55:31,9D3B8CFC,BR026,RES019,SIMU0095:User 95,DENIED
2026,1月,13,周二,14:55:31,84F825EE,SIMBR0201,SIMR0201,SIMU0150:User 150,GRANTED
2026,1月,13,周二,14:55:31,15AB7C7D,SIMBR0085,SIMR0085,SIMU0096:User 96,GRANTED
2026,1月,13,周二,14:55:31,1EE4C053,SIMBR0222,SIMR0222,SIMU0026:User 26,GRANTED
2026,1月,13,周二,14:55:31,A53931BD,SIMBR0246,SIMR0246,SIMU0058:User 58,GRANTED
2026,1月,13,周二,14:55:31,13990099,BR025,RES018,SIMU0008:User 8,DENIED
2026,1月,13,周二,14:55:31,3CC4126C,SIMBR0301,SIMR0301,SIMU0099:User 99,GRANTED
2026,1月,13,周二,14:55:31,D2C7D462,SIMBR0343,SIMR0343,SIMU0061:User 61,GRANTED
2026,1月,13,周二,14:55:31,59E1ACA0,SIMBR0068,SIMR0068,SIMU0090:User 90,GRANTED
2026,1月,13,周二,14:55:31,F1D4B1B6,BR020,RES013,SIMU0247:User 247,DENIED
2026,1月,13,周二,14:55:31,D2C7D462,SIMBR0389,SIMR0389,SIMU0061:User 61,GRANTED
2026,1月,13,周二,14:55:31,36330273,SIMBR0393,SIMR0393,SIMU0291:User 291,GRANTED
2026,1月,13,周二,14:55:31,2C249415,SIMBR0148,SIMR0148,SIMU0276:User 276,GRANTED
2026,1月,13,周二,14:55:31,11BD165A,SIMBR0260,SIMR0260,SIMU0154:User 154,GRANTED
2026,1月,13,周二,14:55:31,7BEB2168,SIMBR0274,SIMR0274,SIMU0282:User 282,GRANTED
2026,1月,13,周二,14:55:31,359F9D02,SIMBR0144,SIMR0144,SIMU0087:User 87,GRANTED
2026,1月,13,周二,14:55:31,B2D6FCB4,SIMBR0081,SIMR0081,SIMU0086:User 86,GRANTED
2026,1月,13,周二,14:55:31,3B7FFD92,SIMBR0047,SIMR0047,SIMU0256:User 256,GRANTED
2026,1月,13,周二,14:55:31,2E121B44,SIMBR0017,SIMR0017,SIMU0258:User 258,GRANTED
2026,1月,13,周二,14:55:31,A9E67E95,SIMBR0036,SIMR0036,SIMU0243:User 243,GRANTED
2026,1月,13,周二,14:55:31,559213A2,SIMBR0005,SIMR0005,SIMU0047:User 47,GRANTED
2026,1月,13,周二,14:55:31,F6E7D08A,SIMBR0272,SIMR0272,SIMU0001:User 1,GRANTED
2026,1月,13,周二,14:55:31,1A88116F,SIMBR0373,SIMR0373,SIMU0063:User 63,GRANTED
2026,1月,13,周二,14:55:31,1E4AD759,SIMBR0150,SIMR0150,SIMU0029:User 29,GRANTED
2026,1月,13,周二,14:55:31,BA6DDD0B,SIMBR0126,SIMR0126,SIMU0146:User 146,GRANTED
2026,1月,13,周二,14:55:31,F3B58DFF,SIMBR0227,SIMR0227,SIMU0076:User 76,GRANTED
2026,1月,13,周二,14:55:31,B33C40D7,BR003,RES022,SIMU0015:User 15,DENIED
2026,1月,13,周二,14:55:31,C718E607,SIMBR0355,SIMR0355,SIMU0089:User 89,GRANTED
2026,1月,13,周二,14:55:31,F9B71846,SIMBR0018,SIMR0018,SIMU0196:User 196,GRANTED
2026,1月,13,周二,14:55:31,94264C0C,SIMBR0074,SIMR0074,SIMU0118:User 118,GRANTED
2026,1月,13,周二,14:55:31,CA15B29F,SIMBR0209,SIMR0209,SIMU0206:User 206,GRANTED
2026,1月,13,周二,14:55:31,C584F9D3,SIMBR0263,SIMR0263,EMP001:Zhang San,DENIED
2026,1月,13,周二,14:55:31,397975BA,SIMBR0294,SIMR0294,SIMU0164:User 164,GRANTED
2026,1月,13,周二,14:55:31,3EA1EF87,SIMBR0396,SIMR0396,SIMU0229:User 229,GRANTED
2026,1月,13,周二,14:55:31,643D2F0C,SIMBR0250,SIMR0250,SIMU0048:User 48,GRANTED
2026,1月,13,周二,14:55:31,3B9B3EAE,BR009,RES025,SIMU0144:User 144,DENIED
2026,1月,13,周二,14:55:31,D324F0AC,SIMBR0321,SIMR0321,SIMU0108:User 108,GRANTED
2026,1月,13,周二,14:55:31,91E5E6B0,SIMBR0369,SIMR0369,SIMU0079:User 79,GRANTED
2026,1月,13,周二,14:55:31,7CA376A0,SIMBR0010,SIMR0010,SIMU0102:User 102,GRANTED
2026,1月,13,周二,14:55:31,CB0F203D,SIMBR0360,SIMR0360,SIMU0124:User 124,GRANTED
2026,1月,13,周二,14:55:31,8CBA0F42,BR004,RES001,SIMU0152:User 152,DENIED
2026,1月,13,周二,14:55:31,21A13EE6,SIMBR0310,SIMR0310,SIMU0133:User 133,GRANTED
2026,1月,13,周二,14:55:31,FAE4DEC5,BR008,RES003,SIMU0053:User 53,DENIED
2026,1月,13,周二,14:55:31,C72DAED8,SIMBR0156,SIMR0156,SIMU0117:User 117,GRANTED
2026,1月,13,周二,14:55:31,C6173DD5,SIMBR0291,SIMR0291,SIMU0023:User 23,GRANTED
2026,1月,13,周二,14:55:31,1A3D1ED6,SIMBR0076,SIMR0076,SIMU0231:User 231,GRANTED
2026,1月,13,周二,14:55:31,905C3DCB,SIMBR0043,SIMR0043,SIMU0070:User 70,GRANTED
2026,1月,13,周二,14:55:31,E8751622,SIMBR0259,SIMR0259,SIMU0161:User 161,GRANTED
2026,1月,13,周二,14:55:31,01FC696F,SIMBR0283,SIMR0283,SIMU0068:User 68,GRANTED
2026,1月,13,周二,14:55:31,0CFFFBA0,SIMBR0063,SIMR0063,SIMU0189:User 189,GRANTED
2026,1月,13,周二,14:55:31,D49E4724,SIMBR0282,SIMR0282,SIMU0278:User 278,GRANTED
2026,1月,13,周二,14:55:31,A53931BD,SIMBR0219,SIMR0219,SIMU0058:User 58,GRANTED
2026,1月,13,周二,14:55:31,C46D887F,SIMBR0354,SIMR0354,SIMU0254:User 254,GRANTED
2026,1月,13,周二,14:55:31,9A00F337,BR003,RES022,SIMU0285:User 285,DENIED
2026,1月,13,周二,14:55:31,01FC696F,SIMBR0217,SIMR0217,SIMU0068:User 68,GRANTED
2026,1月,13,周二,14:55:31,A0043AC2,SIMBR0141,SIMR0141,SIMU0040:User 40,GRANTED
2026,1月,13,周二,14:55:31,5E9892AA,SIMBR0212,SIMR0212,SIMU0293:User 293,GRANTED
2026,1月,13,周二,14:55:31,1E74F408,SIMBR0077,SIMR0077,SIMU0171:User 171,GRANTED
2026,1月,13,周二,14:55:31,C0CB4AFF,SIMBR0248,SIMR0248,SIMU0235:User 235,GRANTED
2026,1月,13,周二,14:55:31,495297EE,BR021,RES014,SIMU0038:User 38,DENIED
2026,1月,13,周二,14:55:31,3CC4126C,SIMBR0010,SIMR0010,SIMU0099:User 99,GRANTED
2026,1月,13,周二,14:55:31,7C28253F,SIMBR0023,SIMR0023,SIMU0027:User 27,GRANTED
2026,1月,13,周二,14:55:31,84F825EE,SIMBR0095,SIMR0095,SIMU0150:User 150,GRANTED
2026,1月,13,周二,14:55:31,7CE9CF19,SIMBR0302,SIMR0302,SIMU0020:User 20,GRANTED
2026,1月,13,周二,14:55:31,7BEB2168,SIMBR0362,SIMR0362,SIMU0282:User 282,GRANTED
2026,1月,13,周二,14:55:31,F04FDB11,SIMBR0167,SIMR0167,SIMU0125:User 125,GRANTED
2026,1月,13,周二,14:55:31,C04BAEE8,SIMBR0306,SIMR0306,SIMU0129:User 129,GRANTED
2026,1月,13,周二,14:55:31,DA33A96E,SIMBR0263,SIMR0263,SIMU0190:User 190,GRANTED
2026,1月,13,周二,14:55:31,E8751622,SIMBR0389,SIMR0389,SIMU0161:User 161,GRANTED
2026,1月,13,周二,14:55:31,E07F08A6,SIMBR0145,SIMR0145,SIMU0246:User 246,GRANTED
2026,1月,13,周二,14:55:31,10321BC3,SIMBR0024,SIMR0024,SIMU0042:User 42,GRANTED
2026,1月,13,周二,14:55:31,57ED1495,SIMBR0216,SIMR0216,SIMU0250:User 250,GRANTED
2026,1月,13,周二,14:55:31,2056B86F,SIMBR0388,SIMR0388,SIMU0067:User 67,GRANTED
2026,1月,13,周二,14:55:31,A2589816,SIMBR0083,SIMR0083,SIMU0082:User 82,GRANTED
2026,1月,13,周二,14:55:31,C57735BB,SIMBR0163,SIMR0163,SIMU0242:User 242,GRANTED
2026,1月,13,周二,14:55:31,16ED8B1D,SIMBR0223,SIMR0223,SIMU0073:User 73,GRANTED
2026,1月,13,周二,14:55:31,6F12BFA3,SIMBR0106,SIMR0106,SIMU0218:User 218,GRANTED
2026,1月,13,周二,14:55:31,CB1ACCC7,SIMBR0359,SIMR0359,SIMU0110:User 110,GRANTED
2026,1月,13,周二,14:55:31,CCACC23C,SIMBR0208,SIMR0208,SIMU0149:User 149,GRANTED
2026,1月,13,周二,14:55:31,FBBEF95C,SIMBR0068,SIMR0068,SIMU0025:User 25,GRANTED
2026,1月,13,周二,14:55:31,36330273,SIMBR0084,SIMR0084,SIMU0291:User 291,GRANTED
2026,1月,13,周二,14:55:31,10321BC3,SIMBR0271,SIMR0271,SIMU0042:User 42,GRANTED
2026,1月,13,周二,14:55:31,853BC8DF,SIMBR0227,SIMR0227,SIMU0092:User 92,GRANTED
2026,1月,13,周二,14:55:31,6F12BFA3,SIMBR0383,SIMR0383,SIMU0218:User 218,GRANTED
2026,1月,13,周二,14:55:31,EF6713BA,SIMBR0136,SIMR0136,SIMU0153:User 153,GRANTED
2026,1月,13,周二,14:55:31,3EA1EF87,SIMBR0376,SIMR0376,SIMU0229:User 229,GRANTED
2026,1月,13,周二,14:55:31,AE2F46DE,SIMBR0025,SIMR0025,SIMU0232:User 232,GRANTED
2026,1月,13,周二,14:55:31,78D74DDD,BR007,RES024,VIS001:Qian Qi,DENIED
2026,1月,13,周二,14:55:31,3EA1EF87,SIMBR0044,SIMR0044,SIMU0229:User 229,GRANTED
2026,1月,13,周二,14:55:31,489655D2,BR008,RES003,CON001:Wang Wu,GRANTED
2026,1月,13,周二,14:55:31,80AC649D,BR020,RES013,SIMU0088:User 88,DENIED
2026,1月,13,周二,14:55:31,37E9D9C0,SIMBR0238,SIMR0238,SIMU0034:User 34,GRANTED
2026,1月,13,周二,14:55:31,24A968FA,SIMBR0276,SIMR0276,SIMU0241:User 241,GRANTED
2026,1月,13,周二,14:55:31,1E74F408,SIMBR0095,SIMR0095,SIMU0171:User 171,GRANTED
2026,1月,13,周二,14:55:31,3CC4126C,SIMBR0354,SIMR0354,SIMU0099:User 99,GRANTED
2026,1月,13,周二,14:55:31,8B29C7CC,SIMBR0090,SIMR0090,SIMU0175:User 175,GRANTED
2026,1月,13,周二,14:55:31,128D7B1F,SIMBR0386,SIMR0386,SIMU0121:User 121,GRANTED
2026,1月,13,周二,14:55:31,48744B29,BR016,RES009,SIMU0035:User 35,DENIED
2026,1月,13,周二,14:55:31,78D4B102,SIMBR0365,SIMR0365,SIMU0283:User 283,GRANTED
2026,1月,13,周二,14:55:31,01FC696F,SIMBR0215,SIMR0215,SIMU0068:User 68,GRANTED
2026,1月,13,周二,14:55:31,602AF119,SIMBR0180,SIMR0180,SIMU0223:User 223,GRANTED
2026,1月,13,周二,14:55:31,B2D6FCB4,SIMBR0232,SIMR0232,SIMU0086:User 86,GRANTED
2026,1月,13,周二,14:55:31,6213A883,SIMBR0286,SIMR0286,SIMU0249:User 249,GRANTED
2026,1月,13,周二,14:55:31,D0B8FC16,SIMBR0046,SIMR0046,SIMU0185:User 185,GRANTED
2026,1月,13,周二,14:55:31,354118DA,SIMBR0054,SIMR0054,SIMU0052:User 52,GRANTED
2026,1月,13,周二,14:55:31,7D277C80,SIMBR0186,SIMR0186,SIMU0212:User 212,GRANTED
2026,1月,13,周二,14:55:31,CA15B29F,SIMBR0054,SIMR0054,SIMU0206:User 206,GRANTED
2026,1月,13,周二,14:55:31,D0171F97,SIMBR0113,SIMR0113,SIMU0032:User 32,GRANTED
2026,1月,13,周二,14:55:31,A0043AC2,SIMBR0126,SIMR0126,SIMU0040:User 40,GRANTED
2026,1月,13,周二,14:55:31,C0CB4AFF,SIMBR0119,SIMR0119,SIMU0235:User 235,GRANTED
2026,1月,13,周二,14:55:31,50B332C8,SIMBR0088,SIMR0088,SIMU0122:User 122,GRANTED
2026,1月,13,周二,14:55:31,DB66EC85,SIMBR0155,SIMR0155,SIMU0100:User 100,GRANTED
2026,1月,13,周二,14:55:31,643D2F0C,SIMBR0038,SIMR0038,SIMU0048:User 48,GRANTED
2026,1月,13,周二,14:55:31,0DE450B1,SIMBR0212,SIMR0212,SIMU0016:User 16,GRANTED
2026,1月,13,周二,14:55:31,F616A325,SIMBR0376,SIMR0376,SIMU0194:User 194,GRANTED
2026,1月,13,周二,14:55:31,4758C16D,SIMBR0207,SIMR0207,SIMU0147:User 147,GRANTED
2026,1月,13,周二,14:55:31,F90964BF,SIMBR0092,SIMR0092,SIMU0091:User 91,GRANTED
2026,1月,13,周二,14:55:31,A2589816,SIMBR0007,SIMR0007,SIMU0082:User 82,GRANTED
2026,1月,13,周二,14:55:31,273F3B3E,SIMBR0118,SIMR0118,SIMU0224:User 224,GRANTED
2026,1月,13,周二,14:55:31,4B59E256,SIMBR0054,SIMR0054,SIMU0182:User 182,GRANTED
2026,1月,13,周二,14:55:31,B6F02DDB,SIMBR0364,SIMR0364,SIMU0156:User 156,GRANTED
2026,1月,13,周二,14:55:31,F1D4B1B6,SIMBR0233,SIMR0233,SIMU0247:User 247,GRANTED
2026,1月,13,周二,14:55:31,8EA215FF,SIMBR0224,SIMR0224,SIMU0201:User 201,GRANTED
2026,1月,13,周二,14:55:31,7C28253F,SIMBR0194,SIMR0194,SIMU0027:User 27,GRANTED
2026,1月,13,周二,14:55:31,B0B2BCE6,SIMBR0125,SIMR0125,SIMU0208:User 208,GRANTED
2026,1月,13,周二,14:55:31,57ED1495,SIMBR0179,SIMR0179,SIMU0250:User 250,GRANTED
2026,1月,13,周二,14:55:31,874CC50E,SIMBR0186,SIMR0186,SIMU0036:User 36,GRANTED
2026,1月,13,周二,14:55:31,DA33A96E,SIMBR0122,SIMR0122,SIMU0190:User 190,GRANTED
2026,1月,13,周二,14:55:31,85471FCB,SIMBR0131,SIMR0131,SIMU0054:User 54,GRANTED
2026,1月,13,周二,14:55:31,273F3B3E,SIMBR0168,SIMR0168,SIMU0224:User 224,GRANTED
2026,1月,13,周二,14:55:31,78D74DDD,SIMBR0385,SIMR0385,VIS001:Qian Qi,DENIED
2026,1月,13,周二,14:55:31,1DE07196,SIMBR0226,SIMR0226,SIMU0274:User 274,GRANTED
2026,1月,13,周二,14:55:31,16ED8B1D,SIMBR0392,SIMR0392,SIMU0073:User 73,GRANTED
2026,1月,13,周二,14:55:31,518BCEDD,SIMBR0314,SIMR0314,SIMU0011:User 11,GRANTED
2026,1月,13,周二,14:55:31,3B22F02A,SIMBR0081,SIMR0081,SIMU0299:User 299,GRANTED
2026,1月,13,周二,14:55:31,A2903A49,SIMBR0022,SIMR0022,SIMU0043:User 43,GRANTED
2026,1月,13,周二,14:55:31,394DF2A8,SIMBR0124,SIMR0124,SIMU0111:User 111,GRANTED
2026,1月,13,周二,14:55:31,628D5BBC,SIMBR0307,SIMR0307,SIMU0041:User 41,GRANTED
2026,1月,13,周二,14:55:31,4D153C4A,SIMBR0178,SIMR0178,SIMU0104:User 104,GRANTED
2026,1月,13,周二,14:55:31,8CBA0F42,BR015,RES008,SIMU0152:User 152,DENIED
2026,1月,13,周二,14:55:31,C73CE928,SIMBR0037,SIMR0037,SIMU0281:User 281,GRANTED
2026,1月,13,周二,14:55:31,0EA23D3A,SIMBR0052,SIMR0052,SIMU0062:User 62,GRANTED
2026,1月,13,周二,14:55:31,E93FF152,SIMBR0234,SIMR0234,SIMU0197:User 197,GRANTED
2026,1月,13,周二,14:55:31,11BD165A,SIMBR0014,SIMR0014,SIMU0154:User 154,GRANTED
2026,1月,13,周二,14:55:31,45BE30A8,SIMBR0037,SIMR0037,8d1a5202-9052-4f93-bf5a-4deffdf65fd3:a q,GRANTED
2026,1月,13,周二,14:55:31,7CA376A0,SIMBR0076,SIMR0076,SIMU0102:User 102,GRANTED
2026,1月,13,周二,14:55:31,8BC6335E,SIMBR0082,SIMR0082,SIMU0204:User 204,GRANTED
2026,1月,13,周二,14:55:31,FC05A793,SIMBR0115,SIMR0115,SIMU0071:User 71,GRANTED
2026,1月,13,周二,14:55:31,24A968FA,SIMBR0202,SIMR0202,SIMU0241:User 241,GRANTED
2026,1月,13,周二,14:55:31,3DC555DE,SIMBR0201,SIMR0201,SIMU0300:User 300,GRANTED
2026,1月,13,周二,14:55:31,B9D6BC00,SIMBR0249,SIMR0249,SIMU0107:User 107,GRANTED
2026,1月,13,周二,14:55:31,A4F77AE3,SIMBR0058,SIMR0058,SIMU0031:User 31,GRANTED
2026,1月,13,周二,14:55:31,BA821DBA,SIMBR0081,SIMR0081,SIMU0148:User 148,GRANTED
2026,1月,13,周二,14:55:31,6714B510,SIMBR0132,SIMR0132,SIMU0160:User 160,GRANTED
2026,1月,13,周二,14:55:31,E6DCC382,SIMBR0314,SIMR0314,SIMU0158:User 158,GRANTED
2026,1月,13,周二,14:55:31,C44E5E52,SIMBR0061,SIMR0061,SIMU0002:User 2,GRANTED
2026,1月,13,周二,14:55:31,4FC5D562,SIMBR0382,SIMR0382,SIMU0275:User 275,GRANTED
2026,1月,13,周二,14:55:31,87F48A64,SIMBR0145,SIMR0145,SIMU0143:User 143,GRANTED
2026,1月,13,周二,14:55:31,E775A860,SIMBR0367,SIMR0367,SIMU0248:User 248,GRANTED
2026,1月,13,周二,14:55:31,8E0C2F27,SIMBR0304,SIMR0304,SIMU0126:User 126,GRANTED
2026,1月,13,周二,14:55:31,9D3B8CFC,SIMBR0364,SIMR0364,SIMU0095:User 95,GRANTED
2026,1月,13,周二,14:55:31,A5DEC594,SIMBR0023,SIMR0023,SIMU0084:User 84,GRANTED
2026,1月,13,周二,14:55:31,45B37997,SIMBR0084,SIMR0084,SIMU0163:User 163,GRANTED
2026,1月,13,周二,14:55:31,1EBD89C8,SIMBR0032,SIMR0032,SIMU0123:User 123,GRANTED
2026,1月,13,周二,14:55:31,AB055C88,SIMBR0032,SIMR0032,SIMU0024:User 24,GRANTED
2026,1月,13,周二,14:55:31,1A3D1ED6,SIMBR0045,SIMR0045,SIMU0231:User 231,GRANTED
2026,1月,13,周二,14:55:31,4AF57AEF,SIMBR0388,SIMR0388,SIMU0193:User 193,GRANTED
2026,1月,13,周二,14:55:31,6C174D63,SIMBR0054,SIMR0054,SIMU0116:User 116,GRANTED
2026,1月,13,周二,14:55:31,C3943F18,SIMBR0065,SIMR0065,SIMU0113:User 113,GRANTED
2026,1月,13,周二,14:55:31,C3943F18,SIMBR0046,SIMR0046,SIMU0113:User 113,GRANTED
2026,1月,13,周二,14:55:31,1DE07196,SIMBR0220,SIMR0220,SIMU0274:User 274,GRANTED
2026,1月,13,周二,14:55:31,87F48A64,SIMBR0155,SIMR0155,SIMU0143:User 143,GRANTED
2026,1月,13,周二,14:55:31,3B7FFD92,SIMBR0290,SIMR0290,SIMU0256:User 256,GRANTED
2026,1月,13,周二,14:55:31,1E74F408,SIMBR0297,SIMR0297,SIMU0171:User 171,GRANTED
2026,1月,13,周二,14:55:31,D324F0AC,SIMBR0084,SIMR0084,SIMU0108:User 108,GRANTED
2026,1月,13,周二,14:55:31,5560EC7D,SIMBR0262,SIMR0262,SIMU0109:User 109,GRANTED
2026,1月,13,周二,14:55:31,273D28BF,SIMBR0133,SIMR0133,SIMU0057:User 57,GRANTED
2026,1月,13,周二,14:55:31,9D3B8CFC,SIMBR0178,SIMR0178,SIMU0095:User 95,GRANTED
2026,1月,13,周二,14:55:31,701D5B3A,SIMBR0240,SIMR0240,SIMU0211:User 211,GRANTED
2026,1月,13,周二,14:55:31,95777979,SIMBR0309,SIMR0309,SIMU0051:User 51,GRANTED
2026,1月,13,周二,14:55:31,49B45DCD,SIMBR0295,SIMR0295,SIMU0272:User 272,GRANTED
2026,1月,13,周二,14:55:31,C0F19B1C,SIMBR0090,SIMR0090,SIMU0155:User 155,GRANTED
2026,1月,13,周二,14:55:31,354118DA,SIMBR0336,SIMR0336,SIMU0052:User 52,GRANTED
2026,1月,13,周二,14:55:31,0A675EEC,SIMBR0082,SIMR0082,SIMU0138:User 138,GRANTED
2026,1月,13,周二,14:55:31,C7C3B16D,SIMBR0304,SIMR0304,SIMU0259:User 259,GRANTED
2026,1月,13,周二,14:55:31,75D7C714,SIMBR0268,SIMR0268,SIMU0005:User 5,GRANTED
2026,1月,13,周二,14:55:31,050D9DEF,BR012,RES005,SIMU0128:User 128,DENIED
2026,1月,13,周二,14:55:31,57DBFC15,SIMBR0212,SIMR0212,SIMU0290:User 290,GRANTED
2026,1月,13,周二,14:55:31,CA782D54,SIMBR0067,SIMR0067,SIMU0219:User 219,GRANTED
2026,1月,13,周二,14:55:31,4DFA0FE5,SIMBR0383,SIMR0383,SIMU0255:User 255,GRANTED
2026,1月,13,周二,14:55:31,2056B86F,BR010,RES004,SIMU0067:User 67,DENIED
2026,1月,13,周二,14:55:32,C50459DB,SIMBR0315,SIMR0315,SIMU0262:User 262,GRANTED
2026,1月,13,周二,14:55:32,18788AAF,SIMBR0063,SIMR0063,SIMU0298:User 298,GRANTED
2026,1月,13,周二,14:55:32,AA3155BB,SIMBR0066,SIMR0066,SIMU0050:User 50,GRANTED
2026,1月,13,周二,14:55:32,BA821DBA,SIMBR0253,SIMR0253,SIMU0148:User 148,GRANTED
2026,1月,13,周二,14:55:32,C5A57784,SIMBR0199,SIMR0199,SIMU0072:User 72,GRANTED
2026,1月,13,周二,14:55:32,7BEB2168,SIMBR0090,SIMR0090,SIMU0282:User 282,GRANTED
2026,1月,13,周二,14:55:32,E0F41E54,SIMBR0073,SIMR0073,SIMU0176:User 176,GRANTED
2026,1月,13,周二,14:55:32,AF6C110D,SIMBR0126,SIMR0126,SIMU0080:User 80,GRANTED
2026,1月,13,周二,14:55:32,874CC50E,SIMBR0010,SIMR0010,SIMU0036:User 36,GRANTED
2026,1月,13,周二,14:55:32,983FD996,SIMBR0183,SIMR0183,SIMU0225:User 225,GRANTED
2026,1月,13,周二,14:55:32,6C174D63,SIMBR0229,SIMR0229,SIMU0116:User 116,GRANTED
2026,1月,13,周二,14:55:32,61095621,SIMBR0016,SIMR0016,SIMU0137:User 137,GRANTED
2026,1月,13,周二,14:55:32,87F48A64,BR006,RES002,SIMU0143:User 143,DENIED
2026,1月,13,周二,14:55:32,CA782D54,SIMBR0211,SIMR0211,SIMU0219:User 219,GRANTED
2026,1月,13,周二,14:55:32,359F9D02,SIMBR0202,SIMR0202,SIMU0087:User 87,GRANTED
2026,1月,13,周二,14:55:32,1B14F9BC,SIMBR0151,SIMR0151,SIMU0065:User 65,GRANTED
2026,1月,13,周二,14:55:32,D1BB07EE,SIMBR0072,SIMR0072,SIMU0287:User 287,GRANTED
2026,1月,13,周二,14:55:32,2EEB40A9,SIMBR0069,SIMR0069,SIMU0260:User 260,GRANTED
2026,1月,13,周二,14:55:32,FE83648E,SIMBR0359,SIMR0359,SIMU0142:User 142,GRANTED
2026,1月,13,周二,14:55:32,A5A16F78,SIMBR0253,SIMR0253,SIMU0294:User 294,GRANTED
2026,1月,13,周二,14:55:32,1B14F9BC,SIMBR0112,SIMR0112,SIMU0065:User 65,GRANTED
2026,1月,13,周二,14:55:32,37FA6637,SIMBR0068,SIMR0068,SIMU0199:User 199,GRANTED
2026,1月,13,周二,14:55:32,5FF2F656,SIMBR0303,SIMR0303,SIMU0120:User 120,GRANTED
2026,1月,13,周二,14:55:32,D49E4724,SIMBR0137,SIMR0137,SIMU0278:User 278,GRANTED
2026,1月,13,周二,14:55:32,D78DDFDE,SIMBR0115,SIMR0115,SIMU0252:User 252,GRANTED
2026,1月,13,周二,14:55:32,D2C7D462,SIMBR0190,SIMR0190,SIMU0061:User 61,GRANTED
2026,1月,13,周二,14:55:32,31C1AEEF,SIMBR0227,SIMR0227,SIMU0039:User 39,GRANTED
2026,1月,13,周二,14:55:32,24A968FA,SIMBR0308,SIMR0308,SIMU0241:User 241,GRANTED
2026,1月,13,周二,14:55:32,6E7782F8,SIMBR0086,SIMR0086,INT001:Zhao Liu,DENIED
2026,1月,13,周二,14:55:32,7CE9CF19,SIMBR0225,SIMR0225,SIMU0020:User 20,GRANTED
2026,1月,13,周二,14:55:32,7BEB2168,SIMBR0237,SIMR0237,SIMU0282:User 282,GRANTED
2026,1月,13,周二,14:55:32,B0B2BCE6,BR026,RES019,SIMU0208:User 208,DENIED
2026,1月,13,周二,14:55:32,CD0D9101,BR003,RES022,SIMU0135:User 135,DENIED
2026,1月,13,周二,14:55:32,0CFFFBA0,SIMBR0358,SIMR0358,SIMU0189:User 189,GRANTED
2026,1月,13,周二,14:55:32,C0993563,SIMBR0207,SIMR0207,SIMU0209:User 209,GRANTED
2026,1月,13,周二,14:55:32,5AC1CCB2,SIMBR0234,SIMR0234,SIMU0264:User 264,GRANTED
2026,1月,13,周二,14:55:32,23858FDA,SIMBR0214,SIMR0214,SIMU0098:User 98,GRANTED
2026,1月,13,周二,14:55:32,D0B8FC16,SIMBR0080,SIMR0080,SIMU0185:User 185,GRANTED
2026,1月,13,周二,14:55:32,7CA376A0,SIMBR0174,SIMR0174,SIMU0102:User 102,GRANTED
2026,1月,13,周二,14:55:32,54722E38,SIMBR0119,SIMR0119,SIMU0222:User 222,GRANTED
2026,1月,13,周二,14:55:32,FEF21F79,SIMBR0221,SIMR0221,SIMU0159:User 159,GRANTED
2026,1月,13,周二,14:55:32,15AB7C7D,SIMBR0221,SIMR0221,SIMU0096:User 96,GRANTED
2026,1月,13,周二,14:55:32,21A13EE6,SIMBR0255,SIMR0255,SIMU0133:User 133,GRANTED
2026,1月,13,周二,14:55:32,495297EE,SIMBR0366,SIMR0366,SIMU0038:User 38,GRANTED
2026,1月,13,周二,14:55:32,6CEC1FDF,SIMBR0213,SIMR0213,SIMU0230:User 230,GRANTED
2026,1月,13,周二,14:55:32,50B332C8,SIMBR0092,SIMR0092,SIMU0122:User 122,GRANTED
2026,1月,13,周二,14:55:32,23858FDA,SIMBR0053,SIMR0053,SIMU0098:User 98,GRANTED
2026,1月,13,周二,14:55:32,5334DCE6,SIMBR0248,SIMR0248,SIMU0179:User 179,GRANTED
2026,1月,13,周二,14:55:32,6F12BFA3,SIMBR0171,SIMR0171,SIMU0218:User 218,GRANTED
2026,1月,13,周二,14:55:32,8C19D42A,SIMBR0008,SIMR0008,SIMU0284:User 284,GRANTED
2026,1月,13,周二,14:55:32,D0871CF1,SIMBR0080,SIMR0080,SIMU0007:User 7,GRANTED
2026,1月,13,周二,14:55:32,F9B71846,SIMBR0314,SIMR0314,SIMU0196:User 196,GRANTED
2026,1月,13,周二,14:55:32,6FFD7F45,SIMBR0178,SIMR0178,SIMU0198:User 198,GRANTED
2026,1月,13,周二,14:55:32,40A1D543,SIMBR0310,SIMR0310,SIMU0267:User 267,GRANTED
2026,1月,13,周二,14:55:32,F8F80D07,SIMBR0086,SIMR0086,SIMU0253:User 253,GRANTED
2026,1月,13,周二,14:55:32,9615FFCC,SIMBR0089,SIMR0089,SIMU0010:User 10,GRANTED
2026,1月,13,周二,14:55:32,6E7782F8,SIMBR0079,SIMR0079,INT001:Zhao Liu,DENIED
2026,1月,13,周二,14:55:32,FBFF5A63,SIMBR0244,SIMR0244,SIMU0184:User 184,GRANTED
2026,1月,13,周二,14:55:32,7B914E9E,SIMBR0029,SIMR0029,SIMU0215:User 215,GRANTED
2026,1月,13,周二,14:55:32,D49E4724,SIMBR0151,SIMR0151,SIMU0278:User 278,GRANTED
2026,1月,13,周二,14:55:32,2289A51E,SIMBR0397,SIMR0397,SIMU0273:User 273,GRANTED
2026,1月,13,周二,14:55:32,61095621,SIMBR0157,SIMR0157,SIMU0137:User 137,GRANTED
2026,1月,13,周二,14:55:32,FAE4DEC5,SIMBR0051,SIMR0051,SIMU0053:User 53,GRANTED
2026,1月,13,周二,14:55:32,4DFA0FE5,SIMBR0174,SIMR0174,SIMU0255:User 255,GRANTED
2026,1月,13,周二,14:55:32,3B22F02A,SIMBR0169,SIMR0169,SIMU0299:User 299,GRANTED
2026,1月,13,周二,14:55:32,C1CE8342,SIMBR0273,SIMR0273,SIMU0018:User 18,GRANTED
2026,1月,13,周二,14:55:32,7413D955,SIMBR0272,SIMR0272,SIMU0075:User 75,GRANTED
2026,1月,13,周二,14:55:32,068AFAB6,SIMBR0358,SIMR0358,SIMU0115:User 115,GRANTED
2026,1月,13,周二,14:55:32,B13BB6C7,SIMBR0371,SIMR0371,SIMU0167:User 167,GRANTED
2026,1月,13,周二,14:55:32,273D28BF,SIMBR0246,SIMR0246,SIMU0057:User 57,GRANTED
2026,1月,13,周二,14:55:32,C2EDBC0C,SIMBR0002,SIMR0002,SIMU0226:User 226,GRANTED
2026,1月,13,周二,14:55:32,E6D64EED,SIMBR0302,SIMR0302,SIMU0105:User 105,GRANTED
2026,1月,13,周二,14:55:32,CA782D54,SIMBR0273,SIMR0273,SIMU0219:User 219,GRANTED
2026,1月,13,周二,14:55:32,C46D887F,SIMBR0310,SIMR0310,SIMU0254:User 254,GRANTED
2026,1月,13,周二,14:55:32,80AC649D,BR020,RES013,SIMU0088:User 88,DENIED
2026,1月,13,周二,14:55:32,27BDB972,SIMBR0186,SIMR0186,SIMU0244:User 244,GRANTED
2026,1月,13,周二,14:55:32,5E9892AA,SIMBR0252,SIMR0252,SIMU0293:User 293,GRANTED
2026,1月,13,周二,14:55:32,905C3DCB,SIMBR0297,SIMR0297,SIMU0070:User 70,GRANTED
2026,1月,13,周二,14:55:32,3A52D444,SIMBR0191,SIMR0191,SIMU0166:User 166,GRANTED
2026,1月,13,周二,14:55:32,C39400FA,SIMBR0048,SIMR0048,SIMU0078:User 78,GRANTED
2026,1月,13,周二,14:55:32,C718E607,SIMBR0101,SIMR0101,SIMU0089:User 89,GRANTED
2026,1月,13,周二,14:55:32,21A13EE6,SIMBR0248,SIMR0248,SIMU0133:User 133,GRANTED
2026,1月,13,周二,14:55:32,D49E4724,SIMBR0208,SIMR0208,SIMU0278:User 278,GRANTED
2026,1月,13,周二,14:55:32,48744B29,SIMBR0301,SIMR0301,SIMU0035:User 35,GRANTED
2026,1月,13,周二,14:55:32,CCACC23C,SIMBR0398,SIMR0398,SIMU0149:User 149,GRANTED
2026,1月,13,周二,14:55:32,97A9597E,SIMBR0291,SIMR0291,SIMU0030:User 30,GRANTED
2026,1月,13,周二,14:55:32,8E0C2F27,SIMBR0068,SIMR0068,SIMU0126:User 126,GRANTED
2026,1月,13,周二,14:55:32,6F12BFA3,BR025,RES018,SIMU0218:User 218,DENIED
2026,1月,13,周二,14:55:32,C6173DD5,SIMBR0374,SIMR0374,SIMU0023:User 23,GRANTED
2026,1月,13,周二,14:55:32,8BF81A2A,BR021,RES014,SIMU0233:User 233,DENIED
2026,1月,13,周二,14:55:32,85471FCB,SIMBR0149,SIMR0149,SIMU0054:User 54,GRANTED
2026,1月,13,周二,14:55:32,DA3D486F,SIMBR0203,SIMR0203,SIMU0028:User 28,GRANTED
2026,1月,13,周二,14:55:32,B3E8626A,SIMBR0065,SIMR0065,SIMU0239:User 239,GRANTED
2026,1月,13,周二,14:55:32,15D30411,SIMBR0354,SIMR0354,SIMU0289:User 289,GRANTED
2026,1月,13,周二,14:55:32,57DBFC15,SIMBR0253,SIMR0253,SIMU0290:User 290,GRANTED
2026,1月,13,周二,14:55:32,50B332C8,SIMBR0137,SIMR0137,SIMU0122:User 122,GRANTED
2026,1月,13,周二,14:55:32,11BD165A,SIMBR0060,SIMR0060,SIMU0154:User 154,GRANTED
2026,1月,13,周二,14:55:32,18788AAF,SIMBR0367,SIMR0367,SIMU0298:User 298,GRANTED
2026,1月,13,周二,14:55:32,8D67E6D5,SIMBR0332,SIMR0332,SIMU0045:User 45,GRANTED
2026,1月,13,周二,14:55:32,13F09473,SIMBR0042,SIMR0042,SIMU0279:User 279,GRANTED
2026,1月,13,周二,14:55:32,3B9B3EAE,SIMBR0379,SIMR0379,SIMU0144:User 144,GRANTED
2026,1月,13,周二,14:55:32,BC450719,SIMBR0027,SIMR0027,SIMU0013:User 13,GRANTED
2026,1月,13,周二,14:55:32,86937632,SIMBR0399,SIMR0399,SIMU0187:User 187,GRANTED
2026,1月,13,周二,14:55:32,2D060B76,SIMBR0368,SIMR0368,SIMU0162:User 162,GRANTED
2026,1月,13,周二,14:55:32,B1990B96,SIMBR0331,SIMR0331,SIMU0106:User 106,GRANTED
2026,1月,13,周二,14:55:32,80BC1A17,SIMBR0350,SIMR0350,SIMU0112:User 112,GRANTED
2026,1月,13,周二,14:55:32,18788AAF,SIMBR0231,SIMR0231,SIMU0298:User 298,GRANTED
2026,1月,13,周二,14:55:32,91E5E6B0,SIMBR0202,SIMR0202,SIMU0079:User 79,GRANTED
2026,1月,13,周二,14:55:32,E116EA41,SIMBR0183,SIMR0183,SIMU0127:User 127,GRANTED
2026,1月,13,周二,14:55:32,FD75651D,BR005,RES023,SIMU0238:User 238,DENIED
2026,1月,13,周二,14:55:32,5FF2F656,SIMBR0321,SIMR0321,SIMU0120:User 120,GRANTED
2026,1月,13,周二,14:55:32,C1CE8342,SIMBR0015,SIMR0015,SIMU0018:User 18,GRANTED
2026,1月,13,周二,14:55:32,D324F0AC,SIMBR0152,SIMR0152,SIMU0108:User 108,GRANTED
2026,1月,13,周二,14:55:32,E116EA41,SIMBR0269,SIMR0269,SIMU0127:User 127,GRANTED
2026,1月,13,周二,14:55:32,CA296753,BR014,RES007,SIMU0055:User 55,DENIED
2026,1月,13,周二,14:55:32,78D4B102,SIMBR0113,SIMR0113,SIMU0283:User 283,GRANTED
2026,1月,13,周二,14:55:32,FE83648E,SIMBR0055,SIMR0055,SIMU0142:User 142,GRANTED
2026,1月,13,周二,14:55:32,8E0C2F27,SIMBR0245,SIMR0245,SIMU0126:User 126,GRANTED
2026,1月,13,周二,14:55:32,8C19D42A,SIMBR0394,SIMR0394,SIMU0284:User 284,GRANTED
2026,1月,13,周二,14:55:32,FBBEF95C,SIMBR0078,SIMR0078,SIMU0025:User 25,GRANTED
2026,1月,13,周二,14:55:32,24A968FA,SIMBR0132,SIMR0132,SIMU0241:User 241,GRANTED
2026,1月,13,周二,14:55:32,E137F666,SIMBR0052,SIMR0052,SIMU0220:User 220,GRANTED
2026,1月,13,周二,14:55:32,AF6C110D,SIMBR0127,SIMR0127,SIMU0080:User 80,GRANTED
2026,1月,13,周二,14:55:32,C6E3BF57,SIMBR0237,SIMR0237,SIMU0297:User 297,GRANTED
2026,1月,13,周二,14:55:32,45BE30A8,SIMBR0197,SIMR0197,8d1a5202-9052-4f93-bf5a-4deffdf65fd3:a q,GRANTED
2026,1月,13,周二,14:55:32,853BC8DF,SIMBR0390,SIMR0390,SIMU0092:User 92,GRANTED
2026,1月,13,周二,14:55:32,E0F41E54,SIMBR0005,SIMR0005,SIMU0176:User 176,GRANTED
2026,1月,13,周二,14:55:32,C6E3BF57,SIMBR0344,SIMR0344,SIMU0297:User 297,GRANTED
2026,1月,13,周二,14:55:32,359F9D02,SIMBR0055,SIMR0055,SIMU0087:User 87,GRANTED
2026,1月,13,周二,14:55:32,BA6DDD0B,SIMBR0204,SIMR0204,SIMU0146:User 146,GRANTED
2026,1月,13,周二,14:55:32,8D67E6D5,SIMBR0016,SIMR0016,SIMU0045:User 45,GRANTED
2026,1月,13,周二,14:55:32,CA15B29F,SIMBR0093,SIMR0093,SIMU0206:User 206,GRANTED
2026,1月,13,周二,14:55:32,D78DDFDE,SIMBR0060,SIMR0060,SIMU0252:User 252,GRANTED
2026,1月,13,周二,14:55:32,C0F19B1C,SIMBR0012,SIMR0012,SIMU0155:User 155,GRANTED
2026,1月,13,周二,14:55:32,6FFD7F45,SIMBR0294,SIMR0294,SIMU0198:User 198,GRANTED
2026,1月,13,周二,14:55:32,C0CB4AFF,SIMBR0107,SIMR0107,SIMU0235:User 235,GRANTED
2026,1月,13,周二,14:55:32,0CFFFBA0,BR023,RES016,SIMU0189:User 189,DENIED
2026,1月,13,周二,14:55:32,538EE2BF,SIMBR0030,SIMR0030,SIMU0177:User 177,GRANTED
2026,1月,13,周二,14:55:32,D324F0AC,SIMBR0036,SIMR0036,SIMU0108:User 108,GRANTED
2026,1月,13,周二,14:55:32,5AC1CCB2,SIMBR0311,SIMR0311,SIMU0264:User 264,GRANTED
2026,1月,13,周二,14:55:32,FEB7592C,SIMBR0064,SIMR0064,SIMU0059:User 59,GRANTED
2026,1月,13,周二,14:55:32,BA1008EF,SIMBR0265,SIMR0265,SIMU0083:User 83,GRANTED
2026,1月,13,周二,14:55:32,20917633,SIMBR0298,SIMR0298,SIMU0296:User 296,GRANTED
2026,1月,13,周二,14:55:32,F832AB7A,SIMBR0026,SIMR0026,SIMU0139:User 139,GRANTED
2026,1月,13,周二,14:55:32,57ED1495,SIMBR0221,SIMR0221,SIMU0250:User 250,GRANTED
2026,1月,13,周二,14:55:32,6CEC1FDF,SIMBR0123,SIMR0123,SIMU0230:User 230,GRANTED
2026,1月,13,周二,14:55:32,27BDB972,SIMBR0378,SIMR0378,SIMU0244:User 244,GRANTED
2026,1月,13,周二,14:55:32,B0DFB305,SIMBR0143,SIMR0143,SIMU0151:User 151,GRANTED
2026,1月,13,周二,14:55:32,A2589816,SIMBR0312,SIMR0312,SIMU0082:User 82,GRANTED
2026,1月,13,周二,14:55:32,20D788EC,SIMBR0028,SIMR0028,SIMU0271:User 271,GRANTED
2026,1月,13,周二,14:55:32,9FA88CE9,SIMBR0268,SIMR0268,SIMU0049:User 49,GRANTED
2026,1月,13,周二,14:55:32,36330273,SIMBR0336,SIMR0336,SIMU0291:User 291,GRANTED
2026,1月,13,周二,14:55:32,94264C0C,SIMBR0045,SIMR0045,SIMU0118:User 118,GRANTED
2026,1月,13,周二,14:55:32,5E9892AA,SIMBR0107,SIMR0107,SIMU0293:User 293,GRANTED
2026,1月,13,周二,14:55:32,6213A883,SIMBR0040,SIMR0040,SIMU0249:User 249,GRANTED
2026,1月,13,周二,14:55:32,45BE30A8,SIMBR0237,SIMR0237,8d1a5202-9052-4f93-bf5a-4deffdf65fd3:a q,GRANTED
2026,1月,13,周二,14:55:32,D49E4724,BR021,RES014,SIMU0278:User 278,DENIED
2026,1月,13,周二,14:55:32,3A395E30,SIMBR0381,SIMR0381,SIMU0280:User 280,GRANTED
2026,1月,13,周二,14:55:32,E6DCC382,SIMBR0084,SIMR0084,SIMU0158:User 158,GRANTED
2026,1月,13,周二,14:55:32,7CA376A0,SIMBR0145,SIMR0145,SIMU0102:User 102,GRANTED
2026,1月,13,周二,14:55:32,54722E38,SIMBR0356,SIMR0356,SIMU0222:User 222,GRANTED
2026,1月,13,周二,14:55:32,37E9D9C0,SIMBR0056,SIMR0056,SIMU0034:User 34,GRANTED
2026,1月,13,周二,14:55:32,B2D6FCB4,SIMBR0320,SIMR0320,SIMU0086:User 86,GRANTED
2026,1月,13,周二,14:55:32,7B914E9E,SIMBR0391,SIMR0391,SIMU0215:User 215,GRANTED
2026,1月,13,周二,14:55:32,B0B2BCE6,SIMBR0061,SIMR0061,SIMU0208:User 208,GRANTED
2026,1月,13,周二,14:55:32,4DFA0FE5,SIMBR0209,SIMR0209,SIMU0255:User 255,GRANTED
2026,1月,13,周二,14:55:32,11BD165A,SIMBR0047,SIMR0047,SIMU0154:User 154,GRANTED
2026,1月,13,周二,14:55:32,C72DAED8,BR010,RES004,SIMU0117:User 117,DENIED
2026,1月,13,周二,14:55:32,4AF57AEF,SIMBR0214,SIMR0214,SIMU0193:User 193,GRANTED
2026,1月,13,周二,14:55:32,48744B29,SIMBR0383,SIMR0383,SIMU0035:User 35,GRANTED
2026,1月,13,周二,14:55:32,86937632,SIMBR0371,SIMR0371,SIMU0187:User 187,GRANTED
2026,1月,13,周二,14:55:32,CA296753,SIMBR0298,SIMR0298,SIMU0055:User 55,GRANTED
2026,1月,13,周二,14:55:32,A89B9996,SIMBR0174,SIMR0174,SIMU0213:User 213,GRANTED
2026,1月,13,周二,14:55:32,3DC555DE,SIMBR0230,SIMR0230,SIMU0300:User 300,GRANTED
2026,1月,13,周二,14:55:32,C718E607,SIMBR0252,SIMR0252,SIMU0089:User 89,GRANTED
2026,1月,13,周二,14:55:32,8B9117BE,SIMBR0020,SIMR0020,SIMU0165:User 165,GRANTED
2026,1月,13,周二,14:55:32,BA0243B9,SIMBR0171,SIMR0171,PM001:Sun Ba,DENIED
2026,1月,13,周二,14:55:32,AF6C110D,SIMBR0297,SIMR0297,SIMU0080:User 80,GRANTED
2026,1月,13,周二,14:55:32,E2F9D137,SIMBR0060,SIMR0060,SIMU0217:User 217,GRANTED
2026,1月,13,周二,14:55:32,F832AB7A,SIMBR0371,SIMR0371,SIMU0139:User 139,GRANTED
2026,1月,13,周二,14:55:32,C73CE928,SIMBR0187,SIMR0187,SIMU0281:User 281,GRANTED
2026,1月,13,周二,14:55:32,030D82CF,BR023,RES016,SIMU0207:User 207,DENIED
2026,1月,13,周二,14:55:32,6C174D63,BR016,RES009,SIMU0116:User 116,DENIED
2026,1月,13,周二,14:55:32,24546BD0,SIMBR0307,SIMR0307,SIMU0251:User 251,GRANTED
2026,1月,13,周二,14:55:32,4758C16D,SIMBR0334,SIMR0334,SIMU0147:User 147,GRANTED
2026,1月,13,周二,14:55:32,4FC5D562,SIMBR0245,SIMR0245,SIMU0275:User 275,GRANTED
2026,1月,13,周二,14:55:32,6B7D13ED,SIMBR0397,SIMR0397,SIMU0191:User 191,GRANTED
2026,1月,13,周二,14:55:32,273D28BF,SIMBR0118,SIMR0118,SIMU0057:User 57,GRANTED
2026,1月,13,周二,14:55:32,628D5BBC,SIMBR0007,SIMR0007,SIMU0041:User 41,GRANTED
2026,1月,13,周二,14:55:32,AA3155BB,SIMBR0344,SIMR0344,SIMU0050:User 50,GRANTED
2026,1月,13,周二,14:55:32,F04FDB11,SIMBR0036,SIMR0036,SIMU0125:User 125,GRANTED
2026,1月,13,周二,14:55:32,C39400FA,SIMBR0129,SIMR0129,SIMU0078:User 78,GRANTED
2026,1月,13,周二,14:55:32,31C1AEEF,SIMBR0235,SIMR0235,SIMU0039:User 39,GRANTED
2026,1月,13,周二,14:55:32,905C3DCB,SIMBR0169,SIMR0169,SIMU0070:User 70,GRANTED
2026,1月,13,周二,14:55:32,5D5C3450,SIMBR0108,SIMR0108,SIMU0131:User 131,GRANTED
2026,1月,13,周二,14:55:32,8BF81A2A,SIMBR0210,SIMR0210,SIMU0233:User 233,GRANTED
2026,1月,13,周二,14:55:32,6213A883,SIMBR0354,SIMR0354,SIMU0249:User 249,GRANTED
2026,1月,13,周二,14:55:32,F616A325,SIMBR0243,SIMR0243,SIMU0194:User 194,GRANTED
2026,1月,13,周二,14:55:32,C0993563,SIMBR0275,SIMR0275,SIMU0209:User 209,GRANTED
2026,1月,13,周二,14:55:32,628D5BBC,SIMBR0012,SIMR0012,SIMU0041:User 41,GRANTED
2026,1月,13,周二,14:55:33,94264C0C,SIMBR0393,SIMR0393,SIMU0118:User 118,GRANTED
2026,1月,13,周二,14:55:33,81F12C1B,SIMBR0153,SIMR0153,SIMU0200:User 200,GRANTED
2026,1月,13,周二,14:55:33,CB1ACCC7,BR021,RES014,SIMU0110:User 110,DENIED
2026,1月,13,周二,14:55:33,B9D6BC00,SIMBR0046,SIMR0046,SIMU0107:User 107,GRANTED
2026,1月,13,周二,14:55:33,3B22F02A,SIMBR0253,SIMR0253,SIMU0299:User 299,GRANTED
2026,1月,13,周二,14:55:33,B3E8626A,SIMBR0147,SIMR0147,SIMU0239:User 239,GRANTED
2026,1月,13,周二,14:55:33,81F12C1B,BR024,RES017,SIMU0200:User 200,DENIED
2026,1月,13,周二,14:55:33,394DF2A8,SIMBR0123,SIMR0123,SIMU0111:User 111,GRANTED
2026,1月,13,周二,14:55:33,18788AAF,BR008,RES003,SIMU0298:User 298,DENIED
2026,1月,13,周二,14:55:33,3DC555DE,SIMBR0048,SIMR0048,SIMU0300:User 300,GRANTED
2026,1月,13,周二,14:55:33,37E9D9C0,BR007,RES024,SIMU0034:User 34,DENIED
2026,1月,13,周二,14:55:33,57ED1495,BR007,RES024,SIMU0250:User 250,DENIED
2026,1月,13,周二,14:55:33,0CFFFBA0,SIMBR0119,SIMR0119,SIMU0189:User 189,GRANTED
2026,1月,13,周二,14:55:33,628D5BBC,SIMBR0306,SIMR0306,SIMU0041:User 41,GRANTED
2026,1月,13,周二,14:55:33,31C1AEEF,SIMBR0163,SIMR0163,SIMU0039:User 39,GRANTED
2026,1月,13,周二,14:55:33,94264C0C,BR026,RES019,SIMU0118:User 118,DENIED
2026,1月,13,周二,14:55:33,A4F77AE3,SIMBR0349,SIMR0349,SIMU0031:User 31,GRANTED
2026,1月,13,周二,14:55:33,FC05A793,SIMBR0044,SIMR0044,SIMU0071:User 71,GRANTED
2026,1月,13,周二,14:55:33,AF6C110D,SIMBR0222,SIMR0222,SIMU0080:User 80,GRANTED
2026,1月,13,周二,14:55:33,54C5EDBD,SIMBR0134,SIMR0134,SIMU0145:User 145,GRANTED
2026,1月,13,周二,14:55:33,8BF81A2A,SIMBR0251,SIMR0251,SIMU0233:User 233,GRANTED
2026,1月,13,周二,14:55:33,C0F19B1C,SIMBR0362,SIMR0362,SIMU0155:User 155,GRANTED
2026,1月,13,周二,14:55:33,A5A16F78,SIMBR0027,SIMR0027,SIMU0294:User 294,GRANTED
2026,1月,13,周二,14:55:33,CBD2A48A,SIMBR0251,SIMR0251,SIMU0021:User 21,GRANTED
2026,1月,13,周二,14:55:33,A0043AC2,SIMBR0164,SIMR0164,SIMU0040:User 40,GRANTED
2026,1月,13,周二,14:55:33,181D33C7,SIMBR0132,SIMR0132,SIMU0227:User 227,GRANTED
2026,1月,13,周二,14:55:33,D0171F97,SIMBR0197,SIMR0197,SIMU0032:User 32,GRANTED
2026,1月,13,周二,14:55:33,C57735BB,SIMBR0364,SIMR0364,SIMU0242:User 242,GRANTED
2026,1月,13,周二,14:55:33,4B59E256,SIMBR0240,SIMR0240,SIMU0182:User 182,GRANTED
2026,1月,13,周二,14:55:33,C73CE928,SIMBR0212,SIMR0212,SIMU0281:User 281,GRANTED
2026,1月,13,周二,14:55:33,50B332C8,SIMBR0116,SIMR0116,SIMU0122:User 122,GRANTED
2026,1月,13,周二,14:55:33,8E0C2F27,SIMBR0261,SIMR0261,SIMU0126:User 126,GRANTED
2026,1月,13,周二,14:55:33,61095621,SIMBR0172,SIMR0172,SIMU0137:User 137,GRANTED
2026,1月,13,周二,14:55:33,C50459DB,BR016,RES009,SIMU0262:User 262,DENIED
2026,1月,13,周二,14:55:33,643D2F0C,SIMBR0104,SIMR0104,SIMU0048:User 48,GRANTED
2026,1月,13,周二,14:55:33,290F7C52,SIMBR0352,SIMR0352,SIMU0216:User 216,GRANTED
2026,1月,13,周二,14:55:33,8BC6335E,SIMBR0102,SIMR0102,SIMU0204:User 204,GRANTED
2026,1月,13,周二,14:55:33,D832D5F3,SIMBR0168,SIMR0168,SIMU0261:User 261,GRANTED
2026,1月,13,周二,14:55:33,C39400FA,SIMBR0386,SIMR0386,SIMU0078:User 78,GRANTED
2026,1月,13,周二,14:55:33,E8751622,SIMBR0192,SIMR0192,SIMU0161:User 161,GRANTED
2026,1月,13,周二,14:55:33,EFC60F14,SIMBR0100,SIMR0100,SIMU0286:User 286,GRANTED
2026,1月,13,周二,14:55:33,3A395E30,SIMBR0364,SIMR0364,SIMU0280:User 280,GRANTED
2026,1月,13,周二,14:55:33,50B332C8,SIMBR0060,SIMR0060,SIMU0122:User 122,GRANTED
2026,1月,13,周二,14:55:33,7C3923AE,SIMBR0331,SIMR0331,SIMU0210:User 210,GRANTED
2026,1月,13,周二,14:55:33,BC450719,SIMBR0361,SIMR0361,SIMU0013:User 13,GRANTED
2026,1月,13,周二,14:55:33,1EE4C053,SIMBR0194,SIMR0194,SIMU0026:User 26,GRANTED
2026,1月,13,周二,14:55:33,CB1ACCC7,SIMBR0158,SIMR0158,SIMU0110:User 110,GRANTED
2026,1月,13,周二,14:55:33,FAE4DEC5,SIMBR0042,SIMR0042,SIMU0053:User 53,GRANTED
2026,1月,13,周二,14:55:33,95777979,SIMBR0302,SIMR0302,SIMU0051:User 51,GRANTED
2026,1月,13,周二,14:55:33,1E4AD759,SIMBR0114,SIMR0114,SIMU0029:User 29,GRANTED
2026,1月,13,周二,14:55:33,4FC5D562,SIMBR0017,SIMR0017,SIMU0275:User 275,GRANTED
2026,1月,13,周二,14:55:33,4FC5D562,SIMBR0011,SIMR0011,SIMU0275:User 275,GRANTED
2026,1月,13,周二,14:55:33,290F7C52,SIMBR0350,SIMR0350,SIMU0216:User 216,GRANTED
2026,1月,13,周二,14:55:33,78D4B102,SIMBR0266,SIMR0266,SIMU0283:User 283,GRANTED
2026,1月,13,周二,14:55:33,E0F41E54,SIMBR0215,SIMR0215,SIMU0176:User 176,GRANTED
2026,1月,13,周二,14:55:33,7CA376A0,SIMBR0198,SIMR0198,SIMU0102:User 102,GRANTED
2026,1月,13,周二,14:55:33,14103484,SIMBR0326,SIMR0326,SIMU0074:User 74,GRANTED
2026,1月,13,周二,14:55:33,9D3B8CFC,SIMBR0059,SIMR0059,SIMU0095:User 95,GRANTED
2026,1月,13,周二,14:55:33,D324F0AC,SIMBR0130,SIMR0130,SIMU0108:User 108,GRANTED
2026,1月,13,周二,14:55:33,CA296753,SIMBR0276,SIMR0276,SIMU0055:User 55,GRANTED
2026,1月,13,周二,14:55:33,23858FDA,SIMBR0007,SIMR0007,SIMU0098:User 98,GRANTED
2026,1月,13,周二,14:55:33,F3B58DFF,SIMBR0175,SIMR0175,SIMU0076:User 76,GRANTED
2026,1月,13,周二,14:55:33,B3E8626A,BR021,RES014,SIMU0239:User 239,DENIED
2026,1月,13,周二,14:55:33,E93FF152,SIMBR0105,SIMR0105,SIMU0197:User 197,GRANTED
2026,1月,13,周二,14:55:33,1812D558,BR020,RES013,SIMU0214:User 214,DENIED
2026,1月,13,周二,14:55:33,701D5B3A,SIMBR0182,SIMR0182,SIMU0211:User 211,GRANTED
2026,1月,13,周二,14:55:33,A2903A49,SIMBR0286,SIMR0286,SIMU0043:User 43,GRANTED
2026,1月,13,周二,14:55:33,5A758FE3,SIMBR0075,SIMR0075,SIMU0103:User 103,GRANTED
2026,1月,13,周二,14:55:33,E07F08A6,SIMBR0351,SIMR0351,SIMU0246:User 246,GRANTED
2026,1月,13,周二,14:55:33,1E74F408,SIMBR0089,SIMR0089,SIMU0171:User 171,GRANTED
2026,1月,13,周二,14:55:33,31C1AEEF,SIMBR0088,SIMR0088,SIMU0039:User 39,GRANTED
2026,1月,13,周二,14:55:33,0CFFFBA0,SIMBR0327,SIMR0327,SIMU0189:User 189,GRANTED
2026,1月,13,周二,14:55:33,1CA3AA4C,SIMBR0383,SIMR0383,SIMU0014:User 14,GRANTED
2026,1月,13,周二,14:55:33,6C174D63,SIMBR0261,SIMR0261,SIMU0116:User 116,GRANTED
2026,1月,13,周二,14:55:33,6A6279C3,SIMBR0391,SIMR0391,SIMU0178:User 178,GRANTED
2026,1月,13,周二,14:55:33,8C19D42A,SIMBR0242,SIMR0242,SIMU0284:User 284,GRANTED
2026,1月,13,周二,14:55:33,CEC0E003,SIMBR0343,SIMR0343,SIMU0009:User 9,GRANTED
2026,1月,13,周二,14:55:33,EF6713BA,SIMBR0334,SIMR0334,SIMU0153:User 153,GRANTED
2026,1月,13,周二,14:55:33,B13BB6C7,SIMBR0145,SIMR0145,SIMU0167:User 167,GRANTED
2026,1月,13,周二,14:55:33,C2F816DD,SIMBR0165,SIMR0165,SIMU0266:User 266,GRANTED
2026,1月,13,周二,14:55:33,538EE2BF,SIMBR0165,SIMR0165,SIMU0177:User 177,GRANTED
2026,1月,13,周二,14:55:33,BD4961D3,SIMBR0016,SIMR0016,SIMU0169:User 169,GRANTED
2026,1月,13,周二,14:55:33,853BC8DF,SIMBR0158,SIMR0158,SIMU0092:User 92,GRANTED
2026,1月,13,周二,14:55:33,B77EBDC0,SIMBR0371,SIMR0371,SIMU0203:User 203,GRANTED
2026,1月,13,周二,14:55:33,2289A51E,SIMBR0259,SIMR0259,SIMU0273:User 273,GRANTED
2026,1月,13,周二,14:55:33,A4F77AE3,BR021,RES014,SIMU0031:User 31,DENIED
2026,1月,13,周二,14:55:33,273D28BF,SIMBR0057,SIMR0057,SIMU0057:User 57,GRANTED
2026,1月,13,周二,14:55:33,FB68A282,SIMBR0001,SIMR0001,SIMU0183:User 183,GRANTED
2026,1月,13,周二,14:55:33,643D2F0C,SIMBR0039,SIMR0039,SIMU0048:User 48,GRANTED
2026,1月,13,周二,14:55:33,B77EBDC0,SIMBR0268,SIMR0268,SIMU0203:User 203,GRANTED
2026,1月,13,周二,14:55:33,B0DFB305,SIMBR0168,SIMR0168,SIMU0151:User 151,GRANTED
2026,1月,13,周二,14:55:33,1E4AD759,SIMBR0019,SIMR0019,SIMU0029:User 29,GRANTED
2026,1月,13,周二,14:55:33,FD75651D,SIMBR0325,SIMR0325,SIMU0238:User 238,GRANTED
2026,1月,13,周二,14:55:33,C0F19B1C,SIMBR0044,SIMR0044,SIMU0155:User 155,GRANTED
2026,1月,13,周二,14:55:33,0540806D,SIMBR0042,SIMR0042,SIMU0265:User 265,GRANTED
2026,1月,13,周二,14:55:33,69A8F764,SIMBR0317,SIMR0317,SIMU0240:User 240,GRANTED
2026,1月,13,周二,14:55:33,C57735BB,BR026,RES019,SIMU0242:User 242,DENIED
2026,1月,13,周二,14:55:33,7B092D88,SIMBR0175,SIMR0175,SIMU0236:User 236,GRANTED
2026,1月,13,周二,14:55:33,3DC555DE,SIMBR0297,SIMR0297,SIMU0300:User 300,GRANTED
2026,1月,13,周二,14:55:33,7C28253F,SIMBR0137,SIMR0137,SIMU0027:User 27,GRANTED
2026,1月,13,周二,14:55:33,5D5C3450,SIMBR0348,SIMR0348,SIMU0131:User 131,GRANTED
2026,1月,13,周二,14:55:33,D832D5F3,SIMBR0142,SIMR0142,SIMU0261:User 261,GRANTED
2026,1月,13,周二,14:55:33,46895123,SIMBR0075,SIMR0075,SIMU0132:User 132,GRANTED
2026,1月,13,周二,14:55:33,D2C7D462,SIMBR0041,SIMR0041,SIMU0061:User 61,GRANTED
2026,1月,13,周二,14:55:33,CEC0E003,SIMBR0141,SIMR0141,SIMU0009:User 9,GRANTED
2026,1月,13,周二,14:55:33,489655D2,SIMBR0330,SIMR0330,CON001:Wang Wu,DENIED
2026,1月,13,周二,14:55:33,C2EDBC0C,SIMBR0252,SIMR0252,SIMU0226:User 226,GRANTED
2026,1月,13,周二,14:55:33,24546BD0,SIMBR0344,SIMR0344,SIMU0251:User 251,GRANTED
2026,1月,13,周二,14:55:33,358D24E5,SIMBR0236,SIMR0236,SIMU0130:User 130,GRANTED
2026,1月,13,周二,14:55:33,CBD2A48A,SIMBR0300,SIMR0300,SIMU0021:User 21,GRANTED
2026,1月,13,周二,14:55:33,FD75651D,SIMBR0208,SIMR0208,SIMU0238:User 238,GRANTED
2026,1月,13,周二,14:55:33,80BC1A17,SIMBR0316,SIMR0316,SIMU0112:User 112,GRANTED
2026,1月,13,周二,14:55:33,D504C218,SIMBR0002,SIMR0002,SIMU0060:User 60,GRANTED
2026,1月,13,周二,14:55:33,B6F02DDB,SIMBR0006,SIMR0006,SIMU0156:User 156,GRANTED
2026,1月,13,周二,14:55:33,20D788EC,SIMBR0322,SIMR0322,SIMU0271:User 271,GRANTED
2026,1月,13,周二,14:55:33,4758C16D,SIMBR0172,SIMR0172,SIMU0147:User 147,GRANTED
2026,1月,13,周二,14:55:33,FC9C0D71,SIMBR0104,SIMR0104,SIMU0093:User 93,GRANTED
2026,1月,13,周二,14:55:33,C2EDBC0C,SIMBR0074,SIMR0074,SIMU0226:User 226,GRANTED
2026,1月,13,周二,14:55:33,D49E4724,SIMBR0278,SIMR0278,SIMU0278:User 278,GRANTED
2026,1月,13,周二,14:55:33,0A675EEC,SIMBR0251,SIMR0251,SIMU0138:User 138,GRANTED
2026,1月,13,周二,14:55:33,C2F816DD,SIMBR0060,SIMR0060,SIMU0266:User 266,GRANTED
2026,1月,13,周二,14:55:33,37FA6637,SIMBR0092,SIMR0092,SIMU0199:User 199,GRANTED
2026,1月,13,周二,14:55:33,C73CE928,SIMBR0076,SIMR0076,SIMU0281:User 281,GRANTED
2026,1月,13,周二,14:55:33,D1BB07EE,SIMBR0221,SIMR0221,SIMU0287:User 287,GRANTED
2026,1月,13,周二,14:55:33,10321BC3,SIMBR0215,SIMR0215,SIMU0042:User 42,GRANTED
2026,1月,13,周二,14:55:33,CA296753,SIMBR0049,SIMR0049,SIMU0055:User 55,GRANTED
2026,1月,13,周二,14:55:33,C1CE8342,SIMBR0354,SIMR0354,SIMU0018:User 18,GRANTED
2026,1月,13,周二,14:55:33,BA893511,SIMBR0185,SIMR0185,SIMU0269:User 269,GRANTED
2026,1月,13,周二,14:55:33,A9E67E95,SIMBR0122,SIMR0122,SIMU0243:User 243,GRANTED
2026,1月,13,周二,14:55:33,CA15B29F,SIMBR0082,SIMR0082,SIMU0206:User 206,GRANTED
2026,1月,13,周二,14:55:33,C2EDBC0C,BR025,RES018,SIMU0226:User 226,DENIED
2026,1月,13,周二,14:55:33,8EA215FF,SIMBR0254,SIMR0254,SIMU0201:User 201,GRANTED
2026,1月,13,周二,14:55:33,DF7754DF,SIMBR0338,SIMR0338,SIMU0019:User 19,GRANTED
2026,1月,13,周二,14:55:33,95379CDB,SIMBR0255,SIMR0255,f46ee39b-ac9d-4193-a478-f8cfc35cec07:gagaga a,GRANTED
2026,1月,13,周二,14:55:33,F3B58DFF,SIMBR0072,SIMR0072,SIMU0076:User 76,GRANTED
2026,1月,13,周二,14:55:33,3B22F02A,SIMBR0305,SIMR0305,SIMU0299:User 299,GRANTED
2026,1月,13,周二,14:55:33,78D74DDD,SIMBR0217,SIMR0217,VIS001:Qian Qi,DENIED
2026,1月,13,周二,14:55:33,3122BEFD,SIMBR0098,SIMR0098,SIMU0066:User 66,GRANTED
2026,1月,13,周二,14:55:33,7413D955,SIMBR0288,SIMR0288,SIMU0075:User 75,GRANTED
2026,1月,13,周二,14:55:33,8B9117BE,SIMBR0269,SIMR0269,SIMU0165:User 165,GRANTED
2026,1月,13,周二,14:55:33,57DBFC15,SIMBR0177,SIMR0177,SIMU0290:User 290,GRANTED
2026,1月,13,周二,14:55:33,A7A30652,SIMBR0011,SIMR0011,SIMU0094:User 94,GRANTED
2026,1月,13,周二,14:55:33,354118DA,SIMBR0162,SIMR0162,SIMU0052:User 52,GRANTED
2026,1月,13,周二,14:55:33,B3E8626A,SIMBR0073,SIMR0073,SIMU0239:User 239,GRANTED
2026,1月,13,周二,14:55:33,C1CE8342,SIMBR0140,SIMR0140,SIMU0018:User 18,GRANTED
2026,1月,13,周二,14:55:33,5A758FE3,SIMBR0084,SIMR0084,SIMU0103:User 103,GRANTED
2026,1月,13,周二,14:55:33,8BF81A2A,SIMBR0027,SIMR0027,SIMU0233:User 233,GRANTED
2026,1月,13,周二,14:55:33,A2903A49,SIMBR0338,SIMR0338,SIMU0043:User 43,GRANTED
2026,1月,13,周二,14:55:33,DF7754DF,SIMBR0254,SIMR0254,SIMU0019:User 19,GRANTED
2026,1月,13,周二,14:55:33,CB1ACCC7,BR023,RES016,SIMU0110:User 110,DENIED
2026,1月,13,周二,14:55:33,95379CDB,SIMBR0262,SIMR0262,f46ee39b-ac9d-4193-a478-f8cfc35cec07:gagaga a,GRANTED
2026,1月,13,周二,14:55:33,F853E5E9,SIMBR0234,SIMR0234,SIMU0119:User 119,GRANTED
2026,1月,13,周二,14:55:33,3A395E30,SIMBR0346,SIMR0346,SIMU0280:User 280,GRANTED
2026,1月,13,周二,14:55:33,273F3B3E,BR016,RES009,SIMU0224:User 224,DENIED
2026,1月,13,周二,14:55:33,10321BC3,SIMBR0041,SIMR0041,SIMU0042:User 42,GRANTED
2026,1月,13,周二,14:55:33,1EBD89C8,SIMBR0027,SIMR0027,SIMU0123:User 123,GRANTED
2026,1月,13,周二,14:55:33,80BC1A17,SIMBR0228,SIMR0228,SIMU0112:User 112,GRANTED
2026,1月,13,周二,14:55:33,3A52D444,SIMBR0244,SIMR0244,SIMU0166:User 166,GRANTED
2026,1月,13,周二,14:55:33,C72DAED8,SIMBR0387,SIMR0387,SIMU0117:User 117,GRANTED
2026,1月,13,周二,14:55:33,5D5C3450,SIMBR0271,SIMR0271,SIMU0131:User 131,GRANTED
2026,1月,13,周二,14:55:33,DB66EC85,SIMBR0155,SIMR0155,SIMU0100:User 100,GRANTED
2026,1月,13,周二,14:55:33,6BDE4067,SIMBR0215,SIMR0215,SIMU0114:User 114,GRANTED
2026,1月,13,周二,14:55:33,24546BD0,SIMBR0330,SIMR0330,SIMU0251:User 251,GRANTED
2026,1月,13,周二,14:55:33,FBBEF95C,SIMBR0037,SIMR0037,SIMU0025:User 25,GRANTED
2026,1月,13,周二,14:55:33,CCACC23C,SIMBR0179,SIMR0179,SIMU0149:User 149,GRANTED
2026,1月,13,周二,14:55:33,5560EC7D,SIMBR0167,SIMR0167,SIMU0109:User 109,GRANTED
2026,1月,13,周二,14:55:33,1A3D1ED6,SIMBR0368,SIMR0368,SIMU0231:User 231,GRANTED
2026,1月,13,周二,14:55:33,B095C629,SIMBR0345,SIMR0345,SIMU0257:User 257,GRANTED
2026,1月,13,周二,14:55:33,DF7754DF,SIMBR0068,SIMR0068,SIMU0019:User 19,GRANTED
2026,1月,13,周二,14:55:33,030D82CF,SIMBR0244,SIMR0244,SIMU0207:User 207,GRANTED
2026,1月,13,周二,14:55:33,D6BC3463,SIMBR0168,SIMR0168,SIMU0037:User 37,GRANTED
2026,1月,13,周二,14:55:33,AA3155BB,SIMBR0014,SIMR0014,SIMU0050:User 50,GRANTED
2026,1月,13,周二,14:55:33,58B55845,SIMBR0057,SIMR0057,EMP002:Li Si,DENIED
2026,1月,13,周二,14:55:33,B1990B96,SIMBR0086,SIMR0086,SIMU0106:User 106,GRANTED
2026,1月,13,周二,14:55:33,6C174D63,SIMBR0320,SIMR0320,SIMU0116:User 116,GRANTED
2026,1月,13,周二,14:55:33,44B3ADEE,SIMBR0082,SIMR0082,SIMU0157:User 157,GRANTED
2026,1月,13,周二,14:55:33,964B6B12,SIMBR0027,SIMR0027,SIMU0003:User 3,GRANTED
2026,1月,13,周二,14:55:33,3A52D444,SIMBR0066,SIMR0066,SIMU0166:User 166,GRANTED
2026,1月,13,周二,14:55:33,1E4AD759,SIMBR0059,SIMR0059,SIMU0029:User 29,GRANTED
2026,1月,13,周二,14:55:33,B13BB6C7,SIMBR0063,SIMR0063,SIMU0167:User 167,GRANTED
2026,1月,13,周二,14:55:33,75D7C714,BR013,RES006,SIMU0005:User 5,DENIED
2026,1月,13,周二,14:55:33,C2F816DD,SIMBR0025,SIMR0025,SIMU0266:User 266,GRANTED
2026,1月,13,周二,14:55:33,A51F7B4F,SIMBR0121,SIMR0121,SIMU0277:User 277,GRANTED
2026,1月,13,周二,14:55:33,538EE2BF,SIMBR0222,SIMR0222,SIMU0177:User 177,GRANTED
2026,1月,13,周二,14:55:33,394DF2A8,SIMBR0076,SIMR0076,SIMU0111:User 111,GRANTED
2026,1月,13,周二,14:55:33,397975BA,SIMBR0121,SIMR0121,SIMU0164:User 164,GRANTED
2026,1月,13,周二,14:55:33,45B37997,SIMBR0181,SIMR0181,SIMU0163:User 163,GRANTED
2026,1月,13,周二,14:55:33,E6DCC382,SIMBR0317,SIMR0317,SIMU0158:User 158,GRANTED
2026,1月,13,周二,14:55:33,D716AAF5,SIMBR0102,SIMR0102,SIMU0170:User 170,GRANTED
2026,1月,13,周二,14:55:33,B13BB6C7,SIMBR0229,SIMR0229,SIMU0167:User 167,GRANTED
2026,1月,13,周二,14:55:33,50B332C8,SIMBR0183,SIMR0183,SIMU0122:User 122,GRANTED
2026,1月,13,周二,14:55:33,EF6713BA,SIMBR0276,SIMR0276,SIMU0153:User 153,GRANTED
2026,1月,13,周二,14:55:33,FD75651D,SIMBR0127,SIMR0127,SIMU0238:User 238,GRANTED
2026,1月,13,周二,14:55:33,DA33A96E,SIMBR0008,SIMR0008,SIMU0190:User 190,GRANTED
2026,1月,13,周二,14:55:33,C2EDBC0C,SIMBR0240,SIMR0240,SIMU0226:User 226,GRANTED
2026,1月,13,周二,14:55:33,2E121B44,SIMBR0359,SIMR0359,SIMU0258:User 258,GRANTED
2026,1月,13,周二,14:55:33,D3799252,SIMBR0346,SIMR0346,SIMU0022:User 22,GRANTED
2026,1月,13,周二,14:55:33,6F12BFA3,SIMBR0350,SIMR0350,SIMU0218:User 218,GRANTED
2026,1月,13,周二,14:55:33,45B37997,SIMBR0038,SIMR0038,SIMU0163:User 163,GRANTED
2026,1月,13,周二,14:55:33,2D060B76,BR024,RES017,SIMU0162:User 162,DENIED
2026,1月,13,周二,14:55:34,1A88116F,SIMBR0094,SIMR0094,SIMU0063:User 63,GRANTED
2026,1月,13,周二,14:55:34,BA6DDD0B,SIMBR0098,SIMR0098,SIMU0146:User 146,GRANTED
2026,1月,13,周二,14:55:34,C50459DB,SIMBR0114,SIMR0114,SIMU0262:User 262,GRANTED
2026,1月,13,周二,14:55:34,FEB7592C,SIMBR0161,SIMR0161,SIMU0059:User 59,GRANTED
2026,1月,13,周二,14:55:34,81F12C1B,SIMBR0359,SIMR0359,SIMU0200:User 200,GRANTED
2026,1月,13,周二,14:55:34,D0171F97,SIMBR0234,SIMR0234,SIMU0032:User 32,GRANTED
2026,1月,13,周二,14:55:34,8BF81A2A,SIMBR0367,SIMR0367,SIMU0233:User 233,GRANTED
2026,1月,13,周二,14:55:34,A0043AC2,SIMBR0343,SIMR0343,SIMU0040:User 40,GRANTED
2026,1月,13,周二,14:55:34,15D30411,SIMBR0306,SIMR0306,SIMU0289:User 289,GRANTED
2026,1月,13,周二,14:55:34,48744B29,SIMBR0195,SIMR0195,SIMU0035:User 35,GRANTED
2026,1月,13,周二,14:55:34,B33C40D7,SIMBR0286,SIMR0286,SIMU0015:User 15,GRANTED
2026,1月,13,周二,14:55:34,10321BC3,SIMBR0072,SIMR0072,SIMU0042:User 42,GRANTED
2026,1月,13,周二,14:55:34,CEC0E003,SIMBR0069,SIMR0069,SIMU0009:User 9,GRANTED
2026,1月,13,周二,14:55:34,F8F80D07,SIMBR0026,SIMR0026,SIMU0253:User 253,GRANTED
2026,1月,13,周二,14:55:34,EEC38563,SIMBR0379,SIMR0379,SIMU0141:User 141,GRANTED
2026,1月,13,周二,14:55:34,56619802,SIMBR0046,SIMR0046,SIMU0202:User 202,GRANTED
2026,1月,13,周二,14:55:34,853BC8DF,SIMBR0359,SIMR0359,SIMU0092:User 92,GRANTED
2026,1月,13,周二,14:55:34,7D277C80,SIMBR0296,SIMR0296,SIMU0212:User 212,GRANTED
2026,1月,13,周二,14:55:34,B33C40D7,SIMBR0242,SIMR0242,SIMU0015:User 15,GRANTED
2026,1月,13,周二,14:55:34,394DF2A8,SIMBR0055,SIMR0055,SIMU0111:User 111,GRANTED
2026,1月,13,周二,14:55:34,358D24E5,SIMBR0085,SIMR0085,SIMU0130:User 130,GRANTED
2026,1月,13,周二,14:55:34,72A4E470,SIMBR0125,SIMR0125,SIMU0268:User 268,GRANTED
2026,1月,13,周二,14:55:34,13F09473,SIMBR0184,SIMR0184,SIMU0279:User 279,GRANTED
2026,1月,13,周二,14:55:34,49B45DCD,SIMBR0263,SIMR0263,SIMU0272:User 272,GRANTED
2026,1月,13,周二,14:55:34,A74F536B,SIMBR0201,SIMR0201,SIMU0097:User 97,GRANTED
2026,1月,13,周二,14:55:34,29200997,SIMBR0288,SIMR0288,SIMU0186:User 186,GRANTED
2026,1月,13,周二,14:55:34,D49E4724,SIMBR0354,SIMR0354,SIMU0278:User 278,GRANTED
2026,1月,13,周二,14:55:34,1DE07196,SIMBR0392,SIMR0392,SIMU0274:User 274,GRANTED
2026,1月,13,周二,14:55:34,602AF119,SIMBR0093,SIMR0093,SIMU0223:User 223,GRANTED
2026,1月,13,周二,14:55:34,5560EC7D,SIMBR0182,SIMR0182,SIMU0109:User 109,GRANTED
2026,1月,13,周二,14:55:34,59E1ACA0,SIMBR0339,SIMR0339,SIMU0090:User 90,GRANTED
2026,1月,13,周二,14:55:34,C31E01F0,SIMBR0185,SIMR0185,SIMU0192:User 192,GRANTED
2026,1月,13,周二,14:55:34,37FA6637,SIMBR0094,SIMR0094,SIMU0199:User 199,GRANTED
2026,1月,13,周二,14:55:34,E93FF152,SIMBR0035,SIMR0035,SIMU0197:User 197,GRANTED
2026,1月,13,周二,14:55:34,59E1ACA0,SIMBR0243,SIMR0243,SIMU0090:User 90,GRANTED
2026,1月,13,周二,14:55:34,359F9D02,SIMBR0011,SIMR0011,SIMU0087:User 87,GRANTED
2026,1月,13,周二,14:55:34,FB68A282,SIMBR0152,SIMR0152,SIMU0183:User 183,GRANTED
2026,1月,13,周二,14:55:34,5560EC7D,SIMBR0233,SIMR0233,SIMU0109:User 109,GRANTED
2026,1月,13,周二,14:55:34,A234EF8B,SIMBR0007,SIMR0007,SIMU0069:User 69,GRANTED
2026,1月,13,周二,14:55:34,128D7B1F,BR016,RES009,SIMU0121:User 121,DENIED
2026,1月,13,周二,14:55:34,F04FDB11,SIMBR0107,SIMR0107,SIMU0125:User 125,GRANTED
2026,1月,13,周二,14:55:34,6E7782F8,SIMBR0303,SIMR0303,INT001:Zhao Liu,DENIED
2026,1月,13,周二,14:55:34,F3B58DFF,SIMBR0330,SIMR0330,SIMU0076:User 76,GRANTED
2026,1月,13,周二,14:55:34,701D5B3A,BR025,RES018,SIMU0211:User 211,DENIED
2026,1月,13,周二,14:55:34,58B690ED,SIMBR0217,SIMR0217,SIMU0081:User 81,GRANTED
2026,1月,13,周二,14:55:34,6FFD7F45,SIMBR0199,SIMR0199,SIMU0198:User 198,GRANTED
2026,1月,13,周二,14:55:34,FAE4DEC5,SIMBR0172,SIMR0172,SIMU0053:User 53,GRANTED
2026,1月,13,周二,14:55:34,181D33C7,SIMBR0249,SIMR0249,SIMU0227:User 227,GRANTED
2026,1月,13,周二,14:55:34,80AC649D,SIMBR0153,SIMR0153,SIMU0088:User 88,GRANTED
2026,1月,13,周二,14:55:34,C169BAEB,SIMBR0133,SIMR0133,SIMU0174:User 174,GRANTED
2026,1月,13,周二,14:55:34,559213A2,SIMBR0157,SIMR0157,SIMU0047:User 47,GRANTED
2026,1月,13,周二,14:55:34,48744B29,SIMBR0060,SIMR0060,SIMU0035:User 35,GRANTED
2026,1月,13,周二,14:55:34,B33C40D7,SIMBR0304,SIMR0304,SIMU0015:User 15,GRANTED
2026,1月,13,周二,14:55:34,8B9117BE,SIMBR0085,SIMR0085,SIMU0165:User 165,GRANTED
2026,1月,13,周二,14:55:34,559213A2,SIMBR0139,SIMR0139,SIMU0047:User 47,GRANTED
2026,1月,13,周二,14:55:34,7BEB2168,BR020,RES013,SIMU0282:User 282,DENIED
2026,1月,13,周二,14:55:34,5AC1CCB2,SIMBR0173,SIMR0173,SIMU0264:User 264,GRANTED
2026,1月,13,周二,14:55:34,495297EE,SIMBR0378,SIMR0378,SIMU0038:User 38,GRANTED
2026,1月,13,周二,14:55:34,01513E26,BR011,RES026,SIMU0181:User 181,DENIED
2026,1月,13,周二,14:55:34,E116EA41,SIMBR0081,SIMR0081,SIMU0127:User 127,GRANTED
2026,1月,13,周二,14:55:34,983FD996,SIMBR0283,SIMR0283,SIMU0225:User 225,GRANTED
2026,1月,13,周二,14:55:34,359F9D02,SIMBR0276,SIMR0276,SIMU0087:User 87,GRANTED
2026,1月,13,周二,14:55:34,80AC649D,SIMBR0333,SIMR0333,SIMU0088:User 88,GRANTED
2026,1月,13,周二,14:55:34,14103484,SIMBR0148,SIMR0148,SIMU0074:User 74,GRANTED
2026,1月,13,周二,14:55:34,701D5B3A,SIMBR0121,SIMR0121,SIMU0211:User 211,GRANTED
2026,1月,13,周二,14:55:34,D324F0AC,SIMBR0137,SIMR0137,SIMU0108:User 108,GRANTED
2026,1月,13,周二,14:55:34,E6DCC382,SIMBR0367,SIMR0367,SIMU0158:User 158,GRANTED
2026,1月,13,周二,14:55:34,C6E3BF57,SIMBR0370,SIMR0370,SIMU0297:User 297,GRANTED
2026,1月,13,周二,14:55:34,E2506042,SIMBR0040,SIMR0040,SIMU0101:User 101,GRANTED
2026,1月,13,周二,14:55:34,29200997,SIMBR0126,SIMR0126,SIMU0186:User 186,GRANTED
2026,1月,13,周二,14:55:34,8884A944,SIMBR0393,SIMR0393,SIMU0295:User 295,GRANTED
2026,1月,13,周二,14:55:34,C46D887F,BR001,RES020,SIMU0254:User 254,DENIED
2026,1月,13,周二,14:55:34,3B7FFD92,SIMBR0366,SIMR0366,SIMU0256:User 256,GRANTED
2026,1月,13,周二,14:55:34,FC9C0D71,SIMBR0354,SIMR0354,SIMU0093:User 93,GRANTED
2026,1月,13,周二,14:55:34,40A1D543,SIMBR0321,SIMR0321,SIMU0267:User 267,GRANTED
2026,1月,13,周二,14:55:34,FEF21F79,SIMBR0160,SIMR0160,SIMU0159:User 159,GRANTED
2026,1月,13,周二,14:55:34,4D153C4A,SIMBR0243,SIMR0243,SIMU0104:User 104,GRANTED
2026,1月,13,周二,14:55:34,F832AB7A,SIMBR0158,SIMR0158,SIMU0139:User 139,GRANTED
2026,1月,13,周二,14:55:34,57DBFC15,SIMBR0061,SIMR0061,SIMU0290:User 290,GRANTED
2026,1月,13,周二,14:55:34,C46D887F,BR019,RES012,SIMU0254:User 254,DENIED
2026,1月,13,周二,14:55:34,D87DCC23,SIMBR0011,SIMR0011,SIMU0006:User 6,GRANTED
2026,1月,13,周二,14:55:34,905C3DCB,SIMBR0056,SIMR0056,SIMU0070:User 70,GRANTED
2026,1月,13,周二,14:55:34,030D82CF,SIMBR0174,SIMR0174,SIMU0207:User 207,GRANTED
2026,1月,13,周二,14:55:34,C1CE8342,BR005,RES023,SIMU0018:User 18,DENIED
2026,1月,13,周二,14:55:34,95379CDB,SIMBR0289,SIMR0289,f46ee39b-ac9d-4193-a478-f8cfc35cec07:gagaga a,GRANTED
2026,1月,13,周二,14:55:34,1DE07196,SIMBR0294,SIMR0294,SIMU0274:User 274,GRANTED
2026,1月,13,周二,14:55:34,701D5B3A,SIMBR0096,SIMR0096,SIMU0211:User 211,GRANTED
2026,1月,13,周二,14:55:34,4FC5D562,SIMBR0173,SIMR0173,SIMU0275:User 275,GRANTED
2026,1月,13,周二,14:55:34,24A968FA,SIMBR0162,SIMR0162,SIMU0241:User 241,GRANTED
2026,1月,13,周二,14:55:34,CBD2A48A,SIMBR0265,SIMR0265,SIMU0021:User 21,GRANTED
2026,1月,13,周二,14:55:34,CB0F203D,SIMBR0177,SIMR0177,SIMU0124:User 124,GRANTED
2026,1月,13,周二,14:55:34,18788AAF,SIMBR0202,SIMR0202,SIMU0298:User 298,GRANTED
2026,1月,13,周二,14:55:34,B77EBDC0,SIMBR0296,SIMR0296,SIMU0203:User 203,GRANTED
2026,1月,13,周二,14:55:34,F9B71846,SIMBR0322,SIMR0322,SIMU0196:User 196,GRANTED
2026,1月,13,周二,14:55:34,D324F0AC,SIMBR0301,SIMR0301,SIMU0108:User 108,GRANTED
2026,1月,13,周二,14:55:34,91E5E6B0,SIMBR0106,SIMR0106,SIMU0079:User 79,GRANTED
2026,1月,13,周二,14:55:34,628D5BBC,SIMBR0267,SIMR0267,SIMU0041:User 41,GRANTED
2026,1月,13,周二,14:55:34,FC9C0D71,SIMBR0330,SIMR0330,SIMU0093:User 93,GRANTED
2026,1月,13,周二,14:55:34,6E7782F8,SIMBR0274,SIMR0274,INT001:Zhao Liu,DENIED
2026,1月,13,周二,14:55:34,15AB7C7D,SIMBR0297,SIMR0297,SIMU0096:User 96,GRANTED
2026,1月,13,周二,14:55:34,44B3ADEE,SIMBR0381,SIMR0381,SIMU0157:User 157,GRANTED
2026,1月,13,周二,14:55:34,7CE9CF19,SIMBR0128,SIMR0128,SIMU0020:User 20,GRANTED
2026,1月,13,周二,14:55:34,54722E38,SIMBR0320,SIMR0320,SIMU0222:User 222,GRANTED
2026,1月,13,周二,14:55:34,359F9D02,SIMBR0167,SIMR0167,SIMU0087:User 87,GRANTED
2026,1月,13,周二,14:55:34,9A00F337,SIMBR0083,SIMR0083,SIMU0285:User 285,GRANTED
2026,1月,13,周二,14:55:34,3870BA5D,SIMBR0073,SIMR0073,SIMU0173:User 173,GRANTED
2026,1月,13,周二,14:55:34,94264C0C,SIMBR0288,SIMR0288,SIMU0118:User 118,GRANTED
2026,1月,13,周二,14:55:34,8BC6335E,SIMBR0326,SIMR0326,SIMU0204:User 204,GRANTED
2026,1月,13,周二,14:55:34,DA3D486F,SIMBR0047,SIMR0047,SIMU0028:User 28,GRANTED
2026,1月,13,周二,14:55:34,0CFFFBA0,BR002,RES021,SIMU0189:User 189,DENIED
2026,1月,13,周二,14:55:34,C0CB4AFF,SIMBR0109,SIMR0109,SIMU0235:User 235,GRANTED
2026,1月,13,周二,14:55:34,5AC1CCB2,SIMBR0213,SIMR0213,SIMU0264:User 264,GRANTED
2026,1月,13,周二,14:55:34,B13BB6C7,SIMBR0391,SIMR0391,SIMU0167:User 167,GRANTED
2026,1月,13,周二,14:55:34,C0F19B1C,SIMBR0028,SIMR0028,SIMU0155:User 155,GRANTED
2026,1月,13,周二,14:55:34,C0CB4AFF,SIMBR0073,SIMR0073,SIMU0235:User 235,GRANTED
2026,1月,13,周二,14:55:34,FBFF5A63,SIMBR0399,SIMR0399,SIMU0184:User 184,GRANTED
2026,1月,13,周二,14:55:34,CA296753,SIMBR0291,SIMR0291,SIMU0055:User 55,GRANTED
2026,1月,13,周二,14:55:34,4758C16D,SIMBR0256,SIMR0256,SIMU0147:User 147,GRANTED
2026,1月,13,周二,14:55:34,BA1008EF,SIMBR0095,SIMR0095,SIMU0083:User 83,GRANTED
2026,1月,13,周二,14:55:34,4DFA0FE5,SIMBR0222,SIMR0222,SIMU0255:User 255,GRANTED
2026,1月,13,周二,14:55:34,FE83648E,SIMBR0047,SIMR0047,SIMU0142:User 142,GRANTED
2026,1月,13,周二,14:55:34,E8751622,SIMBR0061,SIMR0061,SIMU0161:User 161,GRANTED
2026,1月,13,周二,14:55:34,D78DDFDE,SIMBR0033,SIMR0033,SIMU0252:User 252,GRANTED
2026,1月,13,周二,14:55:34,24A968FA,SIMBR0152,SIMR0152,SIMU0241:User 241,GRANTED
2026,1月,13,周二,14:55:34,983FD996,SIMBR0363,SIMR0363,SIMU0225:User 225,GRANTED
2026,1月,13,周二,14:55:34,853BC8DF,SIMBR0064,SIMR0064,SIMU0092:User 92,GRANTED
2026,1月,13,周二,14:55:34,D49E4724,SIMBR0273,SIMR0273,SIMU0278:User 278,GRANTED
2026,1月,13,周二,14:55:34,5D5C3450,SIMBR0233,SIMR0233,SIMU0131:User 131,GRANTED
2026,1月,13,周二,14:55:34,D1BB07EE,SIMBR0368,SIMR0368,SIMU0287:User 287,GRANTED
2026,1月,13,周二,14:55:34,9A00F337,SIMBR0025,SIMR0025,SIMU0285:User 285,GRANTED
2026,1月,13,周二,14:55:34,6BDE4067,SIMBR0396,SIMR0396,SIMU0114:User 114,GRANTED
2026,1月,13,周二,14:55:34,BA841717,SIMBR0023,SIMR0023,SIMU0064:User 64,GRANTED
2026,1月,13,周二,14:55:34,AB055C88,SIMBR0135,SIMR0135,SIMU0024:User 24,GRANTED
2026,1月,13,周二,14:55:34,8B29C7CC,SIMBR0242,SIMR0242,SIMU0175:User 175,GRANTED
2026,1月,13,周二,14:55:34,41981850,SIMBR0034,SIMR0034,SIMU0263:User 263,GRANTED
2026,1月,13,周二,14:55:34,DA3D486F,SIMBR0387,SIMR0387,SIMU0028:User 28,GRANTED
2026,1月,13,周二,14:55:34,3122BEFD,SIMBR0078,SIMR0078,SIMU0066:User 66,GRANTED
2026,1月,13,周二,14:55:34,F0ADE55C,SIMBR0059,SIMR0059,SIMU0237:User 237,GRANTED
2026,1月,13,周二,14:55:34,A234EF8B,SIMBR0097,SIMR0097,SIMU0069:User 69,GRANTED
2026,1月,13,周二,14:55:34,B6F02DDB,SIMBR0363,SIMR0363,SIMU0156:User 156,GRANTED
2026,1月,13,周二,14:55:34,7B914E9E,SIMBR0353,SIMR0353,SIMU0215:User 215,GRANTED
2026,1月,13,周二,14:55:34,48744B29,SIMBR0007,SIMR0007,SIMU0035:User 35,GRANTED
2026,1月,13,周二,14:55:34,AA3155BB,SIMBR0073,SIMR0073,SIMU0050:User 50,GRANTED
2026,1月,13,周二,14:55:34,F9B71846,SIMBR0186,SIMR0186,SIMU0196:User 196,GRANTED
2026,1月,13,周二,14:55:34,E775A860,SIMBR0250,SIMR0250,SIMU0248:User 248,GRANTED
2026,1月,13,周二,14:55:34,94264C0C,SIMBR0183,SIMR0183,SIMU0118:User 118,GRANTED
2026,1月,13,周二,14:55:34,B1990B96,SIMBR0164,SIMR0164,SIMU0106:User 106,GRANTED
2026,1月,13,周二,14:55:34,FB68A282,SIMBR0285,SIMR0285,SIMU0183:User 183,GRANTED
2026,1月,13,周二,14:55:34,0EA23D3A,BR015,RES008,SIMU0062:User 62,DENIED
2026,1月,13,周二,14:55:34,CB0F203D,SIMBR0004,SIMR0004,SIMU0124:User 124,GRANTED
2026,1月,13,周二,14:55:34,C57735BB,SIMBR0337,SIMR0337,SIMU0242:User 242,GRANTED
2026,1月,13,周二,14:55:34,359F9D02,SIMBR0387,SIMR0387,SIMU0087:User 87,GRANTED
2026,1月,13,周二,14:55:34,C50459DB,SIMBR0199,SIMR0199,SIMU0262:User 262,GRANTED
2026,1月,13,周二,14:55:34,0DE450B1,SIMBR0092,SIMR0092,SIMU0016:User 16,GRANTED
2026,1月,13,周二,14:55:34,A89B9996,SIMBR0091,SIMR0091,SIMU0213:User 213,GRANTED
2026,1月,13,周二,14:55:34,CB1ACCC7,SIMBR0224,SIMR0224,SIMU0110:User 110,GRANTED
2026,1月,13,周二,14:55:34,7CA376A0,SIMBR0041,SIMR0041,SIMU0102:User 102,GRANTED
2026,1月,13,周二,14:55:34,01513E26,SIMBR0396,SIMR0396,SIMU0181:User 181,GRANTED
2026,1月,13,周二,14:55:34,F832AB7A,SIMBR0188,SIMR0188,SIMU0139:User 139,GRANTED
2026,1月,13,周二,14:55:34,4AF57AEF,SIMBR0037,SIMR0037,SIMU0193:User 193,GRANTED
2026,1月,13,周二,14:55:34,602AF119,SIMBR0109,SIMR0109,SIMU0223:User 223,GRANTED
2026,1月,13,周二,14:55:34,7B092D88,SIMBR0075,SIMR0075,SIMU0236:User 236,GRANTED
2026,1月,13,周二,14:55:34,FE83648E,SIMBR0172,SIMR0172,SIMU0142:User 142,GRANTED
2026,1月,13,周二,14:55:34,24546BD0,SIMBR0106,SIMR0106,SIMU0251:User 251,GRANTED
2026,1月,13,周二,14:55:34,37E9D9C0,SIMBR0395,SIMR0395,SIMU0034:User 34,GRANTED
2026,1月,13,周二,14:55:34,F0ADE55C,BR009,RES025,SIMU0237:User 237,DENIED
2026,1月,13,周二,14:55:34,54C5EDBD,SIMBR0336,SIMR0336,SIMU0145:User 145,GRANTED
2026,1月,13,周二,14:55:34,CA15B29F,SIMBR0048,SIMR0048,SIMU0206:User 206,GRANTED
2026,1月,13,周二,14:55:34,273D28BF,SIMBR0169,SIMR0169,SIMU0057:User 57,GRANTED
2026,1月,13,周二,14:55:34,BA1008EF,SIMBR0272,SIMR0272,SIMU0083:User 83,GRANTED
2026,1月,13,周二,14:55:34,D832D5F3,SIMBR0025,SIMR0025,SIMU0261:User 261,GRANTED
2026,1月,13,周二,14:55:34,628D5BBC,SIMBR0342,SIMR0342,SIMU0041:User 41,GRANTED
2026,1月,13,周二,14:55:34,3B7FFD92,SIMBR0267,SIMR0267,SIMU0256:User 256,GRANTED
2026,1月,13,周二,14:55:34,95379CDB,SIMBR0058,SIMR0058,f46ee39b-ac9d-4193-a478-f8cfc35cec07:gagaga a,GRANTED
2026,1月,13,周二,14:55:34,D49E4724,SIMBR0376,SIMR0376,SIMU0278:User 278,GRANTED
2026,1月,13,周二,14:55:34,CB0F203D,SIMBR0325,SIMR0325,SIMU0124:User 124,GRANTED
2026,1月,13,周二,14:55:34,F04FDB11,SIMBR0137,SIMR0137,SIMU0125:User 125,GRANTED
2026,1月,13,周二,14:55:34,1A88116F,SIMBR0181,SIMR0181,SIMU0063:User 63,GRANTED
2026,1月,13,周二,14:55:34,72A4E470,SIMBR0291,SIMR0291,SIMU0268:User 268,GRANTED
2026,1月,13,周二,14:55:34,0641BA46,SIMBR0044,SIMR0044,SIMU0085:User 85,GRANTED
2026,1月,13,周二,14:55:34,CA15B29F,SIMBR0030,SIMR0030,SIMU0206:User 206,GRANTED
2026,1月,13,周二,14:55:34,1EE4C053,SIMBR0400,SIMR0400,SIMU0026:User 26,GRANTED
2026,1月,13,周二,14:55:34,C169BAEB,SIMBR0184,SIMR0184,SIMU0174:User 174,GRANTED
2026,1月,13,周二,14:55:34,628D5BBC,SIMBR0039,SIMR0039,SIMU0041:User 41,GRANTED
2026,1月,13,周二,14:55:34,A2903A49,SIMBR0315,SIMR0315,SIMU0043:User 43,GRANTED
2026,1月,13,周二,14:55:34,78D74DDD,SIMBR0141,SIMR0141,VIS001:Qian Qi,DENIED
2026,1月,13,周二,14:55:34,6B7D13ED,SIMBR0346,SIMR0346,SIMU0191:User 191,GRANTED
2026,1月,13,周二,14:55:34,8BC6335E,SIMBR0257,SIMR0257,SIMU0204:User 204,GRANTED
2026,1月,13,周二,14:55:34,8CBA0F42,SIMBR0336,SIMR0336,SIMU0152:User 152,GRANTED
2026,1月,13,周二,14:55:34,397975BA,SIMBR0196,SIMR0196,SIMU0164:User 164,GRANTED
2026,1月,13,周二,14:55:34,F1D4B1B6,SIMBR0122,SIMR0122,SIMU0247:User 247,GRANTED
2026,1月,13,周二,14:55:34,E55AD432,SIMBR0354,SIMR0354,SIMU0134:User 134,GRANTED
2026,1月,13,周二,14:55:34,853BC8DF,SIMBR0164,SIMR0164,SIMU0092:User 92,GRANTED
2026,1月,13,周二,14:55:34,853BC8DF,SIMBR0109,SIMR0109,SIMU0092:User 92,GRANTED
2026,1月,13,周二,14:55:34,C0F19B1C,SIMBR0224,SIMR0224,SIMU0155:User 155,GRANTED
2026,1月,13,周二,14:55:34,359F9D02,SIMBR0135,SIMR0135,SIMU0087:User 87,GRANTED
2026,1月,13,周二,14:55:34,D3E409F0,SIMBR0215,SIMR0215,SIMU0012:User 12,GRANTED
2026,1月,13,周二,14:55:34,A2589816,BR001,RES020,SIMU0082:User 82,DENIED
2026,1月,13,周二,14:55:34,0641BA46,SIMBR0129,SIMR0129,SIMU0085:User 85,GRANTED
2026,1月,13,周二,14:55:34,CA15B29F,SIMBR0126,SIMR0126,SIMU0206:User 206,GRANTED
2026,1月,13,周二,14:55:35,A5DEC594,SIMBR0252,SIMR0252,SIMU0084:User 84,GRANTED
2026,1月,13,周二,14:55:35,A2903A49,SIMBR0043,SIMR0043,SIMU0043:User 43,GRANTED
2026,1月,13,周二,14:55:35,E93FF152,SIMBR0023,SIMR0023,SIMU0197:User 197,GRANTED
2026,1月,13,周二,14:55:35,78D74DDD,SIMBR0251,SIMR0251,VIS001:Qian Qi,DENIED
2026,1月,13,周二,14:55:35,15AB7C7D,SIMBR0041,SIMR0041,SIMU0096:User 96,GRANTED
2026,1月,13,周二,14:55:35,6213A883,SIMBR0131,SIMR0131,SIMU0249:User 249,GRANTED
2026,1月,13,周二,14:55:35,E2506042,SIMBR0219,SIMR0219,SIMU0101:User 101,GRANTED
2026,1月,13,周二,14:55:35,3B22F02A,SIMBR0160,SIMR0160,SIMU0299:User 299,GRANTED
2026,1月,13,周二,14:55:35,D87DCC23,SIMBR0078,SIMR0078,SIMU0006:User 6,GRANTED
2026,1月,13,周二,14:55:35,BA0243B9,SIMBR0295,SIMR0295,PM001:Sun Ba,DENIED
2026,1月,13,周二,14:55:35,E6DCC382,SIMBR0183,SIMR0183,SIMU0158:User 158,GRANTED
2026,1月,13,周二,14:55:35,701D5B3A,SIMBR0332,SIMR0332,SIMU0211:User 211,GRANTED
2026,1月,13,周二,14:55:35,7B092D88,SIMBR0210,SIMR0210,SIMU0236:User 236,GRANTED
2026,1月,13,周二,14:55:35,853BC8DF,SIMBR0050,SIMR0050,SIMU0092:User 92,GRANTED
2026,1月,13,周二,14:55:35,0641BA46,SIMBR0337,SIMR0337,SIMU0085:User 85,GRANTED
2026,1月,13,周二,14:55:35,C584F9D3,SIMBR0369,SIMR0369,EMP001:Zhang San,DENIED
2026,1月,13,周二,14:55:35,1E74F408,SIMBR0304,SIMR0304,SIMU0171:User 171,GRANTED
2026,1月,13,周二,14:55:35,8EA215FF,SIMBR0390,SIMR0390,SIMU0201:User 201,GRANTED
2026,1月,13,周二,14:55:35,D87DCC23,SIMBR0172,SIMR0172,SIMU0006:User 6,GRANTED
2026,1月,13,周二,14:55:35,5FF2F656,SIMBR0088,SIMR0088,SIMU0120:User 120,GRANTED
2026,1月,13,周二,14:55:35,D1BB07EE,SIMBR0032,SIMR0032,SIMU0287:User 287,GRANTED
2026,1月,13,周二,14:55:35,0540806D,SIMBR0029,SIMR0029,SIMU0265:User 265,GRANTED
2026,1月,13,周二,14:55:35,7C3923AE,SIMBR0365,SIMR0365,SIMU0210:User 210,GRANTED
2026,1月,13,周二,14:55:35,C2EDBC0C,SIMBR0109,SIMR0109,SIMU0226:User 226,GRANTED
2026,1月,13,周二,14:55:35,A51F7B4F,SIMBR0389,SIMR0389,SIMU0277:User 277,GRANTED
2026,1月,13,周二,14:55:35,58B690ED,SIMBR0029,SIMR0029,SIMU0081:User 81,GRANTED
2026,1月,13,周二,14:55:35,3DDB17B7,SIMBR0195,SIMR0195,SIMU0044:User 44,GRANTED
2026,1月,13,周二,14:55:35,1812D558,SIMBR0288,SIMR0288,SIMU0214:User 214,GRANTED
2026,1月,13,周二,14:55:35,85471FCB,BR013,RES006,SIMU0054:User 54,DENIED
2026,1月,13,周二,14:55:35,80AC649D,SIMBR0218,SIMR0218,SIMU0088:User 88,GRANTED
2026,1月,13,周二,14:55:35,24A968FA,SIMBR0231,SIMR0231,SIMU0241:User 241,GRANTED
2026,1月,13,周二,14:55:35,701D5B3A,SIMBR0171,SIMR0171,SIMU0211:User 211,GRANTED
2026,1月,13,周二,14:55:35,A5A16F78,BR021,RES014,SIMU0294:User 294,DENIED
2026,1月,13,周二,14:55:35,01513E26,SIMBR0185,SIMR0185,SIMU0181:User 181,GRANTED
2026,1月,13,周二,14:55:35,C584F9D3,SIMBR0145,SIMR0145,EMP001:Zhang San,DENIED
2026,1月,13,周二,14:55:35,BC450719,SIMBR0196,SIMR0196,SIMU0013:User 13,GRANTED
2026,1月,13,周二,14:55:35,9FA88CE9,SIMBR0107,SIMR0107,SIMU0049:User 49,GRANTED
2026,1月,13,周二,14:55:35,B095C629,SIMBR0130,SIMR0130,SIMU0257:User 257,GRANTED
2026,1月,13,周二,14:55:35,AF6C110D,SIMBR0201,SIMR0201,SIMU0080:User 80,GRANTED
2026,1月,13,周二,14:55:35,A4F77AE3,SIMBR0337,SIMR0337,SIMU0031:User 31,GRANTED
2026,1月,13,周二,14:55:35,E2F9D137,SIMBR0171,SIMR0171,SIMU0217:User 217,GRANTED
2026,1月,13,周二,14:55:35,D87DCC23,SIMBR0258,SIMR0258,SIMU0006:User 6,GRANTED
2026,1月,13,周二,14:55:35,3B22F02A,SIMBR0328,SIMR0328,SIMU0299:User 299,GRANTED
2026,1月,13,周二,14:55:35,3A395E30,BR019,RES012,SIMU0280:User 280,DENIED
2026,1月,13,周二,14:55:35,69A8F764,SIMBR0148,SIMR0148,SIMU0240:User 240,GRANTED
2026,1月,13,周二,14:55:35,C39400FA,SIMBR0033,SIMR0033,SIMU0078:User 78,GRANTED
2026,1月,13,周二,14:55:35,E55AD432,SIMBR0046,SIMR0046,SIMU0134:User 134,GRANTED
2026,1月,13,周二,14:55:35,6B7D13ED,SIMBR0047,SIMR0047,SIMU0191:User 191,GRANTED
2026,1月,13,周二,14:55:35,4D83FE2E,SIMBR0399,SIMR0399,SIMU0056:User 56,GRANTED
2026,1月,13,周二,14:55:35,D0871CF1,SIMBR0091,SIMR0091,SIMU0007:User 7,GRANTED
2026,1月,13,周二,14:55:35,A2589816,SIMBR0321,SIMR0321,SIMU0082:User 82,GRANTED
2026,1月,13,周二,14:55:35,A234EF8B,SIMBR0204,SIMR0204,SIMU0069:User 69,GRANTED
2026,1月,13,周二,14:55:35,7BEB2168,BR014,RES007,SIMU0282:User 282,DENIED
2026,1月,13,周二,14:55:35,40A1D543,SIMBR0328,SIMR0328,SIMU0267:User 267,GRANTED
2026,1月,13,周二,14:55:35,56619802,SIMBR0304,SIMR0304,SIMU0202:User 202,GRANTED
2026,1月,13,周二,14:55:35,2C249415,SIMBR0321,SIMR0321,SIMU0276:User 276,GRANTED
2026,1月,13,周二,14:55:35,C584F9D3,SIMBR0297,SIMR0297,EMP001:Zhang San,DENIED
2026,1月,13,周二,14:55:35,4B59E256,BR017,RES010,SIMU0182:User 182,DENIED
2026,1月,13,周二,14:55:35,54C5EDBD,SIMBR0152,SIMR0152,SIMU0145:User 145,GRANTED
2026,1月,13,周二,14:55:35,1A3D1ED6,SIMBR0270,SIMR0270,SIMU0231:User 231,GRANTED
2026,1月,13,周二,14:55:35,3A395E30,SIMBR0260,SIMR0260,SIMU0280:User 280,GRANTED
2026,1月,13,周二,14:55:35,40BD64A5,SIMBR0158,SIMR0158,SIMU0245:User 245,GRANTED
2026,1月,13,周二,14:55:35,964B6B12,SIMBR0279,SIMR0279,SIMU0003:User 3,GRANTED
2026,1月,13,周二,14:55:35,40A1D543,SIMBR0388,SIMR0388,SIMU0267:User 267,GRANTED
2026,1月,13,周二,14:55:35,6BDE4067,SIMBR0152,SIMR0152,SIMU0114:User 114,GRANTED
2026,1月,13,周二,14:55:35,E07F08A6,BR018,RES011,SIMU0246:User 246,DENIED
2026,1月,13,周二,14:55:35,DB66EC85,SIMBR0367,SIMR0367,SIMU0100:User 100,GRANTED
2026,1月,13,周二,14:55:35,78D74DDD,SIMBR0192,SIMR0192,VIS001:Qian Qi,DENIED
2026,1月,13,周二,14:55:35,9FA88CE9,SIMBR0231,SIMR0231,SIMU0049:User 49,GRANTED
2026,1月,13,周二,14:55:35,874CC50E,SIMBR0080,SIMR0080,SIMU0036:User 36,GRANTED
2026,1月,13,周二,14:55:35,C3943F18,SIMBR0300,SIMR0300,SIMU0113:User 113,GRANTED
2026,1月,13,周二,14:55:35,546575AC,SIMBR0245,SIMR0245,SIMU0140:User 140,GRANTED
2026,1月,13,周二,14:55:35,2C249415,SIMBR0333,SIMR0333,SIMU0276:User 276,GRANTED
2026,1月,13,周二,14:55:35,B1990B96,SIMBR0310,SIMR0310,SIMU0106:User 106,GRANTED
2026,1月,13,周二,14:55:35,18788AAF,SIMBR0219,SIMR0219,SIMU0298:User 298,GRANTED
2026,1月,13,周二,14:55:35,F1D4B1B6,SIMBR0027,SIMR0027,SIMU0247:User 247,GRANTED
2026,1月,13,周二,14:55:35,F832AB7A,SIMBR0019,SIMR0019,SIMU0139:User 139,GRANTED
2026,1月,13,周二,14:55:35,E93FF152,SIMBR0340,SIMR0340,SIMU0197:User 197,GRANTED
2026,1月,13,周二,14:55:35,FC05A793,SIMBR0293,SIMR0293,SIMU0071:User 71,GRANTED
2026,1月,13,周二,14:55:35,D2C7D462,SIMBR0261,SIMR0261,SIMU0061:User 61,GRANTED
2026,1月,13,周二,14:55:35,3A395E30,SIMBR0027,SIMR0027,SIMU0280:User 280,GRANTED
2026,1月,13,周二,14:55:35,66FC8294,SIMBR0249,SIMR0249,SIMU0180:User 180,GRANTED
2026,1月,13,周二,14:55:35,C6173DD5,SIMBR0177,SIMR0177,SIMU0023:User 23,GRANTED
2026,1月,13,周二,14:55:35,41981850,SIMBR0193,SIMR0193,SIMU0263:User 263,GRANTED
2026,1月,13,周二,14:55:35,20917633,SIMBR0180,SIMR0180,SIMU0296:User 296,GRANTED
2026,1月,13,周二,14:55:35,5A758FE3,SIMBR0006,SIMR0006,SIMU0103:User 103,GRANTED
2026,1月,13,周二,14:55:35,6714B510,SIMBR0152,SIMR0152,SIMU0160:User 160,GRANTED
2026,1月,13,周二,14:55:35,050D9DEF,SIMBR0324,SIMR0324,SIMU0128:User 128,GRANTED
2026,1月,13,周二,14:55:35,BA841717,SIMBR0391,SIMR0391,SIMU0064:User 64,GRANTED
2026,1月,13,周二,14:55:35,C0993563,SIMBR0167,SIMR0167,SIMU0209:User 209,GRANTED
2026,1月,13,周二,14:55:35,95777979,SIMBR0299,SIMR0299,SIMU0051:User 51,GRANTED
2026,1月,13,周二,14:55:35,A7A30652,SIMBR0023,SIMR0023,SIMU0094:User 94,GRANTED
2026,1月,13,周二,14:55:35,24DE0286,SIMBR0316,SIMR0316,SIMU0221:User 221,GRANTED
2026,1月,13,周二,14:55:35,6E7782F8,SIMBR0201,SIMR0201,INT001:Zhao Liu,DENIED
2026,1月,13,周二,14:55:35,B0DFB305,SIMBR0130,SIMR0130,SIMU0151:User 151,GRANTED
2026,1月,13,周二,14:55:35,290F7C52,SIMBR0232,SIMR0232,SIMU0216:User 216,GRANTED
2026,1月,13,周二,14:55:35,D6BC3463,SIMBR0380,SIMR0380,SIMU0037:User 37,GRANTED
2026,1月,13,周二,14:55:35,69A8F764,SIMBR0117,SIMR0117,SIMU0240:User 240,GRANTED
2026,1月,13,周二,14:55:35,CEC0E003,SIMBR0189,SIMR0189,SIMU0009:User 9,GRANTED
2026,1月,13,周二,14:55:35,C584F9D3,SIMBR0122,SIMR0122,EMP001:Zhang San,DENIED
2026,1月,13,周二,14:55:35,6B7D13ED,SIMBR0387,SIMR0387,SIMU0191:User 191,GRANTED
2026,1月,13,周二,14:55:35,F0ADE55C,SIMBR0121,SIMR0121,SIMU0237:User 237,GRANTED
2026,1月,13,周二,14:55:35,AA3155BB,SIMBR0050,SIMR0050,SIMU0050:User 50,GRANTED
2026,1月,13,周二,14:55:35,01FC696F,SIMBR0216,SIMR0216,SIMU0068:User 68,GRANTED
2026,1月,13,周二,14:55:35,B33C40D7,SIMBR0131,SIMR0131,SIMU0015:User 15,GRANTED
2026,1月,13,周二,14:55:35,495297EE,SIMBR0036,SIMR0036,SIMU0038:User 38,GRANTED
2026,1月,13,周二,14:55:35,7C28253F,SIMBR0009,SIMR0009,SIMU0027:User 27,GRANTED
2026,1月,13,周二,14:55:35,11BD165A,SIMBR0187,SIMR0187,SIMU0154:User 154,GRANTED
2026,1月,13,周二,14:55:35,0DE450B1,BR013,RES006,SIMU0016:User 16,DENIED
2026,1月,13,周二,14:55:35,5334DCE6,SIMBR0053,SIMR0053,SIMU0179:User 179,GRANTED
2026,1月,13,周二,14:55:35,69A8F764,SIMBR0012,SIMR0012,SIMU0240:User 240,GRANTED
2026,1月,13,周二,14:55:35,1812D558,SIMBR0224,SIMR0224,SIMU0214:User 214,GRANTED
2026,1月,13,周二,14:55:35,E137F666,SIMBR0139,SIMR0139,SIMU0220:User 220,GRANTED
2026,1月,13,周二,14:55:35,B0DFB305,SIMBR0037,SIMR0037,SIMU0151:User 151,GRANTED
2026,1月,13,周二,14:55:35,CBD2A48A,SIMBR0281,SIMR0281,SIMU0021:User 21,GRANTED
2026,1月,13,周二,14:55:35,FEB7592C,SIMBR0299,SIMR0299,SIMU0059:User 59,GRANTED
2026,1月,13,周二,14:55:35,4AF57AEF,SIMBR0336,SIMR0336,SIMU0193:User 193,GRANTED
2026,1月,13,周二,14:55:35,95379CDB,SIMBR0192,SIMR0192,f46ee39b-ac9d-4193-a478-f8cfc35cec07:gagaga a,GRANTED
2026,1月,13,周二,14:55:35,C72DAED8,SIMBR0357,SIMR0357,SIMU0117:User 117,GRANTED
2026,1月,13,周二,14:55:35,C6E3BF57,SIMBR0134,SIMR0134,SIMU0297:User 297,GRANTED
2026,1月,13,周二,14:55:35,BEBCE825,SIMBR0241,SIMR0241,SIMU0270:User 270,GRANTED
2026,1月,13,周二,14:55:35,80BC1A17,SIMBR0288,SIMR0288,SIMU0112:User 112,GRANTED
2026,1月,13,周二,14:55:35,18788AAF,SIMBR0039,SIMR0039,SIMU0298:User 298,GRANTED
2026,1月,13,周二,14:55:35,6A6279C3,SIMBR0324,SIMR0324,SIMU0178:User 178,GRANTED
2026,1月,13,周二,14:55:35,6E7782F8,SIMBR0319,SIMR0319,INT001:Zhao Liu,DENIED
2026,1月,13,周二,14:55:35,701D5B3A,SIMBR0163,SIMR0163,SIMU0211:User 211,GRANTED
2026,1月,13,周二,14:55:35,BA1008EF,SIMBR0113,SIMR0113,SIMU0083:User 83,GRANTED
2026,1月,13,周二,14:55:35,5A758FE3,SIMBR0167,SIMR0167,SIMU0103:User 103,GRANTED
2026,1月,13,周二,14:55:35,BD4961D3,SIMBR0316,SIMR0316,SIMU0169:User 169,GRANTED
2026,1月,13,周二,14:55:35,CD0D9101,SIMBR0263,SIMR0263,SIMU0135:User 135,GRANTED
2026,1月,13,周二,14:55:35,A5A16F78,SIMBR0141,SIMR0141,SIMU0294:User 294,GRANTED
2026,1月,13,周二,14:55:35,C39400FA,SIMBR0011,SIMR0011,SIMU0078:User 78,GRANTED
2026,1月,13,周二,14:55:35,6C174D63,SIMBR0174,SIMR0174,SIMU0116:User 116,GRANTED
2026,1月,13,周二,14:55:35,13F09473,SIMBR0009,SIMR0009,SIMU0279:User 279,GRANTED
2026,1月,13,周二,14:55:35,394DF2A8,SIMBR0218,SIMR0218,SIMU0111:User 111,GRANTED
2026,1月,13,周二,14:55:35,DCB76AA3,SIMBR0325,SIMR0325,SIMU0228:User 228,GRANTED
2026,1月,13,周二,14:55:35,20D788EC,SIMBR0120,SIMR0120,SIMU0271:User 271,GRANTED
2026,1月,13,周二,14:55:35,DA3D486F,SIMBR0395,SIMR0395,SIMU0028:User 28,GRANTED
2026,1月,13,周二,14:55:35,AF6C110D,SIMBR0139,SIMR0139,SIMU0080:User 80,GRANTED
2026,1月,13,周二,14:55:35,BC450719,SIMBR0350,SIMR0350,SIMU0013:User 13,GRANTED
2026,1月,13,周二,14:55:35,8EA215FF,SIMBR0161,SIMR0161,SIMU0201:User 201,GRANTED
2026,1月,13,周二,14:55:35,853BC8DF,SIMBR0378,SIMR0378,SIMU0092:User 92,GRANTED
2026,1月,13,周二,14:55:35,6BDE4067,SIMBR0024,SIMR0024,SIMU0114:User 114,GRANTED
2026,1月,13,周二,14:55:35,97A9597E,SIMBR0125,SIMR0125,SIMU0030:User 30,GRANTED
2026,1月,13,周二,14:55:35,84F825EE,SIMBR0387,SIMR0387,SIMU0150:User 150,GRANTED
2026,1月,13,周二,14:55:35,81F12C1B,SIMBR0086,SIMR0086,SIMU0200:User 200,GRANTED
2026,1月,13,周二,14:55:35,E775A860,SIMBR0267,SIMR0267,SIMU0248:User 248,GRANTED
2026,1月,13,周二,14:55:35,0DE450B1,SIMBR0203,SIMR0203,SIMU0016:User 16,GRANTED
2026,1月,13,周二,14:55:35,FD75651D,SIMBR0288,SIMR0288,SIMU0238:User 238,GRANTED
2026,1月,13,周二,14:55:35,D716AAF5,SIMBR0003,SIMR0003,SIMU0170:User 170,GRANTED
2026,1月,13,周二,14:55:35,6C174D63,SIMBR0396,SIMR0396,SIMU0116:User 116,GRANTED
2026,1月,13,周二,14:55:35,18788AAF,SIMBR0397,SIMR0397,SIMU0298:User 298,GRANTED
2026,1月,13,周二,14:55:35,BA0243B9,SIMBR0342,SIMR0342,PM001:Sun Ba,DENIED
2026,1月,13,周二,14:55:35,1E4AD759,SIMBR0351,SIMR0351,SIMU0029:User 29,GRANTED
2026,1月,13,周二,14:55:35,BEBCE825,SIMBR0308,SIMR0308,SIMU0270:User 270,GRANTED
2026,1月,13,周二,14:55:35,E55AD432,SIMBR0227,SIMR0227,SIMU0134:User 134,GRANTED
2026,1月,13,周二,14:55:35,6FFD7F45,SIMBR0152,SIMR0152,SIMU0198:User 198,GRANTED
2026,1月,13,周二,14:55:35,69A8F764,SIMBR0087,SIMR0087,SIMU0240:User 240,GRANTED
2026,1月,13,周二,14:55:35,489655D2,SIMBR0068,SIMR0068,CON001:Wang Wu,DENIED
2026,1月,13,周二,14:55:35,7C3923AE,SIMBR0009,SIMR0009,SIMU0210:User 210,GRANTED
2026,1月,13,周二,14:55:35,1CA3AA4C,SIMBR0020,SIMR0020,SIMU0014:User 14,GRANTED
2026,1月,13,周二,14:55:35,E0F41E54,SIMBR0005,SIMR0005,SIMU0176:User 176,GRANTED
2026,1月,13,周二,14:55:35,050D9DEF,SIMBR0367,SIMR0367,SIMU0128:User 128,GRANTED
2026,1月,13,周二,14:55:35,1A3D1ED6,SIMBR0155,SIMR0155,SIMU0231:User 231,GRANTED
2026,1月,13,周二,14:55:35,13990099,SIMBR0209,SIMR0209,SIMU0008:User 8,GRANTED
2026,1月,13,周二,14:55:35,5E9892AA,SIMBR0353,SIMR0353,SIMU0293:User 293,GRANTED
2026,1月,13,周二,14:55:35,D1BB07EE,SIMBR0372,SIMR0372,SIMU0287:User 287,GRANTED
2026,1月,13,周二,14:55:35,559213A2,SIMBR0101,SIMR0101,SIMU0047:User 47,GRANTED
2026,1月,13,周二,14:55:35,CA782D54,SIMBR0228,SIMR0228,SIMU0219:User 219,GRANTED
2026,1月,13,周二,14:55:35,94264C0C,SIMBR0045,SIMR0045,SIMU0118:User 118,GRANTED
2026,1月,13,周二,14:55:35,1B14F9BC,SIMBR0310,SIMR0310,SIMU0065:User 65,GRANTED
2026,1月,13,周二,14:55:35,0EA23D3A,SIMBR0014,SIMR0014,SIMU0062:User 62,GRANTED
2026,1月,13,周二,14:55:35,559213A2,SIMBR0134,SIMR0134,SIMU0047:User 47,GRANTED
2026,1月,13,周二,14:55:35,1EE4C053,SIMBR0374,SIMR0374,SIMU0026:User 26,GRANTED
2026,1月,13,周二,14:55:35,46895123,SIMBR0285,SIMR0285,SIMU0132:User 132,GRANTED
2026,1月,13,周二,14:55:35,47C3A99F,SIMBR0037,SIMR0037,SIMU0136:User 136,GRANTED
2026,1月,13,周二,14:55:35,8C19D42A,SIMBR0305,SIMR0305,SIMU0284:User 284,GRANTED
2026,1月,13,周二,14:55:35,18788AAF,SIMBR0051,SIMR0051,SIMU0298:User 298,GRANTED
2026,1月,13,周二,14:55:35,86937632,SIMBR0056,SIMR0056,SIMU0187:User 187,GRANTED
2026,1月,13,周二,14:55:35,01FC696F,SIMBR0375,SIMR0375,SIMU0068:User 68,GRANTED
2026,1月,13,周二,14:55:35,75D7C714,SIMBR0226,SIMR0226,SIMU0005:User 5,GRANTED
2026,1月,13,周二,14:55:35,2EEB40A9,SIMBR0375,SIMR0375,SIMU0260:User 260,GRANTED
2026,1月,13,周二,14:55:35,397975BA,SIMBR0211,SIMR0211,SIMU0164:User 164,GRANTED
2026,1月,13,周二,14:55:35,F1D4B1B6,SIMBR0062,SIMR0062,SIMU0247:User 247,GRANTED
2026,1月,13,周二,14:55:35,6C174D63,SIMBR0226,SIMR0226,SIMU0116:User 116,GRANTED
2026,1月,13,周二,14:55:35,C5A57784,SIMBR0223,SIMR0223,SIMU0072:User 72,GRANTED
2026,1月,13,周二,14:55:35,DF7754DF,SIMBR0150,SIMR0150,SIMU0019:User 19,GRANTED
2026,1月,13,周二,14:55:35,C1CE8342,SIMBR0046,SIMR0046,SIMU0018:User 18,GRANTED
2026,1月,13,周二,14:55:35,E775A860,BR019,RES012,SIMU0248:User 248,DENIED
2026,1月,13,周二,14:55:35,AF6C110D,SIMBR0325,SIMR0325,SIMU0080:User 80,GRANTED
2026,1月,13,周二,14:55:35,BA893511,SIMBR0357,SIMR0357,SIMU0269:User 269,GRANTED
2026,1月,13,周二,14:55:35,F8F80D07,SIMBR0256,SIMR0256,SIMU0253:User 253,GRANTED
2026,1月,13,周二,14:55:35,B13BB6C7,SIMBR0215,SIMR0215,SIMU0167:User 167,GRANTED
2026,1月,13,周二,14:55:35,FBBEF95C,SIMBR0097,SIMR0097,SIMU0025:User 25,GRANTED
2026,1月,13,周二,14:55:35,15D30411,SIMBR0037,SIMR0037,SIMU0289:User 289,GRANTED
2026,1月,13,周二,14:55:35,7C3923AE,SIMBR0314,SIMR0314,SIMU0210:User 210,GRANTED
2026,1月,13,周二,14:55:35,2289A51E,BR024,RES017,SIMU0273:User 273,DENIED
2026,1月,13,周二,14:55:35,24A968FA,SIMBR0097,SIMR0097,SIMU0241:User 241,GRANTED
2026,1月,13,周二,14:55:35,C0993563,SIMBR0395,SIMR0395,SIMU0209:User 209,GRANTED
2026,1月,13,周二,14:55:35,C39400FA,SIMBR0246,SIMR0246,SIMU0078:User 78,GRANTED
2026,1月,13,周二,14:55:36,B3E8626A,SIMBR0056,SIMR0056,SIMU0239:User 239,GRANTED
2026,1月,13,周二,14:55:36,E775A860,SIMBR0371,SIMR0371,SIMU0248:User 248,GRANTED
2026,1月,13,周二,14:55:36,489655D2,SIMBR0388,SIMR0388,CON001:Wang Wu,DENIED
2026,1月,13,周二,14:55:36,8C19D42A,SIMBR0385,SIMR0385,SIMU0284:User 284,GRANTED
2026,1月,13,周二,14:55:36,A0043AC2,SIMBR0044,SIMR0044,SIMU0040:User 40,GRANTED
2026,1月,13,周二,14:55:36,0A675EEC,SIMBR0371,SIMR0371,SIMU0138:User 138,GRANTED
2026,1月,13,周二,14:55:36,D832D5F3,SIMBR0316,SIMR0316,SIMU0261:User 261,GRANTED
2026,1月,13,周二,14:55:36,DA3D486F,SIMBR0369,SIMR0369,SIMU0028:User 28,GRANTED
2026,1月,13,周二,14:55:36,CB2FA116,SIMBR0210,SIMR0210,SIMU0172:User 172,GRANTED
2026,1月,13,周二,14:55:36,D49E4724,SIMBR0219,SIMR0219,SIMU0278:User 278,GRANTED
2026,1月,13,周二,14:55:36,D6BC3463,SIMBR0193,SIMR0193,SIMU0037:User 37,GRANTED
2026,1月,13,周二,14:55:36,87F48A64,SIMBR0265,SIMR0265,SIMU0143:User 143,GRANTED
2026,1月,13,周二,14:55:36,16ED8B1D,BR009,RES025,SIMU0073:User 73,DENIED
2026,1月,13,周二,14:55:36,F8F80D07,SIMBR0045,SIMR0045,SIMU0253:User 253,GRANTED
2026,1月,13,周二,14:55:36,49B45DCD,SIMBR0190,SIMR0190,SIMU0272:User 272,GRANTED
2026,1月,13,周二,14:55:36,AB055C88,SIMBR0074,SIMR0074,SIMU0024:User 24,GRANTED
2026,1月,13,周二,14:55:36,E775A860,SIMBR0393,SIMR0393,SIMU0248:User 248,GRANTED
2026,1月,13,周二,14:55:36,3B22F02A,SIMBR0272,SIMR0272,SIMU0299:User 299,GRANTED
2026,1月,13,周二,14:55:36,E93FF152,SIMBR0061,SIMR0061,SIMU0197:User 197,GRANTED
2026,1月,13,周二,14:55:36,21A13EE6,SIMBR0008,SIMR0008,SIMU0133:User 133,GRANTED
2026,1月,13,周二,14:55:36,CB2FA116,SIMBR0030,SIMR0030,SIMU0172:User 172,GRANTED
2026,1月,13,周二,14:55:36,58B55845,BR009,RES025,EMP002:Li Si,DENIED
2026,1月,13,周二,14:55:36,A4F77AE3,SIMBR0281,SIMR0281,SIMU0031:User 31,GRANTED
2026,1月,13,周二,14:55:36,C50459DB,SIMBR0260,SIMR0260,SIMU0262:User 262,GRANTED
2026,1月,13,周二,14:55:36,11BD165A,SIMBR0054,SIMR0054,SIMU0154:User 154,GRANTED
2026,1月,13,周二,14:55:36,4AF57AEF,SIMBR0287,SIMR0287,SIMU0193:User 193,GRANTED
2026,1月,13,周二,14:55:36,D324F0AC,SIMBR0337,SIMR0337,SIMU0108:User 108,GRANTED
2026,1月,13,周二,14:55:36,11BD165A,SIMBR0386,SIMR0386,SIMU0154:User 154,GRANTED
2026,1月,13,周二,14:55:36,40BD64A5,SIMBR0090,SIMR0090,SIMU0245:User 245,GRANTED
2026,1月,13,周二,14:55:36,B77EBDC0,SIMBR0280,SIMR0280,SIMU0203:User 203,GRANTED
2026,1月,13,周二,14:55:36,8BF81A2A,SIMBR0054,SIMR0054,SIMU0233:User 233,GRANTED
2026,1月,13,周二,14:55:36,8C19D42A,SIMBR0351,SIMR0351,SIMU0284:User 284,GRANTED
2026,1月,13,周二,14:55:36,C50459DB,SIMBR0016,SIMR0016,SIMU0262:User 262,GRANTED
2026,1月,13,周二,14:55:36,9615FFCC,SIMBR0017,SIMR0017,SIMU0010:User 10,GRANTED
2026,1月,13,周二,14:55:36,FE83648E,SIMBR0172,SIMR0172,SIMU0142:User 142,GRANTED
2026,1月,13,周二,14:55:36,D0871CF1,SIMBR0025,SIMR0025,SIMU0007:User 7,GRANTED
2026,1月,13,周二,14:55:36,B6F02DDB,BR007,RES024,SIMU0156:User 156,DENIED
2026,1月,13,周二,14:55:36,15D30411,SIMBR0347,SIMR0347,SIMU0289:User 289,GRANTED
2026,1月,13,周二,14:55:36,FC9C0D71,SIMBR0215,SIMR0215,SIMU0093:User 93,GRANTED
2026,1月,13,周二,14:55:36,11BD165A,SIMBR0023,SIMR0023,SIMU0154:User 154,GRANTED
2026,1月,13,周二,14:55:36,BD4961D3,SIMBR0047,SIMR0047,SIMU0169:User 169,GRANTED
2026,1月,13,周二,14:55:36,3870BA5D,SIMBR0112,SIMR0112,SIMU0173:User 173,GRANTED
2026,1月,13,周二,14:55:36,54C5EDBD,SIMBR0069,SIMR0069,SIMU0145:User 145,GRANTED
2026,1月,13,周二,14:55:36,CA15B29F,SIMBR0330,SIMR0330,SIMU0206:User 206,GRANTED
2026,1月,13,周二,14:55:36,6FFD7F45,SIMBR0291,SIMR0291,SIMU0198:User 198,GRANTED
2026,1月,13,周二,14:55:36,853BC8DF,SIMBR0349,SIMR0349,SIMU0092:User 92,GRANTED
2026,1月,13,周二,14:55:36,701D5B3A,SIMBR0033,SIMR0033,SIMU0211:User 211,GRANTED
2026,1月,13,周二,14:55:36,874CC50E,SIMBR0333,SIMR0333,SIMU0036:User 36,GRANTED
2026,1月,13,周二,14:55:36,489655D2,BR008,RES003,CON001:Wang Wu,GRANTED
2026,1月,13,周二,14:55:36,5FF2F656,BR007,RES024,SIMU0120:User 120,DENIED
2026,1月,13,周二,14:55:36,CB2FA116,SIMBR0043,SIMR0043,SIMU0172:User 172,GRANTED
2026,1月,13,周二,14:55:36,0641BA46,SIMBR0212,SIMR0212,SIMU0085:User 85,GRANTED
2026,1月,13,周二,14:55:36,46895123,SIMBR0193,SIMR0193,SIMU0132:User 132,GRANTED
2026,1月,13,周二,14:55:36,CB1ACCC7,SIMBR0244,SIMR0244,SIMU0110:User 110,GRANTED
2026,1月,13,周二,14:55:36,7CA376A0,BR008,RES003,SIMU0102:User 102,DENIED
2026,1月,13,周二,14:55:36,2056B86F,SIMBR0151,SIMR0151,SIMU0067:User 67,GRANTED
2026,1月,13,周二,14:55:36,C0993563,SIMBR0233,SIMR0233,SIMU0209:User 209,GRANTED
2026,1月,13,周二,14:55:36,8CBA0F42,SIMBR0207,SIMR0207,SIMU0152:User 152,GRANTED
2026,1月,13,周二,14:55:36,273F3B3E,SIMBR0132,SIMR0132,SIMU0224:User 224,GRANTED
2026,1月,13,周二,14:55:36,6CEC1FDF,SIMBR0397,SIMR0397,SIMU0230:User 230,GRANTED
2026,1月,13,周二,14:55:36,0A675EEC,SIMBR0327,SIMR0327,SIMU0138:User 138,GRANTED
2026,1月,13,周二,14:55:36,D6BC3463,SIMBR0285,SIMR0285,SIMU0037:User 37,GRANTED
2026,1月,13,周二,14:55:36,3DC555DE,SIMBR0310,SIMR0310,SIMU0300:User 300,GRANTED
2026,1月,13,周二,14:55:36,5A758FE3,SIMBR0320,SIMR0320,SIMU0103:User 103,GRANTED
2026,1月,13,周二,14:55:36,2E121B44,SIMBR0171,SIMR0171,SIMU0258:User 258,GRANTED
2026,1月,13,周二,14:55:36,B3E8626A,SIMBR0309,SIMR0309,SIMU0239:User 239,GRANTED
2026,1月,13,周二,14:55:36,6C174D63,SIMBR0231,SIMR0231,SIMU0116:User 116,GRANTED
2026,1月,13,周二,14:55:36,B33C40D7,SIMBR0328,SIMR0328,SIMU0015:User 15,GRANTED
2026,1月,13,周二,14:55:36,3A52D444,SIMBR0351,SIMR0351,SIMU0166:User 166,GRANTED
2026,1月,13,周二,14:55:36,53A1B264,SIMBR0333,SIMR0333,SIMU0017:User 17,GRANTED
2026,1月,13,周二,14:55:36,E116EA41,SIMBR0019,SIMR0019,SIMU0127:User 127,GRANTED
2026,1月,13,周二,14:55:36,5AC1CCB2,SIMBR0150,SIMR0150,SIMU0264:User 264,GRANTED
2026,1月,13,周二,14:55:36,905C3DCB,SIMBR0030,SIMR0030,SIMU0070:User 70,GRANTED
2026,1月,13,周二,14:55:36,3B7FFD92,SIMBR0348,SIMR0348,SIMU0256:User 256,GRANTED
2026,1月,13,周二,14:55:36,BA893511,SIMBR0163,SIMR0163,SIMU0269:User 269,GRANTED
2026,1月,13,周二,14:55:36,397975BA,SIMBR0283,SIMR0283,SIMU0164:User 164,GRANTED
2026,1月,13,周二,14:55:36,0641BA46,SIMBR0138,SIMR0138,SIMU0085:User 85,GRANTED
2026,1月,13,周二,14:55:36,40BD64A5,SIMBR0294,SIMR0294,SIMU0245:User 245,GRANTED
2026,1月,13,周二,14:55:36,E775A860,SIMBR0318,SIMR0318,SIMU0248:User 248,GRANTED
2026,1月,13,周二,14:55:36,4AF57AEF,SIMBR0063,SIMR0063,SIMU0193:User 193,GRANTED
2026,1月,13,周二,14:55:36,72A4E470,SIMBR0147,SIMR0147,SIMU0268:User 268,GRANTED
2026,1月,13,周二,14:55:36,FBFF5A63,SIMBR0343,SIMR0343,SIMU0184:User 184,GRANTED
2026,1月,13,周二,14:55:36,47C3A99F,SIMBR0125,SIMR0125,SIMU0136:User 136,GRANTED
2026,1月,13,周二,14:55:36,C46D887F,SIMBR0058,SIMR0058,SIMU0254:User 254,GRANTED
2026,1月,13,周二,14:55:36,273D28BF,SIMBR0040,SIMR0040,SIMU0057:User 57,GRANTED
2026,1月,13,周二,14:55:36,D0B8FC16,BR010,RES004,SIMU0185:User 185,DENIED
2026,1月,13,周二,14:55:36,C6E3BF57,SIMBR0347,SIMR0347,SIMU0297:User 297,GRANTED
2026,1月,13,周二,14:55:36,35C69784,SIMBR0253,SIMR0253,SIMU0168:User 168,GRANTED
2026,1月,13,周二,14:55:36,2C249415,SIMBR0196,SIMR0196,SIMU0276:User 276,GRANTED
2026,1月,13,周二,14:55:36,7BEB2168,SIMBR0236,SIMR0236,SIMU0282:User 282,GRANTED
2026,1月,13,周二,14:55:36,41981850,SIMBR0264,SIMR0264,SIMU0263:User 263,GRANTED
2026,1月,13,周二,14:55:36,29200997,SIMBR0102,SIMR0102,SIMU0186:User 186,GRANTED
2026,1月,13,周二,14:55:36,582A6476,SIMBR0271,SIMR0271,SIMU0046:User 46,GRANTED
2026,1月,13,周二,14:55:36,49B45DCD,SIMBR0323,SIMR0323,SIMU0272:User 272,GRANTED
2026,1月,13,周二,14:55:36,BA6DDD0B,SIMBR0072,SIMR0072,SIMU0146:User 146,GRANTED
2026,1月,13,周二,14:55:36,FB68A282,SIMBR0020,SIMR0020,SIMU0183:User 183,GRANTED
2026,1月,13,周二,14:55:36,C3943F18,SIMBR0275,SIMR0275,SIMU0113:User 113,GRANTED
2026,1月,13,周二,14:55:36,73913F8C,SIMBR0021,SIMR0021,SIMU0188:User 188,GRANTED
2026,1月,13,周二,14:55:36,F616A325,BR018,RES011,SIMU0194:User 194,DENIED
2026,1月,13,周二,14:55:36,4FC5D562,SIMBR0073,SIMR0073,SIMU0275:User 275,GRANTED
2026,1月,13,周二,14:55:36,964B6B12,SIMBR0003,SIMR0003,SIMU0003:User 3,GRANTED
2026,1月,13,周二,14:55:36,F9B71846,SIMBR0288,SIMR0288,SIMU0196:User 196,GRANTED
2026,1月,13,周二,14:55:36,B0DFB305,SIMBR0326,SIMR0326,SIMU0151:User 151,GRANTED
2026,1月,13,周二,14:55:36,5D5C3450,SIMBR0072,SIMR0072,SIMU0131:User 131,GRANTED
2026,1月,13,周二,14:55:36,61095621,SIMBR0376,SIMR0376,SIMU0137:User 137,GRANTED
2026,1月,13,周二,14:55:36,FEB7592C,SIMBR0342,SIMR0342,SIMU0059:User 59,GRANTED
2026,1月,13,周二,14:55:36,C31E01F0,SIMBR0214,SIMR0214,SIMU0192:User 192,GRANTED
2026,1月,13,周二,14:55:36,6BDE4067,SIMBR0285,SIMR0285,SIMU0114:User 114,GRANTED
2026,1月,13,周二,14:55:36,8884A944,SIMBR0091,SIMR0091,SIMU0295:User 295,GRANTED
2026,1月,13,周二,14:55:36,1E4AD759,SIMBR0326,SIMR0326,SIMU0029:User 29,GRANTED
2026,1月,13,周二,14:55:36,0540806D,SIMBR0135,SIMR0135,SIMU0265:User 265,GRANTED
2026,1月,13,周二,14:55:36,0641BA46,SIMBR0166,SIMR0166,SIMU0085:User 85,GRANTED
2026,1月,13,周二,14:55:36,B13BB6C7,SIMBR0252,SIMR0252,SIMU0167:User 167,GRANTED
2026,1月,13,周二,14:55:36,8B9117BE,SIMBR0312,SIMR0312,SIMU0165:User 165,GRANTED
2026,1月,13,周二,14:55:36,F616A325,SIMBR0173,SIMR0173,SIMU0194:User 194,GRANTED
2026,1月,13,周二,14:55:36,6E7782F8,SIMBR0173,SIMR0173,INT001:Zhao Liu,DENIED
2026,1月,13,周二,14:55:36,8B9117BE,SIMBR0313,SIMR0313,SIMU0165:User 165,GRANTED
2026,1月,13,周二,14:55:36,95379CDB,SIMBR0170,SIMR0170,f46ee39b-ac9d-4193-a478-f8cfc35cec07:gagaga a,GRANTED
2026,1月,13,周二,14:55:36,DF7754DF,SIMBR0241,SIMR0241,SIMU0019:User 19,GRANTED
2026,1月,13,周二,14:55:36,CB2FA116,SIMBR0051,SIMR0051,SIMU0172:User 172,GRANTED
2026,1月,13,周二,14:55:36,4FC5D562,SIMBR0317,SIMR0317,SIMU0275:User 275,GRANTED
2026,1月,13,周二,14:55:36,2D060B76,SIMBR0008,SIMR0008,SIMU0162:User 162,GRANTED
2026,1月,13,周二,14:55:36,D3799252,SIMBR0192,SIMR0192,SIMU0022:User 22,GRANTED
2026,1月,13,周二,14:55:36,C50459DB,SIMBR0308,SIMR0308,SIMU0262:User 262,GRANTED
2026,1月,13,周二,14:55:36,8BC6335E,SIMBR0056,SIMR0056,SIMU0204:User 204,GRANTED
2026,1月,13,周二,14:55:36,1EE4C053,SIMBR0302,SIMR0302,SIMU0026:User 26,GRANTED
2026,1月,13,周二,14:55:36,1E74F408,SIMBR0078,SIMR0078,SIMU0171:User 171,GRANTED
2026,1月,13,周二,14:55:36,1A3D1ED6,SIMBR0240,SIMR0240,SIMU0231:User 231,GRANTED
2026,1月,13,周二,14:55:36,D3E409F0,SIMBR0008,SIMR0008,SIMU0012:User 12,GRANTED
2026,1月,13,周二,14:55:36,C0993563,SIMBR0391,SIMR0391,SIMU0209:User 209,GRANTED
2026,1月,13,周二,14:55:36,95379CDB,SIMBR0168,SIMR0168,f46ee39b-ac9d-4193-a478-f8cfc35cec07:gagaga a,GRANTED
2026,1月,13,周二,14:55:36,35C69784,SIMBR0256,SIMR0256,SIMU0168:User 168,GRANTED
2026,1月,13,周二,14:55:36,E93FF152,SIMBR0348,SIMR0348,SIMU0197:User 197,GRANTED
2026,1月,13,周二,14:55:36,E55AD432,SIMBR0253,SIMR0253,SIMU0134:User 134,GRANTED
2026,1月,13,周二,14:55:36,0DE450B1,SIMBR0294,SIMR0294,SIMU0016:User 16,GRANTED
2026,1月,13,周二,14:55:36,29200997,SIMBR0014,SIMR0014,SIMU0186:User 186,GRANTED
2026,1月,13,周二,14:55:36,273D28BF,SIMBR0184,SIMR0184,SIMU0057:User 57,GRANTED
2026,1月,13,周二,14:55:36,BEBCE825,SIMBR0369,SIMR0369,SIMU0270:User 270,GRANTED
2026,1月,13,周二,14:55:36,CA15B29F,SIMBR0337,SIMR0337,SIMU0206:User 206,GRANTED
2026,1月,13,周二,14:55:36,6C174D63,SIMBR0201,SIMR0201,SIMU0116:User 116,GRANTED
2026,1月,13,周二,14:55:36,40A1D543,SIMBR0174,SIMR0174,SIMU0267:User 267,GRANTED
2026,1月,13,周二,14:55:36,BA6DDD0B,SIMBR0095,SIMR0095,SIMU0146:User 146,GRANTED
2026,1月,13,周二,14:55:36,41981850,SIMBR0154,SIMR0154,SIMU0263:User 263,GRANTED
2026,1月,13,周二,14:55:36,489655D2,SIMBR0290,SIMR0290,CON001:Wang Wu,DENIED
2026,1月,13,周二,14:55:36,D3E409F0,SIMBR0106,SIMR0106,SIMU0012:User 12,GRANTED
2026,1月,13,周二,14:55:36,45BE30A8,SIMBR0022,SIMR0022,8d1a5202-9052-4f93-bf5a-4deffdf65fd3:a q,GRANTED
2026,1月,13,周二,14:55:36,8EA215FF,SIMBR0339,SIMR0339,SIMU0201:User 201,GRANTED
2026,1月,13,周二,14:55:36,01513E26,SIMBR0016,SIMR0016,SIMU0181:User 181,GRANTED
2026,1月,13,周二,14:55:36,1CA3AA4C,SIMBR0249,SIMR0249,SIMU0014:User 14,GRANTED
2026,1月,13,周二,14:55:36,1E4AD759,SIMBR0083,SIMR0083,SIMU0029:User 29,GRANTED
2026,1月,13,周二,14:55:36,5560EC7D,SIMBR0097,SIMR0097,SIMU0109:User 109,GRANTED
2026,1月,13,周二,14:55:36,9615FFCC,SIMBR0026,SIMR0026,SIMU0010:User 10,GRANTED
2026,1月,13,周二,14:55:36,6FFD7F45,SIMBR0255,SIMR0255,SIMU0198:User 198,GRANTED
2026,1月,13,周二,14:55:36,7B914E9E,SIMBR0255,SIMR0255,SIMU0215:User 215,GRANTED
2026,1月,13,周二,14:55:36,8884A944,SIMBR0200,SIMR0200,SIMU0295:User 295,GRANTED
2026,1月,13,周二,14:55:36,57ED1495,SIMBR0253,SIMR0253,SIMU0250:User 250,GRANTED
2026,1月,13,周二,14:55:36,B095C629,SIMBR0108,SIMR0108,SIMU0257:User 257,GRANTED
2026,1月,13,周二,14:55:36,538EE2BF,SIMBR0257,SIMR0257,SIMU0177:User 177,GRANTED
2026,1月,13,周二,14:55:36,C1CE8342,SIMBR0394,SIMR0394,SIMU0018:User 18,GRANTED
2026,1月,13,周二,14:55:36,964B6B12,BR010,RES004,SIMU0003:User 3,DENIED
2026,1月,13,周二,14:55:36,6FFD7F45,SIMBR0130,SIMR0130,SIMU0198:User 198,GRANTED
2026,1月,13,周二,14:55:36,8B9117BE,SIMBR0058,SIMR0058,SIMU0165:User 165,GRANTED
2026,1月,13,周二,14:55:36,489655D2,SIMBR0261,SIMR0261,CON001:Wang Wu,DENIED
2026,1月,13,周二,14:55:36,273D28BF,SIMBR0302,SIMR0302,SIMU0057:User 57,GRANTED
2026,1月,13,周二,14:55:36,2EEB40A9,SIMBR0304,SIMR0304,SIMU0260:User 260,GRANTED
2026,1月,13,周二,14:55:36,FAE4DEC5,BR017,RES010,SIMU0053:User 53,DENIED
2026,1月,13,周二,14:55:36,1812D558,SIMBR0336,SIMR0336,SIMU0214:User 214,GRANTED
2026,1月,13,周二,14:55:36,905C3DCB,SIMBR0119,SIMR0119,SIMU0070:User 70,GRANTED
2026,1月,13,周二,14:55:36,94264C0C,SIMBR0371,SIMR0371,SIMU0118:User 118,GRANTED
2026,1月,13,周二,14:55:36,D0871CF1,SIMBR0207,SIMR0207,SIMU0007:User 7,GRANTED
2026,1月,13,周二,14:55:36,48744B29,SIMBR0105,SIMR0105,SIMU0035:User 35,GRANTED
2026,1月,13,周二,14:55:36,81F12C1B,SIMBR0216,SIMR0216,SIMU0200:User 200,GRANTED
2026,1月,13,周二,14:55:36,E116EA41,SIMBR0122,SIMR0122,SIMU0127:User 127,GRANTED
2026,1月,13,周二,14:55:36,1B14F9BC,SIMBR0220,SIMR0220,SIMU0065:User 65,GRANTED
2026,1月,13,周二,14:55:36,F832AB7A,SIMBR0090,SIMR0090,SIMU0139:User 139,GRANTED
2026,1月,13,周二,14:55:36,15D30411,SIMBR0364,SIMR0364,SIMU0289:User 289,GRANTED
2026,1月,13,周二,14:55:36,40A1D543,SIMBR0277,SIMR0277,SIMU0267:User 267,GRANTED
2026,1月,13,周二,14:55:36,964B6B12,SIMBR0125,SIMR0125,SIMU0003:User 3,GRANTED
2026,1月,13,周二,14:55:36,FAE4DEC5,SIMBR0172,SIMR0172,SIMU0053:User 53,GRANTED
2026,1月,13,周二,14:55:36,181D33C7,SIMBR0343,SIMR0343,SIMU0227:User 227,GRANTED
2026,1月,13,周二,14:55:36,6CEC1FDF,SIMBR0129,SIMR0129,SIMU0230:User 230,GRANTED
2026,1月,13,周二,14:55:36,489655D2,SIMBR0003,SIMR0003,CON001:Wang Wu,DENIED
2026,1月,13,周二,14:55:36,5C4195BE,SIMBR0031,SIMR0031,SIMU0288:User 288,GRANTED
2026,1月,13,周二,14:55:36,24A968FA,SIMBR0109,SIMR0109,SIMU0241:User 241,GRANTED
2026,1月,13,周二,14:55:36,29200997,BR024,RES017,SIMU0186:User 186,DENIED
2026,1月,13,周二,14:55:36,3B22F02A,SIMBR0233,SIMR0233,SIMU0299:User 299,GRANTED
2026,1月,13,周二,14:55:36,57DBFC15,SIMBR0173,SIMR0173,SIMU0290:User 290,GRANTED
2026,1月,13,周二,14:55:36,FE83648E,SIMBR0228,SIMR0228,SIMU0142:User 142,GRANTED
2026,1月,13,周二,14:55:36,964B6B12,SIMBR0296,SIMR0296,SIMU0003:User 3,GRANTED
2026,1月,13,周二,14:55:36,CB0F203D,SIMBR0284,SIMR0284,SIMU0124:User 124,GRANTED
2026,1月,13,周二,14:55:36,15D30411,SIMBR0100,SIMR0100,SIMU0289:User 289,GRANTED
2026,1月,13,周二,14:55:36,C1CE8342,SIMBR0036,SIMR0036,SIMU0018:User 18,GRANTED
2026,1月,13,周二,14:55:36,53A1B264,SIMBR0006,SIMR0006,SIMU0017:User 17,GRANTED
2026,1月,13,周二,14:55:36,C718E607,SIMBR0340,SIMR0340,SIMU0089:User 89,GRANTED
2026,1月,13,周二,14:55:36,A4F77AE3,SIMBR0269,SIMR0269,SIMU0031:User 31,GRANTED
2026,1月,13,周二,14:55:36,6213A883,SIMBR0012,SIMR0012,SIMU0249:User 249,GRANTED
2026,1月,13,周二,14:55:36,44B3ADEE,SIMBR0006,SIMR0006,SIMU0157:User 157,GRANTED
2026,1月,13,周二,14:55:36,58B690ED,SIMBR0127,SIMR0127,SIMU0081:User 81,GRANTED
2026,1月,13,周二,14:55:36,DF7754DF,SIMBR0340,SIMR0340,SIMU0019:User 19,GRANTED
2026,1月,13,周二,14:55:36,181D33C7,SIMBR0114,SIMR0114,SIMU0227:User 227,GRANTED
2026,1月,13,周二,14:56:08,CB0F203D,SIMBR0152,SIMR0152,SIMU0124:User 124,GRANTED
2026,1月,13,周二,14:56:08,8B29C7CC,SIMBR0180,SIMR0180,SIMU0175:User 175,GRANTED
2026,1月,13,周二,14:56:08,B9D6BC00,SIMBR0003,SIMR0003,SIMU0107:User 107,GRANTED
2026,1月,13,周二,14:56:08,35C69784,SIMBR0127,SIMR0127,SIMU0168:User 168,GRANTED
2026,1月,13,周二,14:56:08,0CFFFBA0,SIMBR0110,SIMR0110,SIMU0189:User 189,GRANTED
2026,1月,13,周二,14:56:08,D78DDFDE,BR012,RES005,SIMU0252:User 252,DENIED
2026,1月,13,周二,14:56:08,6E7782F8,SIMBR0021,SIMR0021,INT001:Zhao Liu,DENIED
2026,1月,13,周二,14:56:08,CA15B29F,SIMBR0395,SIMR0395,SIMU0206:User 206,GRANTED
2026,1月,13,周二,14:56:08,C72DAED8,BR018,RES011,SIMU0117:User 117,DENIED
2026,1月,13,周二,14:56:08,47A80030,SIMBR0155,SIMR0155,SIMU0234:User 234,GRANTED
2026,1月,13,周二,14:56:08,F8F80D07,SIMBR0115,SIMR0115,SIMU0253:User 253,GRANTED
2026,1月,13,周二,14:56:08,358D24E5,SIMBR0225,SIMR0225,SIMU0130:User 130,GRANTED
2026,1月,13,周二,14:56:08,8EA215FF,SIMBR0092,SIMR0092,SIMU0201:User 201,GRANTED
2026,1月,13,周二,14:56:08,E775A860,SIMBR0053,SIMR0053,SIMU0248:User 248,GRANTED
2026,1月,13,周二,14:56:08,3EA1EF87,SIMBR0265,SIMR0265,SIMU0229:User 229,GRANTED
2026,1月,13,周二,14:56:08,95379CDB,SIMBR0280,SIMR0280,f46ee39b-ac9d-4193-a478-f8cfc35cec07:gagaga a,GRANTED
2026,1月,13,周二,14:56:08,0DE450B1,SIMBR0314,SIMR0314,SIMU0016:User 16,GRANTED
2026,1月,13,周二,14:56:08,56619802,SIMBR0322,SIMR0322,SIMU0202:User 202,GRANTED
2026,1月,13,周二,14:56:08,C169BAEB,SIMBR0380,SIMR0380,SIMU0174:User 174,GRANTED
2026,1月,13,周二,14:56:08,C2F816DD,SIMBR0025,SIMR0025,SIMU0266:User 266,GRANTED
2026,1月,13,周二,14:56:08,FEF21F79,SIMBR0252,SIMR0252,SIMU0159:User 159,GRANTED
2026,1月,13,周二,14:56:08,F3B58DFF,SIMBR0390,SIMR0390,SIMU0076:User 76,GRANTED
2026,1月,13,周二,14:56:08,7BEB2168,SIMBR0117,SIMR0117,SIMU0282:User 282,GRANTED
2026,1月,13,周二,14:56:08,D324F0AC,SIMBR0389,SIMR0389,SIMU0108:User 108,GRANTED
2026,1月,13,周二,14:56:08,BA6DDD0B,SIMBR0400,SIMR0400,SIMU0146:User 146,GRANTED
2026,1月,13,周二,14:56:08,B0DFB305,SIMBR0159,SIMR0159,SIMU0151:User 151,GRANTED
2026,1月,13,周二,14:56:08,273D28BF,SIMBR0178,SIMR0178,SIMU0057:User 57,GRANTED
2026,1月,13,周二,14:56:08,87F48A64,SIMBR0198,SIMR0198,SIMU0143:User 143,GRANTED
2026,1月,13,周二,14:56:08,C0993563,SIMBR0101,SIMR0101,SIMU0209:User 209,GRANTED
2026,1月,13,周二,14:56:08,BEBCE825,BR020,RES013,SIMU0270:User 270,DENIED
2026,1月,13,周二,14:56:08,C44E5E52,SIMBR0388,SIMR0388,SIMU0002:User 2,GRANTED
2026,1月,13,周二,14:56:08,C0CB4AFF,SIMBR0231,SIMR0231,SIMU0235:User 235,GRANTED
2026,1月,13,周二,14:56:08,D0871CF1,SIMBR0049,SIMR0049,SIMU0007:User 7,GRANTED
2026,1月,13,周二,14:56:08,1EBD89C8,SIMBR0337,SIMR0337,SIMU0123:User 123,GRANTED
2026,1月,13,周二,14:56:08,BA821DBA,SIMBR0246,SIMR0246,SIMU0148:User 148,GRANTED
2026,1月,13,周二,14:56:08,397975BA,SIMBR0022,SIMR0022,SIMU0164:User 164,GRANTED
2026,1月,13,周二,14:56:08,068AFAB6,SIMBR0151,SIMR0151,SIMU0115:User 115,GRANTED
2026,1月,13,周二,14:56:08,358D24E5,SIMBR0208,SIMR0208,SIMU0130:User 130,GRANTED
2026,1月,13,周二,14:56:08,E6DCC382,SIMBR0212,SIMR0212,SIMU0158:User 158,GRANTED
2026,1月,13,周二,14:56:08,66FC8294,SIMBR0378,SIMR0378,SIMU0180:User 180,GRANTED
2026,1月,13,周二,14:56:08,FEB7592C,SIMBR0386,SIMR0386,SIMU0059:User 59,GRANTED
2026,1月,13,周二,14:56:08,D3E409F0,SIMBR0267,SIMR0267,SIMU0012:User 12,GRANTED
2026,1月,13,周二,14:56:08,8C19D42A,SIMBR0080,SIMR0080,SIMU0284:User 284,GRANTED
2026,1月,13,周二,14:56:08,A4F77AE3,SIMBR0200,SIMR0200,SIMU0031:User 31,GRANTED
2026,1月,13,周二,14:56:08,53A1B264,SIMBR0173,SIMR0173,SIMU0017:User 17,GRANTED
2026,1月,13,周二,14:56:08,3A395E30,SIMBR0039,SIMR0039,SIMU0280:User 280,GRANTED
2026,1月,13,周二,14:56:08,15AB7C7D,SIMBR0025,SIMR0025,SIMU0096:User 96,GRANTED
2026,1月,13,周二,14:56:08,1792E539,SIMBR0334,SIMR0334,SIMU0292:User 292,GRANTED
2026,1月,13,周二,14:56:08,354118DA,SIMBR0116,SIMR0116,SIMU0052:User 52,GRANTED
2026,1月,13,周二,14:56:08,78D74DDD,BR016,RES009,VIS001:Qian Qi,DENIED
2026,1月,13,周二,14:56:08,81F12C1B,SIMBR0147,SIMR0147,SIMU0200:User 200,GRANTED
2026,1月,13,周二,14:56:08,87F48A64,SIMBR0012,SIMR0012,SIMU0143:User 143,GRANTED
2026,1月,13,周二,14:56:08,6714B510,SIMBR0138,SIMR0138,SIMU0160:User 160,GRANTED
2026,1月,13,周二,14:56:08,853BC8DF,SIMBR0009,SIMR0009,SIMU0092:User 92,GRANTED
2026,1月,13,周二,14:56:08,B0B2BCE6,SIMBR0332,SIMR0332,SIMU0208:User 208,GRANTED
2026,1月,13,周二,14:56:08,6FFD7F45,SIMBR0260,SIMR0260,SIMU0198:User 198,GRANTED
2026,1月,13,周二,14:56:08,5A758FE3,SIMBR0231,SIMR0231,SIMU0103:User 103,GRANTED
2026,1月,13,周二,14:56:08,5334DCE6,SIMBR0388,SIMR0388,SIMU0179:User 179,GRANTED
2026,1月,13,周二,14:56:08,FC05A793,SIMBR0185,SIMR0185,SIMU0071:User 71,GRANTED
2026,1月,13,周二,14:56:08,3A395E30,SIMBR0065,SIMR0065,SIMU0280:User 280,GRANTED
2026,1月,13,周二,14:56:08,B77EBDC0,SIMBR0220,SIMR0220,SIMU0203:User 203,GRANTED
2026,1月,13,周二,14:56:08,5D5C3450,SIMBR0137,SIMR0137,SIMU0131:User 131,GRANTED
2026,1月,13,周二,14:56:08,6714B510,SIMBR0065,SIMR0065,SIMU0160:User 160,GRANTED
2026,1月,13,周二,14:56:08,FBFF5A63,SIMBR0345,SIMR0345,SIMU0184:User 184,GRANTED
2026,1月,13,周二,14:56:08,2289A51E,SIMBR0344,SIMR0344,SIMU0273:User 273,GRANTED
2026,1月,13,周二,14:56:08,E137F666,SIMBR0226,SIMR0226,SIMU0220:User 220,GRANTED
2026,1月,13,周二,14:56:08,4AF57AEF,SIMBR0385,SIMR0385,SIMU0193:User 193,GRANTED
2026,1月,13,周二,14:56:08,8BC6335E,SIMBR0049,SIMR0049,SIMU0204:User 204,GRANTED
2026,1月,13,周二,14:56:08,58B690ED,SIMBR0247,SIMR0247,SIMU0081:User 81,GRANTED
2026,1月,13,周二,14:56:08,6B7D13ED,SIMBR0005,SIMR0005,SIMU0191:User 191,GRANTED
2026,1月,13,周二,14:56:08,37FA6637,SIMBR0061,SIMR0061,SIMU0199:User 199,GRANTED
2026,1月,13,周二,14:56:08,983FD996,SIMBR0066,SIMR0066,SIMU0225:User 225,GRANTED
2026,1月,13,周二,14:56:08,C44E5E52,SIMBR0098,SIMR0098,SIMU0002:User 2,GRANTED
2026,1月,13,周二,14:56:08,84F825EE,SIMBR0068,SIMR0068,SIMU0150:User 150,GRANTED
2026,1月,13,周二,14:56:08,36330273,SIMBR0071,SIMR0071,SIMU0291:User 291,GRANTED
2026,1月,13,周二,14:56:08,3DC555DE,SIMBR0226,SIMR0226,SIMU0300:User 300,GRANTED
2026,1月,13,周二,14:56:08,44B3ADEE,SIMBR0154,SIMR0154,SIMU0157:User 157,GRANTED
2026,1月,13,周二,14:56:08,58B55845,SIMBR0253,SIMR0253,EMP002:Li Si,DENIED
2026,1月,13,周二,14:56:08,A0043AC2,SIMBR0390,SIMR0390,SIMU0040:User 40,GRANTED
2026,1月,13,周二,14:56:08,35C69784,SIMBR0275,SIMR0275,SIMU0168:User 168,GRANTED
2026,1月,13,周二,14:56:08,5A758FE3,SIMBR0244,SIMR0244,SIMU0103:User 103,GRANTED
2026,1月,13,周二,14:56:08,40A1D543,SIMBR0089,SIMR0089,SIMU0267:User 267,GRANTED
2026,1月,13,周二,14:56:08,18788AAF,SIMBR0240,SIMR0240,SIMU0298:User 298,GRANTED
2026,1月,13,周二,14:56:08,068AFAB6,SIMBR0328,SIMR0328,SIMU0115:User 115,GRANTED
2026,1月,13,周二,14:56:08,61095621,SIMBR0224,SIMR0224,SIMU0137:User 137,GRANTED
2026,1月,13,周二,14:56:08,48744B29,SIMBR0103,SIMR0103,SIMU0035:User 35,GRANTED
2026,1月,13,周二,14:56:08,CB0F203D,SIMBR0288,SIMR0288,SIMU0124:User 124,GRANTED
2026,1月,13,周二,14:56:08,87F48A64,SIMBR0161,SIMR0161,SIMU0143:User 143,GRANTED
2026,1月,13,周二,14:56:08,394DF2A8,SIMBR0014,SIMR0014,SIMU0111:User 111,GRANTED
2026,1月,13,周二,14:56:08,6A6279C3,SIMBR0098,SIMR0098,SIMU0178:User 178,GRANTED
2026,1月,13,周二,14:56:08,358D24E5,SIMBR0009,SIMR0009,SIMU0130:User 130,GRANTED
2026,1月,13,周二,14:56:08,F6E7D08A,SIMBR0256,SIMR0256,SIMU0001:User 1,GRANTED
2026,1月,13,周二,14:56:08,CCACC23C,SIMBR0386,SIMR0386,SIMU0149:User 149,GRANTED
2026,1月,13,周二,14:56:08,D49E4724,SIMBR0046,SIMR0046,SIMU0278:User 278,GRANTED
2026,1月,13,周二,14:56:08,FEF21F79,SIMBR0074,SIMR0074,SIMU0159:User 159,GRANTED
2026,1月,13,周二,14:56:08,B2D6FCB4,SIMBR0126,SIMR0126,SIMU0086:User 86,GRANTED
2026,1月,13,周二,14:56:08,C1CE8342,SIMBR0175,SIMR0175,SIMU0018:User 18,GRANTED
2026,1月,13,周二,14:56:08,B2D6FCB4,SIMBR0101,SIMR0101,SIMU0086:User 86,GRANTED
2026,1月,13,周二,14:56:08,E137F666,SIMBR0375,SIMR0375,SIMU0220:User 220,GRANTED
2026,1月,13,周二,14:56:08,273D28BF,SIMBR0369,SIMR0369,SIMU0057:User 57,GRANTED
2026,1月,13,周二,14:56:08,B0B2BCE6,SIMBR0206,SIMR0206,SIMU0208:User 208,GRANTED
2026,1月,13,周二,14:56:08,F832AB7A,SIMBR0106,SIMR0106,SIMU0139:User 139,GRANTED
2026,1月,13,周二,14:56:08,D6BC3463,SIMBR0316,SIMR0316,SIMU0037:User 37,GRANTED
2026,1月,13,周二,14:56:08,8B9117BE,SIMBR0312,SIMR0312,SIMU0165:User 165,GRANTED
2026,1月,13,周二,14:56:08,128D7B1F,SIMBR0135,SIMR0135,SIMU0121:User 121,GRANTED
2026,1月,13,周二,14:56:08,181D33C7,SIMBR0134,SIMR0134,SIMU0227:User 227,GRANTED
2026,1月,13,周二,14:56:08,2E121B44,SIMBR0084,SIMR0084,SIMU0258:User 258,GRANTED
2026,1月,13,周二,14:56:08,C1CE8342,SIMBR0192,SIMR0192,SIMU0018:User 18,GRANTED
2026,1月,13,周二,14:56:08,24A968FA,SIMBR0026,SIMR0026,SIMU0241:User 241,GRANTED
2026,1月,13,周二,14:56:08,27BDB972,SIMBR0137,SIMR0137,SIMU0244:User 244,GRANTED
2026,1月,13,周二,14:56:08,3DC555DE,SIMBR0277,SIMR0277,SIMU0300:User 300,GRANTED
2026,1月,13,周二,14:56:08,49B45DCD,SIMBR0289,SIMR0289,SIMU0272:User 272,GRANTED
2026,1月,13,周二,14:56:08,DA33A96E,SIMBR0368,SIMR0368,SIMU0190:User 190,GRANTED
2026,1月,13,周二,14:56:08,359F9D02,SIMBR0183,SIMR0183,SIMU0087:User 87,GRANTED
2026,1月,13,周二,14:56:08,B13BB6C7,SIMBR0154,SIMR0154,SIMU0167:User 167,GRANTED
2026,1月,13,周二,14:56:08,6F12BFA3,SIMBR0199,SIMR0199,SIMU0218:User 218,GRANTED
2026,1月,13,周二,14:56:08,18788AAF,SIMBR0124,SIMR0124,SIMU0298:User 298,GRANTED
2026,1月,13,周二,14:56:08,40A1D543,SIMBR0138,SIMR0138,SIMU0267:User 267,GRANTED
2026,1月,13,周二,14:56:08,E55AD432,SIMBR0199,SIMR0199,SIMU0134:User 134,GRANTED
2026,1月,13,周二,14:56:08,95777979,SIMBR0060,SIMR0060,SIMU0051:User 51,GRANTED
2026,1月,13,周二,14:56:08,D3799252,SIMBR0049,SIMR0049,SIMU0022:User 22,GRANTED
2026,1月,13,周二,14:56:08,1CA3AA4C,SIMBR0245,SIMR0245,SIMU0014:User 14,GRANTED
2026,1月,13,周二,14:56:08,C0F19B1C,SIMBR0011,SIMR0011,SIMU0155:User 155,GRANTED
2026,1月,13,周二,14:56:08,358D24E5,SIMBR0056,SIMR0056,SIMU0130:User 130,GRANTED
2026,1月,13,周二,14:56:08,C2EDBC0C,SIMBR0080,SIMR0080,SIMU0226:User 226,GRANTED
2026,1月,13,周二,14:56:08,54C5EDBD,SIMBR0044,SIMR0044,SIMU0145:User 145,GRANTED
2026,1月,13,周二,14:56:08,85471FCB,SIMBR0159,SIMR0159,SIMU0054:User 54,GRANTED
2026,1月,13,周二,14:56:08,1A3D1ED6,SIMBR0134,SIMR0134,SIMU0231:User 231,GRANTED
2026,1月,13,周二,14:56:08,D6BC3463,SIMBR0289,SIMR0289,SIMU0037:User 37,GRANTED
2026,1月,13,周二,14:56:08,27BDB972,SIMBR0379,SIMR0379,SIMU0244:User 244,GRANTED
2026,1月,13,周二,14:56:08,E2506042,BR023,RES016,SIMU0101:User 101,DENIED
2026,1月,13,周二,14:56:08,EEC38563,SIMBR0207,SIMR0207,SIMU0141:User 141,GRANTED
2026,1月,13,周二,14:56:08,290F7C52,SIMBR0152,SIMR0152,SIMU0216:User 216,GRANTED
2026,1月,13,周二,14:56:08,BA841717,SIMBR0034,SIMR0034,SIMU0064:User 64,GRANTED
2026,1月,13,周二,14:56:08,5AC1CCB2,SIMBR0151,SIMR0151,SIMU0264:User 264,GRANTED
2026,1月,13,周二,14:56:08,56619802,SIMBR0248,SIMR0248,SIMU0202:User 202,GRANTED
2026,1月,13,周二,14:56:08,F8F80D07,SIMBR0007,SIMR0007,SIMU0253:User 253,GRANTED
2026,1月,13,周二,14:56:08,FD75651D,SIMBR0291,SIMR0291,SIMU0238:User 238,GRANTED
2026,1月,13,周二,14:56:08,47A80030,SIMBR0212,SIMR0212,SIMU0234:User 234,GRANTED
2026,1月,13,周二,14:56:08,E6DCC382,SIMBR0212,SIMR0212,SIMU0158:User 158,GRANTED
2026,1月,13,周二,14:56:08,FEF21F79,BR019,RES012,SIMU0159:User 159,DENIED
2026,1月,13,周二,14:56:08,0EE439B9,SIMBR0070,SIMR0070,SIMU0004:User 4,GRANTED
2026,1月,13,周二,14:56:08,F8F80D07,SIMBR0009,SIMR0009,SIMU0253:User 253,GRANTED
2026,1月,13,周二,14:56:08,1EE4C053,SIMBR0374,SIMR0374,SIMU0026:User 26,GRANTED
2026,1月,13,周二,14:56:08,72A4E470,SIMBR0075,SIMR0075,SIMU0268:User 268,GRANTED
2026,1月,13,周二,14:56:08,10321BC3,SIMBR0250,SIMR0250,SIMU0042:User 42,GRANTED
2026,1月,13,周二,14:56:08,AE2F46DE,SIMBR0119,SIMR0119,SIMU0232:User 232,GRANTED
2026,1月,13,周二,14:56:08,E93FF152,SIMBR0195,SIMR0195,SIMU0197:User 197,GRANTED
2026,1月,13,周二,14:56:08,BD4961D3,SIMBR0367,SIMR0367,SIMU0169:User 169,GRANTED
2026,1月,13,周二,14:56:08,7CE9CF19,SIMBR0249,SIMR0249,SIMU0020:User 20,GRANTED
2026,1月,13,周二,14:56:08,F3B58DFF,SIMBR0008,SIMR0008,SIMU0076:User 76,GRANTED
2026,1月,13,周二,14:56:08,5C4195BE,SIMBR0351,SIMR0351,SIMU0288:User 288,GRANTED
2026,1月,13,周二,14:56:08,11BD165A,SIMBR0358,SIMR0358,SIMU0154:User 154,GRANTED
2026,1月,13,周二,14:56:08,7D277C80,SIMBR0017,SIMR0017,SIMU0212:User 212,GRANTED
2026,1月,13,周二,14:56:08,C04BAEE8,SIMBR0224,SIMR0224,SIMU0129:User 129,GRANTED
2026,1月,13,周二,14:56:08,DF7754DF,SIMBR0047,SIMR0047,SIMU0019:User 19,GRANTED
2026,1月,13,周二,14:56:08,4FC5D562,SIMBR0082,SIMR0082,SIMU0275:User 275,GRANTED
2026,1月,13,周二,14:56:08,3EA1EF87,SIMBR0310,SIMR0310,SIMU0229:User 229,GRANTED
2026,1月,13,周二,14:56:08,CB2FA116,SIMBR0389,SIMR0389,SIMU0172:User 172,GRANTED
2026,1月,13,周二,14:56:08,DA3D486F,SIMBR0115,SIMR0115,SIMU0028:User 28,GRANTED
2026,1月,13,周二,14:56:08,18788AAF,SIMBR0066,SIMR0066,SIMU0298:User 298,GRANTED
2026,1月,13,周二,14:56:08,701D5B3A,SIMBR0075,SIMR0075,SIMU0211:User 211,GRANTED
2026,1月,13,周二,14:56:08,5C4195BE,SIMBR0387,SIMR0387,SIMU0288:User 288,GRANTED
2026,1月,13,周二,14:56:08,7D277C80,SIMBR0007,SIMR0007,SIMU0212:User 212,GRANTED
2026,1月,13,周二,14:56:08,A2903A49,SIMBR0191,SIMR0191,SIMU0043:User 43,GRANTED
2026,1月,13,周二,14:56:08,AA3155BB,SIMBR0222,SIMR0222,SIMU0050:User 50,GRANTED
2026,1月,13,周二,14:56:08,54C5EDBD,BR019,RES012,SIMU0145:User 145,DENIED
2026,1月,13,周二,14:56:08,559213A2,SIMBR0150,SIMR0150,SIMU0047:User 47,GRANTED
2026,1月,13,周二,14:56:08,5A758FE3,SIMBR0363,SIMR0363,SIMU0103:User 103,GRANTED
2026,1月,13,周二,14:56:08,5560EC7D,SIMBR0035,SIMR0035,SIMU0109:User 109,GRANTED
2026,1月,13,周二,14:56:08,BC450719,SIMBR0046,SIMR0046,SIMU0013:User 13,GRANTED
2026,1月,13,周二,14:56:08,DCB76AA3,SIMBR0300,SIMR0300,SIMU0228:User 228,GRANTED
2026,1月,13,周二,14:56:08,BEBCE825,SIMBR0077,SIMR0077,SIMU0270:User 270,GRANTED
2026,1月,13,周二,14:56:08,F1D4B1B6,SIMBR0156,SIMR0156,SIMU0247:User 247,GRANTED
2026,1月,13,周二,14:56:08,A51F7B4F,SIMBR0258,SIMR0258,SIMU0277:User 277,GRANTED
2026,1月,13,周二,14:56:08,61095621,SIMBR0356,SIMR0356,SIMU0137:User 137,GRANTED
2026,1月,13,周二,14:56:08,7C28253F,SIMBR0146,SIMR0146,SIMU0027:User 27,GRANTED
2026,1月,13,周二,14:56:08,030D82CF,SIMBR0286,SIMR0286,SIMU0207:User 207,GRANTED
2026,1月,13,周二,14:56:08,B33C40D7,SIMBR0258,SIMR0258,SIMU0015:User 15,GRANTED
2026,1月,13,周二,14:56:08,F04FDB11,SIMBR0130,SIMR0130,SIMU0125:User 125,GRANTED
2026,1月,13,周二,14:56:08,1EBD89C8,SIMBR0166,SIMR0166,SIMU0123:User 123,GRANTED
2026,1月,13,周二,14:56:08,983FD996,SIMBR0178,SIMR0178,SIMU0225:User 225,GRANTED
2026,1月,13,周二,14:56:08,8BF81A2A,SIMBR0282,SIMR0282,SIMU0233:User 233,GRANTED
2026,1月,13,周二,14:56:08,7BEB2168,SIMBR0388,SIMR0388,SIMU0282:User 282,GRANTED
2026,1月,13,周二,14:56:08,6F12BFA3,SIMBR0365,SIMR0365,SIMU0218:User 218,GRANTED
2026,1月,13,周二,14:56:08,F0ADE55C,SIMBR0156,SIMR0156,SIMU0237:User 237,GRANTED
2026,1月,13,周二,14:56:08,B095C629,SIMBR0202,SIMR0202,SIMU0257:User 257,GRANTED
2026,1月,13,周二,14:56:08,C04BAEE8,SIMBR0130,SIMR0130,SIMU0129:User 129,GRANTED
2026,1月,13,周二,14:56:08,DB66EC85,SIMBR0126,SIMR0126,SIMU0100:User 100,GRANTED
2026,1月,13,周二,14:56:08,6E7782F8,SIMBR0331,SIMR0331,INT001:Zhao Liu,DENIED
2026,1月,13,周二,14:56:08,A0043AC2,SIMBR0371,SIMR0371,SIMU0040:User 40,GRANTED
2026,1月,13,周二,14:56:08,C57735BB,SIMBR0358,SIMR0358,SIMU0242:User 242,GRANTED
2026,1月,13,周二,14:56:08,3DDB17B7,SIMBR0102,SIMR0102,SIMU0044:User 44,GRANTED
2026,1月,13,周二,14:56:08,273F3B3E,SIMBR0030,SIMR0030,SIMU0224:User 224,GRANTED
2026,1月,13,周二,14:56:08,72A4E470,SIMBR0178,SIMR0178,SIMU0268:User 268,GRANTED
2026,1月,13,周二,14:56:08,8D67E6D5,SIMBR0109,SIMR0109,SIMU0045:User 45,GRANTED
2026,1月,13,周二,14:56:08,57ED1495,SIMBR0125,SIMR0125,SIMU0250:User 250,GRANTED
2026,1月,13,周二,14:56:08,7BEB2168,SIMBR0392,SIMR0392,SIMU0282:User 282,GRANTED
2026,1月,13,周二,14:56:08,C6173DD5,SIMBR0232,SIMR0232,SIMU0023:User 23,GRANTED
2026,1月,13,周二,14:56:08,CB1ACCC7,SIMBR0179,SIMR0179,SIMU0110:User 110,GRANTED
2026,1月,13,周二,14:56:09,46895123,SIMBR0359,SIMR0359,SIMU0132:User 132,GRANTED
2026,1月,13,周二,14:56:09,50B332C8,SIMBR0127,SIMR0127,SIMU0122:User 122,GRANTED
2026,1月,13,周二,14:56:09,FC05A793,SIMBR0186,SIMR0186,SIMU0071:User 71,GRANTED
2026,1月,13,周二,14:56:09,7CA376A0,SIMBR0131,SIMR0131,SIMU0102:User 102,GRANTED
2026,1月,13,周二,14:56:09,3DC555DE,SIMBR0084,SIMR0084,SIMU0300:User 300,GRANTED
2026,1月,13,周二,14:56:09,78D74DDD,SIMBR0109,SIMR0109,VIS001:Qian Qi,DENIED
2026,1月,13,周二,14:56:09,01513E26,SIMBR0328,SIMR0328,SIMU0181:User 181,GRANTED
2026,1月,13,周二,14:56:09,5334DCE6,BR011,RES026,SIMU0179:User 179,DENIED
2026,1月,13,周二,14:56:09,FBBEF95C,SIMBR0090,SIMR0090,SIMU0025:User 25,GRANTED
2026,1月,13,周二,14:56:09,49B45DCD,SIMBR0013,SIMR0013,SIMU0272:User 272,GRANTED
2026,1月,13,周二,14:56:09,1E74F408,BR018,RES011,SIMU0171:User 171,DENIED
2026,1月,13,周二,14:56:09,0CFFFBA0,SIMBR0184,SIMR0184,SIMU0189:User 189,GRANTED
2026,1月,13,周二,14:56:09,8B9117BE,SIMBR0007,SIMR0007,SIMU0165:User 165,GRANTED
2026,1月,13,周二,14:56:09,030D82CF,SIMBR0107,SIMR0107,SIMU0207:User 207,GRANTED
2026,1月,13,周二,14:56:09,A5A16F78,SIMBR0124,SIMR0124,SIMU0294:User 294,GRANTED
2026,1月,13,周二,14:56:09,F1D4B1B6,SIMBR0137,SIMR0137,SIMU0247:User 247,GRANTED
2026,1月,13,周二,14:56:09,C04BAEE8,SIMBR0143,SIMR0143,SIMU0129:User 129,GRANTED
2026,1月,13,周二,14:56:09,0A675EEC,SIMBR0336,SIMR0336,SIMU0138:User 138,GRANTED
2026,1月,13,周二,14:56:09,FEB7592C,SIMBR0019,SIMR0019,SIMU0059:User 59,GRANTED
2026,1月,13,周二,14:56:09,3CC4126C,SIMBR0246,SIMR0246,SIMU0099:User 99,GRANTED
2026,1月,13,周二,14:56:09,559213A2,SIMBR0317,SIMR0317,SIMU0047:User 47,GRANTED
2026,1月,13,周二,14:56:09,61095621,SIMBR0103,SIMR0103,SIMU0137:User 137,GRANTED
2026,1月,13,周二,14:56:09,FC9C0D71,SIMBR0099,SIMR0099,SIMU0093:User 93,GRANTED
2026,1月,13,周二,14:56:09,BEBCE825,SIMBR0145,SIMR0145,SIMU0270:User 270,GRANTED
2026,1月,13,周二,14:56:09,6A6279C3,SIMBR0059,SIMR0059,SIMU0178:User 178,GRANTED
2026,1月,13,周二,14:56:09,2EEB40A9,SIMBR0038,SIMR0038,SIMU0260:User 260,GRANTED
2026,1月,13,周二,14:56:09,1EE4C053,SIMBR0048,SIMR0048,SIMU0026:User 26,GRANTED
2026,1月,13,周二,14:56:09,C46D887F,SIMBR0026,SIMR0026,SIMU0254:User 254,GRANTED
2026,1月,13,周二,14:56:09,489655D2,SIMBR0283,SIMR0283,CON001:Wang Wu,DENIED
2026,1月,13,周二,14:56:09,C46D887F,BR014,RES007,SIMU0254:User 254,DENIED
2026,1月,13,周二,14:56:09,95777979,SIMBR0037,SIMR0037,SIMU0051:User 51,GRANTED
2026,1月,13,周二,14:56:09,CCACC23C,SIMBR0052,SIMR0052,SIMU0149:User 149,GRANTED
2026,1月,13,周二,14:56:09,030D82CF,BR004,RES001,SIMU0207:User 207,DENIED
2026,1月,13,周二,14:56:09,4DFA0FE5,BR013,RES006,SIMU0255:User 255,DENIED
2026,1月,13,周二,14:56:09,B9D6BC00,SIMBR0164,SIMR0164,SIMU0107:User 107,GRANTED
2026,1月,13,周二,14:56:09,13F09473,BR017,RES010,SIMU0279:User 279,DENIED
2026,1月,13,周二,14:56:09,4D153C4A,SIMBR0201,SIMR0201,SIMU0104:User 104,GRANTED
2026,1月,13,周二,14:56:09,1812D558,SIMBR0243,SIMR0243,SIMU0214:User 214,GRANTED
2026,1月,13,周二,14:56:09,01513E26,SIMBR0257,SIMR0257,SIMU0181:User 181,GRANTED
2026,1月,13,周二,14:56:09,628D5BBC,SIMBR0259,SIMR0259,SIMU0041:User 41,GRANTED
2026,1月,13,周二,14:56:09,5A758FE3,SIMBR0212,SIMR0212,SIMU0103:User 103,GRANTED
2026,1月,13,周二,14:56:09,9A00F337,SIMBR0185,SIMR0185,SIMU0285:User 285,GRANTED
2026,1月,13,周二,14:56:09,0CFFFBA0,SIMBR0033,SIMR0033,SIMU0189:User 189,GRANTED
2026,1月,13,周二,14:56:09,54722E38,SIMBR0387,SIMR0387,SIMU0222:User 222,GRANTED
2026,1月,13,周二,14:56:09,BA0243B9,SIMBR0290,SIMR0290,PM001:Sun Ba,DENIED
2026,1月,13,周二,14:56:09,5334DCE6,SIMBR0318,SIMR0318,SIMU0179:User 179,GRANTED
2026,1月,13,周二,14:56:09,29200997,SIMBR0140,SIMR0140,SIMU0186:User 186,GRANTED
2026,1月,13,周二,14:56:09,602AF119,SIMBR0300,SIMR0300,SIMU0223:User 223,GRANTED
2026,1月,13,周二,14:56:09,FEB7592C,SIMBR0140,SIMR0140,SIMU0059:User 59,GRANTED
2026,1月,13,周二,14:56:09,6E7782F8,SIMBR0055,SIMR0055,INT001:Zhao Liu,DENIED
2026,1月,13,周二,14:56:09,11BD165A,SIMBR0399,SIMR0399,SIMU0154:User 154,GRANTED
2026,1月,13,周二,14:56:09,86937632,SIMBR0017,SIMR0017,SIMU0187:User 187,GRANTED
2026,1月,13,周二,14:56:09,66FC8294,SIMBR0048,SIMR0048,SIMU0180:User 180,GRANTED
2026,1月,13,周二,14:56:09,6E7782F8,SIMBR0347,SIMR0347,INT001:Zhao Liu,DENIED
2026,1月,13,周二,14:56:09,C584F9D3,SIMBR0036,SIMR0036,EMP001:Zhang San,DENIED
2026,1月,13,周二,14:56:09,33F39C8F,SIMBR0276,SIMR0276,SIMU0205:User 205,GRANTED
2026,1月,13,周二,14:56:09,0EA23D3A,SIMBR0263,SIMR0263,SIMU0062:User 62,GRANTED
2026,1月,13,周二,14:56:09,0CFFFBA0,SIMBR0121,SIMR0121,SIMU0189:User 189,GRANTED
2026,1月,13,周二,14:56:09,EF6713BA,SIMBR0066,SIMR0066,SIMU0153:User 153,GRANTED
2026,1月,13,周二,14:56:09,31C1AEEF,SIMBR0218,SIMR0218,SIMU0039:User 39,GRANTED
2026,1月,13,周二,14:56:09,A5DEC594,SIMBR0309,SIMR0309,SIMU0084:User 84,GRANTED
2026,1月,13,周二,14:56:09,0EE439B9,SIMBR0190,SIMR0190,SIMU0004:User 4,GRANTED
2026,1月,13,周二,14:56:09,CA15B29F,SIMBR0097,SIMR0097,SIMU0206:User 206,GRANTED
2026,1月,13,周二,14:56:09,7CE9CF19,SIMBR0362,SIMR0362,SIMU0020:User 20,GRANTED
2026,1月,13,周二,14:56:09,BA1008EF,SIMBR0019,SIMR0019,SIMU0083:User 83,GRANTED
2026,1月,13,周二,14:56:09,69A8F764,SIMBR0013,SIMR0013,SIMU0240:User 240,GRANTED
2026,1月,13,周二,14:56:09,1EBD89C8,BR025,RES018,SIMU0123:User 123,DENIED
2026,1月,13,周二,14:56:09,37FA6637,SIMBR0236,SIMR0236,SIMU0199:User 199,GRANTED
2026,1月,13,周二,14:56:09,EEC38563,SIMBR0183,SIMR0183,SIMU0141:User 141,GRANTED
2026,1月,13,周二,14:56:09,6A6279C3,BR006,RES002,SIMU0178:User 178,DENIED
2026,1月,13,周二,14:56:09,37E9D9C0,SIMBR0112,SIMR0112,SIMU0034:User 34,GRANTED
2026,1月,13,周二,14:56:09,59E1ACA0,SIMBR0001,SIMR0001,SIMU0090:User 90,GRANTED
2026,1月,13,周二,14:56:09,37E9D9C0,SIMBR0280,SIMR0280,SIMU0034:User 34,GRANTED
2026,1月,13,周二,14:56:09,AB055C88,SIMBR0187,SIMR0187,SIMU0024:User 24,GRANTED
2026,1月,13,周二,14:56:09,983FD996,SIMBR0354,SIMR0354,SIMU0225:User 225,GRANTED
2026,1月,13,周二,14:56:09,4DFA0FE5,SIMBR0110,SIMR0110,SIMU0255:User 255,GRANTED
2026,1月,13,周二,14:56:09,983FD996,SIMBR0221,SIMR0221,SIMU0225:User 225,GRANTED
2026,1月,13,周二,14:56:09,FBBEF95C,SIMBR0123,SIMR0123,SIMU0025:User 25,GRANTED
2026,1月,13,周二,14:56:09,8B9117BE,SIMBR0347,SIMR0347,SIMU0165:User 165,GRANTED
2026,1月,13,周二,14:56:09,13F09473,SIMBR0048,SIMR0048,SIMU0279:User 279,GRANTED
2026,1月,13,周二,14:56:09,F04FDB11,SIMBR0145,SIMR0145,SIMU0125:User 125,GRANTED
2026,1月,13,周二,14:56:09,A7A30652,SIMBR0084,SIMR0084,SIMU0094:User 94,GRANTED
2026,1月,13,周二,14:56:09,B0B2BCE6,SIMBR0150,SIMR0150,SIMU0208:User 208,GRANTED
2026,1月,13,周二,14:56:09,853BC8DF,SIMBR0116,SIMR0116,SIMU0092:User 92,GRANTED
2026,1月,13,周二,14:56:09,983FD996,SIMBR0022,SIMR0022,SIMU0225:User 225,GRANTED
2026,1月,13,周二,14:56:09,75D7C714,SIMBR0323,SIMR0323,SIMU0005:User 5,GRANTED
2026,1月,13,周二,14:56:09,CB2FA116,SIMBR0157,SIMR0157,SIMU0172:User 172,GRANTED
2026,1月,13,周二,14:56:09,16ED8B1D,SIMBR0059,SIMR0059,SIMU0073:User 73,GRANTED
2026,1月,13,周二,14:56:09,8BC6335E,SIMBR0159,SIMR0159,SIMU0204:User 204,GRANTED
2026,1月,13,周二,14:56:09,6CEC1FDF,BR004,RES001,SIMU0230:User 230,DENIED
2026,1月,13,周二,14:56:09,31C1AEEF,SIMBR0096,SIMR0096,SIMU0039:User 39,GRANTED
2026,1月,13,周二,14:56:09,F04FDB11,SIMBR0030,SIMR0030,SIMU0125:User 125,GRANTED
2026,1月,13,周二,14:56:09,359F9D02,SIMBR0323,SIMR0323,SIMU0087:User 87,GRANTED
2026,1月,13,周二,14:56:09,FE83648E,SIMBR0216,SIMR0216,SIMU0142:User 142,GRANTED
2026,1月,13,周二,14:56:09,CD0D9101,SIMBR0181,SIMR0181,SIMU0135:User 135,GRANTED
2026,1月,13,周二,14:56:09,DA33A96E,SIMBR0293,SIMR0293,SIMU0190:User 190,GRANTED
2026,1月,13,周二,14:56:09,E0F41E54,SIMBR0384,SIMR0384,SIMU0176:User 176,GRANTED
2026,1月,13,周二,14:56:09,1B14F9BC,SIMBR0346,SIMR0346,SIMU0065:User 65,GRANTED
2026,1月,13,周二,14:56:09,1DE07196,SIMBR0258,SIMR0258,SIMU0274:User 274,GRANTED
2026,1月,13,周二,14:56:09,1A88116F,SIMBR0042,SIMR0042,SIMU0063:User 63,GRANTED
2026,1月,13,周二,14:56:09,AF6C110D,SIMBR0048,SIMR0048,SIMU0080:User 80,GRANTED
2026,1月,13,周二,14:56:09,E93FF152,SIMBR0327,SIMR0327,SIMU0197:User 197,GRANTED
2026,1月,13,周二,14:56:09,628D5BBC,SIMBR0308,SIMR0308,SIMU0041:User 41,GRANTED
2026,1月,13,周二,14:56:09,91E5E6B0,SIMBR0137,SIMR0137,SIMU0079:User 79,GRANTED
2026,1月,13,周二,14:56:09,B2D6FCB4,SIMBR0116,SIMR0116,SIMU0086:User 86,GRANTED
2026,1月,13,周二,14:56:09,56619802,SIMBR0367,SIMR0367,SIMU0202:User 202,GRANTED
2026,1月,13,周二,14:56:09,86937632,SIMBR0177,SIMR0177,SIMU0187:User 187,GRANTED
2026,1月,13,周二,14:56:09,FEF21F79,SIMBR0269,SIMR0269,SIMU0159:User 159,GRANTED
2026,1月,13,周二,14:56:09,B6F02DDB,SIMBR0031,SIMR0031,SIMU0156:User 156,GRANTED
2026,1月,13,周二,14:56:09,0DE450B1,SIMBR0255,SIMR0255,SIMU0016:User 16,GRANTED
2026,1月,13,周二,14:56:09,15D30411,SIMBR0390,SIMR0390,SIMU0289:User 289,GRANTED
2026,1月,13,周二,14:56:09,905C3DCB,SIMBR0057,SIMR0057,SIMU0070:User 70,GRANTED
2026,1月,13,周二,14:56:09,0641BA46,SIMBR0348,SIMR0348,SIMU0085:User 85,GRANTED
2026,1月,13,周二,14:56:09,95777979,SIMBR0128,SIMR0128,SIMU0051:User 51,GRANTED
2026,1月,13,周二,14:56:09,D0B8FC16,SIMBR0039,SIMR0039,SIMU0185:User 185,GRANTED
2026,1月,13,周二,14:56:09,9FA88CE9,SIMBR0042,SIMR0042,SIMU0049:User 49,GRANTED
2026,1月,13,周二,14:56:09,C6E3BF57,SIMBR0102,SIMR0102,SIMU0297:User 297,GRANTED
2026,1月,13,周二,14:56:09,10321BC3,SIMBR0172,SIMR0172,SIMU0042:User 42,GRANTED
2026,1月,13,周二,14:56:09,E6DCC382,BR017,RES010,SIMU0158:User 158,DENIED
2026,1月,13,周二,14:56:09,36330273,BR023,RES016,SIMU0291:User 291,DENIED
2026,1月,13,周二,14:56:09,F90964BF,SIMBR0396,SIMR0396,SIMU0091:User 91,GRANTED
2026,1月,13,周二,14:56:09,56C4C8CF,SIMBR0065,SIMR0065,SIMU0077:User 77,GRANTED
2026,1月,13,周二,14:56:09,F6E7D08A,SIMBR0149,SIMR0149,SIMU0001:User 1,GRANTED
2026,1月,13,周二,14:56:09,394DF2A8,SIMBR0291,SIMR0291,SIMU0111:User 111,GRANTED
2026,1月,13,周二,14:56:09,66FC8294,BR002,RES021,SIMU0180:User 180,DENIED
2026,1月,13,周二,14:56:09,E6D64EED,SIMBR0243,SIMR0243,SIMU0105:User 105,GRANTED
2026,1月,13,周二,14:56:09,C50459DB,SIMBR0189,SIMR0189,SIMU0262:User 262,GRANTED
2026,1月,13,周二,14:56:09,B9D6BC00,SIMBR0310,SIMR0310,SIMU0107:User 107,GRANTED
2026,1月,13,周二,14:56:09,6BDE4067,SIMBR0357,SIMR0357,SIMU0114:User 114,GRANTED
2026,1月,13,周二,14:56:09,128D7B1F,SIMBR0239,SIMR0239,SIMU0121:User 121,GRANTED
2026,1月,13,周二,14:56:09,C2F816DD,SIMBR0304,SIMR0304,SIMU0266:User 266,GRANTED
2026,1月,13,周二,14:56:09,CB0F203D,SIMBR0116,SIMR0116,SIMU0124:User 124,GRANTED
2026,1月,13,周二,14:56:09,37E9D9C0,SIMBR0080,SIMR0080,SIMU0034:User 34,GRANTED
2026,1月,13,周二,14:56:09,1E74F408,SIMBR0232,SIMR0232,SIMU0171:User 171,GRANTED
2026,1月,13,周二,14:56:09,A9E67E95,SIMBR0218,SIMR0218,SIMU0243:User 243,GRANTED
2026,1月,13,周二,14:56:09,16ED8B1D,SIMBR0066,SIMR0066,SIMU0073:User 73,GRANTED
2026,1月,13,周二,14:56:09,F9B71846,SIMBR0277,SIMR0277,SIMU0196:User 196,GRANTED
2026,1月,13,周二,14:56:09,EFC60F14,SIMBR0319,SIMR0319,SIMU0286:User 286,GRANTED
2026,1月,13,周二,14:56:09,1CA3AA4C,SIMBR0013,SIMR0013,SIMU0014:User 14,GRANTED
2026,1月,13,周二,14:56:09,41981850,SIMBR0065,SIMR0065,SIMU0263:User 263,GRANTED
2026,1月,13,周二,14:56:09,8B9117BE,SIMBR0394,SIMR0394,SIMU0165:User 165,GRANTED
2026,1月,13,周二,14:56:09,8C19D42A,SIMBR0159,SIMR0159,SIMU0284:User 284,GRANTED
2026,1月,13,周二,14:56:09,2056B86F,SIMBR0332,SIMR0332,SIMU0067:User 67,GRANTED
2026,1月,13,周二,14:56:09,66FC8294,BR006,RES002,SIMU0180:User 180,DENIED
2026,1月,13,周二,14:56:09,FBFF5A63,SIMBR0382,SIMR0382,SIMU0184:User 184,GRANTED
2026,1月,13,周二,14:56:09,41981850,SIMBR0218,SIMR0218,SIMU0263:User 263,GRANTED
2026,1月,13,周二,14:56:09,050D9DEF,SIMBR0350,SIMR0350,SIMU0128:User 128,GRANTED
2026,1月,13,周二,14:56:09,A5DEC594,SIMBR0309,SIMR0309,SIMU0084:User 84,GRANTED
2026,1月,13,周二,14:56:09,E6DCC382,SIMBR0013,SIMR0013,SIMU0158:User 158,GRANTED
2026,1月,13,周二,14:56:09,80BC1A17,SIMBR0090,SIMR0090,SIMU0112:User 112,GRANTED
2026,1月,13,周二,14:56:09,128D7B1F,SIMBR0216,SIMR0216,SIMU0121:User 121,GRANTED
2026,1月,13,周二,14:56:09,4758C16D,SIMBR0302,SIMR0302,SIMU0147:User 147,GRANTED
2026,1月,13,周二,14:56:09,4DFA0FE5,BR017,RES010,SIMU0255:User 255,DENIED
2026,1月,13,周二,14:56:09,DA33A96E,SIMBR0133,SIMR0133,SIMU0190:User 190,GRANTED
2026,1月,13,周二,14:56:09,5D5C3450,SIMBR0089,SIMR0089,SIMU0131:User 131,GRANTED
2026,1月,13,周二,14:56:09,40BD64A5,SIMBR0130,SIMR0130,SIMU0245:User 245,GRANTED
2026,1月,13,周二,14:56:09,CA296753,SIMBR0213,SIMR0213,SIMU0055:User 55,GRANTED
2026,1月,13,周二,14:56:09,95379CDB,SIMBR0289,SIMR0289,f46ee39b-ac9d-4193-a478-f8cfc35cec07:gagaga a,GRANTED
2026,1月,13,周二,14:56:09,F832AB7A,SIMBR0249,SIMR0249,SIMU0139:User 139,GRANTED
2026,1月,13,周二,14:56:09,E137F666,SIMBR0340,SIMR0340,SIMU0220:User 220,GRANTED
2026,1月,13,周二,14:56:09,80BC1A17,SIMBR0315,SIMR0315,SIMU0112:User 112,GRANTED
2026,1月,13,周二,14:56:09,5334DCE6,SIMBR0318,SIMR0318,SIMU0179:User 179,GRANTED
2026,1月,13,周二,14:56:09,8CBA0F42,SIMBR0230,SIMR0230,SIMU0152:User 152,GRANTED
2026,1月,13,周二,14:56:09,B77EBDC0,SIMBR0174,SIMR0174,SIMU0203:User 203,GRANTED
2026,1月,13,周二,14:56:09,1B14F9BC,SIMBR0370,SIMR0370,SIMU0065:User 65,GRANTED
2026,1月,13,周二,14:56:09,F616A325,SIMBR0140,SIMR0140,SIMU0194:User 194,GRANTED
2026,1月,13,周二,14:56:09,F832AB7A,SIMBR0051,SIMR0051,SIMU0139:User 139,GRANTED
2026,1月,13,周二,14:56:09,49B45DCD,SIMBR0247,SIMR0247,SIMU0272:User 272,GRANTED
2026,1月,13,周二,14:56:09,C44E5E52,SIMBR0205,SIMR0205,SIMU0002:User 2,GRANTED
2026,1月,13,周二,14:56:09,518BCEDD,SIMBR0317,SIMR0317,SIMU0011:User 11,GRANTED
2026,1月,13,周二,14:56:09,A0043AC2,SIMBR0193,SIMR0193,SIMU0040:User 40,GRANTED
2026,1月,13,周二,14:56:09,1812D558,SIMBR0222,SIMR0222,SIMU0214:User 214,GRANTED
2026,1月,13,周二,14:56:09,CB0F203D,SIMBR0019,SIMR0019,SIMU0124:User 124,GRANTED
2026,1月,13,周二,14:56:09,44B3ADEE,SIMBR0306,SIMR0306,SIMU0157:User 157,GRANTED
2026,1月,13,周二,14:56:09,BA841717,SIMBR0014,SIMR0014,SIMU0064:User 64,GRANTED
2026,1月,13,周二,14:56:09,F9B71846,SIMBR0114,SIMR0114,SIMU0196:User 196,GRANTED
2026,1月,13,周二,14:56:09,489655D2,SIMBR0057,SIMR0057,CON001:Wang Wu,DENIED
2026,1月,13,周二,14:56:09,C6173DD5,SIMBR0253,SIMR0253,SIMU0023:User 23,GRANTED
2026,1月,13,周二,14:56:09,2056B86F,SIMBR0307,SIMR0307,SIMU0067:User 67,GRANTED
2026,1月,13,周二,14:56:09,5FF2F656,SIMBR0367,SIMR0367,SIMU0120:User 120,GRANTED
2026,1月,13,周二,14:56:09,354118DA,SIMBR0194,SIMR0194,SIMU0052:User 52,GRANTED
2026,1月,13,周二,14:56:09,61095621,BR012,RES005,SIMU0137:User 137,DENIED
2026,1月,13,周二,14:56:09,4D83FE2E,SIMBR0062,SIMR0062,SIMU0056:User 56,GRANTED
2026,1月,13,周二,14:56:09,BA1008EF,BR010,RES004,SIMU0083:User 83,DENIED
2026,1月,13,周二,14:56:09,6A6279C3,SIMBR0367,SIMR0367,SIMU0178:User 178,GRANTED
2026,1月,13,周二,14:56:09,7C3923AE,SIMBR0358,SIMR0358,SIMU0210:User 210,GRANTED
2026,1月,13,周二,14:56:09,C1CE8342,SIMBR0313,SIMR0313,SIMU0018:User 18,GRANTED
2026,1月,13,周二,14:56:09,FBBEF95C,SIMBR0313,SIMR0313,SIMU0025:User 25,GRANTED
2026,1月,13,周二,14:56:09,2289A51E,SIMBR0198,SIMR0198,SIMU0273:User 273,GRANTED
2026,1月,13,周二,14:56:09,8884A944,SIMBR0202,SIMR0202,SIMU0295:User 295,GRANTED
2026,1月,13,周二,14:56:09,A2903A49,SIMBR0104,SIMR0104,SIMU0043:User 43,GRANTED
2026,1月,13,周二,14:56:09,10321BC3,SIMBR0086,SIMR0086,SIMU0042:User 42,GRANTED
2026,1月,13,周二,14:56:09,0641BA46,SIMBR0176,SIMR0176,SIMU0085:User 85,GRANTED
2026,1月,13,周二,14:56:09,5FF2F656,SIMBR0198,SIMR0198,SIMU0120:User 120,GRANTED
2026,1月,13,周二,14:56:09,853BC8DF,SIMBR0283,SIMR0283,SIMU0092:User 92,GRANTED
2026,1月,13,周二,14:56:09,66FC8294,SIMBR0319,SIMR0319,SIMU0180:User 180,GRANTED
2026,1月,13,周二,14:56:09,C0F19B1C,SIMBR0192,SIMR0192,SIMU0155:User 155,GRANTED
2026,1月,13,周二,14:56:09,20D788EC,SIMBR0046,SIMR0046,SIMU0271:User 271,GRANTED
2026,1月,13,周二,14:56:09,81F12C1B,SIMBR0192,SIMR0192,SIMU0200:User 200,GRANTED
2026,1月,13,周二,14:56:09,D0871CF1,SIMBR0015,SIMR0015,SIMU0007:User 7,GRANTED
2026,1月,13,周二,14:47:01,B77EBDC0,SIMBR0178,SIMR0178,SIMU0203:User 203,DENIED
2026,1月,13,周二,14:47:03,2289A51E,SIMBR0160,SIMR0160,SIMU0273:User 273,DENIED
2026,1月,13,周二,14:47:05,58B690ED,SIMBR0216,SIMR0216,SIMU0081:User 81,DENIED
2026,1月,13,周二,14:47:07,C44E5E52,SIMBR0248,SIMR0248,SIMU0002:User 2,DENIED
2026,1月,13,周二,14:47:09,44B3ADEE,SIMBR0071,SIMR0071,SIMU0157:User 157,GRANTED
2026,1月,13,周二,14:47:11,5A758FE3,SIMBR0267,SIMR0267,SIMU0103:User 103,DENIED
2026,1月,13,周二,14:47:13,CB0F203D,SIMBR0098,SIMR0098,SIMU0124:User 124,DENIED
2026,1月,13,周二,14:47:15,358D24E5,SIMBR0202,SIMR0202,SIMU0130:User 130,GRANTED
2026,1月,13,周二,14:47:17,B2D6FCB4,SIMBR0338,SIMR0338,SIMU0086:User 86,DENIED
2026,1月,13,周二,14:47:19,273D28BF,SIMBR0339,SIMR0339,SIMU0057:User 57,DENIED
2026,1月,13,周二,14:47:21,8B9117BE,SIMBR0270,SIMR0270,SIMU0165:User 165,DENIED
2026,1月,13,周二,14:47:23,C1CE8342,SIMBR0346,SIMR0346,SIMU0018:User 18,DENIED
2026,1月,13,周二,14:47:25,3DC555DE,SIMBR0196,SIMR0196,SIMU0300:User 300,DENIED
2026,1月,13,周二,14:47:27,B13BB6C7,SIMBR0071,SIMR0071,SIMU0167:User 167,GRANTED
2026,1月,13,周二,14:47:29,E55AD432,SIMBR0344,SIMR0344,SIMU0134:User 134,DENIED
2026,1月,13,周二,14:47:31,C2EDBC0C,SIMBR0371,SIMR0371,SIMU0226:User 226,GRANTED
2026,1月,13,周二,14:47:33,1A3D1ED6,SIMBR0210,SIMR0210,SIMU0231:User 231,DENIED
2026,1月,13,周二,14:47:35,EEC38563,SIMBR0176,SIMR0176,SIMU0141:User 141,DENIED
2026,1月,13,周二,14:47:37,56619802,SIMBR0218,SIMR0218,SIMU0202:User 202,DENIED
2026,1月,13,周二,14:47:39,E6DCC382,SIMBR0172,SIMR0172,SIMU0158:User 158,GRANTED
2026,1月,13,周二,14:47:41,1EE4C053,SIMBR0302,SIMR0302,SIMU0026:User 26,GRANTED
2026,1月,13,周二,14:47:43,E93FF152,SIMBR0341,SIMR0341,SIMU0197:User 197,GRANTED
2026,1月,13,周二,14:47:45,7D277C80,SIMBR0239,SIMR0239,SIMU0212:User 212,DENIED
2026,1月,13,周二,14:47:47,4FC5D562,SIMBR0130,SIMR0130,SIMU0275:User 275,DENIED
2026,1月,13,周二,14:48:03,18788AAF,SIMBR0121,SIMR0121,SIMU0298:User 298,GRANTED
2026,1月,13,周二,14:48:23,701D5B3A,SIMBR0221,SIMR0221,SIMU0211:User 211,GRANTED
2026,1月,13,周二,14:48:43,AA3155BB,SIMBR0280,SIMR0280,SIMU0050:User 50,DENIED
2026,1月,13,周二,14:49:03,5560EC7D,SIMBR0197,SIMR0197,SIMU0109:User 109,DENIED
2026,1月,13,周二,14:49:23,A51F7B4F,SIMBR0237,SIMR0237,SIMU0277:User 277,DENIED
2026,1月,13,周二,14:50:03,6F12BFA3,SIMBR0388,SIMR0388,SIMU0218:User 218,DENIED
2026,1月,13,周二,14:50:23,DB66EC85,SIMBR0338,SIMR0338,SIMU0100:User 100,DENIED
2026,1月,13,周二,14:50:43,C57735BB,BR017,RES010,SIMU0242:User 242,DENIED
2026,1月,13,周二,14:50:58,57ED1495,SIMBR0027,SIMR0027,SIMU0250:User 250,DENIED
2026,1月,13,周二,14:50:59,46895123,BR014,RES007,SIMU0132:User 132,DENIED
2026,1月,13,周二,14:51:00,3DC555DE,SIMBR0010,SIMR0010,SIMU0300:User 300,DENIED
2026,1月,13,周二,14:51:01,FBBEF95C,SIMBR0006,SIMR0006,SIMU0025:User 25,DENIED
