2026,1月,10,周六,21:54:08,DF4F65FA,SIMBR0394,SIMR0394,SIMU0124:User 124,DENIED
2026,1月,10,周六,21:54:08,D3A70655,SIMBR0366,SIMR0366,SIMU0107:User 107,DENIED
2026,1月,10,周六,21:54:08,C6A1DEEB,SIMBR0180,SIMR0180,SIMU0175:User 175,DENIED
2026,1月,10,周六,21:54:08,2A4E4C17,SIMBR0006,SIMR0006,SIMU0168:User 168,DENIED
2026,1月,10,周六,21:54:08,88FF8EF2,SIMBR0153,SIMR0153,SIMU0206:User 206,DENIED
2026,1月,10,周六,21:54:08,0EC771E6,BR012,RES005,SIMU0252:User 252,DENIED
2026,1月,10,周六,21:54:08,6E7782F8,SIMBR0263,SIMR0263,INT001:Zhao Liu,DENIED
2026,1月,10,周六,21:54:08,DEBE98DF,SIMBR0352,SIMR0352,SIMU0189:User 189,DENIED
2026,1月,10,周六,21:54:08,D763188D,SIMBR0104,SIMR0104,SIMU0130:User 130,DENIED
2026,1月,10,周六,21:54:08,2D6ECED1,SIMBR0397,SIMR0397,SIMU0234:User 234,DENIED
2026,1月,10,周六,21:54:08,08B71C09,SIMBR0357,SIMR0357,SIMU0253:User 253,DENIED
2026,1月,10,周六,21:54:08,95379CDB,SIMBR0280,SIMR0280,f46ee39b-ac9d-4193-a478-f8cfc35cec07:gagaga a,DENIED
2026,1月,10,周六,21:54:08,02FCAAFD,SIMBR0295,SIMR0295,SIMU0248:User 248,DENIED
2026,1月,10,周六,21:54:08,4BEECFEB,BR018,RES011,SIMU0117:User 117,DENIED
2026,1月,10,周六,21:54:08,FF6E7B7D,SIMBR0023,SIMR0023,SIMU0229:User 229,DENIED
2026,1月,10,周六,21:54:08,19C83547,SIMBR0267,SIMR0267,SIMU0266:User 266,DENIED
2026,1月,10,周六,21:54:08,B335B7A5,SIMBR0201,SIMR0201,SIMU0202:User 202,DENIED
2026,1月,10,周六,21:54:08,16A446D4,SIMBR0092,SIMR0092,SIMU0201:User 201,DENIED
2026,1月,10,周六,21:54:08,C1C7FE58,SIMBR0147,SIMR0147,SIMU0108:User 108,DENIED
2026,1月,10,周六,21:54:08,B45868CC,SIMBR0380,SIMR0380,SIMU0174:User 174,DENIED
2026,1月,10,周六,21:54:08,5CA6D470,SIMBR0400,SIMR0400,SIMU0146:User 146,DENIED
2026,1月,10,周六,21:54:08,7481E135,SIMBR0359,SIMR0359,SIMU0282:User 282,DENIED
2026,1月,10,周六,21:54:08,B3D7FE0C,SIMBR0314,SIMR0314,SIMU0016:User 16,DENIED
2026,1月,10,周六,21:54:08,C5662963,SIMBR0198,SIMR0198,SIMU0143:User 143,DENIED
2026,1月,10,周六,21:54:08,438E9BF0,SIMBR0057,SIMR0057,SIMU0057:User 57,DENIED
2026,1月,10,周六,21:54:08,D1E93663,SIMBR0110,SIMR0110,SIMU0235:User 235,DENIED
2026,1月,10,周六,21:54:08,E8480FE4,SIMBR0343,SIMR0343,SIMU0209:User 209,DENIED
2026,1月,10,周六,21:54:08,2B614E0C,SIMBR0264,SIMR0264,SIMU0164:User 164,DENIED
2026,1月,10,周六,21:54:08,7F36E59B,SIMBR0010,SIMR0010,SIMU0159:User 159,DENIED
2026,1月,10,周六,21:54:08,45E5372A,SIMBR0146,SIMR0146,SIMU0002:User 2,DENIED
2026,1月,10,周六,21:54:08,397487A8,SIMBR0390,SIMR0390,SIMU0076:User 76,DENIED
2026,1月,10,周六,21:54:08,8C4E2F9D,SIMBR0136,SIMR0136,SIMU0180:User 180,DENIED
2026,1月,10,周六,21:54:08,53DC8CA9,SIMBR0049,SIMR0049,SIMU0007:User 7,DENIED
2026,1月,10,周六,21:54:08,6CAF0FB3,SIMBR0125,SIMR0125,SIMU0148:User 148,DENIED
2026,1月,10,周六,21:54:08,968BEA98,SIMBR0159,SIMR0159,SIMU0151:User 151,DENIED
2026,1月,10,周六,21:54:08,F615ED55,SIMBR0393,SIMR0393,SIMU0115:User 115,DENIED
2026,1月,10,周六,21:54:08,9F85BAB6,SIMBR0321,SIMR0321,SIMU0031:User 31,DENIED
2026,1月,10,周六,21:54:08,796E035A,SIMBR0333,SIMR0333,SIMU0158:User 158,DENIED
2026,1月,10,周六,21:54:08,A90144E9,SIMBR0267,SIMR0267,SIMU0096:User 96,DENIED
2026,1月,10,周六,21:54:08,00BB87D3,SIMBR0144,SIMR0144,SIMU0059:User 59,DENIED
2026,1月,10,周六,21:54:08,31EC8E2A,SIMBR0080,SIMR0080,SIMU0284:User 284,DENIED
2026,1月,10,周六,21:54:08,D53BB718,BR020,RES013,SIMU0270:User 270,DENIED
2026,1月,10,周六,21:54:08,78D74DDD,BR016,RES009,VIS001:Qian Qi,DENIED
2026,1月,10,周六,21:54:08,7A015C31,SIMBR0039,SIMR0039,SIMU0280:User 280,DENIED
2026,1月,10,周六,21:54:08,ECBB92E5,SIMBR0213,SIMR0213,SIMU0292:User 292,DENIED
2026,1月,10,周六,21:54:08,42A684F2,SIMBR0216,SIMR0216,SIMU0123:User 123,DENIED
2026,1月,10,周六,21:54:08,8881AC83,SIMBR0260,SIMR0260,SIMU0198:User 198,DENIED
2026,1月,10,周六,21:54:08,C5662963,SIMBR0254,SIMR0254,SIMU0143:User 143,DENIED
2026,1月,10,周六,21:54:08,646A37B3,SIMBR0389,SIMR0389,SIMU0200:User 200,DENIED
2026,1月,10,周六,21:54:08,D763188D,SIMBR0329,SIMR0329,SIMU0130:User 130,DENIED
2026,1月,10,周六,21:54:08,04EDBC1A,SIMBR0185,SIMR0185,SIMU0071:User 71,DENIED
2026,1月,10,周六,21:54:08,F6C99026,SIMBR0211,SIMR0211,SIMU0208:User 208,DENIED
2026,1月,10,周六,21:54:08,AD9F62CD,SIMBR0009,SIMR0009,SIMU0092:User 92,DENIED
2026,1月,10,周六,21:54:08,BF88A1CE,SIMBR0065,SIMR0065,SIMU0160:User 160,DENIED
2026,1月,10,周六,21:54:08,67A58C4C,SIMBR0025,SIMR0025,SIMU0012:User 12,DENIED
2026,1月,10,周六,21:54:08,7A015C31,SIMBR0065,SIMR0065,SIMU0280:User 280,DENIED
2026,1月,10,周六,21:54:08,A7E186B8,SIMBR0146,SIMR0146,SIMU0179:User 179,DENIED
2026,1月,10,周六,21:54:08,562086DB,SIMBR0143,SIMR0143,SIMU0193:User 193,DENIED
2026,1月,10,周六,21:54:08,7AA8E7ED,SIMBR0224,SIMR0224,SIMU0184:User 184,DENIED
2026,1月,10,周六,21:54:08,E8771983,SIMBR0379,SIMR0379,SIMU0131:User 131,DENIED
2026,1月,10,周六,21:54:08,58B53FE3,SIMBR0061,SIMR0061,SIMU0199:User 199,DENIED
2026,1月,10,周六,21:54:08,FBEC0C91,SIMBR0052,SIMR0052,SIMU0017:User 17,DENIED
2026,1月,10,周六,21:54:08,170F12B7,SIMBR0068,SIMR0068,SIMU0150:User 150,DENIED
2026,1月,10,周六,21:54:08,8884C7F3,SIMBR0105,SIMR0105,SIMU0220:User 220,DENIED
2026,1月,10,周六,21:54:08,C4504250,SIMBR0358,SIMR0358,SIMU0052:User 52,DENIED
2026,1月,10,周六,21:54:08,58B55845,SIMBR0011,SIMR0011,EMP002:Li Si,DENIED
2026,1月,10,周六,21:54:08,5F111D08,SIMBR0049,SIMR0049,SIMU0204:User 204,DENIED
2026,1月,10,周六,21:54:08,BF88A1CE,SIMBR0017,SIMR0017,SIMU0160:User 160,DENIED
2026,1月,10,周六,21:54:08,47F239E7,SIMBR0368,SIMR0368,SIMU0191:User 191,DENIED
2026,1月,10,周六,21:54:08,AE77BF81,SIMBR0066,SIMR0066,SIMU0225:User 225,DENIED
2026,1月,10,周六,21:54:08,DC026729,SIMBR0110,SIMR0110,SIMU0103:User 103,DENIED
2026,1月,10,周六,21:54:08,A96DDF4D,SIMBR0089,SIMR0089,SIMU0267:User 267,DENIED
2026,1月,10,周六,21:54:08,1F854D4E,SIMBR0071,SIMR0071,SIMU0291:User 291,DENIED
2026,1月,10,周六,21:54:08,F8C3B166,SIMBR0105,SIMR0105,SIMU0300:User 300,DENIED
2026,1月,10,周六,21:54:08,B49050D7,SIMBR0341,SIMR0341,SIMU0203:User 203,DENIED
2026,1月,10,周六,21:54:08,2BAB4E39,SIMBR0103,SIMR0103,SIMU0137:User 137,DENIED
2026,1月,10,周六,21:54:08,CCDCEC0D,SIMBR0223,SIMR0223,SIMU0273:User 273,DENIED
2026,1月,10,周六,21:54:08,37261D4E,SIMBR0390,SIMR0390,SIMU0040:User 40,DENIED
2026,1月,10,周六,21:54:08,C2397E87,SIMBR0256,SIMR0256,SIMU0111:User 111,DENIED
2026,1月,10,周六,21:54:08,B19369AB,SIMBR0126,SIMR0126,SIMU0081:User 81,DENIED
2026,1月,10,周六,21:54:08,2A4E4C17,SIMBR0033,SIMR0033,SIMU0168:User 168,DENIED
2026,1月,10,周六,21:54:08,3644422D,SIMBR0361,SIMR0361,SIMU0298:User 298,DENIED
2026,1月,10,周六,21:54:08,85BFD74E,SIMBR0144,SIMR0144,SIMU0149:User 149,DENIED
2026,1月,10,周六,21:54:08,45E5372A,SIMBR0098,SIMR0098,SIMU0002:User 2,DENIED
2026,1月,10,周六,21:54:08,F615ED55,SIMBR0207,SIMR0207,SIMU0115:User 115,DENIED
2026,1月,10,周六,21:54:08,FC75DC29,SIMBR0054,SIMR0054,SIMU0018:User 18,DENIED
2026,1月,10,周六,21:54:08,C5662963,SIMBR0040,SIMR0040,SIMU0143:User 143,DENIED
2026,1月,10,周六,21:54:08,F6C99026,SIMBR0327,SIMR0327,SIMU0208:User 208,DENIED
2026,1月,10,周六,21:54:08,65F0591E,SIMBR0345,SIMR0345,SIMU0035:User 35,DENIED
2026,1月,10,周六,21:54:08,D3C0B6C6,SIMBR0014,SIMR0014,SIMU0001:User 1,DENIED
2026,1月,10,周六,21:54:08,6A126518,SIMBR0396,SIMR0396,SIMU0157:User 157,DENIED
2026,1月,10,周六,21:54:08,8852F51C,SIMBR0377,SIMR0377,SIMU0121:User 121,DENIED
2026,1月,10,周六,21:54:08,7F36E59B,SIMBR0074,SIMR0074,SIMU0159:User 159,DENIED
2026,1月,10,周六,21:54:08,DC026729,SIMBR0123,SIMR0123,SIMU0103:User 103,DENIED
2026,1月,10,周六,21:54:08,C48BE2F9,SIMBR0098,SIMR0098,SIMU0178:User 178,DENIED
2026,1月,10,周六,21:54:08,A6A1B8F1,SIMBR0268,SIMR0268,SIMU0241:User 241,DENIED
2026,1月,10,周六,21:54:08,61587BB5,SIMBR0343,SIMR0343,SIMU0086:User 86,DENIED
2026,1月,10,周六,21:54:08,DF4F65FA,SIMBR0167,SIMR0167,SIMU0124:User 124,DENIED
2026,1月,10,周六,21:54:08,A2506477,SIMBR0288,SIMR0288,SIMU0278:User 278,DENIED
2026,1月,10,周六,21:54:08,497FB87C,SIMBR0168,SIMR0168,SIMU0272:User 272,DENIED
2026,1月,10,周六,21:54:08,F0BBABB2,SIMBR0316,SIMR0316,SIMU0037:User 37,DENIED
2026,1月,10,周六,21:54:08,3644422D,SIMBR0003,SIMR0003,SIMU0298:User 298,DENIED
2026,1月,10,周六,21:54:08,D763188D,SIMBR0009,SIMR0009,SIMU0130:User 130,DENIED
2026,1月,10,周六,21:54:08,8884C7F3,SIMBR0133,SIMR0133,SIMU0220:User 220,DENIED
2026,1月,10,周六,21:54:08,C59172A2,SIMBR0060,SIMR0060,SIMU0051:User 51,DENIED
2026,1月,10,周六,21:54:08,61587BB5,SIMBR0005,SIMR0005,SIMU0086:User 86,DENIED
2026,1月,10,周六,21:54:08,950AAA2C,SIMBR0348,SIMR0348,SIMU0139:User 139,DENIED
2026,1月,10,周六,21:54:08,371FBFD4,SIMBR0376,SIMR0376,SIMU0227:User 227,DENIED
2026,1月,10,周六,21:54:08,C190DDA3,SIMBR0253,SIMR0253,SIMU0155:User 155,DENIED
2026,1月,10,周六,21:54:08,438E9BF0,SIMBR0248,SIMR0248,SIMU0057:User 57,DENIED
2026,1月,10,周六,21:54:08,F0BBABB2,SIMBR0168,SIMR0168,SIMU0037:User 37,DENIED
2026,1月,10,周六,21:54:08,08A23835,SIMBR0084,SIMR0084,SIMU0258:User 258,DENIED
2026,1月,10,周六,21:54:08,B58F0441,SIMBR0312,SIMR0312,SIMU0165:User 165,DENIED
2026,1月,10,周六,21:54:08,3BE1764E,SIMBR0379,SIMR0379,SIMU0244:User 244,DENIED
2026,1月,10,周六,21:54:08,9C30C93C,SIMBR0394,SIMR0394,SIMU0216:User 216,DENIED
2026,1月,10,周六,21:54:08,E263443E,SIMBR0247,SIMR0247,SIMU0190:User 190,DENIED
2026,1月,10,周六,21:54:08,3A15230F,SIMBR0183,SIMR0183,SIMU0087:User 87,DENIED
2026,1月,10,周六,21:54:08,FC75DC29,SIMBR0192,SIMR0192,SIMU0018:User 18,DENIED
2026,1月,10,周六,21:54:08,08B71C09,SIMBR0007,SIMR0007,SIMU0253:User 253,DENIED
2026,1月,10,周六,21:54:08,A96DDF4D,SIMBR0017,SIMR0017,SIMU0267:User 267,DENIED
2026,1月,10,周六,21:54:08,01FA0FAE,SIMBR0199,SIMR0199,SIMU0218:User 218,DENIED
2026,1月,10,周六,21:54:08,F8C3B166,SIMBR0035,SIMR0035,SIMU0300:User 300,DENIED
2026,1月,10,周六,21:54:08,7F36E59B,BR019,RES012,SIMU0159:User 159,DENIED
2026,1月,10,周六,21:54:08,81E964E1,SIMBR0124,SIMR0124,SIMU0014:User 14,DENIED
2026,1月,10,周六,21:54:08,355CC3B6,SIMBR0396,SIMR0396,SIMU0167:User 167,DENIED
2026,1月,10,周六,21:54:08,F3F1388E,SIMBR0049,SIMR0049,SIMU0022:User 22,DENIED
2026,1月,10,周六,21:54:08,E67855ED,SIMBR0075,SIMR0075,SIMU0268:User 268,DENIED
2026,1月,10,周六,21:54:08,FC2850E7,SIMBR0286,SIMR0286,SIMU0145:User 145,DENIED
2026,1月,10,周六,21:54:08,2015CDCD,SIMBR0199,SIMR0199,SIMU0134:User 134,DENIED
2026,1月,10,周六,21:54:08,D763188D,SIMBR0298,SIMR0298,SIMU0130:User 130,DENIED
2026,1月,10,周六,21:54:08,DA6C9B4D,SIMBR0246,SIMR0246,SIMU0169:User 169,DENIED
2026,1月,10,周六,21:54:08,3BE1764E,SIMBR0137,SIMR0137,SIMU0244:User 244,DENIED
2026,1月,10,周六,21:54:08,162C7D64,SIMBR0080,SIMR0080,SIMU0226:User 226,DENIED
2026,1月,10,周六,21:54:08,C5B21C58,SIMBR0159,SIMR0159,SIMU0054:User 54,DENIED
2026,1月,10,周六,21:54:08,A5D38222,SIMBR0276,SIMR0276,SIMU0064:User 64,DENIED
2026,1月,10,周六,21:54:08,C082C9C4,SIMBR0230,SIMR0230,SIMU0288:User 288,DENIED
2026,1月,10,周六,21:54:08,65191148,BR023,RES016,SIMU0101:User 101,DENIED
2026,1月,10,周六,21:54:08,54125B8C,SIMBR0376,SIMR0376,SIMU0231:User 231,DENIED
2026,1月,10,周六,21:54:08,CF905F5D,SIMBR0289,SIMR0289,SIMU0019:User 19,DENIED
2026,1月,10,周六,21:54:08,1973551A,SIMBR0170,SIMR0170,SIMU0238:User 238,DENIED
2026,1月,10,周六,21:54:08,D4614DD2,SIMBR0393,SIMR0393,SIMU0264:User 264,DENIED
2026,1月,10,周六,21:54:08,F9BE4222,SIMBR0328,SIMR0328,SIMU0141:User 141,DENIED
2026,1月,10,周六,21:54:08,EBA75218,SIMBR0357,SIMR0357,SIMU0028:User 28,DENIED
2026,1月,10,周六,21:54:08,B335B7A5,SIMBR0127,SIMR0127,SIMU0202:User 202,DENIED
2026,1月,10,周六,21:54:08,08B71C09,SIMBR0009,SIMR0009,SIMU0253:User 253,DENIED
2026,1月,10,周六,21:54:08,0FA31338,SIMBR0191,SIMR0191,SIMU0043:User 43,DENIED
2026,1月,10,周六,21:54:08,796E035A,SIMBR0333,SIMR0333,SIMU0158:User 158,DENIED
2026,1月,10,周六,21:54:08,E1BF0A5D,SIMBR0119,SIMR0119,SIMU0232:User 232,DENIED
2026,1月,10,周六,21:54:08,2D6ECED1,SIMBR0333,SIMR0333,SIMU0234:User 234,DENIED
2026,1月,10,周六,21:54:08,DC026729,SIMBR0242,SIMR0242,SIMU0103:User 103,DENIED
2026,1月,10,周六,21:54:08,67E70F45,SIMBR0132,SIMR0132,SIMU0026:User 26,DENIED
2026,1月,10,周六,21:54:08,882F9EB7,SIMBR0249,SIMR0249,SIMU0020:User 20,DENIED
2026,1月,10,周六,21:54:08,7F749586,SIMBR0070,SIMR0070,SIMU0004:User 4,DENIED
2026,1月,10,周六,21:54:08,D53BB718,SIMBR0077,SIMR0077,SIMU0270:User 270,DENIED
2026,1月,10,周六,21:54:08,EF4C6A5D,SIMBR0195,SIMR0195,SIMU0197:User 197,DENIED
2026,1月,10,周六,21:54:08,A78F3370,SIMBR0237,SIMR0237,SIMU0154:User 154,DENIED
2026,1月,10,周六,21:54:08,8D7E04E0,SIMBR0371,SIMR0371,SIMU0042:User 42,DENIED
2026,1月,10,周六,21:54:08,452BD81E,SIMBR0388,SIMR0388,SIMU0027:User 27,DENIED
2026,1月,10,周六,21:54:08,0D9CF3E6,SIMBR0259,SIMR0259,SIMU0212:User 212,DENIED
2026,1月,10,周六,21:54:08,4356E5AB,SIMBR0147,SIMR0147,SIMU0172:User 172,DENIED
2026,1月,10,周六,21:54:08,397487A8,SIMBR0008,SIMR0008,SIMU0076:User 76,DENIED
2026,1月,10,周六,21:54:08,42A684F2,SIMBR0045,SIMR0045,SIMU0123:User 123,DENIED
2026,1月,10,周六,21:54:08,81E48A54,SIMBR0082,SIMR0082,SIMU0275:User 275,DENIED
2026,1月,10,周六,21:54:08,C5797377,SIMBR0398,SIMR0398,SIMU0237:User 237,DENIED
2026,1月,10,周六,21:54:08,C082C9C4,SIMBR0145,SIMR0145,SIMU0288:User 288,DENIED
2026,1月,10,周六,21:54:08,3644422D,SIMBR0066,SIMR0066,SIMU0298:User 298,DENIED
2026,1月,10,周六,21:54:08,3EC06854,SIMBR0103,SIMR0103,SIMU0129:User 129,DENIED
2026,1月,10,周六,21:54:08,6E7782F8,SIMBR0210,SIMR0210,INT001:Zhao Liu,DENIED
2026,1月,10,周六,21:54:08,47D0D195,SIMBR0271,SIMR0271,SIMU0047:User 47,DENIED
2026,1月,10,周六,21:54:08,BAA7A8FE,SIMBR0075,SIMR0075,SIMU0211:User 211,DENIED
2026,1月,10,周六,21:54:08,FF6E7B7D,SIMBR0310,SIMR0310,SIMU0229:User 229,DENIED
2026,1月,10,周六,21:54:08,E67855ED,SIMBR0057,SIMR0057,SIMU0268:User 268,DENIED
2026,1月,10,周六,21:54:08,8C2113AD,SIMBR0300,SIMR0300,SIMU0228:User 228,DENIED
2026,1月,10,周六,21:54:08,D3314B84,SIMBR0101,SIMR0101,SIMU0050:User 50,DENIED
2026,1月,10,周六,21:54:08,0D9CF3E6,SIMBR0007,SIMR0007,SIMU0212:User 212,DENIED
2026,1月,10,周六,21:54:08,2392E33D,SIMBR0111,SIMR0111,SIMU0023:User 23,DENIED
2026,1月,10,周六,21:54:08,77BD5928,SIMBR0165,SIMR0165,SIMU0207:User 207,DENIED
2026,1月,10,周六,21:54:08,CBF84902,SIMBR0277,SIMR0277,SIMU0109:User 109,DENIED
2026,1月,10,周六,21:54:08,FC2850E7,BR019,RES012,SIMU0145:User 145,DENIED
2026,1月,10,周六,21:54:08,1D712ABD,SIMBR0016,SIMR0016,SIMU0277:User 277,DENIED
2026,1月,10,周六,21:54:08,7E0669A9,SIMBR0251,SIMR0251,SIMU0125:User 125,DENIED
2026,1月,10,周六,21:54:08,E00A3B0F,SIMBR0288,SIMR0288,SIMU0013:User 13,DENIED
2026,1月,10,周六,21:54:08,6712960F,SIMBR0016,SIMR0016,SIMU0015:User 15,DENIED
2026,1月,10,周六,21:54:08,5A448F85,SIMBR0161,SIMR0161,SIMU0233:User 233,DENIED
2026,1月,10,周六,21:54:08,49209EA6,SIMBR0398,SIMR0398,SIMU0247:User 247,DENIED
2026,1月,10,周六,21:54:08,01FA0FAE,SIMBR0244,SIMR0244,SIMU0218:User 218,DENIED
2026,1月,10,周六,21:54:08,761D0F5D,SIMBR0323,SIMR0323,SIMU0257:User 257,DENIED
2026,1月,10,周六,21:54:08,2BAB4E39,SIMBR0235,SIMR0235,SIMU0137:User 137,DENIED
2026,1月,10,周六,21:54:08,D7544F8A,SIMBR0005,SIMR0005,SIMU0100:User 100,DENIED
2026,1月,10,周六,21:54:08,37261D4E,SIMBR0250,SIMR0250,SIMU0040:User 40,DENIED
2026,1月,10,周六,21:54:08,AE77BF81,SIMBR0057,SIMR0057,SIMU0225:User 225,DENIED
2026,1月,10,周六,21:54:08,897D2598,SIMBR0237,SIMR0237,SIMU0242:User 242,DENIED
2026,1月,10,周六,21:54:08,6D120953,SIMBR0272,SIMR0272,SIMU0224:User 224,DENIED
2026,1月,10,周六,21:54:08,7481E135,SIMBR0146,SIMR0146,SIMU0282:User 282,DENIED
2026,1月,10,周六,21:54:08,FF968112,SIMBR0004,SIMR0004,SIMU0250:User 250,DENIED
2026,1月,10,周六,21:54:08,7481E135,SIMBR0150,SIMR0150,SIMU0282:User 282,DENIED
2026,1月,10,周六,21:54:08,3EC06854,SIMBR0251,SIMR0251,SIMU0129:User 129,DENIED
2026,1月,10,周六,21:54:08,B3C34A2A,SIMBR0344,SIMR0344,SIMU0044:User 44,DENIED
2026,1月,10,周六,21:54:08,8E0C0DD9,SIMBR0109,SIMR0109,SIMU0045:User 45,DENIED
2026,1月,10,周六,21:54:08,B492A75C,SIMBR0179,SIMR0179,SIMU0110:User 110,DENIED
2026,1月,10,周六,21:54:09,6B46505C,SIMBR0238,SIMR0238,SIMU0132:User 132,DENIED
2026,1月,10,周六,21:54:09,DDB28C88,SIMBR0373,SIMR0373,SIMU0102:User 102,DENIED
2026,1月,10,周六,21:54:09,F8C3B166,SIMBR0084,SIMR0084,SIMU0300:User 300,DENIED
2026,1月,10,周六,21:54:09,A1F8AEF6,SIMBR0006,SIMR0006,SIMU0122:User 122,DENIED
2026,1月,10,周六,21:54:09,04EDBC1A,SIMBR0186,SIMR0186,SIMU0071:User 71,DENIED
2026,1月,10,周六,21:54:09,A7E186B8,BR011,RES026,SIMU0179:User 179,DENIED
2026,1月,10,周六,21:54:09,092CFDC0,SIMBR0090,SIMR0090,SIMU0025:User 25,DENIED
2026,1月,10,周六,21:54:09,78D74DDD,SIMBR0109,SIMR0109,VIS001:Qian Qi,DENIED
2026,1月,10,周六,21:54:09,74AB61A5,BR018,RES011,SIMU0171:User 171,DENIED
2026,1月,10,周六,21:54:09,B58F0441,SIMBR0007,SIMR0007,SIMU0165:User 165,DENIED
2026,1月,10,周六,21:54:09,1361E23B,SIMBR0207,SIMR0207,SIMU0181:User 181,DENIED
2026,1月,10,周六,21:54:09,90A35555,SIMBR0003,SIMR0003,SIMU0294:User 294,DENIED
2026,1月,10,周六,21:54:09,00BB87D3,SIMBR0019,SIMR0019,SIMU0059:User 59,DENIED
2026,1月,10,周六,21:54:09,DEBE98DF,SIMBR0184,SIMR0184,SIMU0189:User 189,DENIED
2026,1月,10,周六,21:54:09,6838748B,SIMBR0215,SIMR0215,SIMU0138:User 138,DENIED
2026,1月,10,周六,21:54:09,497FB87C,SIMBR0255,SIMR0255,SIMU0272:User 272,DENIED
2026,1月,10,周六,21:54:09,C465593F,SIMBR0099,SIMR0099,SIMU0093:User 93,DENIED
2026,1月,10,周六,21:54:09,49209EA6,SIMBR0379,SIMR0379,SIMU0247:User 247,DENIED
2026,1月,10,周六,21:54:09,2BAB4E39,SIMBR0345,SIMR0345,SIMU0137:User 137,DENIED
2026,1月,10,周六,21:54:09,77BD5928,SIMBR0349,SIMR0349,SIMU0207:User 207,DENIED
2026,1月,10,周六,21:54:09,47D0D195,SIMBR0317,SIMR0317,SIMU0047:User 47,DENIED
2026,1月,10,周六,21:54:09,4DE0D33A,SIMBR0038,SIMR0038,SIMU0260:User 260,DENIED
2026,1月,10,周六,21:54:09,67E70F45,SIMBR0048,SIMR0048,SIMU0026:User 26,DENIED
2026,1月,10,周六,21:54:09,C48BE2F9,SIMBR0059,SIMR0059,SIMU0178:User 178,DENIED
2026,1月,10,周六,21:54:09,C59172A2,SIMBR0279,SIMR0279,SIMU0051:User 51,DENIED
2026,1月,10,周六,21:54:09,3EC06854,SIMBR0385,SIMR0385,SIMU0129:User 129,DENIED
2026,1月,10,周六,21:54:09,A672B04C,SIMBR0268,SIMR0268,SIMU0254:User 254,DENIED
2026,1月,10,周六,21:54:09,5C18984E,BR013,RES006,SIMU0255:User 255,DENIED
2026,1月,10,周六,21:54:09,65B476AB,SIMBR0125,SIMR0125,SIMU0099:User 99,DENIED
2026,1月,10,周六,21:54:09,A672B04C,BR014,RES007,SIMU0254:User 254,DENIED
2026,1月,10,周六,21:54:09,85BFD74E,SIMBR0294,SIMR0294,SIMU0149:User 149,DENIED
2026,1月,10,周六,21:54:09,2A2939D5,BR017,RES010,SIMU0279:User 279,DENIED
2026,1月,10,周六,21:54:09,77BD5928,BR004,RES001,SIMU0207:User 207,DENIED
2026,1月,10,周六,21:54:09,6406A215,SIMBR0122,SIMR0122,SIMU0214:User 214,DENIED
2026,1月,10,周六,21:54:09,D53BB718,SIMBR0387,SIMR0387,SIMU0270:User 270,DENIED
2026,1月,10,周六,21:54:09,1361E23B,SIMBR0015,SIMR0015,SIMU0181:User 181,DENIED
2026,1月,10,周六,21:54:09,CB29BCDB,SIMBR0322,SIMR0322,SIMU0104:User 104,DENIED
2026,1月,10,周六,21:54:09,489655D2,SIMBR0162,SIMR0162,CON001:Wang Wu,DENIED
2026,1月,10,周六,21:54:09,DEBE98DF,SIMBR0275,SIMR0275,SIMU0189:User 189,DENIED
2026,1月,10,周六,21:54:09,F601DCED,SIMBR0185,SIMR0185,SIMU0285:User 285,DENIED
2026,1月,10,周六,21:54:09,D3A70655,SIMBR0043,SIMR0043,SIMU0107:User 107,DENIED
2026,1月,10,周六,21:54:09,DC026729,SIMBR0333,SIMR0333,SIMU0103:User 103,DENIED
2026,1月,10,周六,21:54:09,A7E186B8,SIMBR0318,SIMR0318,SIMU0179:User 179,DENIED
2026,1月,10,周六,21:54:09,A7EE3F93,SIMBR0145,SIMR0145,SIMU0222:User 222,DENIED
2026,1月,10,周六,21:54:09,BA0243B9,SIMBR0290,SIMR0290,PM001:Sun Ba,DENIED
2026,1月,10,周六,21:54:09,65830A51,SIMBR0138,SIMR0138,SIMU0041:User 41,DENIED
2026,1月,10,周六,21:54:09,A78F3370,SIMBR0157,SIMR0157,SIMU0154:User 154,DENIED
2026,1月,10,周六,21:54:09,00BB87D3,SIMBR0261,SIMR0261,SIMU0059:User 59,DENIED
2026,1月,10,周六,21:54:09,B31FE5FA,SIMBR0300,SIMR0300,SIMU0223:User 223,DENIED
2026,1月,10,周六,21:54:09,914F2FD1,SIMBR0259,SIMR0259,SIMU0187:User 187,DENIED
2026,1月,10,周六,21:54:09,5849BD23,SIMBR0261,SIMR0261,SIMU0186:User 186,DENIED
2026,1月,10,周六,21:54:09,8C4E2F9D,SIMBR0048,SIMR0048,SIMU0180:User 180,DENIED
2026,1月,10,周六,21:54:09,6E7782F8,SIMBR0226,SIMR0226,INT001:Zhao Liu,DENIED
2026,1月,10,周六,21:54:09,19618E8D,SIMBR0034,SIMR0034,SIMU0205:User 205,DENIED
2026,1月,10,周六,21:54:09,DEBE98DF,SIMBR0363,SIMR0363,SIMU0189:User 189,DENIED
2026,1月,10,周六,21:54:09,EB7D191F,SIMBR0066,SIMR0066,SIMU0153:User 153,DENIED
2026,1月,10,周六,21:54:09,7F749586,SIMBR0190,SIMR0190,SIMU0004:User 4,DENIED
2026,1月,10,周六,21:54:09,865DCCF8,SIMBR0021,SIMR0021,SIMU0062:User 62,DENIED
2026,1月,10,周六,21:54:09,6E7782F8,SIMBR0297,SIMR0297,INT001:Zhao Liu,DENIED
2026,1月,10,周六,21:54:09,88FF8EF2,SIMBR0097,SIMR0097,SIMU0206:User 206,DENIED
2026,1月,10,周六,21:54:09,C584F9D3,SIMBR0278,SIMR0278,EMP001:Zhang San,DENIED
2026,1月,10,周六,21:54:09,953F9943,SIMBR0255,SIMR0255,SIMU0240:User 240,DENIED
2026,1月,10,周六,21:54:09,F8B36522,SIMBR0309,SIMR0309,SIMU0084:User 84,DENIED
2026,1月,10,周六,21:54:09,58B53FE3,SIMBR0115,SIMR0115,SIMU0199:User 199,DENIED
2026,1月,10,周六,21:54:09,94DA0C78,SIMBR0339,SIMR0339,SIMU0039:User 39,DENIED
2026,1月,10,周六,21:54:09,FC9D18E8,SIMBR0019,SIMR0019,SIMU0083:User 83,DENIED
2026,1月,10,周六,21:54:09,C48BE2F9,BR006,RES002,SIMU0178:User 178,DENIED
2026,1月,10,周六,21:54:09,910591FC,SIMBR0364,SIMR0364,SIMU0090:User 90,DENIED
2026,1月,10,周六,21:54:09,F9BE4222,SIMBR0183,SIMR0183,SIMU0141:User 141,DENIED
2026,1月,10,周六,21:54:09,882F9EB7,SIMBR0241,SIMR0241,SIMU0020:User 20,DENIED
2026,1月,10,周六,21:54:09,B0280533,SIMBR0187,SIMR0187,SIMU0024:User 24,DENIED
2026,1月,10,周六,21:54:09,5C18984E,SIMBR0352,SIMR0352,SIMU0255:User 255,DENIED
2026,1月,10,周六,21:54:09,42A684F2,BR025,RES018,SIMU0123:User 123,DENIED
2026,1月,10,周六,21:54:09,C400399C,SIMBR0280,SIMR0280,SIMU0034:User 34,DENIED
2026,1月,10,周六,21:54:09,092CFDC0,SIMBR0002,SIMR0002,SIMU0025:User 25,DENIED
2026,1月,10,周六,21:54:09,2A2939D5,SIMBR0048,SIMR0048,SIMU0279:User 279,DENIED
2026,1月,10,周六,21:54:09,7E0669A9,SIMBR0387,SIMR0387,SIMU0125:User 125,DENIED
2026,1月,10,周六,21:54:09,C400399C,SIMBR0354,SIMR0354,SIMU0034:User 34,DENIED
2026,1月,10,周六,21:54:09,AE77BF81,SIMBR0100,SIMR0100,SIMU0225:User 225,DENIED
2026,1月,10,周六,21:54:09,AD9F62CD,SIMBR0358,SIMR0358,SIMU0092:User 92,DENIED
2026,1月,10,周六,21:54:09,AE77BF81,SIMBR0233,SIMR0233,SIMU0225:User 225,DENIED
2026,1月,10,周六,21:54:09,AE77BF81,SIMBR0264,SIMR0264,SIMU0225:User 225,DENIED
2026,1月,10,周六,21:54:09,34580E40,SIMBR0202,SIMR0202,SIMU0005:User 5,DENIED
2026,1月,10,周六,21:54:09,F6C99026,SIMBR0271,SIMR0271,SIMU0208:User 208,DENIED
2026,1月,10,周六,21:54:09,5F111D08,SIMBR0159,SIMR0159,SIMU0204:User 204,DENIED
2026,1月,10,周六,21:54:09,94DA0C78,SIMBR0096,SIMR0096,SIMU0039:User 39,DENIED
2026,1月,10,周六,21:54:09,4894892B,SIMBR0059,SIMR0059,SIMU0073:User 73,DENIED
2026,1月,10,周六,21:54:09,B58F0441,SIMBR0226,SIMR0226,SIMU0165:User 165,DENIED
2026,1月,10,周六,21:54:09,7E0669A9,SIMBR0272,SIMR0272,SIMU0125:User 125,DENIED
2026,1月,10,周六,21:54:09,3A15230F,SIMBR0202,SIMR0202,SIMU0087:User 87,DENIED
2026,1月,10,周六,21:54:09,05B63F8B,SIMBR0181,SIMR0181,SIMU0135:User 135,DENIED
2026,1月,10,周六,21:54:09,260E5AC6,SIMBR0225,SIMR0225,SIMU0065:User 65,DENIED
2026,1月,10,周六,21:54:09,E263443E,SIMBR0172,SIMR0172,SIMU0190:User 190,DENIED
2026,1月,10,周六,21:54:09,F8FD020A,SIMBR0084,SIMR0084,SIMU0094:User 94,DENIED
2026,1月,10,周六,21:54:09,86CB6A2D,SIMBR0016,SIMR0016,SIMU0274:User 274,DENIED
2026,1月,10,周六,21:54:09,EF4C6A5D,SIMBR0206,SIMR0206,SIMU0197:User 197,DENIED
2026,1月,10,周六,21:54:09,4356E5AB,SIMBR0399,SIMR0399,SIMU0172:User 172,DENIED
2026,1月,10,周六,21:54:09,5FE2AA73,SIMBR0284,SIMR0284,SIMU0063:User 63,DENIED
2026,1月,10,周六,21:54:09,65830A51,SIMBR0308,SIMR0308,SIMU0041:User 41,DENIED
2026,1月,10,周六,21:54:09,B335B7A5,SIMBR0246,SIMR0246,SIMU0202:User 202,DENIED
2026,1月,10,周六,21:54:09,C89B5481,BR004,RES001,SIMU0230:User 230,DENIED
2026,1月,10,周六,21:54:09,59DE7962,SIMBR0379,SIMR0379,SIMU0079:User 79,DENIED
2026,1月,10,周六,21:54:09,29219B5A,SIMBR0337,SIMR0337,SIMU0142:User 142,DENIED
2026,1月,10,周六,21:54:09,914F2FD1,SIMBR0056,SIMR0056,SIMU0187:User 187,DENIED
2026,1月,10,周六,21:54:09,7F36E59B,SIMBR0148,SIMR0148,SIMU0159:User 159,DENIED
2026,1月,10,周六,21:54:09,B3D7FE0C,SIMBR0013,SIMR0013,SIMU0016:User 16,DENIED
2026,1月,10,周六,21:54:09,07768ACF,SIMBR0142,SIMR0142,SIMU0176:User 176,DENIED
2026,1月,10,周六,21:54:09,C59172A2,SIMBR0128,SIMR0128,SIMU0051:User 51,DENIED
2026,1月,10,周六,21:54:09,2D7F99C4,SIMBR0227,SIMR0227,SIMU0085:User 85,DENIED
2026,1月,10,周六,21:54:09,0CCD1CE3,SIMBR0048,SIMR0048,SIMU0080:User 80,DENIED
2026,1月,10,周六,21:54:09,37F08443,SIMBR0390,SIMR0390,SIMU0289:User 289,DENIED
2026,1月,10,周六,21:54:09,9E7210ED,SIMBR0344,SIMR0344,SIMU0297:User 297,DENIED
2026,1月,10,周六,21:54:09,1F854D4E,BR023,RES016,SIMU0291:User 291,DENIED
2026,1月,10,周六,21:54:09,0402E2AB,SIMBR0039,SIMR0039,SIMU0185:User 185,DENIED
2026,1月,10,周六,21:54:09,61587BB5,SIMBR0358,SIMR0358,SIMU0086:User 86,DENIED
2026,1月,10,周六,21:54:09,5F0BA8E3,SIMBR0065,SIMR0065,SIMU0077:User 77,DENIED
2026,1月,10,周六,21:54:09,E5BD3919,SIMBR0154,SIMR0154,SIMU0091:User 91,DENIED
2026,1月,10,周六,21:54:09,8D7E04E0,SIMBR0051,SIMR0051,SIMU0042:User 42,DENIED
2026,1月,10,周六,21:54:09,A15BFAF3,SIMBR0273,SIMR0273,SIMU0156:User 156,DENIED
2026,1月,10,周六,21:54:09,44BB34C0,SIMBR0189,SIMR0189,SIMU0262:User 262,DENIED
2026,1月,10,周六,21:54:09,A7998437,SIMBR0122,SIMR0122,SIMU0105:User 105,DENIED
2026,1月,10,周六,21:54:09,D3C0B6C6,SIMBR0149,SIMR0149,SIMU0001:User 1,DENIED
2026,1月,10,周六,21:54:09,66DF575A,SIMBR0299,SIMR0299,SIMU0070:User 70,DENIED
2026,1月,10,周六,21:54:09,8852F51C,SIMBR0239,SIMR0239,SIMU0121:User 121,DENIED
2026,1月,10,周六,21:54:09,8C4E2F9D,BR002,RES021,SIMU0180:User 180,DENIED
2026,1月,10,周六,21:54:09,19C83547,SIMBR0304,SIMR0304,SIMU0266:User 266,DENIED
2026,1月,10,周六,21:54:09,74AB61A5,SIMBR0111,SIMR0111,SIMU0171:User 171,DENIED
2026,1月,10,周六,21:54:09,CCB40167,SIMBR0284,SIMR0284,SIMU0049:User 49,DENIED
2026,1月,10,周六,21:54:09,D3A70655,SIMBR0310,SIMR0310,SIMU0107:User 107,DENIED
2026,1月,10,周六,21:54:09,4894892B,SIMBR0066,SIMR0066,SIMU0073:User 73,DENIED
2026,1月,10,周六,21:54:09,D0ABEAE1,SIMBR0035,SIMR0035,SIMU0196:User 196,DENIED
2026,1月,10,周六,21:54:09,DF4F65FA,SIMBR0358,SIMR0358,SIMU0124:User 124,DENIED
2026,1月,10,周六,21:54:09,81E964E1,SIMBR0255,SIMR0255,SIMU0014:User 14,DENIED
2026,1月,10,周六,21:54:09,796E035A,BR017,RES010,SIMU0158:User 158,DENIED
2026,1月,10,周六,21:54:09,08EF410D,SIMBR0339,SIMR0339,SIMU0243:User 243,DENIED
2026,1月,10,周六,21:54:09,3E02D00E,SIMBR0211,SIMR0211,SIMU0067:User 67,DENIED
2026,1月,10,周六,21:54:09,8C4E2F9D,BR006,RES002,SIMU0180:User 180,DENIED
2026,1月,10,周六,21:54:09,C2397E87,SIMBR0170,SIMR0170,SIMU0111:User 111,DENIED
2026,1月,10,周六,21:54:09,9C4465BC,SIMBR0065,SIMR0065,SIMU0263:User 263,DENIED
2026,1月,10,周六,21:54:09,7AA8E7ED,SIMBR0140,SIMR0140,SIMU0184:User 184,DENIED
2026,1月,10,周六,21:54:09,F8B36522,SIMBR0309,SIMR0309,SIMU0084:User 84,DENIED
2026,1月,10,周六,21:54:09,B58F0441,SIMBR0152,SIMR0152,SIMU0165:User 165,DENIED
2026,1月,10,周六,21:54:09,0552E86C,SIMBR0236,SIMR0236,SIMU0114:User 114,DENIED
2026,1月,10,周六,21:54:09,02C1BA5C,SIMBR0302,SIMR0302,SIMU0147:User 147,DENIED
2026,1月,10,周六,21:54:09,9C4465BC,SIMBR0339,SIMR0339,SIMU0263:User 263,DENIED
2026,1月,10,周六,21:54:09,C400399C,SIMBR0080,SIMR0080,SIMU0034:User 34,DENIED
2026,1月,10,周六,21:54:09,796E035A,SIMBR0255,SIMR0255,SIMU0158:User 158,DENIED
2026,1月,10,周六,21:54:09,27855213,SIMBR0251,SIMR0251,SIMU0245:User 245,DENIED
2026,1月,10,周六,21:54:09,62CE2F4E,SIMBR0090,SIMR0090,SIMU0112:User 112,DENIED
2026,1月,10,周六,21:54:09,E7BF1B90,SIMBR0319,SIMR0319,SIMU0286:User 286,DENIED
2026,1月,10,周六,21:54:09,5C18984E,BR017,RES010,SIMU0255:User 255,DENIED
2026,1月,10,周六,21:54:09,E263443E,SIMBR0375,SIMR0375,SIMU0190:User 190,DENIED
2026,1月,10,周六,21:54:09,8884C7F3,SIMBR0340,SIMR0340,SIMU0220:User 220,DENIED
2026,1月,10,周六,21:54:09,95379CDB,SIMBR0168,SIMR0168,f46ee39b-ac9d-4193-a478-f8cfc35cec07:gagaga a,DENIED
2026,1月,10,周六,21:54:09,31EC8E2A,SIMBR0159,SIMR0159,SIMU0284:User 284,DENIED
2026,1月,10,周六,21:54:09,B49050D7,SIMBR0053,SIMR0053,SIMU0203:User 203,DENIED
2026,1月,10,周六,21:54:09,F9F71897,SIMBR0334,SIMR0334,SIMU0055:User 55,DENIED
2026,1月,10,周六,21:54:09,71524832,SIMBR0350,SIMR0350,SIMU0128:User 128,DENIED
2026,1月,10,周六,21:54:09,A7E186B8,SIMBR0318,SIMR0318,SIMU0179:User 179,DENIED
2026,1月,10,周六,21:54:09,62CE2F4E,SIMBR0315,SIMR0315,SIMU0112:User 112,DENIED
2026,1月,10,周六,21:54:09,497FB87C,SIMBR0126,SIMR0126,SIMU0272:User 272,DENIED
2026,1月,10,周六,21:54:09,8852F51C,SIMBR0337,SIMR0337,SIMU0121:User 121,DENIED
2026,1月,10,周六,21:54:09,6406A215,SIMBR0101,SIMR0101,SIMU0214:User 214,DENIED
2026,1月,10,周六,21:54:09,3D87DCDC,SIMBR0351,SIMR0351,SIMU0152:User 152,DENIED
2026,1月,10,周六,21:54:09,69018179,SIMBR0261,SIMR0261,SIMU0194:User 194,DENIED
2026,1月,10,周六,21:54:09,950AAA2C,SIMBR0293,SIMR0293,SIMU0139:User 139,DENIED
2026,1月,10,周六,21:54:09,E8771983,SIMBR0089,SIMR0089,SIMU0131:User 131,DENIED
2026,1月,10,周六,21:54:09,248E3909,SIMBR0317,SIMR0317,SIMU0011:User 11,DENIED
2026,1月,10,周六,21:54:09,D0ABEAE1,SIMBR0356,SIMR0356,SIMU0196:User 196,DENIED
2026,1月,10,周六,21:54:09,37261D4E,SIMBR0193,SIMR0193,SIMU0040:User 40,DENIED
2026,1月,10,周六,21:54:09,950AAA2C,SIMBR0249,SIMR0249,SIMU0139:User 139,DENIED
2026,1月,10,周六,21:54:09,C4504250,SIMBR0194,SIMR0194,SIMU0052:User 52,DENIED
2026,1月,10,周六,21:54:09,260E5AC6,SIMBR0370,SIMR0370,SIMU0065:User 65,DENIED
2026,1月,10,周六,21:54:09,6A126518,SIMBR0306,SIMR0306,SIMU0157:User 157,DENIED
2026,1月,10,周六,21:54:09,DF4F65FA,SIMBR0019,SIMR0019,SIMU0124:User 124,DENIED
2026,1月,10,周六,21:54:09,FC9D18E8,BR010,RES004,SIMU0083:User 83,DENIED
2026,1月,10,周六,21:54:09,45E5372A,SIMBR0326,SIMR0326,SIMU0002:User 2,DENIED
2026,1月,10,周六,21:54:09,2392E33D,SIMBR0011,SIMR0011,SIMU0023:User 23,DENIED
2026,1月,10,周六,21:54:09,489655D2,SIMBR0299,SIMR0299,CON001:Wang Wu,DENIED
2026,1月,10,周六,21:54:09,A5D38222,SIMBR0256,SIMR0256,SIMU0064:User 64,DENIED
2026,1月,10,周六,21:54:09,092CFDC0,SIMBR0313,SIMR0313,SIMU0025:User 25,DENIED
2026,1月,10,周六,21:54:09,2BAB4E39,BR012,RES005,SIMU0137:User 137,DENIED
2026,1月,10,周六,21:54:09,8D7E04E0,SIMBR0086,SIMR0086,SIMU0042:User 42,DENIED
2026,1月,10,周六,21:54:09,3E02D00E,SIMBR0307,SIMR0307,SIMU0067:User 67,DENIED
2026,1月,10,周六,21:54:09,579DDE6D,SIMBR0246,SIMR0246,SIMU0120:User 120,DENIED
2026,1月,10,周六,21:54:09,58B49FD6,SIMBR0237,SIMR0237,SIMU0210:User 210,DENIED
2026,1月,10,周六,21:54:09,8C4E2F9D,SIMBR0319,SIMR0319,SIMU0180:User 180,DENIED
2026,1月,10,周六,21:54:09,55C67395,SIMBR0062,SIMR0062,SIMU0056:User 56,DENIED
2026,1月,10,周六,21:54:09,B57B1DD3,SIMBR0323,SIMR0323,SIMU0295:User 295,DENIED
2026,1月,10,周六,21:54:09,C48BE2F9,SIMBR0246,SIMR0246,SIMU0178:User 178,DENIED
2026,1月,10,周六,21:54:09,36AF6789,SIMBR0288,SIMR0288,SIMU0271:User 271,DENIED
2026,1月,10,周六,21:54:09,CCDCEC0D,SIMBR0198,SIMR0198,SIMU0273:User 273,DENIED
2026,1月,10,周六,21:54:09,579DDE6D,SIMBR0198,SIMR0198,SIMU0120:User 120,DENIED
2026,1月,10,周六,21:54:09,2D7F99C4,SIMBR0055,SIMR0055,SIMU0085:User 85,DENIED
2026,1月,10,周六,21:54:09,FC75DC29,SIMBR0313,SIMR0313,SIMU0018:User 18,DENIED
2026,1月,10,周六,21:54:09,0FA31338,SIMBR0346,SIMR0346,SIMU0043:User 43,DENIED
2026,1月,10,周六,21:54:09,AD9F62CD,SIMBR0162,SIMR0162,SIMU0092:User 92,DENIED
2026,1月,10,周六,21:54:09,C190DDA3,SIMBR0192,SIMR0192,SIMU0155:User 155,DENIED
2026,1月,10,周六,21:54:09,646A37B3,SIMBR0192,SIMR0192,SIMU0200:User 200,DENIED
2026,1月,10,周六,21:54:09,53DC8CA9,SIMBR0257,SIMR0257,SIMU0007:User 7,DENIED
2026,1月,10,周六,21:54:10,2015CDCD,SIMBR0187,SIMR0187,SIMU0134:User 134,DENIED
2026,1月,10,周六,21:54:10,EBA75218,SIMBR0169,SIMR0169,SIMU0028:User 28,DENIED
2026,1月,10,周六,21:54:10,DF4F65FA,BR001,RES020,SIMU0124:User 124,DENIED
2026,1月,10,周六,21:54:10,E33573A1,SIMBR0246,SIMR0246,SIMU0089:User 89,DENIED
2026,1月,10,周六,21:54:10,C59172A2,SIMBR0258,SIMR0258,SIMU0051:User 51,DENIED
2026,1月,10,周六,21:54:10,B3D7FE0C,SIMBR0020,SIMR0020,SIMU0016:User 16,DENIED
2026,1月,10,周六,21:54:10,2CDA5352,BR009,RES025,SIMU0119:User 119,DENIED
2026,1月,10,周六,21:54:10,6406A215,SIMBR0203,SIMR0203,SIMU0214:User 214,DENIED
2026,1月,10,周六,21:54:10,D1E93663,SIMBR0162,SIMR0162,SIMU0235:User 235,DENIED
2026,1月,10,周六,21:54:10,CCDCEC0D,SIMBR0003,SIMR0003,SIMU0273:User 273,DENIED
2026,1月,10,周六,21:54:10,0D9CF3E6,SIMBR0014,SIMR0014,SIMU0212:User 212,DENIED
2026,1月,10,周六,21:54:10,5F111D08,SIMBR0230,SIMR0230,SIMU0204:User 204,DENIED
2026,1月,10,周六,21:54:10,90A35555,SIMBR0302,SIMR0302,SIMU0294:User 294,DENIED
2026,1月,10,周六,21:54:10,D832A0D0,SIMBR0076,SIMR0076,SIMU0033:User 33,DENIED
2026,1月,10,周六,21:54:10,19618E8D,SIMBR0042,SIMR0042,SIMU0205:User 205,DENIED
2026,1月,10,周六,21:54:10,C89B5481,SIMBR0374,SIMR0374,SIMU0230:User 230,DENIED
2026,1月,10,周六,21:54:10,F601DCED,SIMBR0019,SIMR0019,SIMU0285:User 285,DENIED
2026,1月,10,周六,21:54:10,397487A8,SIMBR0072,SIMR0072,SIMU0076:User 76,DENIED
2026,1月,10,周六,21:54:10,F3F15A85,SIMBR0273,SIMR0273,SIMU0058:User 58,DENIED
2026,1月,10,周六,21:54:10,B03C09C9,SIMBR0296,SIMR0296,SIMU0162:User 162,DENIED
2026,1月,10,周六,21:54:10,FC2850E7,SIMBR0215,SIMR0215,SIMU0145:User 145,DENIED
2026,1月,10,周六,21:54:10,D7544F8A,SIMBR0339,SIMR0339,SIMU0100:User 100,DENIED
2026,1月,10,周六,21:54:10,2015CDCD,SIMBR0251,SIMR0251,SIMU0134:User 134,DENIED
2026,1月,10,周六,21:54:10,4D3BF2D7,SIMBR0217,SIMR0217,SIMU0246:User 246,DENIED
2026,1月,10,周六,21:54:10,19C83547,SIMBR0352,SIMR0352,SIMU0266:User 266,DENIED
2026,1月,10,周六,21:54:10,2BC13570,SIMBR0272,SIMR0272,SIMU0078:User 78,DENIED
2026,1月,10,周六,21:54:10,C584F9D3,SIMBR0045,SIMR0045,EMP001:Zhang San,DENIED
2026,1月,10,周六,21:54:10,E8771983,SIMBR0104,SIMR0104,SIMU0131:User 131,DENIED
2026,1月,10,周六,21:54:10,65B476AB,SIMBR0243,SIMR0243,SIMU0099:User 99,DENIED
2026,1月,10,周六,21:54:10,D763188D,SIMBR0048,SIMR0048,SIMU0130:User 130,DENIED
2026,1月,10,周六,21:54:10,DDB28C88,SIMBR0226,SIMR0226,SIMU0102:User 102,DENIED
2026,1月,10,周六,21:54:10,701A6AE7,SIMBR0191,SIMR0191,SIMU0098:User 98,DENIED
2026,1月,10,周六,21:54:10,BD154D46,BR013,RES006,SIMU0221:User 221,DENIED
2026,1月,10,周六,21:54:10,579DDE6D,SIMBR0170,SIMR0170,SIMU0120:User 120,DENIED
2026,1月,10,周六,21:54:10,AE48A11A,SIMBR0143,SIMR0143,SIMU0113:User 113,DENIED
2026,1月,10,周六,21:54:10,CCDCEC0D,SIMBR0284,SIMR0284,SIMU0273:User 273,DENIED
2026,1月,10,周六,21:54:10,D832A0D0,SIMBR0163,SIMR0163,SIMU0033:User 33,DENIED
2026,1月,10,周六,21:54:10,C2397E87,SIMBR0126,SIMR0126,SIMU0111:User 111,DENIED
2026,1月,10,周六,21:54:10,93804668,SIMBR0248,SIMR0248,SIMU0269:User 269,DENIED
2026,1月,10,周六,21:54:10,8881AC83,SIMBR0099,SIMR0099,SIMU0198:User 198,DENIED
2026,1月,10,周六,21:54:10,45BE30A8,SIMBR0204,SIMR0204,8d1a5202-9052-4f93-bf5a-4deffdf65fd3:a q,DENIED
2026,1月,10,周六,21:54:10,5C18984E,SIMBR0141,SIMR0141,SIMU0255:User 255,DENIED
2026,1月,10,周六,21:54:10,C59172A2,SIMBR0070,SIMR0070,SIMU0051:User 51,DENIED
2026,1月,10,周六,21:54:10,6406A215,SIMBR0082,SIMR0082,SIMU0214:User 214,DENIED
2026,1月,10,周六,21:54:10,3F08AFBE,SIMBR0150,SIMR0150,SIMU0170:User 170,DENIED
2026,1月,10,周六,21:54:10,88FF8EF2,SIMBR0108,SIMR0108,SIMU0206:User 206,DENIED
2026,1月,10,周六,21:54:10,452BD81E,SIMBR0008,SIMR0008,SIMU0027:User 27,DENIED
2026,1月,10,周六,21:54:10,AE77BF81,SIMBR0304,SIMR0304,SIMU0225:User 225,DENIED
2026,1月,10,周六,21:54:10,1C14945A,SIMBR0133,SIMR0133,SIMU0048:User 48,DENIED
2026,1月,10,周六,21:54:10,07768ACF,SIMBR0379,SIMR0379,SIMU0176:User 176,DENIED
2026,1月,10,周六,21:54:10,2392E33D,BR015,RES008,SIMU0023:User 23,DENIED
2026,1月,10,周六,21:54:10,C3BDECDB,SIMBR0279,SIMR0279,SIMU0276:User 276,DENIED
2026,1月,10,周六,21:54:10,355CC3B6,SIMBR0174,SIMR0174,SIMU0167:User 167,DENIED
2026,1月,10,周六,21:54:10,9F85BAB6,SIMBR0121,SIMR0121,SIMU0031:User 31,DENIED
2026,1月,10,周六,21:54:10,C1C7FE58,SIMBR0059,SIMR0059,SIMU0108:User 108,DENIED
2026,1月,10,周六,21:54:10,93804668,SIMBR0216,SIMR0216,SIMU0269:User 269,DENIED
2026,1月,10,周六,21:54:10,C5797377,SIMBR0263,SIMR0263,SIMU0237:User 237,DENIED
2026,1月,10,周六,21:54:10,05B63F8B,SIMBR0010,SIMR0010,SIMU0135:User 135,DENIED
2026,1月,10,周六,21:54:10,F8C3B166,SIMBR0379,SIMR0379,SIMU0300:User 300,DENIED
2026,1月,10,周六,21:54:10,D53BB718,SIMBR0019,SIMR0019,SIMU0270:User 270,DENIED
2026,1月,10,周六,21:54:10,CCB40167,SIMBR0262,SIMR0262,SIMU0049:User 49,DENIED
2026,1月,10,周六,21:54:10,0FA31338,SIMBR0357,SIMR0357,SIMU0043:User 43,DENIED
2026,1月,10,周六,21:54:10,E75864D3,SIMBR0157,SIMR0157,SIMU0215:User 215,DENIED
2026,1月,10,周六,21:54:10,08EF410D,SIMBR0183,SIMR0183,SIMU0243:User 243,DENIED
2026,1月,10,周六,21:54:10,C3BDECDB,SIMBR0263,SIMR0263,SIMU0276:User 276,DENIED
2026,1月,10,周六,21:54:10,FC171927,SIMBR0160,SIMR0160,SIMU0287:User 287,DENIED
2026,1月,10,周六,21:54:10,4D3BF2D7,SIMBR0334,SIMR0334,SIMU0246:User 246,DENIED
2026,1月,10,周六,21:54:10,3F08AFBE,SIMBR0318,SIMR0318,SIMU0170:User 170,DENIED
2026,1月,10,周六,21:54:10,69018179,SIMBR0006,SIMR0006,SIMU0194:User 194,DENIED
2026,1月,10,周六,21:54:10,FC94FEC5,SIMBR0293,SIMR0293,SIMU0006:User 6,DENIED
2026,1月,10,周六,21:54:10,A69527A3,SIMBR0059,SIMR0059,SIMU0144:User 144,DENIED
2026,1月,10,周六,21:54:10,0552E86C,SIMBR0035,SIMR0035,SIMU0114:User 114,DENIED
2026,1月,10,周六,21:54:10,59E7C688,SIMBR0158,SIMR0158,SIMU0072:User 72,DENIED
2026,1月,10,周六,21:54:10,C54F8CD4,SIMBR0355,SIMR0355,SIMU0166:User 166,DENIED
2026,1月,10,周六,21:54:10,B31FE5FA,SIMBR0400,SIMR0400,SIMU0223:User 223,DENIED
2026,1月,10,周六,21:54:10,C48BC6D5,SIMBR0232,SIMR0232,SIMU0173:User 173,DENIED
2026,1月,10,周六,21:54:10,3C19D88A,SIMBR0153,SIMR0153,SIMU0249:User 249,DENIED
2026,1月,10,周六,21:54:10,93804668,SIMBR0394,SIMR0394,SIMU0269:User 269,DENIED
2026,1月,10,周六,21:54:10,A7998437,SIMBR0293,SIMR0293,SIMU0105:User 105,DENIED
2026,1月,10,周六,21:54:10,483C90D8,SIMBR0005,SIMR0005,SIMU0046:User 46,DENIED
2026,1月,10,周六,21:54:10,47D0D195,SIMBR0202,SIMR0202,SIMU0047:User 47,DENIED
2026,1月,10,周六,21:54:10,08F76FF7,SIMBR0378,SIMR0378,SIMU0296:User 296,DENIED
2026,1月,10,周六,21:54:10,C89690D8,SIMBR0292,SIMR0292,SIMU0029:User 29,DENIED
2026,1月,10,周六,21:54:10,950AAA2C,SIMBR0045,SIMR0045,SIMU0139:User 139,DENIED
2026,1月,10,周六,21:54:10,7F36E59B,SIMBR0048,SIMR0048,SIMU0159:User 159,DENIED
2026,1月,10,周六,21:54:10,71524832,SIMBR0317,SIMR0317,SIMU0128:User 128,DENIED
2026,1月,10,周六,21:54:10,C4504250,SIMBR0396,SIMR0396,SIMU0052:User 52,DENIED
2026,1月,10,周六,21:54:10,0402E2AB,SIMBR0027,SIMR0027,SIMU0185:User 185,DENIED
2026,1月,10,周六,21:54:10,D3314B84,SIMBR0283,SIMR0283,SIMU0050:User 50,DENIED
2026,1月,10,周六,21:54:10,0FA31338,SIMBR0299,SIMR0299,SIMU0043:User 43,DENIED
2026,1月,10,周六,21:54:10,58B55845,SIMBR0367,SIMR0367,EMP002:Li Si,DENIED
2026,1月,10,周六,21:54:10,3518BC78,SIMBR0156,SIMR0156,SIMU0261:User 261,DENIED
2026,1月,10,周六,21:54:10,4BEECFEB,SIMBR0226,SIMR0226,SIMU0117:User 117,DENIED
2026,1月,10,周六,21:54:10,D3C0B6C6,SIMBR0363,SIMR0363,SIMU0001:User 1,DENIED
2026,1月,10,周六,21:54:10,95379CDB,SIMBR0346,SIMR0346,f46ee39b-ac9d-4193-a478-f8cfc35cec07:gagaga a,DENIED
2026,1月,10,周六,21:54:10,C584F9D3,SIMBR0194,SIMR0194,EMP001:Zhang San,DENIED
2026,1月,10,周六,21:54:10,E7BF1B90,SIMBR0311,SIMR0311,SIMU0286:User 286,DENIED
2026,1月,10,周六,21:54:10,37261D4E,SIMBR0056,SIMR0056,SIMU0040:User 40,DENIED
2026,1月,10,周六,21:54:10,0EC771E6,SIMBR0044,SIMR0044,SIMU0252:User 252,DENIED
2026,1月,10,周六,21:54:10,6838748B,SIMBR0365,SIMR0365,SIMU0138:User 138,DENIED
2026,1月,10,周六,21:54:10,C567574B,SIMBR0086,SIMR0086,SIMU0066:User 66,DENIED
2026,1月,10,周六,21:54:10,E263443E,SIMBR0380,SIMR0380,SIMU0190:User 190,DENIED
2026,1月,10,周六,21:54:10,3A15230F,SIMBR0345,SIMR0345,SIMU0087:User 87,DENIED
2026,1月,10,周六,21:54:10,D3C0B6C6,SIMBR0280,SIMR0280,SIMU0001:User 1,DENIED
2026,1月,10,周六,21:54:10,D4614DD2,SIMBR0024,SIMR0024,SIMU0264:User 264,DENIED
2026,1月,10,周六,21:54:10,170F12B7,SIMBR0227,SIMR0227,SIMU0150:User 150,DENIED
2026,1月,10,周六,21:54:10,953F9943,SIMBR0202,SIMR0202,SIMU0240:User 240,DENIED
2026,1月,10,周六,21:54:10,DA6C9B4D,SIMBR0190,SIMR0190,SIMU0169:User 169,DENIED
2026,1月,10,周六,21:54:10,A7998437,SIMBR0074,SIMR0074,SIMU0105:User 105,DENIED
2026,1月,10,周六,21:54:10,3BE1764E,SIMBR0225,SIMR0225,SIMU0244:User 244,DENIED
2026,1月,10,周六,21:54:10,1973551A,BR011,RES026,SIMU0238:User 238,DENIED
2026,1月,10,周六,21:54:10,D3C0B6C6,SIMBR0279,SIMR0279,SIMU0001:User 1,DENIED
2026,1月,10,周六,21:54:10,611AE3CE,SIMBR0114,SIMR0114,SIMU0256:User 256,DENIED
2026,1月,10,周六,21:54:10,C59172A2,SIMBR0051,SIMR0051,SIMU0051:User 51,DENIED
2026,1月,10,周六,21:54:10,58B49FD6,SIMBR0178,SIMR0178,SIMU0210:User 210,DENIED
2026,1月,10,周六,21:54:10,FC94FEC5,SIMBR0379,SIMR0379,SIMU0006:User 6,DENIED
2026,1月,10,周六,21:54:10,58B53FE3,SIMBR0024,SIMR0024,SIMU0199:User 199,DENIED
2026,1月,10,周六,21:54:10,1D712ABD,SIMBR0029,SIMR0029,SIMU0277:User 277,DENIED
2026,1月,10,周六,21:54:10,528AA107,SIMBR0121,SIMR0121,SIMU0140:User 140,DENIED
2026,1月,10,周六,21:54:10,A78F3370,SIMBR0193,SIMR0193,SIMU0154:User 154,DENIED
2026,1月,10,周六,21:54:10,452BD81E,SIMBR0237,SIMR0237,SIMU0027:User 27,DENIED
2026,1月,10,周六,21:54:10,F9F71897,BR026,RES019,SIMU0055:User 55,DENIED
2026,1月,10,周六,21:54:10,162C7D64,SIMBR0314,SIMR0314,SIMU0226:User 226,DENIED
2026,1月,10,周六,21:54:10,ECBB92E5,SIMBR0324,SIMR0324,SIMU0292:User 292,DENIED
2026,1月,10,周六,21:54:10,67E70F45,SIMBR0179,SIMR0179,SIMU0026:User 26,DENIED
2026,1月,10,周六,21:54:10,90A35555,SIMBR0377,SIMR0377,SIMU0294:User 294,DENIED
2026,1月,10,周六,21:54:10,ECBB92E5,SIMBR0215,SIMR0215,SIMU0292:User 292,DENIED
2026,1月,10,周六,21:54:10,3A15230F,SIMBR0187,SIMR0187,SIMU0087:User 87,DENIED
2026,1月,10,周六,21:54:10,8D7E04E0,SIMBR0299,SIMR0299,SIMU0042:User 42,DENIED
2026,1月,10,周六,21:54:10,1EF3B563,SIMBR0051,SIMR0051,SIMU0010:User 10,DENIED
2026,1月,10,周六,21:54:10,67A58C4C,SIMBR0007,SIMR0007,SIMU0012:User 12,DENIED
2026,1月,10,周六,21:54:10,F0BBABB2,SIMBR0023,SIMR0023,SIMU0037:User 37,DENIED
2026,1月,10,周六,21:54:10,E8480FE4,SIMBR0340,SIMR0340,SIMU0209:User 209,DENIED
2026,1月,10,周六,21:54:10,A15BFAF3,SIMBR0167,SIMR0167,SIMU0156:User 156,DENIED
2026,1月,10,周六,21:54:10,CCB40167,SIMBR0217,SIMR0217,SIMU0049:User 49,DENIED
2026,1月,10,周六,21:54:10,E8480FE4,SIMBR0227,SIMR0227,SIMU0209:User 209,DENIED
2026,1月,10,周六,21:54:10,DDB28C88,SIMBR0387,SIMR0387,SIMU0102:User 102,DENIED
2026,1月,10,周六,21:54:10,8884C7F3,SIMBR0248,SIMR0248,SIMU0220:User 220,DENIED
2026,1月,10,周六,21:54:10,984A4AA4,SIMBR0354,SIMR0354,SIMU0251:User 251,DENIED
2026,1月,10,周六,21:54:10,A672B04C,SIMBR0218,SIMR0218,SIMU0254:User 254,DENIED
2026,1月,10,周六,21:54:10,86CB6A2D,SIMBR0363,SIMR0363,SIMU0274:User 274,DENIED
2026,1月,10,周六,21:54:10,62CE2F4E,SIMBR0173,SIMR0173,SIMU0112:User 112,DENIED
2026,1月,10,周六,21:54:10,3F08AFBE,SIMBR0115,SIMR0115,SIMU0170:User 170,DENIED
2026,1月,10,周六,21:54:10,59E7C688,SIMBR0238,SIMR0238,SIMU0072:User 72,DENIED
2026,1月,10,周六,21:54:10,1EF3B563,SIMBR0071,SIMR0071,SIMU0010:User 10,DENIED
2026,1月,10,周六,21:54:10,02C1BA5C,SIMBR0080,SIMR0080,SIMU0147:User 147,DENIED
2026,1月,10,周六,21:54:10,2A4E4C17,SIMBR0119,SIMR0119,SIMU0168:User 168,DENIED
2026,1月,10,周六,21:54:10,3A15230F,SIMBR0390,SIMR0390,SIMU0087:User 87,DENIED
2026,1月,10,周六,21:54:10,E7BF1B90,SIMBR0210,SIMR0210,SIMU0286:User 286,DENIED
2026,1月,10,周六,21:54:10,CCDCEC0D,SIMBR0273,SIMR0273,SIMU0273:User 273,DENIED
2026,1月,10,周六,21:54:10,08A23835,SIMBR0292,SIMR0292,SIMU0258:User 258,DENIED
2026,1月,10,周六,21:54:10,FBEC0C91,SIMBR0364,SIMR0364,SIMU0017:User 17,DENIED
2026,1月,10,周六,21:54:10,8852F51C,SIMBR0250,SIMR0250,SIMU0121:User 121,DENIED
2026,1月,10,周六,21:54:10,A69527A3,SIMBR0216,SIMR0216,SIMU0144:User 144,DENIED
2026,1月,10,周六,21:54:10,5AA52579,SIMBR0237,SIMR0237,SIMU0088:User 88,DENIED
2026,1月,10,周六,21:54:10,B0280533,SIMBR0158,SIMR0158,SIMU0024:User 24,DENIED
2026,1月,10,周六,21:54:10,6CAF0FB3,SIMBR0346,SIMR0346,SIMU0148:User 148,DENIED
2026,1月,10,周六,21:54:10,FC94FEC5,SIMBR0173,SIMR0173,SIMU0006:User 6,DENIED
2026,1月,10,周六,21:54:10,F601DCED,SIMBR0379,SIMR0379,SIMU0285:User 285,DENIED
2026,1月,10,周六,21:54:10,BF88A1CE,SIMBR0148,SIMR0148,SIMU0160:User 160,DENIED
2026,1月,10,周六,21:54:10,3EC06854,SIMBR0101,SIMR0101,SIMU0129:User 129,DENIED
2026,1月,10,周六,21:54:10,F601DCED,SIMBR0018,SIMR0018,SIMU0285:User 285,DENIED
2026,1月,10,周六,21:54:10,C5B21C58,SIMBR0193,SIMR0193,SIMU0054:User 54,DENIED
2026,1月,10,周六,21:54:10,65191148,SIMBR0117,SIMR0117,SIMU0101:User 101,DENIED
2026,1月,10,周六,21:54:10,BBE8D6B5,SIMBR0099,SIMR0099,SIMU0195:User 195,DENIED
2026,1月,10,周六,21:54:10,02FCAAFD,SIMBR0196,SIMR0196,SIMU0248:User 248,DENIED
2026,1月,10,周六,21:54:10,C59172A2,SIMBR0130,SIMR0130,SIMU0051:User 51,DENIED
2026,1月,10,周六,21:54:10,5AA52579,SIMBR0073,SIMR0073,SIMU0088:User 88,DENIED
2026,1月,10,周六,21:54:10,7AA8E7ED,SIMBR0246,SIMR0246,SIMU0184:User 184,DENIED
2026,1月,10,周六,21:54:10,5AA52579,SIMBR0310,SIMR0310,SIMU0088:User 88,DENIED
2026,1月,10,周六,21:54:10,F2F0E19C,SIMBR0236,SIMR0236,SIMU0290:User 290,DENIED
2026,1月,10,周六,21:54:10,B3D7FE0C,SIMBR0084,SIMR0084,SIMU0016:User 16,DENIED
2026,1月,10,周六,21:54:10,D1E93663,SIMBR0297,SIMR0297,SIMU0235:User 235,DENIED
2026,1月,10,周六,21:54:10,0402E2AB,SIMBR0382,SIMR0382,SIMU0185:User 185,DENIED
2026,1月,10,周六,21:54:10,D3C0B6C6,SIMBR0051,SIMR0051,SIMU0001:User 1,DENIED
2026,1月,10,周六,21:54:10,B8E3693D,SIMBR0025,SIMR0025,SIMU0283:User 283,DENIED
2026,1月,10,周六,21:54:10,C1EBD39E,SIMBR0269,SIMR0269,SIMU0030:User 30,DENIED
2026,1月,10,周六,21:54:10,2015CDCD,SIMBR0341,SIMR0341,SIMU0134:User 134,DENIED
2026,1月,10,周六,21:54:10,452BD81E,SIMBR0151,SIMR0151,SIMU0027:User 27,DENIED
2026,1月,10,周六,21:54:10,B49050D7,SIMBR0180,SIMR0180,SIMU0203:User 203,DENIED
2026,1月,10,周六,21:54:10,88FF8EF2,SIMBR0174,SIMR0174,SIMU0206:User 206,DENIED
2026,1月,10,周六,21:54:10,497FB87C,SIMBR0008,SIMR0008,SIMU0272:User 272,DENIED
2026,1月,10,周六,21:54:10,AD9F62CD,SIMBR0264,SIMR0264,SIMU0092:User 92,DENIED
2026,1月,10,周六,21:54:10,162C7D64,SIMBR0280,SIMR0280,SIMU0226:User 226,DENIED
2026,1月,10,周六,21:54:10,58B49FD6,SIMBR0113,SIMR0113,SIMU0210:User 210,DENIED
2026,1月,10,周六,21:54:10,5A448F85,SIMBR0035,SIMR0035,SIMU0233:User 233,DENIED
2026,1月,10,周六,21:54:10,F601DCED,SIMBR0309,SIMR0309,SIMU0285:User 285,DENIED
2026,1月,10,周六,21:54:10,54125B8C,BR006,RES002,SIMU0231:User 231,DENIED
2026,1月,10,周六,21:54:10,C584F9D3,SIMBR0363,SIMR0363,EMP001:Zhang San,DENIED
2026,1月,10,周六,21:54:10,9C4465BC,SIMBR0103,SIMR0103,SIMU0263:User 263,DENIED
2026,1月,10,周六,21:54:10,8884C7F3,BR001,RES020,SIMU0220:User 220,DENIED
2026,1月,10,周六,21:54:10,968BEA98,SIMBR0267,SIMR0267,SIMU0151:User 151,DENIED
2026,1月,10,周六,21:54:10,E67855ED,SIMBR0142,SIMR0142,SIMU0268:User 268,DENIED
2026,1月,10,周六,21:54:10,1C14945A,SIMBR0341,SIMR0341,SIMU0048:User 48,DENIED
2026,1月,10,周六,21:54:10,CBF84902,SIMBR0383,SIMR0383,SIMU0109:User 109,DENIED
2026,1月,10,周六,21:54:10,9C30C93C,SIMBR0239,SIMR0239,SIMU0216:User 216,DENIED
2026,1月,10,周六,21:54:10,838F6048,SIMBR0375,SIMR0375,SIMU0036:User 36,DENIED
2026,1月,10,周六,21:54:10,7A015C31,SIMBR0177,SIMR0177,SIMU0280:User 280,DENIED
2026,1月,10,周六,21:54:10,81E48A54,SIMBR0007,SIMR0007,SIMU0275:User 275,DENIED
2026,1月,10,周六,21:54:10,AE48A11A,SIMBR0355,SIMR0355,SIMU0113:User 113,DENIED
2026,1月,10,周六,21:54:11,143D522F,SIMBR0145,SIMR0145,SIMU0009:User 9,DENIED
2026,1月,10,周六,21:54:11,DDB28C88,SIMBR0153,SIMR0153,SIMU0102:User 102,DENIED
2026,1月,10,周六,21:54:11,452BD81E,SIMBR0296,SIMR0296,SIMU0027:User 27,DENIED
2026,1月,10,周六,21:54:11,CCDCEC0D,SIMBR0136,SIMR0136,SIMU0273:User 273,DENIED
2026,1月,10,周六,21:54:11,7E0669A9,SIMBR0244,SIMR0244,SIMU0125:User 125,DENIED
2026,1月,10,周六,21:54:11,4894892B,SIMBR0052,SIMR0052,SIMU0073:User 73,DENIED
2026,1月,10,周六,21:54:11,C3BDECDB,SIMBR0229,SIMR0229,SIMU0276:User 276,DENIED
2026,1月,10,周六,21:54:11,49209EA6,SIMBR0383,SIMR0383,SIMU0247:User 247,DENIED
2026,1月,10,周六,21:54:11,3644422D,SIMBR0037,SIMR0037,SIMU0298:User 298,DENIED
2026,1月,10,周六,21:54:11,A7998437,BR004,RES001,SIMU0105:User 105,DENIED
2026,1月,10,周六,21:54:11,08F76FF7,SIMBR0169,SIMR0169,SIMU0296:User 296,DENIED
2026,1月,10,周六,21:54:11,248E3909,SIMBR0080,SIMR0080,SIMU0011:User 11,DENIED
2026,1月,10,周六,21:54:11,A78F3370,SIMBR0223,SIMR0223,SIMU0154:User 154,DENIED
2026,1月,10,周六,21:54:11,81E964E1,SIMBR0286,SIMR0286,SIMU0014:User 14,DENIED
2026,1月,10,周六,21:54:11,9E2D38C8,SIMBR0164,SIMR0164,SIMU0097:User 97,DENIED
2026,1月,10,周六,21:54:11,5F0BA8E3,SIMBR0370,SIMR0370,SIMU0077:User 77,DENIED
2026,1月,10,周六,21:54:11,5A448F85,SIMBR0069,SIMR0069,SIMU0233:User 233,DENIED
2026,1月,10,周六,21:54:11,46F6FFBE,SIMBR0217,SIMR0217,SIMU0136:User 136,DENIED
2026,1月,10,周六,21:54:11,646A37B3,SIMBR0224,SIMR0224,SIMU0200:User 200,DENIED
2026,1月,10,周六,21:54:11,F6C99026,SIMBR0384,SIMR0384,SIMU0208:User 208,DENIED
2026,1月,10,周六,21:54:11,C4504250,SIMBR0092,SIMR0092,SIMU0052:User 52,DENIED
2026,1月,10,周六,21:54:11,CBF84902,SIMBR0078,SIMR0078,SIMU0109:User 109,DENIED
2026,1月,10,周六,21:54:11,4BEECFEB,SIMBR0176,SIMR0176,SIMU0117:User 117,DENIED
2026,1月,10,周六,21:54:11,984A4AA4,BR001,RES020,SIMU0251:User 251,DENIED
2026,1月,10,周六,21:54:11,E00A3B0F,SIMBR0369,SIMR0369,SIMU0013:User 13,DENIED
2026,1月,10,周六,21:54:11,7A015C31,SIMBR0382,SIMR0382,SIMU0280:User 280,DENIED
2026,1月,10,周六,21:54:11,897D2598,SIMBR0117,SIMR0117,SIMU0242:User 242,DENIED
2026,1月,10,周六,21:54:11,AE48A11A,SIMBR0058,SIMR0058,SIMU0113:User 113,DENIED
2026,1月,10,周六,21:54:11,4D29E6C6,SIMBR0292,SIMR0292,SIMU0021:User 21,DENIED
2026,1月,10,周六,21:54:11,0FA31338,SIMBR0090,SIMR0090,SIMU0043:User 43,DENIED
2026,1月,10,周六,21:54:11,F8B36522,SIMBR0080,SIMR0080,SIMU0084:User 84,DENIED
2026,1月,10,周六,21:54:11,5C18984E,SIMBR0330,SIMR0330,SIMU0255:User 255,DENIED
2026,1月,10,周六,21:54:11,BAA7A8FE,SIMBR0281,SIMR0281,SIMU0211:User 211,DENIED
2026,1月,10,周六,21:54:11,5CA6D470,SIMBR0019,SIMR0019,SIMU0146:User 146,DENIED
2026,1月,10,周六,21:54:11,2BAB4E39,SIMBR0129,SIMR0129,SIMU0137:User 137,DENIED
2026,1月,10,周六,21:54:11,C5797377,SIMBR0060,SIMR0060,SIMU0237:User 237,DENIED
2026,1月,10,周六,21:54:11,B03C09C9,BR018,RES011,SIMU0162:User 162,DENIED
2026,1月,10,周六,21:54:11,D3C0B6C6,SIMBR0295,SIMR0295,SIMU0001:User 1,DENIED
2026,1月,10,周六,21:54:11,CDEE85B1,SIMBR0016,SIMR0016,SIMU0127:User 127,DENIED
2026,1月,10,周六,21:54:11,0552E86C,SIMBR0088,SIMR0088,SIMU0114:User 114,DENIED
2026,1月,10,周六,21:54:11,9E2D38C8,SIMBR0058,SIMR0058,SIMU0097:User 97,DENIED
2026,1月,10,周六,21:54:11,8C2113AD,SIMBR0044,SIMR0044,SIMU0228:User 228,DENIED
2026,1月,10,周六,21:54:11,FC94FEC5,BR026,RES019,SIMU0006:User 6,DENIED
2026,1月,10,周六,21:54:11,CDEE85B1,SIMBR0252,SIMR0252,SIMU0127:User 127,DENIED
2026,1月,10,周六,21:54:11,19618E8D,SIMBR0221,SIMR0221,SIMU0205:User 205,DENIED
2026,1月,10,周六,21:54:11,5849BD23,SIMBR0328,SIMR0328,SIMU0186:User 186,DENIED
2026,1月,10,周六,21:54:11,7AA8E7ED,SIMBR0265,SIMR0265,SIMU0184:User 184,DENIED
2026,1月,10,周六,21:54:11,8C4E2F9D,SIMBR0379,SIMR0379,SIMU0180:User 180,DENIED
2026,1月,10,周六,21:54:11,0C15DF36,SIMBR0389,SIMR0389,SIMU0239:User 239,DENIED
2026,1月,10,周六,21:54:11,65191148,SIMBR0028,SIMR0028,SIMU0101:User 101,DENIED
2026,1月,10,周六,21:54:11,C5797377,SIMBR0188,SIMR0188,SIMU0237:User 237,DENIED
2026,1月,10,周六,21:54:11,F601DCED,SIMBR0288,SIMR0288,SIMU0285:User 285,DENIED
2026,1月,10,周六,21:54:11,4BEECFEB,SIMBR0241,SIMR0241,SIMU0117:User 117,DENIED
2026,1月,10,周六,21:54:11,F6C99026,BR006,RES002,SIMU0208:User 208,DENIED
2026,1月,10,周六,21:54:11,DDB28C88,SIMBR0303,SIMR0303,SIMU0102:User 102,DENIED
2026,1月,10,周六,21:54:11,FC2850E7,SIMBR0063,SIMR0063,SIMU0145:User 145,DENIED
2026,1月,10,周六,21:54:11,E8771983,SIMBR0165,SIMR0165,SIMU0131:User 131,DENIED
2026,1月,10,周六,21:54:11,2BC13570,BR026,RES019,SIMU0078:User 78,DENIED
2026,1月,10,周六,21:54:11,7E0669A9,SIMBR0344,SIMR0344,SIMU0125:User 125,DENIED
2026,1月,10,周六,21:54:11,953F9943,SIMBR0208,SIMR0208,SIMU0240:User 240,DENIED
2026,1月,10,周六,21:54:11,397487A8,SIMBR0009,SIMR0009,SIMU0076:User 76,DENIED
2026,1月,10,周六,21:54:11,3A15230F,SIMBR0210,SIMR0210,SIMU0087:User 87,DENIED
2026,1月,10,周六,21:54:11,7A015C31,SIMBR0085,SIMR0085,SIMU0280:User 280,DENIED
2026,1月,10,周六,21:54:11,FC75DC29,SIMBR0128,SIMR0128,SIMU0018:User 18,DENIED
2026,1月,10,周六,21:54:11,6D120953,SIMBR0221,SIMR0221,SIMU0224:User 224,DENIED
2026,1月,10,周六,21:54:11,F3F1388E,SIMBR0204,SIMR0204,SIMU0022:User 22,DENIED
2026,1月,10,周六,21:54:11,69018179,SIMBR0327,SIMR0327,SIMU0194:User 194,DENIED
2026,1月,10,周六,21:54:11,59E7C688,SIMBR0259,SIMR0259,SIMU0072:User 72,DENIED
2026,1月,10,周六,21:54:11,B57B1DD3,SIMBR0151,SIMR0151,SIMU0295:User 295,DENIED
2026,1月,10,周六,21:54:11,58B53FE3,BR012,RES005,SIMU0199:User 199,DENIED
2026,1月,10,周六,21:54:11,B492A75C,SIMBR0351,SIMR0351,SIMU0110:User 110,DENIED
2026,1月,10,周六,21:54:11,B335B7A5,SIMBR0273,SIMR0273,SIMU0202:User 202,DENIED
2026,1月,10,周六,21:54:11,9F85BAB6,BR002,RES021,SIMU0031:User 31,DENIED
2026,1月,10,周六,21:54:11,02C1BA5C,SIMBR0207,SIMR0207,SIMU0147:User 147,DENIED
2026,1月,10,周六,21:54:11,953F9943,SIMBR0343,SIMR0343,SIMU0240:User 240,DENIED
2026,1月,10,周六,21:54:11,F9F71897,SIMBR0035,SIMR0035,SIMU0055:User 55,DENIED
2026,1月,10,周六,21:54:11,F689FE56,SIMBR0151,SIMR0151,SIMU0236:User 236,DENIED
2026,1月,10,周六,21:54:11,A469BA8E,SIMBR0339,SIMR0339,SIMU0118:User 118,DENIED
2026,1月,10,周六,21:54:11,F9F71897,SIMBR0052,SIMR0052,SIMU0055:User 55,DENIED
2026,1月,10,周六,21:54:11,47F239E7,SIMBR0002,SIMR0002,SIMU0191:User 191,DENIED
2026,1月,10,周六,21:54:11,9C30C93C,SIMBR0017,SIMR0017,SIMU0216:User 216,DENIED
2026,1月,10,周六,21:54:11,D0ABEAE1,SIMBR0057,SIMR0057,SIMU0196:User 196,DENIED
2026,1月,10,周六,21:54:11,6A126518,SIMBR0019,SIMR0019,SIMU0157:User 157,DENIED
2026,1月,10,周六,21:54:11,88FF8EF2,SIMBR0195,SIMR0195,SIMU0206:User 206,DENIED
2026,1月,10,周六,21:54:11,397487A8,SIMBR0026,SIMR0026,SIMU0076:User 76,DENIED
2026,1月,10,周六,21:54:11,562086DB,SIMBR0229,SIMR0229,SIMU0193:User 193,DENIED
2026,1月,10,周六,21:54:11,0402E2AB,SIMBR0225,SIMR0225,SIMU0185:User 185,DENIED
2026,1月,10,周六,21:54:11,4356E5AB,SIMBR0056,SIMR0056,SIMU0172:User 172,DENIED
2026,1月,10,周六,21:54:11,FBEC0C91,SIMBR0381,SIMR0381,SIMU0017:User 17,DENIED
2026,1月,10,周六,21:54:11,5AA52579,SIMBR0067,SIMR0067,SIMU0088:User 88,DENIED
2026,1月,10,周六,21:54:11,1A35CB67,SIMBR0017,SIMR0017,SIMU0095:User 95,DENIED
2026,1月,10,周六,21:54:11,F615ED55,SIMBR0053,SIMR0053,SIMU0115:User 115,DENIED
2026,1月,10,周六,21:54:11,984A4AA4,SIMBR0317,SIMR0317,SIMU0251:User 251,DENIED
2026,1月,10,周六,21:54:11,1C14945A,SIMBR0009,SIMR0009,SIMU0048:User 48,DENIED
2026,1月,10,周六,21:54:11,0FA31338,SIMBR0044,SIMR0044,SIMU0043:User 43,DENIED
2026,1月,10,周六,21:54:11,C567574B,SIMBR0143,SIMR0143,SIMU0066:User 66,DENIED
2026,1月,10,周六,21:54:11,CF905F5D,SIMBR0379,SIMR0379,SIMU0019:User 19,DENIED
2026,1月,10,周六,21:54:11,DF4F65FA,SIMBR0355,SIMR0355,SIMU0124:User 124,DENIED
2026,1月,10,周六,21:54:11,C59172A2,SIMBR0319,SIMR0319,SIMU0051:User 51,DENIED
2026,1月,10,周六,21:54:11,4DB086F5,SIMBR0360,SIMR0360,SIMU0133:User 133,DENIED
2026,1月,10,周六,21:54:11,B03C09C9,SIMBR0072,SIMR0072,SIMU0162:User 162,DENIED
2026,1月,10,周六,21:54:11,C6A1DEEB,SIMBR0273,SIMR0273,SIMU0175:User 175,DENIED
2026,1月,10,周六,21:54:11,2015CDCD,SIMBR0377,SIMR0377,SIMU0134:User 134,DENIED
2026,1月,10,周六,21:54:11,C48BC6D5,SIMBR0238,SIMR0238,SIMU0173:User 173,DENIED
2026,1月,10,周六,21:54:11,78D74DDD,BR003,RES022,VIS001:Qian Qi,DENIED
2026,1月,10,周六,21:54:11,4DB086F5,SIMBR0079,SIMR0079,SIMU0133:User 133,DENIED
2026,1月,10,周六,21:54:11,42A684F2,SIMBR0026,SIMR0026,SIMU0123:User 123,DENIED
2026,1月,10,周六,21:54:11,371FBFD4,SIMBR0224,SIMR0224,SIMU0227:User 227,DENIED
2026,1月,10,周六,21:54:11,F2F0E19C,SIMBR0250,SIMR0250,SIMU0290:User 290,DENIED
2026,1月,10,周六,21:54:11,4DB086F5,SIMBR0058,SIMR0058,SIMU0133:User 133,DENIED
2026,1月,10,周六,21:54:11,0402E2AB,SIMBR0109,SIMR0109,SIMU0185:User 185,DENIED
2026,1月,10,周六,21:54:11,08EF410D,SIMBR0218,SIMR0218,SIMU0243:User 243,DENIED
2026,1月,10,周六,21:54:11,B19369AB,SIMBR0259,SIMR0259,SIMU0081:User 81,DENIED
2026,1月,10,周六,21:54:11,D3E5BD00,SIMBR0065,SIMR0065,SIMU0069:User 69,DENIED
2026,1月,10,周六,21:54:11,9C4C6F9D,BR004,RES001,SIMU0259:User 259,DENIED
2026,1月,10,周六,21:54:11,D0ABEAE1,SIMBR0087,SIMR0087,SIMU0196:User 196,DENIED
2026,1月,10,周六,21:54:11,E75864D3,SIMBR0034,SIMR0034,SIMU0215:User 215,DENIED
2026,1月,10,周六,21:54:11,58B55845,SIMBR0237,SIMR0237,EMP002:Li Si,DENIED
2026,1月,10,周六,21:54:11,FC9D18E8,SIMBR0394,SIMR0394,SIMU0083:User 83,DENIED
2026,1月,10,周六,21:54:11,19C83547,SIMBR0082,SIMR0082,SIMU0266:User 266,DENIED
2026,1月,10,周六,21:54:11,3BE1764E,SIMBR0253,SIMR0253,SIMU0244:User 244,DENIED
2026,1月,10,周六,21:54:11,45BE30A8,SIMBR0309,SIMR0309,8d1a5202-9052-4f93-bf5a-4deffdf65fd3:a q,DENIED
2026,1月,10,周六,21:54:11,D832A0D0,SIMBR0108,SIMR0108,SIMU0033:User 33,DENIED
2026,1月,10,周六,21:54:11,E7BF1B90,BR014,RES007,SIMU0286:User 286,DENIED
2026,1月,10,周六,21:54:11,F8B36522,SIMBR0316,SIMR0316,SIMU0084:User 84,DENIED
2026,1月,10,周六,21:54:11,19618E8D,SIMBR0344,SIMR0344,SIMU0205:User 205,DENIED
2026,1月,10,周六,21:54:11,C465593F,SIMBR0284,SIMR0284,SIMU0093:User 93,DENIED
2026,1月,10,周六,21:54:11,49209EA6,SIMBR0287,SIMR0287,SIMU0247:User 247,DENIED
2026,1月,10,周六,21:54:11,05B63F8B,BR022,RES015,SIMU0135:User 135,DENIED
2026,1月,10,周六,21:54:11,A672B04C,SIMBR0351,SIMR0351,SIMU0254:User 254,DENIED
2026,1月,10,周六,21:54:11,F9BE4222,SIMBR0157,SIMR0157,SIMU0141:User 141,DENIED
2026,1月,10,周六,21:54:11,81E48A54,SIMBR0021,SIMR0021,SIMU0275:User 275,DENIED
2026,1月,10,周六,21:54:11,D4614DD2,BR015,RES008,SIMU0264:User 264,DENIED
2026,1月,10,周六,21:54:11,2BC13570,SIMBR0088,SIMR0088,SIMU0078:User 78,DENIED
2026,1月,10,周六,21:54:11,BAA7A8FE,SIMBR0009,SIMR0009,SIMU0211:User 211,DENIED
2026,1月,10,周六,21:54:11,4DE0D33A,SIMBR0006,SIMR0006,SIMU0260:User 260,DENIED
2026,1月,10,周六,21:54:11,A1F8AEF6,SIMBR0387,SIMR0387,SIMU0122:User 122,DENIED
2026,1月,10,周六,21:54:11,E75864D3,SIMBR0398,SIMR0398,SIMU0215:User 215,DENIED
2026,1月,10,周六,21:54:11,A90144E9,SIMBR0278,SIMR0278,SIMU0096:User 96,DENIED
2026,1月,10,周六,21:54:11,397487A8,SIMBR0016,SIMR0016,SIMU0076:User 76,DENIED
2026,1月,10,周六,21:54:11,5DD3F3CE,SIMBR0398,SIMR0398,SIMU0182:User 182,DENIED
2026,1月,10,周六,21:54:11,ECBB92E5,SIMBR0189,SIMR0189,SIMU0292:User 292,DENIED
2026,1月,10,周六,21:54:11,86CB6A2D,SIMBR0345,SIMR0345,SIMU0274:User 274,DENIED
2026,1月,10,周六,21:54:11,355CC3B6,SIMBR0392,SIMR0392,SIMU0167:User 167,DENIED
2026,1月,10,周六,21:54:11,31EC8E2A,SIMBR0029,SIMR0029,SIMU0284:User 284,DENIED
2026,1月,10,周六,21:54:11,5A448F85,SIMBR0242,SIMR0242,SIMU0233:User 233,DENIED
2026,1月,10,周六,21:54:11,37261D4E,SIMBR0352,SIMR0352,SIMU0040:User 40,DENIED
2026,1月,10,周六,21:54:11,29219B5A,SIMBR0192,SIMR0192,SIMU0142:User 142,DENIED
2026,1月,10,周六,21:54:11,8D7E04E0,SIMBR0135,SIMR0135,SIMU0042:User 42,DENIED
2026,1月,10,周六,21:54:11,E00A3B0F,SIMBR0360,SIMR0360,SIMU0013:User 13,DENIED
2026,1月,10,周六,21:54:11,9C30C93C,SIMBR0072,SIMR0072,SIMU0216:User 216,DENIED
2026,1月,10,周六,21:54:11,39788538,BR011,RES026,SIMU0032:User 32,DENIED
2026,1月,10,周六,21:54:11,1EF3B563,SIMBR0259,SIMR0259,SIMU0010:User 10,DENIED
2026,1月,10,周六,21:54:11,6E7782F8,BR012,RES005,INT001:Zhao Liu,DENIED
2026,1月,10,周六,21:54:11,6D120953,SIMBR0016,SIMR0016,SIMU0224:User 224,DENIED
2026,1月,10,周六,21:54:11,66DF575A,SIMBR0077,SIMR0077,SIMU0070:User 70,DENIED
2026,1月,10,周六,21:54:11,CCDCEC0D,SIMBR0356,SIMR0356,SIMU0273:User 273,DENIED
2026,1月,10,周六,21:54:11,44BB34C0,SIMBR0290,SIMR0290,SIMU0262:User 262,DENIED
2026,1月,10,周六,21:54:11,1361E23B,SIMBR0051,SIMR0051,SIMU0181:User 181,DENIED
2026,1月,10,周六,21:54:11,B19369AB,BR008,RES003,SIMU0081:User 81,DENIED
2026,1月,10,周六,21:54:11,4356E5AB,SIMBR0293,SIMR0293,SIMU0172:User 172,DENIED
2026,1月,10,周六,21:54:11,1361E23B,SIMBR0044,SIMR0044,SIMU0181:User 181,DENIED
2026,1月,10,周六,21:54:11,DDB28C88,SIMBR0229,SIMR0229,SIMU0102:User 102,DENIED
2026,1月,10,周六,21:54:11,F9F71897,SIMBR0381,SIMR0381,SIMU0055:User 55,DENIED
2026,1月,10,周六,21:54:11,A1F8AEF6,SIMBR0297,SIMR0297,SIMU0122:User 122,DENIED
2026,1月,10,周六,21:54:11,86CB6A2D,SIMBR0102,SIMR0102,SIMU0274:User 274,DENIED
2026,1月,10,周六,21:54:11,248E3909,SIMBR0241,SIMR0241,SIMU0011:User 11,DENIED
2026,1月,10,周六,21:54:11,A6A1B8F1,SIMBR0321,SIMR0321,SIMU0241:User 241,DENIED
2026,1月,10,周六,21:54:11,397487A8,SIMBR0092,SIMR0092,SIMU0076:User 76,DENIED
2026,1月,10,周六,21:54:11,6712960F,SIMBR0054,SIMR0054,SIMU0015:User 15,DENIED
2026,1月,10,周六,21:54:11,0EC771E6,SIMBR0002,SIMR0002,SIMU0252:User 252,DENIED
2026,1月,10,周六,21:54:11,58B49FD6,SIMBR0282,SIMR0282,SIMU0210:User 210,DENIED
2026,1月,10,周六,21:54:11,58B49FD6,SIMBR0162,SIMR0162,SIMU0210:User 210,DENIED
2026,1月,10,周六,21:54:11,2D7F99C4,SIMBR0125,SIMR0125,SIMU0085:User 85,DENIED
2026,1月,10,周六,21:54:11,4DB086F5,SIMBR0207,SIMR0207,SIMU0133:User 133,DENIED
2026,1月,10,周六,21:54:11,3644422D,SIMBR0349,SIMR0349,SIMU0298:User 298,DENIED
2026,1月,10,周六,21:54:11,62CE2F4E,SIMBR0365,SIMR0365,SIMU0112:User 112,DENIED
2026,1月,10,周六,21:54:11,D3C0B6C6,SIMBR0007,SIMR0007,SIMU0001:User 1,DENIED
2026,1月,10,周六,21:54:11,EF4C6A5D,SIMBR0093,SIMR0093,SIMU0197:User 197,DENIED
2026,1月,10,周六,21:54:11,0EC771E6,BR014,RES007,SIMU0252:User 252,DENIED
2026,1月,10,周六,21:54:11,D832A0D0,SIMBR0176,SIMR0176,SIMU0033:User 33,DENIED
2026,1月,10,周六,21:54:11,A7EE3F93,SIMBR0327,SIMR0327,SIMU0222:User 222,DENIED
2026,1月,10,周六,21:54:11,BBE8D6B5,SIMBR0033,SIMR0033,SIMU0195:User 195,DENIED
2026,1月,10,周六,21:54:11,F0D79A3D,SIMBR0304,SIMR0304,SIMU0161:User 161,DENIED
2026,1月,10,周六,21:54:11,C082C9C4,SIMBR0358,SIMR0358,SIMU0288:User 288,DENIED
2026,1月,10,周六,21:54:11,FF968112,SIMBR0236,SIMR0236,SIMU0250:User 250,DENIED
2026,1月,10,周六,21:54:11,5AA52579,SIMBR0344,SIMR0344,SIMU0088:User 88,DENIED
2026,1月,10,周六,21:54:11,19618E8D,SIMBR0059,SIMR0059,SIMU0205:User 205,DENIED
2026,1月,10,周六,21:54:11,C082C9C4,SIMBR0305,SIMR0305,SIMU0288:User 288,DENIED
2026,1月,10,周六,21:54:11,58B55845,BR022,RES015,EMP002:Li Si,DENIED
2026,1月,10,周六,21:54:11,C59172A2,SIMBR0382,SIMR0382,SIMU0051:User 51,DENIED
2026,1月,10,周六,21:54:11,6D120953,SIMBR0095,SIMR0095,SIMU0224:User 224,DENIED
2026,1月,10,周六,21:54:11,37261D4E,SIMBR0264,SIMR0264,SIMU0040:User 40,DENIED
2026,1月,10,周六,21:54:11,ECBB92E5,SIMBR0288,SIMR0288,SIMU0292:User 292,DENIED
2026,1月,10,周六,21:54:11,D7544F8A,SIMBR0153,SIMR0153,SIMU0100:User 100,DENIED
2026,1月,10,周六,21:54:11,4BEECFEB,SIMBR0227,SIMR0227,SIMU0117:User 117,DENIED
2026,1月,10,周六,21:54:11,C5B21C58,SIMBR0265,SIMR0265,SIMU0054:User 54,DENIED
2026,1月,10,周六,21:54:11,A6A1B8F1,SIMBR0388,SIMR0388,SIMU0241:User 241,DENIED
2026,1月,10,周六,21:54:11,65830A51,SIMBR0245,SIMR0245,SIMU0041:User 41,DENIED
2026,1月,10,周六,21:54:11,7481E135,SIMBR0304,SIMR0304,SIMU0282:User 282,DENIED
2026,1月,10,周六,21:54:12,4D29E6C6,SIMBR0245,SIMR0245,SIMU0021:User 21,DENIED
2026,1月,10,周六,21:54:12,D3E5BD00,SIMBR0269,SIMR0269,SIMU0069:User 69,DENIED
2026,1月,10,周六,21:54:12,62CE2F4E,SIMBR0128,SIMR0128,SIMU0112:User 112,DENIED
2026,1月,10,周六,21:54:12,CDEE85B1,SIMBR0215,SIMR0215,SIMU0127:User 127,DENIED
2026,1月,10,周六,21:54:12,0402E2AB,BR012,RES005,SIMU0185:User 185,DENIED
2026,1月,10,周六,21:54:12,EBA75218,SIMBR0050,SIMR0050,SIMU0028:User 28,DENIED
2026,1月,10,周六,21:54:12,0C15DF36,SIMBR0130,SIMR0130,SIMU0239:User 239,DENIED
2026,1月,10,周六,21:54:12,0FA31338,SIMBR0285,SIMR0285,SIMU0043:User 43,DENIED
2026,1月,10,周六,21:54:12,1EF3B563,SIMBR0202,SIMR0202,SIMU0010:User 10,DENIED
2026,1月,10,周六,21:54:12,87E11CBB,SIMBR0180,SIMR0180,SIMU0008:User 8,DENIED
2026,1月,10,周六,21:54:12,05B63F8B,SIMBR0232,SIMR0232,SIMU0135:User 135,DENIED
2026,1月,10,周六,21:54:12,C5B21C58,SIMBR0181,SIMR0181,SIMU0054:User 54,DENIED
2026,1月,10,周六,21:54:12,F8C3B166,SIMBR0247,SIMR0247,SIMU0300:User 300,DENIED
2026,1月,10,周六,21:54:12,CDEE85B1,SIMBR0133,SIMR0133,SIMU0127:User 127,DENIED
2026,1月,10,周六,21:54:12,162C7D64,SIMBR0186,SIMR0186,SIMU0226:User 226,DENIED
2026,1月,10,周六,21:54:12,47F239E7,SIMBR0313,SIMR0313,SIMU0191:User 191,DENIED
2026,1月,10,周六,21:54:12,8852F51C,SIMBR0039,SIMR0039,SIMU0121:User 121,DENIED
2026,1月,10,周六,21:54:12,0FB573D7,SIMBR0277,SIMR0277,SIMU0106:User 106,DENIED
2026,1月,10,周六,21:54:12,FC75DC29,SIMBR0210,SIMR0210,SIMU0018:User 18,DENIED
2026,1月,10,周六,21:54:12,7F749586,SIMBR0137,SIMR0137,SIMU0004:User 4,DENIED
2026,1月,10,周六,21:54:12,6B46505C,SIMBR0326,SIMR0326,SIMU0132:User 132,DENIED
2026,1月,10,周六,21:54:12,950AAA2C,SIMBR0324,SIMR0324,SIMU0139:User 139,DENIED
2026,1月,10,周六,21:54:12,DF4F65FA,SIMBR0051,SIMR0051,SIMU0124:User 124,DENIED
2026,1月,10,周六,21:54:12,7E0669A9,SIMBR0341,SIMR0341,SIMU0125:User 125,DENIED
2026,1月,10,周六,21:54:12,C48BE2F9,SIMBR0316,SIMR0316,SIMU0178:User 178,DENIED
2026,1月,10,周六,21:54:12,C5797377,SIMBR0170,SIMR0170,SIMU0237:User 237,DENIED
2026,1月,10,周六,21:54:12,24331CD1,SIMBR0241,SIMR0241,SIMU0219:User 219,DENIED
2026,1月,10,周六,21:54:12,C54F8CD4,SIMBR0350,SIMR0350,SIMU0166:User 166,DENIED
2026,1月,10,周六,21:54:12,C59172A2,SIMBR0201,SIMR0201,SIMU0051:User 51,DENIED
2026,1月,10,周六,21:54:12,5A448F85,SIMBR0009,SIMR0009,SIMU0233:User 233,DENIED
2026,1月,10,周六,21:54:12,4FD7E7EC,SIMBR0027,SIMR0027,SIMU0053:User 53,DENIED
2026,1月,10,周六,21:54:12,A7E186B8,SIMBR0038,SIMR0038,SIMU0179:User 179,DENIED
2026,1月,10,周六,21:54:12,701A6AE7,SIMBR0197,SIMR0197,SIMU0098:User 98,DENIED
2026,1月,10,周六,21:54:12,2D6ECED1,SIMBR0014,SIMR0014,SIMU0234:User 234,DENIED
2026,1月,10,周六,21:54:12,65B476AB,SIMBR0293,SIMR0293,SIMU0099:User 99,DENIED
2026,1月,10,周六,21:54:12,1C14945A,SIMBR0379,SIMR0379,SIMU0048:User 48,DENIED
2026,1月,10,周六,21:54:12,90A35555,SIMBR0388,SIMR0388,SIMU0294:User 294,DENIED
2026,1月,10,周六,21:54:12,62CE2F4E,SIMBR0224,SIMR0224,SIMU0112:User 112,DENIED
2026,1月,10,周六,21:54:12,A802550C,SIMBR0278,SIMR0278,SIMU0192:User 192,DENIED
2026,1月,10,周六,21:54:12,FF6E7B7D,SIMBR0377,SIMR0377,SIMU0229:User 229,DENIED
2026,1月,10,周六,21:54:12,FC94FEC5,BR022,RES015,SIMU0006:User 6,DENIED
2026,1月,10,周六,21:54:12,B45868CC,SIMBR0004,SIMR0004,SIMU0174:User 174,DENIED
2026,1月,10,周六,21:54:12,CF905F5D,SIMBR0042,SIMR0042,SIMU0019:User 19,DENIED
2026,1月,10,周六,21:54:12,6712960F,SIMBR0257,SIMR0257,SIMU0015:User 15,DENIED
2026,1月,10,周六,21:54:12,CCB40167,SIMBR0065,SIMR0065,SIMU0049:User 49,DENIED
2026,1月,10,周六,21:54:12,65830A51,SIMBR0112,SIMR0112,SIMU0041:User 41,DENIED
2026,1月,10,周六,21:54:12,0FB573D7,BR009,RES025,SIMU0106:User 106,DENIED
2026,1月,10,周六,21:54:12,F8FD020A,SIMBR0199,SIMR0199,SIMU0094:User 94,DENIED
2026,1月,10,周六,21:54:12,C48BC6D5,SIMBR0159,SIMR0159,SIMU0173:User 173,DENIED
2026,1月,10,周六,21:54:12,A5D38222,SIMBR0136,SIMR0136,SIMU0064:User 64,DENIED
2026,1月,10,周六,21:54:12,8884C7F3,SIMBR0225,SIMR0225,SIMU0220:User 220,DENIED
2026,1月,10,周六,21:54:12,1C14945A,SIMBR0127,SIMR0127,SIMU0048:User 48,DENIED
2026,1月,10,周六,21:54:12,AE4452A2,SIMBR0305,SIMR0305,SIMU0038:User 38,DENIED
2026,1月,10,周六,21:54:12,A672B04C,SIMBR0237,SIMR0237,SIMU0254:User 254,DENIED
2026,1月,10,周六,21:54:12,C4504250,SIMBR0234,SIMR0234,SIMU0052:User 52,DENIED
2026,1月,10,周六,21:54:12,46F6FFBE,SIMBR0350,SIMR0350,SIMU0136:User 136,DENIED
2026,1月,10,周六,21:54:12,497FB87C,SIMBR0185,SIMR0185,SIMU0272:User 272,DENIED
2026,1月,10,周六,21:54:12,B03C09C9,SIMBR0107,SIMR0107,SIMU0162:User 162,DENIED
2026,1月,10,周六,21:54:12,A7EE3F93,SIMBR0176,SIMR0176,SIMU0222:User 222,DENIED
2026,1月,10,周六,21:54:12,65191148,SIMBR0172,SIMR0172,SIMU0101:User 101,DENIED
2026,1月,10,周六,21:54:12,55C67395,SIMBR0271,SIMR0271,SIMU0056:User 56,DENIED
2026,1月,10,周六,21:54:12,397487A8,SIMBR0250,SIMR0250,SIMU0076:User 76,DENIED
2026,1月,10,周六,21:54:12,B0280533,BR007,RES024,SIMU0024:User 24,DENIED
2026,1月,10,周六,21:54:12,08A23835,SIMBR0218,SIMR0218,SIMU0258:User 258,DENIED
2026,1月,10,周六,21:54:12,D3314B84,SIMBR0111,SIMR0111,SIMU0050:User 50,DENIED
2026,1月,10,周六,21:54:12,BD154D46,SIMBR0204,SIMR0204,SIMU0221:User 221,DENIED
2026,1月,10,周六,21:54:12,58B55845,SIMBR0276,SIMR0276,EMP002:Li Si,DENIED
2026,1月,10,周六,21:54:12,865DCCF8,SIMBR0204,SIMR0204,SIMU0062:User 62,DENIED
2026,1月,10,周六,21:54:12,CBF84902,BR016,RES009,SIMU0109:User 109,DENIED
2026,1月,10,周六,21:54:12,AD9F62CD,SIMBR0047,SIMR0047,SIMU0092:User 92,DENIED
2026,1月,10,周六,21:54:12,B57B1DD3,BR002,RES021,SIMU0295:User 295,DENIED
2026,1月,10,周六,21:54:12,761D0F5D,SIMBR0352,SIMR0352,SIMU0257:User 257,DENIED
2026,1月,10,周六,21:54:12,04EDBC1A,SIMBR0387,SIMR0387,SIMU0071:User 71,DENIED
2026,1月,10,周六,21:54:12,0402E2AB,SIMBR0002,SIMR0002,SIMU0185:User 185,DENIED
2026,1月,10,周六,21:54:12,953F9943,SIMBR0041,SIMR0041,SIMU0240:User 240,DENIED
2026,1月,10,周六,21:54:12,E75864D3,SIMBR0337,SIMR0337,SIMU0215:User 215,DENIED
2026,1月,10,周六,21:54:12,D53BB718,SIMBR0052,SIMR0052,SIMU0270:User 270,DENIED
2026,1月,10,周六,21:54:12,D6BB404C,SIMBR0326,SIMR0326,SIMU0116:User 116,DENIED
2026,1月,10,周六,21:54:12,EA5A3237,SIMBR0146,SIMR0146,SIMU0075:User 75,DENIED
2026,1月,10,周六,21:54:12,914F2FD1,SIMBR0264,SIMR0264,SIMU0187:User 187,DENIED
2026,1月,10,周六,21:54:12,E263443E,SIMBR0265,SIMR0265,SIMU0190:User 190,DENIED
2026,1月,10,周六,21:54:12,1EF3B563,SIMBR0061,SIMR0061,SIMU0010:User 10,DENIED
2026,1月,10,周六,21:54:12,A7E186B8,SIMBR0087,SIMR0087,SIMU0179:User 179,DENIED
2026,1月,10,周六,21:54:12,3E02D00E,SIMBR0387,SIMR0387,SIMU0067:User 67,DENIED
2026,1月,10,周六,21:54:12,A96DDF4D,SIMBR0382,SIMR0382,SIMU0267:User 267,DENIED
2026,1月,10,周六,21:54:12,08B71C09,SIMBR0088,SIMR0088,SIMU0253:User 253,DENIED
2026,1月,10,周六,21:54:12,C5797377,SIMBR0095,SIMR0095,SIMU0237:User 237,DENIED
2026,1月,10,周六,21:54:12,3375DC19,SIMBR0094,SIMR0094,SIMU0061:User 61,DENIED
2026,1月,10,周六,21:54:12,C54F8CD4,SIMBR0274,SIMR0274,SIMU0166:User 166,DENIED
2026,1月,10,周六,21:54:12,01FA0FAE,BR010,RES004,SIMU0218:User 218,DENIED
2026,1月,10,周六,21:54:12,95379CDB,BR004,RES001,f46ee39b-ac9d-4193-a478-f8cfc35cec07:gagaga a,DENIED
2026,1月,10,周六,21:54:12,AE4452A2,SIMBR0025,SIMR0025,SIMU0038:User 38,DENIED
2026,1月,10,周六,21:54:12,94DA0C78,SIMBR0001,SIMR0001,SIMU0039:User 39,DENIED
2026,1月,10,周六,21:54:12,FC94FEC5,SIMBR0148,SIMR0148,SIMU0006:User 6,DENIED
2026,1月,10,周六,21:54:12,BD154D46,SIMBR0077,SIMR0077,SIMU0221:User 221,DENIED
2026,1月,10,周六,21:54:12,DA6C9B4D,SIMBR0221,SIMR0221,SIMU0169:User 169,DENIED
2026,1月,10,周六,21:54:12,8C2113AD,SIMBR0355,SIMR0355,SIMU0228:User 228,DENIED
2026,1月,10,周六,21:54:12,65830A51,SIMBR0093,SIMR0093,SIMU0041:User 41,DENIED
2026,1月,10,周六,21:54:12,87E11CBB,SIMBR0209,SIMR0209,SIMU0008:User 8,DENIED
2026,1月,10,周六,21:54:12,9C30C93C,SIMBR0050,SIMR0050,SIMU0216:User 216,DENIED
2026,1月,10,周六,21:54:12,3BE1764E,SIMBR0273,SIMR0273,SIMU0244:User 244,DENIED
2026,1月,10,周六,21:54:12,A7998437,SIMBR0055,SIMR0055,SIMU0105:User 105,DENIED
2026,1月,10,周六,21:54:12,761D0F5D,BR005,RES023,SIMU0257:User 257,DENIED
2026,1月,10,周六,21:54:12,1D712ABD,SIMBR0160,SIMR0160,SIMU0277:User 277,DENIED
2026,1月,10,周六,21:54:12,FC75DC29,SIMBR0274,SIMR0274,SIMU0018:User 18,DENIED
2026,1月,10,周六,21:54:12,5DD3F3CE,SIMBR0389,SIMR0389,SIMU0182:User 182,DENIED
2026,1月,10,周六,21:54:12,D6BB404C,SIMBR0084,SIMR0084,SIMU0116:User 116,DENIED
2026,1月,10,周六,21:54:12,04EDBC1A,SIMBR0333,SIMR0333,SIMU0071:User 71,DENIED
2026,1月,10,周六,21:54:12,DDB28C88,BR012,RES005,SIMU0102:User 102,DENIED
2026,1月,10,周六,21:54:12,5CA6D470,SIMBR0051,SIMR0051,SIMU0146:User 146,DENIED
2026,1月,10,周六,21:54:12,B45868CC,SIMBR0357,SIMR0357,SIMU0174:User 174,DENIED
2026,1月,10,周六,21:54:12,7A015C31,SIMBR0146,SIMR0146,SIMU0280:User 280,DENIED
2026,1月,10,周六,21:54:12,DDB28C88,SIMBR0096,SIMR0096,SIMU0102:User 102,DENIED
2026,1月,10,周六,21:54:12,B3C34A2A,SIMBR0314,SIMR0314,SIMU0044:User 44,DENIED
2026,1月,10,周六,21:54:12,2A4E4C17,SIMBR0241,SIMR0241,SIMU0168:User 168,DENIED
2026,1月,10,周六,21:54:12,B3D7FE0C,SIMBR0313,SIMR0313,SIMU0016:User 16,DENIED
2026,1月,10,周六,21:54:12,B19369AB,SIMBR0188,SIMR0188,SIMU0081:User 81,DENIED
2026,1月,10,周六,21:54:12,78D74DDD,SIMBR0149,SIMR0149,VIS001:Qian Qi,DENIED
2026,1月,10,周六,21:54:12,7481E135,SIMBR0079,SIMR0079,SIMU0282:User 282,DENIED
2026,1月,10,周六,21:54:12,D3C0B6C6,SIMBR0296,SIMR0296,SIMU0001:User 1,DENIED
2026,1月,10,周六,21:54:12,31EC8E2A,SIMBR0043,SIMR0043,SIMU0284:User 284,DENIED
2026,1月,10,周六,21:54:12,DA6C9B4D,SIMBR0299,SIMR0299,SIMU0169:User 169,DENIED
2026,1月,10,周六,21:54:12,AD9F62CD,SIMBR0085,SIMR0085,SIMU0092:User 92,DENIED
2026,1月,10,周六,21:54:12,F8C3B166,SIMBR0285,SIMR0285,SIMU0300:User 300,DENIED
2026,1月,10,周六,21:54:12,480950EA,SIMBR0034,SIMR0034,SIMU0299:User 299,DENIED
2026,1月,10,周六,21:54:12,910591FC,SIMBR0222,SIMR0222,SIMU0090:User 90,DENIED
2026,1月,10,周六,21:54:12,C567574B,SIMBR0238,SIMR0238,SIMU0066:User 66,DENIED
2026,1月,10,周六,21:54:12,D832A0D0,SIMBR0156,SIMR0156,SIMU0033:User 33,DENIED
2026,1月,10,周六,21:54:12,EBA75218,SIMBR0091,SIMR0091,SIMU0028:User 28,DENIED
2026,1月,10,周六,21:54:12,93804668,SIMBR0119,SIMR0119,SIMU0269:User 269,DENIED
2026,1月,10,周六,21:54:12,E67855ED,SIMBR0075,SIMR0075,SIMU0268:User 268,DENIED
2026,1月,10,周六,21:54:12,8852F51C,SIMBR0039,SIMR0039,SIMU0121:User 121,DENIED
2026,1月,10,周六,21:54:12,45E5372A,SIMBR0182,SIMR0182,SIMU0002:User 2,DENIED
2026,1月,10,周六,21:54:12,953F9943,SIMBR0193,SIMR0193,SIMU0240:User 240,DENIED
2026,1月,10,周六,21:54:12,910591FC,SIMBR0189,SIMR0189,SIMU0090:User 90,DENIED
2026,1月,10,周六,21:54:12,CCB40167,SIMBR0001,SIMR0001,SIMU0049:User 49,DENIED
2026,1月,10,周六,21:54:12,EBA75218,SIMBR0126,SIMR0126,SIMU0028:User 28,DENIED
2026,1月,10,周六,21:54:12,69018179,SIMBR0196,SIMR0196,SIMU0194:User 194,DENIED
2026,1月,10,周六,21:54:12,B19369AB,BR021,RES014,SIMU0081:User 81,DENIED
2026,1月,10,周六,21:54:12,42A684F2,SIMBR0081,SIMR0081,SIMU0123:User 123,DENIED
2026,1月,10,周六,21:54:12,E7BF1B90,SIMBR0166,SIMR0166,SIMU0286:User 286,DENIED
2026,1月,10,周六,21:54:12,27855213,SIMBR0008,SIMR0008,SIMU0245:User 245,DENIED
2026,1月,10,周六,21:54:12,CDEE85B1,SIMBR0361,SIMR0361,SIMU0127:User 127,DENIED
2026,1月,10,周六,21:54:12,BD154D46,SIMBR0144,SIMR0144,SIMU0221:User 221,DENIED
2026,1月,10,周六,21:54:12,74AB61A5,BR003,RES022,SIMU0171:User 171,DENIED
2026,1月,10,周六,21:54:12,24331CD1,SIMBR0129,SIMR0129,SIMU0219:User 219,DENIED
2026,1月,10,周六,21:54:12,B335B7A5,BR014,RES007,SIMU0202:User 202,DENIED
2026,1月,10,周六,21:54:12,3D87DCDC,SIMBR0291,SIMR0291,SIMU0152:User 152,DENIED
2026,1月,10,周六,21:54:12,E45D3CF3,SIMBR0340,SIMR0340,SIMU0293:User 293,DENIED
2026,1月,10,周六,21:54:12,0CCD1CE3,SIMBR0136,SIMR0136,SIMU0080:User 80,DENIED
2026,1月,10,周六,21:54:12,3A15230F,SIMBR0029,SIMR0029,SIMU0087:User 87,DENIED
2026,1月,10,周六,21:54:12,1361E23B,SIMBR0389,SIMR0389,SIMU0181:User 181,DENIED
2026,1月,10,周六,21:54:12,701A6AE7,SIMBR0288,SIMR0288,SIMU0098:User 98,DENIED
2026,1月,10,周六,21:54:12,EB7D191F,SIMBR0344,SIMR0344,SIMU0153:User 153,DENIED
2026,1月,10,周六,21:54:12,5849BD23,SIMBR0342,SIMR0342,SIMU0186:User 186,DENIED
2026,1月,10,周六,21:54:12,C9A6A2A0,SIMBR0377,SIMR0377,SIMU0068:User 68,DENIED
2026,1月,10,周六,21:54:12,65191148,SIMBR0086,SIMR0086,SIMU0101:User 101,DENIED
2026,1月,10,周六,21:54:12,497FB87C,SIMBR0396,SIMR0396,SIMU0272:User 272,DENIED
2026,1月,10,周六,21:54:12,05B63F8B,SIMBR0128,SIMR0128,SIMU0135:User 135,DENIED
2026,1月,10,周六,21:54:12,4BEECFEB,SIMBR0234,SIMR0234,SIMU0117:User 117,DENIED
2026,1月,10,周六,21:54:12,968BEA98,SIMBR0239,SIMR0239,SIMU0151:User 151,DENIED
2026,1月,10,周六,21:54:12,397487A8,SIMBR0043,SIMR0043,SIMU0076:User 76,DENIED
2026,1月,10,周六,21:54:12,B492A75C,SIMBR0011,SIMR0011,SIMU0110:User 110,DENIED
2026,1月,10,周六,21:54:12,46F6FFBE,SIMBR0045,SIMR0045,SIMU0136:User 136,DENIED
2026,1月,10,周六,21:54:12,A1F8AEF6,SIMBR0276,SIMR0276,SIMU0122:User 122,DENIED
2026,1月,10,周六,21:54:12,5AA52579,SIMBR0060,SIMR0060,SIMU0088:User 88,DENIED
2026,1月,10,周六,21:54:12,2CDA5352,SIMBR0037,SIMR0037,SIMU0119:User 119,DENIED
2026,1月,10,周六,21:54:12,FF968112,SIMBR0178,SIMR0178,SIMU0250:User 250,DENIED
2026,1月,10,周六,21:54:12,B45868CC,SIMBR0193,SIMR0193,SIMU0174:User 174,DENIED
2026,1月,10,周六,21:54:12,53DC8CA9,SIMBR0150,SIMR0150,SIMU0007:User 7,DENIED
2026,1月,10,周六,21:54:12,E75864D3,SIMBR0161,SIMR0161,SIMU0215:User 215,DENIED
2026,1月,10,周六,21:54:12,AE4452A2,SIMBR0077,SIMR0077,SIMU0038:User 38,DENIED
2026,1月,10,周六,21:54:12,1A35CB67,SIMBR0033,SIMR0033,SIMU0095:User 95,DENIED
2026,1月,10,周六,21:54:12,761D0F5D,SIMBR0355,SIMR0355,SIMU0257:User 257,DENIED
2026,1月,10,周六,21:54:12,A7998437,SIMBR0280,SIMR0280,SIMU0105:User 105,DENIED
2026,1月,10,周六,21:54:12,3EC06854,SIMBR0195,SIMR0195,SIMU0129:User 129,DENIED
2026,1月,10,周六,21:54:12,93804668,SIMBR0339,SIMR0339,SIMU0269:User 269,DENIED
2026,1月,10,周六,21:54:12,3644422D,SIMBR0103,SIMR0103,SIMU0298:User 298,DENIED
2026,1月,10,周六,21:54:12,08F76FF7,SIMBR0107,SIMR0107,SIMU0296:User 296,DENIED
2026,1月,10,周六,21:54:12,71524832,SIMBR0102,SIMR0102,SIMU0128:User 128,DENIED
2026,1月,10,周六,21:54:12,CCB40167,SIMBR0386,SIMR0386,SIMU0049:User 49,DENIED
2026,1月,10,周六,21:54:12,49209EA6,SIMBR0046,SIMR0046,SIMU0247:User 247,DENIED
2026,1月,10,周六,21:54:12,761D0F5D,SIMBR0075,SIMR0075,SIMU0257:User 257,DENIED
2026,1月,10,周六,21:54:12,F3F1388E,SIMBR0298,SIMR0298,SIMU0022:User 22,DENIED
2026,1月,10,周六,21:54:12,0EC771E6,SIMBR0303,SIMR0303,SIMU0252:User 252,DENIED
2026,1月,10,周六,21:54:12,93804668,SIMBR0202,SIMR0202,SIMU0269:User 269,DENIED
2026,1月,10,周六,21:54:12,59DE7962,SIMBR0344,SIMR0344,SIMU0079:User 79,DENIED
2026,1月,10,周六,21:54:12,62CE2F4E,SIMBR0124,SIMR0124,SIMU0112:User 112,DENIED
2026,1月,10,周六,21:54:12,092CFDC0,SIMBR0002,SIMR0002,SIMU0025:User 25,DENIED
2026,1月,10,周六,21:54:12,D6BB404C,SIMBR0369,SIMR0369,SIMU0116:User 116,DENIED
2026,1月,10,周六,21:54:12,65F0591E,SIMBR0394,SIMR0394,SIMU0035:User 35,DENIED
2026,1月,10,周六,21:54:12,F188FF46,SIMBR0290,SIMR0290,SIMU0074:User 74,DENIED
2026,1月,10,周六,21:54:12,480950EA,SIMBR0318,SIMR0318,SIMU0299:User 299,DENIED
2026,1月,10,周六,21:54:12,9F85BAB6,SIMBR0260,SIMR0260,SIMU0031:User 31,DENIED
2026,1月,10,周六,21:54:12,F601DCED,BR012,RES005,SIMU0285:User 285,DENIED
2026,1月,10,周六,21:54:12,371FBFD4,SIMBR0129,SIMR0129,SIMU0227:User 227,DENIED
2026,1月,10,周六,21:54:12,59E7C688,SIMBR0081,SIMR0081,SIMU0072:User 72,DENIED
2026,1月,10,周六,21:54:12,02C1BA5C,SIMBR0311,SIMR0311,SIMU0147:User 147,DENIED
2026,1月,10,周六,21:54:12,FC2850E7,SIMBR0255,SIMR0255,SIMU0145:User 145,DENIED
2026,1月,10,周六,21:54:12,0FA31338,SIMBR0007,SIMR0007,SIMU0043:User 43,DENIED
2026,1月,10,周六,21:54:13,94DA0C78,SIMBR0265,SIMR0265,SIMU0039:User 39,DENIED
2026,1月,10,周六,21:54:13,BA0243B9,SIMBR0390,SIMR0390,PM001:Sun Ba,DENIED
2026,1月,10,周六,21:54:13,90A35555,SIMBR0383,SIMR0383,SIMU0294:User 294,DENIED
2026,1月,10,周六,21:54:13,480950EA,SIMBR0362,SIMR0362,SIMU0299:User 299,DENIED
2026,1月,10,周六,21:54:13,3A15230F,SIMBR0318,SIMR0318,SIMU0087:User 87,DENIED
2026,1月,10,周六,21:54:13,5F0BA8E3,SIMBR0286,SIMR0286,SIMU0077:User 77,DENIED
2026,1月,10,周六,21:54:13,CF905F5D,SIMBR0370,SIMR0370,SIMU0019:User 19,DENIED
2026,1月,10,周六,21:54:13,DF85A0CF,SIMBR0235,SIMR0235,SIMU0003:User 3,DENIED
2026,1月,10,周六,21:54:13,480950EA,SIMBR0065,SIMR0065,SIMU0299:User 299,DENIED
2026,1月,10,周六,21:54:13,C89690D8,SIMBR0340,SIMR0340,SIMU0029:User 29,DENIED
2026,1月,10,周六,21:54:13,D0ABEAE1,SIMBR0231,SIMR0231,SIMU0196:User 196,DENIED
2026,1月,10,周六,21:54:13,3F08AFBE,BR011,RES026,SIMU0170:User 170,DENIED
2026,1月,10,周六,21:54:13,562086DB,SIMBR0146,SIMR0146,SIMU0193:User 193,DENIED
2026,1月,10,周六,21:54:13,5F0BA8E3,SIMBR0123,SIMR0123,SIMU0077:User 77,DENIED
2026,1月,10,周六,21:54:13,910591FC,SIMBR0302,SIMR0302,SIMU0090:User 90,DENIED
2026,1月,10,周六,21:54:13,3D87DCDC,SIMBR0148,SIMR0148,SIMU0152:User 152,DENIED
2026,1月,10,周六,21:54:13,45E5372A,SIMBR0280,SIMR0280,SIMU0002:User 2,DENIED
2026,1月,10,周六,21:54:13,A4FE0D9E,SIMBR0329,SIMR0329,SIMU0163:User 163,DENIED
2026,1月,10,周六,21:54:13,897D2598,SIMBR0389,SIMR0389,SIMU0242:User 242,DENIED
2026,1月,10,周六,21:54:13,46F6FFBE,SIMBR0374,SIMR0374,SIMU0136:User 136,DENIED
2026,1月,10,周六,21:54:13,EA5A3237,SIMBR0238,SIMR0238,SIMU0075:User 75,DENIED
2026,1月,10,周六,21:54:13,65B476AB,SIMBR0110,SIMR0110,SIMU0099:User 99,DENIED
2026,1月,10,周六,21:54:13,1361E23B,SIMBR0166,SIMR0166,SIMU0181:User 181,DENIED
2026,1月,10,周六,21:54:13,9E2D38C8,SIMBR0377,SIMR0377,SIMU0097:User 97,DENIED
2026,1月,10,周六,21:54:13,79264E0F,SIMBR0301,SIMR0301,SIMU0177:User 177,DENIED
2026,1月,10,周六,21:54:13,562086DB,SIMBR0143,SIMR0143,SIMU0193:User 193,DENIED
2026,1月,10,周六,21:54:13,55C67395,SIMBR0223,SIMR0223,SIMU0056:User 56,DENIED
2026,1月,10,周六,21:54:13,E7BF1B90,SIMBR0323,SIMR0323,SIMU0286:User 286,DENIED
2026,1月,10,周六,21:54:13,EA5A3237,SIMBR0048,SIMR0048,SIMU0075:User 75,DENIED
2026,1月,10,周六,21:54:13,A7EE3F93,SIMBR0258,SIMR0258,SIMU0222:User 222,DENIED
2026,1月,10,周六,21:54:13,355CC3B6,SIMBR0333,SIMR0333,SIMU0167:User 167,DENIED
2026,1月,10,周六,21:54:13,E8771983,SIMBR0387,SIMR0387,SIMU0131:User 131,DENIED
2026,1月,10,周六,21:54:13,A1F8AEF6,SIMBR0151,SIMR0151,SIMU0122:User 122,DENIED
2026,1月,10,周六,21:54:13,8C2113AD,SIMBR0088,SIMR0088,SIMU0228:User 228,DENIED
2026,1月,10,周六,21:54:13,45BE30A8,SIMBR0050,SIMR0050,8d1a5202-9052-4f93-bf5a-4deffdf65fd3:a q,DENIED
2026,1月,10,周六,21:54:13,B3C34A2A,BR004,RES001,SIMU0044:User 44,DENIED
2026,1月,10,周六,21:54:13,C1C7FE58,SIMBR0041,SIMR0041,SIMU0108:User 108,DENIED
2026,1月,10,周六,21:54:13,E7BF1B90,SIMBR0198,SIMR0198,SIMU0286:User 286,DENIED
2026,1月,10,周六,21:54:13,701A6AE7,SIMBR0161,SIMR0161,SIMU0098:User 98,DENIED
2026,1月,10,周六,21:54:13,0FB573D7,SIMBR0168,SIMR0168,SIMU0106:User 106,DENIED
2026,1月,10,周六,21:54:13,8852F51C,SIMBR0347,SIMR0347,SIMU0121:User 121,DENIED
2026,1月,10,周六,21:54:13,D3A70655,SIMBR0004,SIMR0004,SIMU0107:User 107,DENIED
2026,1月,10,周六,21:54:13,0402E2AB,SIMBR0371,SIMR0371,SIMU0185:User 185,DENIED
2026,1月,10,周六,21:54:13,AD9F62CD,SIMBR0183,SIMR0183,SIMU0092:User 92,DENIED
2026,1月,10,周六,21:54:13,88FF8EF2,SIMBR0389,SIMR0389,SIMU0206:User 206,DENIED
2026,1月,10,周六,21:54:13,9E2D38C8,SIMBR0205,SIMR0205,SIMU0097:User 97,DENIED
2026,1月,10,周六,21:54:13,E5BD3919,SIMBR0098,SIMR0098,SIMU0091:User 91,DENIED
2026,1月,10,周六,21:54:13,984A4AA4,SIMBR0044,SIMR0044,SIMU0251:User 251,DENIED
2026,1月,10,周六,21:54:13,C3BDECDB,SIMBR0205,SIMR0205,SIMU0276:User 276,DENIED
2026,1月,10,周六,21:54:13,1F854D4E,SIMBR0152,SIMR0152,SIMU0291:User 291,DENIED
2026,1月,10,周六,21:54:13,8E0C0DD9,SIMBR0179,SIMR0179,SIMU0045:User 45,DENIED
2026,1月,10,周六,21:54:13,65830A51,SIMBR0076,SIMR0076,SIMU0041:User 41,DENIED
2026,1月,10,周六,21:54:13,CB29BCDB,SIMBR0029,SIMR0029,SIMU0104:User 104,DENIED
2026,1月,10,周六,21:54:13,88FF8EF2,SIMBR0232,SIMR0232,SIMU0206:User 206,DENIED
2026,1月,10,周六,21:54:13,397487A8,SIMBR0022,SIMR0022,SIMU0076:User 76,DENIED
2026,1月,10,周六,21:54:13,EBA75218,BR015,RES008,SIMU0028:User 28,DENIED
2026,1月,10,周六,21:54:13,0FA31338,SIMBR0300,SIMR0300,SIMU0043:User 43,DENIED
2026,1月,10,周六,21:54:13,4894892B,SIMBR0169,SIMR0169,SIMU0073:User 73,DENIED
2026,1月,10,周六,21:54:13,3BE1764E,SIMBR0237,SIMR0237,SIMU0244:User 244,DENIED
2026,1月,10,周六,21:54:13,C2397E87,SIMBR0265,SIMR0265,SIMU0111:User 111,DENIED
2026,1月,10,周六,21:54:13,6712960F,SIMBR0389,SIMR0389,SIMU0015:User 15,DENIED
2026,1月,10,周六,21:54:13,CF2F05DC,SIMBR0393,SIMR0393,SIMU0217:User 217,DENIED
2026,1月,10,周六,21:54:13,646A37B3,SIMBR0283,SIMR0283,SIMU0200:User 200,DENIED
2026,1月,10,周六,21:54:13,910591FC,SIMBR0145,SIMR0145,SIMU0090:User 90,DENIED
2026,1月,10,周六,21:54:13,02C1BA5C,SIMBR0248,SIMR0248,SIMU0147:User 147,DENIED
2026,1月,10,周六,21:54:13,F601DCED,SIMBR0107,SIMR0107,SIMU0285:User 285,DENIED
2026,1月,10,周六,21:54:13,2BAB4E39,SIMBR0335,SIMR0335,SIMU0137:User 137,DENIED
2026,1月,10,周六,21:54:13,91F99B45,SIMBR0312,SIMR0312,SIMU0082:User 82,DENIED
2026,1月,10,周六,21:54:13,B57B1DD3,SIMBR0131,SIMR0131,SIMU0295:User 295,DENIED
2026,1月,10,周六,21:54:13,CCDCEC0D,SIMBR0153,SIMR0153,SIMU0273:User 273,DENIED
2026,1月,10,周六,21:54:13,A7EE3F93,SIMBR0160,SIMR0160,SIMU0222:User 222,DENIED
2026,1月,10,周六,21:54:13,B492A75C,SIMBR0267,SIMR0267,SIMU0110:User 110,DENIED
2026,1月,10,周六,21:54:13,6712960F,SIMBR0281,SIMR0281,SIMU0015:User 15,DENIED
2026,1月,10,周六,21:54:13,B3D7FE0C,SIMBR0093,SIMR0093,SIMU0016:User 16,DENIED
2026,1月,10,周六,21:54:13,C1C7FE58,SIMBR0202,SIMR0202,SIMU0108:User 108,DENIED
2026,1月,10,周六,21:54:13,2CDA5352,SIMBR0388,SIMR0388,SIMU0119:User 119,DENIED
2026,1月,10,周六,21:54:13,984A4AA4,SIMBR0264,SIMR0264,SIMU0251:User 251,DENIED
2026,1月,10,周六,21:54:13,984A4AA4,SIMBR0092,SIMR0092,SIMU0251:User 251,DENIED
2026,1月,10,周六,21:54:13,9E2D38C8,SIMBR0333,SIMR0333,SIMU0097:User 97,DENIED
2026,1月,10,周六,21:54:13,7F36E59B,SIMBR0091,SIMR0091,SIMU0159:User 159,DENIED
2026,1月,10,周六,21:54:13,94DA0C78,SIMBR0128,SIMR0128,SIMU0039:User 39,DENIED
2026,1月,10,周六,21:54:13,B03C09C9,SIMBR0264,SIMR0264,SIMU0162:User 162,DENIED
2026,1月,10,周六,21:54:13,C1C7FE58,BR001,RES020,SIMU0108:User 108,DENIED
2026,1月,10,周六,21:54:13,9C30C93C,BR024,RES017,SIMU0216:User 216,DENIED
2026,1月,10,周六,21:54:13,02FCAAFD,SIMBR0344,SIMR0344,SIMU0248:User 248,DENIED
2026,1月,10,周六,21:54:13,6CAF0FB3,SIMBR0031,SIMR0031,SIMU0148:User 148,DENIED
2026,1月,10,周六,21:54:13,0C15DF36,SIMBR0210,SIMR0210,SIMU0239:User 239,DENIED
2026,1月,10,周六,21:54:13,3C19D88A,SIMBR0323,SIMR0323,SIMU0249:User 249,DENIED
2026,1月,10,周六,21:54:13,0D9CF3E6,SIMBR0111,SIMR0111,SIMU0212:User 212,DENIED
2026,1月,10,周六,21:54:13,43B39702,SIMBR0149,SIMR0149,SIMU0060:User 60,DENIED
2026,1月,10,周六,21:54:13,897D2598,BR016,RES009,SIMU0242:User 242,DENIED
2026,1月,10,周六,21:54:13,1F854D4E,SIMBR0037,SIMR0037,SIMU0291:User 291,DENIED
2026,1月,10,周六,21:54:13,7CAC8886,SIMBR0008,SIMR0008,SIMU0265:User 265,DENIED
2026,1月,10,周六,21:54:13,DA6C9B4D,SIMBR0207,SIMR0207,SIMU0169:User 169,DENIED
2026,1月,10,周六,21:54:13,D3314B84,SIMBR0127,SIMR0127,SIMU0050:User 50,DENIED
2026,1月,10,周六,21:54:13,4894892B,SIMBR0105,SIMR0105,SIMU0073:User 73,DENIED
2026,1月,10,周六,21:54:13,9C30C93C,SIMBR0211,SIMR0211,SIMU0216:User 216,DENIED
2026,1月,10,周六,21:54:13,A6A1B8F1,SIMBR0193,SIMR0193,SIMU0241:User 241,DENIED
2026,1月,10,周六,21:54:13,0FA31338,SIMBR0074,SIMR0074,SIMU0043:User 43,DENIED
2026,1月,10,周六,21:54:13,C59172A2,SIMBR0048,SIMR0048,SIMU0051:User 51,DENIED
2026,1月,10,周六,21:54:13,2015CDCD,SIMBR0171,SIMR0171,SIMU0134:User 134,DENIED
2026,1月,10,周六,21:54:13,34580E40,SIMBR0254,SIMR0254,SIMU0005:User 5,DENIED
2026,1月,10,周六,21:54:13,9E7210ED,SIMBR0169,SIMR0169,SIMU0297:User 297,DENIED
2026,1月,10,周六,21:54:13,6838748B,SIMBR0297,SIMR0297,SIMU0138:User 138,DENIED
2026,1月,10,周六,21:54:13,7CAC8886,SIMBR0323,SIMR0323,SIMU0265:User 265,DENIED
2026,1月,10,周六,21:54:13,4FD7E7EC,SIMBR0328,SIMR0328,SIMU0053:User 53,DENIED
2026,1月,10,周六,21:54:13,DF85A0CF,SIMBR0185,SIMR0185,SIMU0003:User 3,DENIED
2026,1月,10,周六,21:54:13,65F0591E,SIMBR0259,SIMR0259,SIMU0035:User 35,DENIED
2026,1月,10,周六,21:54:13,5A448F85,SIMBR0174,SIMR0174,SIMU0233:User 233,DENIED
2026,1月,10,周六,21:54:13,3A15230F,SIMBR0272,SIMR0272,SIMU0087:User 87,DENIED
2026,1月,10,周六,21:54:13,B49050D7,SIMBR0161,SIMR0161,SIMU0203:User 203,DENIED
2026,1月,10,周六,21:54:13,611AE3CE,SIMBR0053,SIMR0053,SIMU0256:User 256,DENIED
2026,1月,10,周六,21:54:13,701A6AE7,SIMBR0029,SIMR0029,SIMU0098:User 98,DENIED
2026,1月,10,周六,21:54:13,5AA52579,SIMBR0210,SIMR0210,SIMU0088:User 88,DENIED
2026,1月,10,周六,21:54:13,3BE1764E,SIMBR0185,SIMR0185,SIMU0244:User 244,DENIED
2026,1月,10,周六,21:54:13,0FB573D7,SIMBR0093,SIMR0093,SIMU0106:User 106,DENIED
2026,1月,10,周六,21:54:13,04EDBC1A,SIMBR0051,SIMR0051,SIMU0071:User 71,DENIED
2026,1月,10,周六,21:54:13,B57B1DD3,SIMBR0159,SIMR0159,SIMU0295:User 295,DENIED
2026,1月,10,周六,21:54:13,C48BE2F9,SIMBR0295,SIMR0295,SIMU0178:User 178,DENIED
2026,1月,10,周六,21:54:13,953F9943,SIMBR0306,SIMR0306,SIMU0240:User 240,DENIED
2026,1月,10,周六,21:54:13,86CB6A2D,SIMBR0046,SIMR0046,SIMU0274:User 274,DENIED
2026,1月,10,周六,21:54:13,93804668,SIMBR0166,SIMR0166,SIMU0269:User 269,DENIED
2026,1月,10,周六,21:54:13,480950EA,BR026,RES019,SIMU0299:User 299,DENIED
2026,1月,10,周六,21:54:13,C5797377,SIMBR0089,SIMR0089,SIMU0237:User 237,DENIED
2026,1月,10,周六,21:54:13,16A446D4,SIMBR0147,SIMR0147,SIMU0201:User 201,DENIED
2026,1月,10,周六,21:54:13,9C4C6F9D,SIMBR0119,SIMR0119,SIMU0259:User 259,DENIED
2026,1月,10,周六,21:54:13,6D120953,SIMBR0014,SIMR0014,SIMU0224:User 224,DENIED
2026,1月,10,周六,21:54:13,19C83547,SIMBR0309,SIMR0309,SIMU0266:User 266,DENIED
2026,1月,10,周六,21:54:13,9C30C93C,SIMBR0289,SIMR0289,SIMU0216:User 216,DENIED
2026,1月,10,周六,21:54:13,F0BBABB2,SIMBR0193,SIMR0193,SIMU0037:User 37,DENIED
2026,1月,10,周六,21:54:13,C1EBD39E,SIMBR0353,SIMR0353,SIMU0030:User 30,DENIED
2026,1月,10,周六,21:54:13,B3C34A2A,SIMBR0308,SIMR0308,SIMU0044:User 44,DENIED
2026,1月,10,周六,21:54:13,C48BC6D5,SIMBR0280,SIMR0280,SIMU0173:User 173,DENIED
2026,1月,10,周六,21:54:13,3BE1764E,SIMBR0185,SIMR0185,SIMU0244:User 244,DENIED
2026,1月,10,周六,21:54:13,6B46505C,SIMBR0152,SIMR0152,SIMU0132:User 132,DENIED
2026,1月,10,周六,21:54:13,08EF410D,BR023,RES016,SIMU0243:User 243,DENIED
2026,1月,10,周六,21:54:13,E263443E,SIMBR0118,SIMR0118,SIMU0190:User 190,DENIED
2026,1月,10,周六,21:54:13,58B53FE3,SIMBR0338,SIMR0338,SIMU0199:User 199,DENIED
2026,1月,10,周六,21:54:13,6CAF0FB3,SIMBR0088,SIMR0088,SIMU0148:User 148,DENIED
2026,1月,10,周六,21:54:13,092CFDC0,SIMBR0225,SIMR0225,SIMU0025:User 25,DENIED
2026,1月,10,周六,21:54:13,143D522F,SIMBR0314,SIMR0314,SIMU0009:User 9,DENIED
2026,1月,10,周六,21:54:13,5FE2AA73,SIMBR0329,SIMR0329,SIMU0063:User 63,DENIED
2026,1月,10,周六,21:54:13,66DF575A,BR010,RES004,SIMU0070:User 70,DENIED
2026,1月,10,周六,21:54:13,489655D2,SIMBR0142,SIMR0142,CON001:Wang Wu,DENIED
2026,1月,10,周六,21:54:13,7A015C31,BR014,RES007,SIMU0280:User 280,DENIED
2026,1月,10,周六,21:54:13,C584F9D3,SIMBR0104,SIMR0104,EMP001:Zhang San,DENIED
2026,1月,10,周六,21:54:13,B8E3693D,SIMBR0323,SIMR0323,SIMU0283:User 283,DENIED
2026,1月,10,周六,21:54:13,8D7E04E0,SIMBR0340,SIMR0340,SIMU0042:User 42,DENIED
2026,1月,10,周六,21:54:13,88FF8EF2,SIMBR0269,SIMR0269,SIMU0206:User 206,DENIED
2026,1月,10,周六,21:54:13,47D0D195,SIMBR0308,SIMR0308,SIMU0047:User 47,DENIED
2026,1月,10,周六,21:54:13,45E5372A,SIMBR0008,SIMR0008,SIMU0002:User 2,DENIED
2026,1月,10,周六,21:54:13,C6A1DEEB,SIMBR0226,SIMR0226,SIMU0175:User 175,DENIED
2026,1月,10,周六,21:54:13,A7EE3F93,SIMBR0232,SIMR0232,SIMU0222:User 222,DENIED
2026,1月,10,周六,21:54:13,B335B7A5,SIMBR0214,SIMR0214,SIMU0202:User 202,DENIED
2026,1月,10,周六,21:54:13,A1F8AEF6,SIMBR0035,SIMR0035,SIMU0122:User 122,DENIED
2026,1月,10,周六,21:54:13,E1BF0A5D,SIMBR0274,SIMR0274,SIMU0232:User 232,DENIED
2026,1月,10,周六,21:54:13,4DE0D33A,SIMBR0024,SIMR0024,SIMU0260:User 260,DENIED
2026,1月,10,周六,21:54:13,E00A3B0F,SIMBR0337,SIMR0337,SIMU0013:User 13,DENIED
2026,1月,10,周六,21:54:13,497FB87C,SIMBR0346,SIMR0346,SIMU0272:User 272,DENIED
2026,1月,10,周六,21:54:13,2D7F99C4,SIMBR0171,SIMR0171,SIMU0085:User 85,DENIED
2026,1月,10,周六,21:54:13,B3C34A2A,SIMBR0300,SIMR0300,SIMU0044:User 44,DENIED
2026,1月,10,周六,21:54:13,37261D4E,SIMBR0133,SIMR0133,SIMU0040:User 40,DENIED
2026,1月,10,周六,21:54:13,7F749586,SIMBR0036,SIMR0036,SIMU0004:User 4,DENIED
2026,1月,10,周六,21:54:13,FC171927,SIMBR0109,SIMR0109,SIMU0287:User 287,DENIED
2026,1月,10,周六,21:54:13,0552E86C,SIMBR0074,SIMR0074,SIMU0114:User 114,DENIED
2026,1月,10,周六,21:54:13,D53BB718,BR001,RES020,SIMU0270:User 270,DENIED
2026,1月,10,周六,21:54:13,497FB87C,SIMBR0137,SIMR0137,SIMU0272:User 272,DENIED
2026,1月,10,周六,21:54:13,701A6AE7,SIMBR0078,SIMR0078,SIMU0098:User 98,DENIED
2026,1月,10,周六,21:54:13,DDB28C88,SIMBR0035,SIMR0035,SIMU0102:User 102,DENIED
2026,1月,10,周六,21:54:13,6D120953,SIMBR0107,SIMR0107,SIMU0224:User 224,DENIED
2026,1月,10,周六,21:54:13,BBE8D6B5,SIMBR0346,SIMR0346,SIMU0195:User 195,DENIED
2026,1月,10,周六,21:54:13,5F111D08,SIMBR0063,SIMR0063,SIMU0204:User 204,DENIED
2026,1月,10,周六,21:54:13,C6A1DEEB,SIMBR0334,SIMR0334,SIMU0175:User 175,DENIED
2026,1月,10,周六,21:54:13,4356E5AB,SIMBR0239,SIMR0239,SIMU0172:User 172,DENIED
2026,1月,10,周六,21:54:13,65191148,SIMBR0250,SIMR0250,SIMU0101:User 101,DENIED
2026,1月,10,周六,21:54:13,2B614E0C,SIMBR0048,SIMR0048,SIMU0164:User 164,DENIED
2026,1月,10,周六,21:54:13,B58F0441,SIMBR0154,SIMR0154,SIMU0165:User 165,DENIED
2026,1月,10,周六,21:54:13,A6A1B8F1,SIMBR0159,SIMR0159,SIMU0241:User 241,DENIED
2026,1月,10,周六,21:54:13,882F9EB7,SIMBR0269,SIMR0269,SIMU0020:User 20,DENIED
2026,1月,10,周六,21:54:13,55C67395,SIMBR0243,SIMR0243,SIMU0056:User 56,DENIED
2026,1月,10,周六,21:54:13,BBE8D6B5,SIMBR0362,SIMR0362,SIMU0195:User 195,DENIED
2026,1月,10,周六,21:54:13,8884C7F3,SIMBR0066,SIMR0066,SIMU0220:User 220,DENIED
2026,1月,10,周六,21:54:13,65830A51,SIMBR0328,SIMR0328,SIMU0041:User 41,DENIED
2026,1月,10,周六,21:54:13,16A446D4,SIMBR0352,SIMR0352,SIMU0201:User 201,DENIED
2026,1月,10,周六,21:54:13,0402E2AB,SIMBR0079,SIMR0079,SIMU0185:User 185,DENIED
2026,1月,10,周六,21:54:13,86CB6A2D,BR008,RES003,SIMU0274:User 274,DENIED
2026,1月,10,周六,21:54:13,A6A1B8F1,SIMBR0291,SIMR0291,SIMU0241:User 241,DENIED
2026,1月,10,周六,21:54:13,2B614E0C,SIMBR0072,SIMR0072,SIMU0164:User 164,DENIED
2026,1月,10,周六,21:54:13,4356E5AB,SIMBR0035,SIMR0035,SIMU0172:User 172,DENIED
2026,1月,10,周六,21:54:13,AE48A11A,SIMBR0234,SIMR0234,SIMU0113:User 113,DENIED
2026,1月,10,周六,21:54:13,7481E135,SIMBR0097,SIMR0097,SIMU0282:User 282,DENIED
2026,1月,10,周六,21:54:13,9C4465BC,SIMBR0207,SIMR0207,SIMU0263:User 263,DENIED
2026,1月,10,周六,21:54:13,D0ABEAE1,SIMBR0263,SIMR0263,SIMU0196:User 196,DENIED
2026,1月,10,周六,21:54:13,E263443E,SIMBR0125,SIMR0125,SIMU0190:User 190,DENIED
2026,1月,10,周六,21:54:13,C89690D8,BR007,RES024,SIMU0029:User 29,DENIED
2026,1月,10,周六,21:54:13,528AA107,SIMBR0103,SIMR0103,SIMU0140:User 140,DENIED
2026,1月,10,周六,21:54:13,5F0BA8E3,SIMBR0036,SIMR0036,SIMU0077:User 77,DENIED
2026,1月,10,周六,21:54:13,C89B5481,SIMBR0392,SIMR0392,SIMU0230:User 230,DENIED
2026,1月,10,周六,21:54:13,F689FE56,SIMBR0148,SIMR0148,SIMU0236:User 236,DENIED
2026,1月,10,周六,21:54:13,483C90D8,SIMBR0011,SIMR0011,SIMU0046:User 46,DENIED
2026,1月,10,周六,21:54:14,A69527A3,SIMBR0113,SIMR0113,SIMU0144:User 144,DENIED
2026,1月,10,周六,21:54:14,355CC3B6,SIMBR0309,SIMR0309,SIMU0167:User 167,DENIED
2026,1月,10,周六,21:54:14,71524832,SIMBR0363,SIMR0363,SIMU0128:User 128,DENIED
2026,1月,10,周六,21:54:14,143D522F,SIMBR0078,SIMR0078,SIMU0009:User 9,DENIED
2026,1月,10,周六,21:54:14,CBF84902,SIMBR0148,SIMR0148,SIMU0109:User 109,DENIED
2026,1月,10,周六,21:54:14,C465593F,SIMBR0198,SIMR0198,SIMU0093:User 93,DENIED
2026,1月,10,周六,21:54:14,761D0F5D,SIMBR0324,SIMR0324,SIMU0257:User 257,DENIED
2026,1月,10,周六,21:54:14,4356E5AB,SIMBR0353,SIMR0353,SIMU0172:User 172,DENIED
2026,1月,10,周六,21:54:14,2A2939D5,SIMBR0167,SIMR0167,SIMU0279:User 279,DENIED
2026,1月,10,周六,21:54:14,A6A1B8F1,SIMBR0329,SIMR0329,SIMU0241:User 241,DENIED
2026,1月,10,周六,21:54:14,9E7210ED,SIMBR0054,SIMR0054,SIMU0297:User 297,DENIED
2026,1月,10,周六,21:54:14,31EC8E2A,SIMBR0273,SIMR0273,SIMU0284:User 284,DENIED
2026,1月,10,周六,21:54:14,6A126518,SIMBR0159,SIMR0159,SIMU0157:User 157,DENIED
2026,1月,10,周六,21:54:14,00BB87D3,SIMBR0347,SIMR0347,SIMU0059:User 59,DENIED
2026,1月,10,周六,21:54:14,16A446D4,SIMBR0357,SIMR0357,SIMU0201:User 201,DENIED
2026,1月,10,周六,21:54:14,5C18984E,SIMBR0042,SIMR0042,SIMU0255:User 255,DENIED
2026,1月,10,周六,21:54:14,37261D4E,BR023,RES016,SIMU0040:User 40,DENIED
2026,1月,10,周六,21:54:14,2392E33D,SIMBR0161,SIMR0161,SIMU0023:User 23,DENIED
2026,1月,10,周六,21:54:14,01FA0FAE,SIMBR0232,SIMR0232,SIMU0218:User 218,DENIED
2026,1月,10,周六,21:54:14,2392E33D,SIMBR0071,SIMR0071,SIMU0023:User 23,DENIED
2026,1月,10,周六,21:54:14,BF88A1CE,SIMBR0035,SIMR0035,SIMU0160:User 160,DENIED
2026,1月,10,周六,21:54:14,29219B5A,SIMBR0045,SIMR0045,SIMU0142:User 142,DENIED
2026,1月,10,周六,21:54:14,88FF8EF2,SIMBR0086,SIMR0086,SIMU0206:User 206,DENIED
2026,1月,10,周六,21:54:14,19618E8D,SIMBR0014,SIMR0014,SIMU0205:User 205,DENIED
2026,1月,10,周六,21:54:14,B335B7A5,SIMBR0150,SIMR0150,SIMU0202:User 202,DENIED
2026,1月,10,周六,21:54:14,5FE2AA73,SIMBR0258,SIMR0258,SIMU0063:User 63,DENIED
2026,1月,10,周六,21:54:14,2BC13570,SIMBR0233,SIMR0233,SIMU0078:User 78,DENIED
2026,1月,10,周六,21:54:14,4356E5AB,BR016,RES009,SIMU0172:User 172,DENIED
2026,1月,10,周六,21:54:14,55C67395,SIMBR0300,SIMR0300,SIMU0056:User 56,DENIED
2026,1月,10,周六,21:54:14,AE77BF81,SIMBR0351,SIMR0351,SIMU0225:User 225,DENIED
2026,1月,10,周六,21:54:14,4BEECFEB,SIMBR0272,SIMR0272,SIMU0117:User 117,DENIED
2026,1月,10,周六,21:54:14,B03C09C9,SIMBR0362,SIMR0362,SIMU0162:User 162,DENIED
2026,1月,10,周六,21:54:14,CF2F05DC,SIMBR0085,SIMR0085,SIMU0217:User 217,DENIED
2026,1月,10,周六,21:54:14,C2397E87,BR010,RES004,SIMU0111:User 111,DENIED
2026,1月,10,周六,21:54:14,4FD7E7EC,SIMBR0103,SIMR0103,SIMU0053:User 53,DENIED
2026,1月,10,周六,21:54:14,796E035A,SIMBR0314,SIMR0314,SIMU0158:User 158,DENIED
2026,1月,10,周六,21:54:14,AE48A11A,SIMBR0081,SIMR0081,SIMU0113:User 113,DENIED
2026,1月,10,周六,21:54:14,DEBE98DF,SIMBR0169,SIMR0169,SIMU0189:User 189,DENIED
2026,1月,10,周六,21:54:14,1D712ABD,SIMBR0371,SIMR0371,SIMU0277:User 277,DENIED
2026,1月,10,周六,21:54:14,7E0669A9,SIMBR0341,SIMR0341,SIMU0125:User 125,DENIED
2026,1月,10,周六,21:54:14,62CE2F4E,SIMBR0218,SIMR0218,SIMU0112:User 112,DENIED
2026,1月,10,周六,21:54:14,C48BE2F9,SIMBR0381,SIMR0381,SIMU0178:User 178,DENIED
2026,1月,10,周六,21:54:14,A90144E9,BR016,RES009,SIMU0096:User 96,DENIED
2026,1月,10,周六,21:54:14,0402E2AB,SIMBR0141,SIMR0141,SIMU0185:User 185,DENIED
2026,1月,10,周六,21:54:14,7E0669A9,SIMBR0371,SIMR0371,SIMU0125:User 125,DENIED
2026,1月,10,周六,21:54:14,2B614E0C,SIMBR0020,SIMR0020,SIMU0164:User 164,DENIED
2026,1月,10,周六,21:54:14,489655D2,SIMBR0072,SIMR0072,CON001:Wang Wu,DENIED
2026,1月,10,周六,21:54:14,81E48A54,SIMBR0304,SIMR0304,SIMU0275:User 275,DENIED
2026,1月,10,周六,21:54:14,91F99B45,SIMBR0327,SIMR0327,SIMU0082:User 82,DENIED
2026,1月,10,周六,21:54:14,6406A215,SIMBR0235,SIMR0235,SIMU0214:User 214,DENIED
2026,1月,10,周六,21:54:14,2A2939D5,SIMBR0163,SIMR0163,SIMU0279:User 279,DENIED
2026,1月,10,周六,21:54:14,D4614DD2,SIMBR0370,SIMR0370,SIMU0264:User 264,DENIED
2026,1月,10,周六,21:54:14,81E964E1,SIMBR0061,SIMR0061,SIMU0014:User 14,DENIED
2026,1月,10,周六,21:54:14,8852F51C,SIMBR0384,SIMR0384,SIMU0121:User 121,DENIED
2026,1月,10,周六,21:54:14,19C83547,SIMBR0242,SIMR0242,SIMU0266:User 266,DENIED
2026,1月,10,周六,21:54:14,C190DDA3,SIMBR0020,SIMR0020,SIMU0155:User 155,DENIED
2026,1月,10,周六,21:54:14,1973551A,SIMBR0089,SIMR0089,SIMU0238:User 238,DENIED
2026,1月,10,周六,21:54:14,F3F15A85,SIMBR0005,SIMR0005,SIMU0058:User 58,DENIED
2026,1月,10,周六,21:54:14,646A37B3,SIMBR0395,SIMR0395,SIMU0200:User 200,DENIED
2026,1月,10,周六,21:54:14,34580E40,BR024,RES017,SIMU0005:User 5,DENIED
2026,1月,10,周六,21:54:14,248E3909,SIMBR0356,SIMR0356,SIMU0011:User 11,DENIED
2026,1月,10,周六,21:54:14,CF905F5D,SIMBR0029,SIMR0029,SIMU0019:User 19,DENIED
2026,1月,10,周六,21:54:14,04EDBC1A,SIMBR0001,SIMR0001,SIMU0071:User 71,DENIED
2026,1月,10,周六,21:54:14,E45D3CF3,SIMBR0023,SIMR0023,SIMU0293:User 293,DENIED
2026,1月,10,周六,21:54:14,9F85BAB6,SIMBR0087,SIMR0087,SIMU0031:User 31,DENIED
2026,1月,10,周六,21:54:14,5849BD23,SIMBR0087,SIMR0087,SIMU0186:User 186,DENIED
2026,1月,10,周六,21:54:14,EA5A3237,BR020,RES013,SIMU0075:User 75,DENIED
2026,1月,10,周六,21:54:14,5CA6D470,SIMBR0145,SIMR0145,SIMU0146:User 146,DENIED
2026,1月,10,周六,21:54:14,6CAF0FB3,SIMBR0024,SIMR0024,SIMU0148:User 148,DENIED
2026,1月,10,周六,21:54:14,47F239E7,SIMBR0257,SIMR0257,SIMU0191:User 191,DENIED
2026,1月,10,周六,21:54:14,5DD3F3CE,SIMBR0111,SIMR0111,SIMU0182:User 182,DENIED
2026,1月,10,周六,21:54:14,3C19D88A,SIMBR0267,SIMR0267,SIMU0249:User 249,DENIED
2026,1月,10,周六,21:54:14,914F2FD1,BR011,RES026,SIMU0187:User 187,DENIED
2026,1月,10,周六,21:54:14,5AA52579,SIMBR0265,SIMR0265,SIMU0088:User 88,DENIED
2026,1月,10,周六,21:54:14,2015CDCD,SIMBR0041,SIMR0041,SIMU0134:User 134,DENIED
2026,1月,10,周六,21:54:14,B45868CC,SIMBR0138,SIMR0138,SIMU0174:User 174,DENIED
2026,1月,10,周六,21:54:14,CF2F05DC,SIMBR0047,SIMR0047,SIMU0217:User 217,DENIED
2026,1月,10,周六,21:54:14,E263443E,SIMBR0308,SIMR0308,SIMU0190:User 190,DENIED
2026,1月,10,周六,21:54:14,BA0243B9,SIMBR0063,SIMR0063,PM001:Sun Ba,DENIED
2026,1月,10,周六,21:54:14,DF4F65FA,SIMBR0020,SIMR0020,SIMU0124:User 124,DENIED
2026,1月,10,周六,21:54:14,D3E5BD00,SIMBR0318,SIMR0318,SIMU0069:User 69,DENIED
2026,1月,10,周六,21:54:14,29219B5A,SIMBR0052,SIMR0052,SIMU0142:User 142,DENIED
2026,1月,10,周六,21:54:14,94DA0C78,SIMBR0184,SIMR0184,SIMU0039:User 39,DENIED
2026,1月,10,周六,21:54:14,A2506477,SIMBR0071,SIMR0071,SIMU0278:User 278,DENIED
2026,1月,10,周六,21:54:14,FC171927,SIMBR0074,SIMR0074,SIMU0287:User 287,DENIED
2026,1月,10,周六,21:54:14,2A4E4C17,SIMBR0029,SIMR0029,SIMU0168:User 168,DENIED
2026,1月,10,周六,21:54:14,65B476AB,SIMBR0122,SIMR0122,SIMU0099:User 99,DENIED
2026,1月,10,周六,21:54:14,D6BB404C,SIMBR0399,SIMR0399,SIMU0116:User 116,DENIED
2026,1月,10,周六,21:54:14,1F854D4E,SIMBR0046,SIMR0046,SIMU0291:User 291,DENIED
2026,1月,10,周六,21:54:14,FC75DC29,SIMBR0237,SIMR0237,SIMU0018:User 18,DENIED
2026,1月,10,周六,21:54:14,452BD81E,SIMBR0141,SIMR0141,SIMU0027:User 27,DENIED
2026,1月,10,周六,21:54:14,CF2F05DC,SIMBR0345,SIMR0345,SIMU0217:User 217,DENIED
2026,1月,10,周六,21:54:14,0FA31338,SIMBR0343,SIMR0343,SIMU0043:User 43,DENIED
2026,1月,10,周六,21:54:14,F9F71897,SIMBR0213,SIMR0213,SIMU0055:User 55,DENIED
2026,1月,10,周六,21:54:14,FC75DC29,BR006,RES002,SIMU0018:User 18,DENIED
2026,1月,10,周六,21:54:14,CDEE85B1,SIMBR0372,SIMR0372,SIMU0127:User 127,DENIED
2026,1月,10,周六,21:54:14,66DF575A,SIMBR0163,SIMR0163,SIMU0070:User 70,DENIED
2026,1月,10,周六,21:54:14,D53BB718,SIMBR0014,SIMR0014,SIMU0270:User 270,DENIED
2026,1月,10,周六,21:54:14,528AA107,SIMBR0371,SIMR0371,SIMU0140:User 140,DENIED
2026,1月,10,周六,21:54:14,08EF410D,SIMBR0389,SIMR0389,SIMU0243:User 243,DENIED
2026,1月,10,周六,21:54:14,6E7782F8,SIMBR0262,SIMR0262,INT001:Zhao Liu,DENIED
2026,1月,10,周六,21:54:14,646A37B3,SIMBR0346,SIMR0346,SIMU0200:User 200,DENIED
2026,1月,10,周六,21:54:14,248E3909,SIMBR0079,SIMR0079,SIMU0011:User 11,DENIED
2026,1月,10,周六,21:54:14,45BE30A8,SIMBR0254,SIMR0254,8d1a5202-9052-4f93-bf5a-4deffdf65fd3:a q,DENIED
2026,1月,10,周六,21:54:14,914F2FD1,SIMBR0010,SIMR0010,SIMU0187:User 187,DENIED
2026,1月,10,周六,21:54:14,7F749586,SIMBR0392,SIMR0392,SIMU0004:User 4,DENIED
2026,1月,10,周六,21:54:14,3375DC19,SIMBR0360,SIMR0360,SIMU0061:User 61,DENIED
2026,1月,10,周六,21:54:14,D0ABEAE1,SIMBR0277,SIMR0277,SIMU0196:User 196,DENIED
2026,1月,10,周六,21:54:14,9C4C6F9D,SIMBR0291,SIMR0291,SIMU0259:User 259,DENIED
2026,1月,10,周六,21:54:14,4D29E6C6,SIMBR0087,SIMR0087,SIMU0021:User 21,DENIED
2026,1月,10,周六,21:54:14,A4FE0D9E,BR017,RES010,SIMU0163:User 163,DENIED
2026,1月,10,周六,21:54:14,47F239E7,BR020,RES013,SIMU0191:User 191,DENIED
2026,1月,10,周六,21:54:14,1EF3B563,SIMBR0076,SIMR0076,SIMU0010:User 10,DENIED
2026,1月,10,周六,21:54:14,897D2598,SIMBR0329,SIMR0329,SIMU0242:User 242,DENIED
2026,1月,10,周六,21:54:14,37F08443,SIMBR0115,SIMR0115,SIMU0289:User 289,DENIED
2026,1月,10,周六,21:54:14,65830A51,SIMBR0271,SIMR0271,SIMU0041:User 41,DENIED
2026,1月,10,周六,21:54:14,0CCD1CE3,SIMBR0351,SIMR0351,SIMU0080:User 80,DENIED
2026,1月,10,周六,21:54:14,31EC8E2A,SIMBR0329,SIMR0329,SIMU0284:User 284,DENIED
2026,1月,10,周六,21:54:14,D0ABEAE1,SIMBR0032,SIMR0032,SIMU0196:User 196,DENIED
2026,1月,10,周六,21:54:14,2D6ECED1,SIMBR0192,SIMR0192,SIMU0234:User 234,DENIED
2026,1月,10,周六,21:54:14,BF88A1CE,SIMBR0278,SIMR0278,SIMU0160:User 160,DENIED
2026,1月,10,周六,21:54:14,E1BF0A5D,SIMBR0184,SIMR0184,SIMU0232:User 232,DENIED
2026,1月,10,周六,21:54:14,B3D7FE0C,SIMBR0375,SIMR0375,SIMU0016:User 16,DENIED
2026,1月,10,周六,21:54:14,08F76FF7,SIMBR0081,SIMR0081,SIMU0296:User 296,DENIED
2026,1月,10,周六,21:54:14,5F5BFA6E,SIMBR0205,SIMR0205,SIMU0188:User 188,DENIED
2026,1月,10,周六,21:54:14,88FF8EF2,SIMBR0084,SIMR0084,SIMU0206:User 206,DENIED
2026,1月,10,周六,21:54:14,E00A3B0F,SIMBR0330,SIMR0330,SIMU0013:User 13,DENIED
2026,1月,10,周六,21:54:14,4BEECFEB,SIMBR0396,SIMR0396,SIMU0117:User 117,DENIED
2026,1月,10,周六,21:54:14,3E02D00E,SIMBR0167,SIMR0167,SIMU0067:User 67,DENIED
2026,1月,10,周六,21:54:14,08B71C09,SIMBR0336,SIMR0336,SIMU0253:User 253,DENIED
2026,1月,10,周六,21:54:14,C48BC6D5,SIMBR0041,SIMR0041,SIMU0173:User 173,DENIED
2026,1月,10,周六,21:54:14,1F854D4E,SIMBR0369,SIMR0369,SIMU0291:User 291,DENIED
2026,1月,10,周六,21:54:14,93804668,SIMBR0232,SIMR0232,SIMU0269:User 269,DENIED
2026,1月,10,周六,21:54:14,D53BB718,SIMBR0325,SIMR0325,SIMU0270:User 270,DENIED
2026,1月,10,周六,21:54:14,C6A1DEEB,SIMBR0107,SIMR0107,SIMU0175:User 175,DENIED
2026,1月,10,周六,21:54:14,91F99B45,SIMBR0023,SIMR0023,SIMU0082:User 82,DENIED
2026,1月,10,周六,21:54:14,CF905F5D,SIMBR0375,SIMR0375,SIMU0019:User 19,DENIED
2026,1月,10,周六,21:54:14,0D9CF3E6,SIMBR0202,SIMR0202,SIMU0212:User 212,DENIED
2026,1月,10,周六,21:54:14,CF905F5D,SIMBR0008,SIMR0008,SIMU0019:User 19,DENIED
2026,1月,10,周六,21:54:14,31EC8E2A,SIMBR0243,SIMR0243,SIMU0284:User 284,DENIED
2026,1月,10,周六,21:54:14,8C4E2F9D,SIMBR0369,SIMR0369,SIMU0180:User 180,DENIED
2026,1月,10,周六,21:54:14,2BAB4E39,SIMBR0093,SIMR0093,SIMU0137:User 137,DENIED
2026,1月,10,周六,21:54:14,9F85BAB6,SIMBR0146,SIMR0146,SIMU0031:User 31,DENIED
2026,1月,10,周六,21:54:14,E75864D3,SIMBR0241,SIMR0241,SIMU0215:User 215,DENIED
2026,1月,10,周六,21:54:14,C5B21C58,SIMBR0092,SIMR0092,SIMU0054:User 54,DENIED
2026,1月,10,周六,21:54:14,C567574B,SIMBR0293,SIMR0293,SIMU0066:User 66,DENIED
2026,1月,10,周六,21:54:14,82C05612,SIMBR0380,SIMR0380,SIMU0183:User 183,DENIED
2026,1月,10,周六,21:54:14,D4614DD2,SIMBR0364,SIMR0364,SIMU0264:User 264,DENIED
2026,1月,10,周六,21:54:14,1F854D4E,SIMBR0227,SIMR0227,SIMU0291:User 291,DENIED
2026,1月,10,周六,21:54:14,B31FE5FA,SIMBR0273,SIMR0273,SIMU0223:User 223,DENIED
2026,1月,10,周六,21:54:14,E67855ED,SIMBR0346,SIMR0346,SIMU0268:User 268,DENIED
2026,1月,10,周六,21:54:14,646A37B3,SIMBR0033,SIMR0033,SIMU0200:User 200,DENIED
2026,1月,10,周六,21:54:14,4DE0D33A,SIMBR0107,SIMR0107,SIMU0260:User 260,DENIED
2026,1月,10,周六,21:54:14,B57B1DD3,SIMBR0192,SIMR0192,SIMU0295:User 295,DENIED
2026,1月,10,周六,21:54:14,01FA0FAE,SIMBR0275,SIMR0275,SIMU0218:User 218,DENIED
2026,1月,10,周六,21:54:14,0CCD1CE3,SIMBR0195,SIMR0195,SIMU0080:User 80,DENIED
2026,1月,10,周六,21:54:14,355CC3B6,SIMBR0002,SIMR0002,SIMU0167:User 167,DENIED
2026,1月,10,周六,21:54:14,F3F15A85,BR007,RES024,SIMU0058:User 58,DENIED
2026,1月,10,周六,21:54:14,4FD7E7EC,SIMBR0345,SIMR0345,SIMU0053:User 53,DENIED
2026,1月,10,周六,21:54:14,19618E8D,SIMBR0282,SIMR0282,SIMU0205:User 205,DENIED
2026,1月,10,周六,21:54:14,3375DC19,SIMBR0051,SIMR0051,SIMU0061:User 61,DENIED
2026,1月,10,周六,21:54:14,CB29BCDB,SIMBR0023,SIMR0023,SIMU0104:User 104,DENIED
2026,1月,10,周六,21:54:14,FBEC0C91,BR015,RES008,SIMU0017:User 17,DENIED
2026,1月,10,周六,21:54:14,BF88A1CE,SIMBR0272,SIMR0272,SIMU0160:User 160,DENIED
2026,1月,10,周六,21:54:14,08F76FF7,SIMBR0187,SIMR0187,SIMU0296:User 296,DENIED
2026,1月,10,周六,21:54:14,E5BD3919,SIMBR0253,SIMR0253,SIMU0091:User 91,DENIED
2026,1月,10,周六,21:54:14,838F6048,SIMBR0197,SIMR0197,SIMU0036:User 36,DENIED
2026,1月,10,周六,21:54:14,E1BF0A5D,SIMBR0278,SIMR0278,SIMU0232:User 232,DENIED
2026,1月,10,周六,21:54:14,D1E93663,SIMBR0096,SIMR0096,SIMU0235:User 235,DENIED
2026,1月,10,周六,21:54:14,47F239E7,SIMBR0385,SIMR0385,SIMU0191:User 191,DENIED
2026,1月,10,周六,21:54:14,24331CD1,BR019,RES012,SIMU0219:User 219,DENIED
2026,1月,10,周六,21:54:14,A69527A3,SIMBR0161,SIMR0161,SIMU0144:User 144,DENIED
2026,1月,10,周六,21:54:14,2A2939D5,SIMBR0354,SIMR0354,SIMU0279:User 279,DENIED
2026,1月,10,周六,21:54:14,19C83547,SIMBR0029,SIMR0029,SIMU0266:User 266,DENIED
2026,1月,10,周六,21:54:14,62CE2F4E,SIMBR0066,SIMR0066,SIMU0112:User 112,DENIED
2026,1月,10,周六,21:54:14,D53BB718,SIMBR0194,SIMR0194,SIMU0270:User 270,DENIED
2026,1月,10,周六,21:54:14,E75864D3,SIMBR0326,SIMR0326,SIMU0215:User 215,DENIED
2026,1月,10,周六,21:54:14,838F6048,SIMBR0274,SIMR0274,SIMU0036:User 36,DENIED
2026,1月,10,周六,21:54:14,1361E23B,SIMBR0266,SIMR0266,SIMU0181:User 181,DENIED
2026,1月,10,周六,21:54:14,F8C3B166,SIMBR0271,SIMR0271,SIMU0300:User 300,DENIED
2026,1月,10,周六,21:54:14,F615ED55,SIMBR0350,SIMR0350,SIMU0115:User 115,DENIED
2026,1月,10,周六,21:54:14,A96DDF4D,SIMBR0218,SIMR0218,SIMU0267:User 267,DENIED
2026,1月,10,周六,21:54:14,397487A8,SIMBR0259,SIMR0259,SIMU0076:User 76,DENIED
2026,1月,10,周六,21:54:14,3A15230F,SIMBR0040,SIMR0040,SIMU0087:User 87,DENIED
2026,1月,10,周六,21:54:14,984A4AA4,SIMBR0267,SIMR0267,SIMU0251:User 251,DENIED
2026,1月,10,周六,21:54:14,F9F71897,BR008,RES003,SIMU0055:User 55,DENIED
2026,1月,10,周六,21:54:14,6406A215,SIMBR0197,SIMR0197,SIMU0214:User 214,DENIED
2026,1月,10,周六,21:54:14,3644422D,SIMBR0365,SIMR0365,SIMU0298:User 298,DENIED
2026,1月,10,周六,21:54:14,19618E8D,SIMBR0227,SIMR0227,SIMU0205:User 205,DENIED
2026,1月,10,周六,21:54:14,85BFD74E,SIMBR0266,SIMR0266,SIMU0149:User 149,DENIED
2026,1月,10,周六,21:54:14,4DB086F5,SIMBR0307,SIMR0307,SIMU0133:User 133,DENIED
2026,1月,10,周六,21:54:14,81E964E1,SIMBR0237,SIMR0237,SIMU0014:User 14,DENIED
2026,1月,10,周六,21:54:14,8C2113AD,SIMBR0256,SIMR0256,SIMU0228:User 228,DENIED
2026,1月,10,周六,21:54:14,2D7F99C4,SIMBR0320,SIMR0320,SIMU0085:User 85,DENIED
2026,1月,10,周六,21:54:14,3EC06854,SIMBR0319,SIMR0319,SIMU0129:User 129,DENIED
2026,1月,10,周六,21:54:14,C190DDA3,SIMBR0339,SIMR0339,SIMU0155:User 155,DENIED
2026,1月,10,周六,21:54:14,FBEC0C91,SIMBR0036,SIMR0036,SIMU0017:User 17,DENIED
2026,1月,10,周六,21:54:14,F9F71897,SIMBR0296,SIMR0296,SIMU0055:User 55,DENIED
2026,1月,10,周六,21:54:14,0CCD1CE3,SIMBR0111,SIMR0111,SIMU0080:User 80,DENIED
2026,1月,10,周六,21:54:14,37F08443,SIMBR0256,SIMR0256,SIMU0289:User 289,DENIED
2026,1月,10,周六,21:54:15,8C2113AD,SIMBR0248,SIMR0248,SIMU0228:User 228,DENIED
2026,1月,10,周六,21:54:15,5FE2AA73,SIMBR0299,SIMR0299,SIMU0063:User 63,DENIED
2026,1月,10,周六,21:54:15,67E70F45,SIMBR0136,SIMR0136,SIMU0026:User 26,DENIED
2026,1月,10,周六,21:54:15,A1F8AEF6,SIMBR0126,SIMR0126,SIMU0122:User 122,DENIED
2026,1月,10,周六,21:54:15,FC171927,SIMBR0009,SIMR0009,SIMU0287:User 287,DENIED
2026,1月,10,周六,21:54:15,DC026729,SIMBR0266,SIMR0266,SIMU0103:User 103,DENIED
2026,1月,10,周六,21:54:15,C584F9D3,SIMBR0312,SIMR0312,EMP001:Zhang San,DENIED
2026,1月,10,周六,21:54:15,4D29E6C6,BR024,RES017,SIMU0021:User 21,DENIED
2026,1月,10,周六,21:54:15,7CAC8886,SIMBR0301,SIMR0301,SIMU0265:User 265,DENIED
2026,1月,10,周六,21:54:15,E7BF1B90,SIMBR0397,SIMR0397,SIMU0286:User 286,DENIED
2026,1月,10,周六,21:54:15,6569AAB9,SIMBR0355,SIMR0355,SIMU0213:User 213,DENIED
2026,1月,10,周六,21:54:15,71524832,SIMBR0272,SIMR0272,SIMU0128:User 128,DENIED
2026,1月,10,周六,21:54:15,6569AAB9,SIMBR0370,SIMR0370,SIMU0213:User 213,DENIED
2026,1月,10,周六,21:54:15,C567574B,SIMBR0100,SIMR0100,SIMU0066:User 66,DENIED
2026,1月,10,周六,21:54:15,C48BC6D5,SIMBR0193,SIMR0193,SIMU0173:User 173,DENIED
2026,1月,10,周六,21:54:15,37F08443,SIMBR0024,SIMR0024,SIMU0289:User 289,DENIED
2026,1月,10,周六,21:54:15,E33573A1,SIMBR0239,SIMR0239,SIMU0089:User 89,DENIED
2026,1月,10,周六,21:54:15,6712960F,SIMBR0201,SIMR0201,SIMU0015:User 15,DENIED
2026,1月,10,周六,21:54:15,43B39702,SIMBR0342,SIMR0342,SIMU0060:User 60,DENIED
2026,1月,10,周六,21:54:15,E67855ED,SIMBR0394,SIMR0394,SIMU0268:User 268,DENIED
2026,1月,10,周六,21:54:15,34580E40,SIMBR0154,SIMR0154,SIMU0005:User 5,DENIED
2026,1月,10,周六,21:54:15,A5D38222,SIMBR0313,SIMR0313,SIMU0064:User 64,DENIED
2026,1月,10,周六,21:54:15,8D7E04E0,SIMBR0221,SIMR0221,SIMU0042:User 42,DENIED
2026,1月,10,周六,21:54:15,47D0D195,SIMBR0156,SIMR0156,SIMU0047:User 47,DENIED
2026,1月,10,周六,21:54:15,4DE0D33A,SIMBR0194,SIMR0194,SIMU0260:User 260,DENIED
2026,1月,10,周六,21:54:15,355CC3B6,SIMBR0073,SIMR0073,SIMU0167:User 167,DENIED
2026,1月,10,周六,21:54:15,646A37B3,SIMBR0324,SIMR0324,SIMU0200:User 200,DENIED
2026,1月,10,周六,21:54:15,6B46505C,SIMBR0200,SIMR0200,SIMU0132:User 132,DENIED
2026,1月,10,周六,21:54:15,838F6048,SIMBR0009,SIMR0009,SIMU0036:User 36,DENIED
2026,1月,10,周六,21:54:15,BD154D46,SIMBR0056,SIMR0056,SIMU0221:User 221,DENIED
2026,1月,10,周六,21:54:15,4D29E6C6,SIMBR0247,SIMR0247,SIMU0021:User 21,DENIED
2026,1月,10,周六,21:54:15,31EC8E2A,SIMBR0024,SIMR0024,SIMU0284:User 284,DENIED
2026,1月,10,周六,21:54:15,646A37B3,SIMBR0191,SIMR0191,SIMU0200:User 200,DENIED
2026,1月,10,周六,21:54:15,0FA31338,SIMBR0221,SIMR0221,SIMU0043:User 43,DENIED
2026,1月,10,周六,21:54:15,0C15DF36,SIMBR0298,SIMR0298,SIMU0239:User 239,DENIED
2026,1月,10,周六,21:54:15,07768ACF,SIMBR0082,SIMR0082,SIMU0176:User 176,DENIED
2026,1月,10,周六,21:54:15,8881AC83,SIMBR0138,SIMR0138,SIMU0198:User 198,DENIED
2026,1月,10,周六,21:54:15,5F0BA8E3,SIMBR0252,SIMR0252,SIMU0077:User 77,DENIED
2026,1月,10,周六,21:54:15,C190DDA3,SIMBR0324,SIMR0324,SIMU0155:User 155,DENIED
2026,1月,10,周六,21:54:15,7A015C31,SIMBR0163,SIMR0163,SIMU0280:User 280,DENIED
2026,1月,10,周六,21:54:15,3E02D00E,SIMBR0084,SIMR0084,SIMU0067:User 67,DENIED
2026,1月,10,周六,21:54:15,6712960F,SIMBR0190,SIMR0190,SIMU0015:User 15,DENIED
2026,1月,10,周六,21:54:15,B58F0441,SIMBR0030,SIMR0030,SIMU0165:User 165,DENIED
2026,1月,10,周六,21:54:15,B49050D7,SIMBR0337,SIMR0337,SIMU0203:User 203,DENIED
2026,1月,10,周六,21:54:15,F8FD020A,BR017,RES010,SIMU0094:User 94,DENIED
2026,1月,10,周六,21:54:15,5F0BA8E3,SIMBR0081,SIMR0081,SIMU0077:User 77,DENIED
2026,1月,10,周六,21:54:15,397487A8,SIMBR0177,SIMR0177,SIMU0076:User 76,DENIED
2026,1月,10,周六,21:54:15,5DD3F3CE,SIMBR0358,SIMR0358,SIMU0182:User 182,DENIED
2026,1月,10,周六,21:54:15,AE77BF81,SIMBR0153,SIMR0153,SIMU0225:User 225,DENIED
2026,1月,10,周六,21:54:15,2A4E4C17,SIMBR0077,SIMR0077,SIMU0168:User 168,DENIED
2026,1月,10,周六,21:54:15,B3D7FE0C,SIMBR0356,SIMR0356,SIMU0016:User 16,DENIED
2026,1月,10,周六,21:54:15,143D522F,SIMBR0206,SIMR0206,SIMU0009:User 9,DENIED
2026,1月,10,周六,21:54:15,6A126518,SIMBR0214,SIMR0214,SIMU0157:User 157,DENIED
2026,1月,10,周六,21:54:15,489655D2,SIMBR0053,SIMR0053,CON001:Wang Wu,DENIED
2026,1月,10,周六,21:54:15,FC94FEC5,SIMBR0259,SIMR0259,SIMU0006:User 6,DENIED
2026,1月,10,周六,21:54:15,A90144E9,SIMBR0182,SIMR0182,SIMU0096:User 96,DENIED
2026,1月,10,周六,21:54:15,93804668,BR021,RES014,SIMU0269:User 269,DENIED
2026,1月,10,周六,21:54:15,6838748B,SIMBR0376,SIMR0376,SIMU0138:User 138,DENIED
2026,1月,10,周六,21:54:15,DA6C9B4D,SIMBR0051,SIMR0051,SIMU0169:User 169,DENIED
2026,1月,10,周六,21:54:15,611AE3CE,BR017,RES010,SIMU0256:User 256,DENIED
2026,1月,10,周六,21:54:15,E1BF0A5D,SIMBR0024,SIMR0024,SIMU0232:User 232,DENIED
2026,1月,10,周六,21:54:15,58B55845,SIMBR0154,SIMR0154,EMP002:Li Si,DENIED
2026,1月,10,周六,21:54:15,F9F71897,BR002,RES021,SIMU0055:User 55,DENIED
2026,1月,10,周六,21:54:15,36AF6789,SIMBR0283,SIMR0283,SIMU0271:User 271,DENIED
2026,1月,10,周六,21:54:15,A802550C,SIMBR0053,SIMR0053,SIMU0192:User 192,DENIED
2026,1月,10,周六,21:54:15,248E3909,SIMBR0305,SIMR0305,SIMU0011:User 11,DENIED
2026,1月,10,周六,21:54:15,452BD81E,SIMBR0050,SIMR0050,SIMU0027:User 27,DENIED
2026,1月,10,周六,21:54:15,8852F51C,SIMBR0217,SIMR0217,SIMU0121:User 121,DENIED
2026,1月,10,周六,21:54:15,FC75DC29,BR003,RES022,SIMU0018:User 18,DENIED
2026,1月,10,周六,21:54:15,58B49FD6,SIMBR0143,SIMR0143,SIMU0210:User 210,DENIED
2026,1月,10,周六,21:54:15,2D6ECED1,SIMBR0230,SIMR0230,SIMU0234:User 234,DENIED
2026,1月,10,周六,21:54:15,0402E2AB,SIMBR0397,SIMR0397,SIMU0185:User 185,DENIED
2026,1月,10,周六,21:54:15,46F6FFBE,SIMBR0141,SIMR0141,SIMU0136:User 136,DENIED
2026,1月,10,周六,21:54:15,FC9D18E8,SIMBR0281,SIMR0281,SIMU0083:User 83,DENIED
2026,1月,10,周六,21:54:15,B58F0441,SIMBR0385,SIMR0385,SIMU0165:User 165,DENIED
2026,1月,10,周六,21:54:15,DF4F65FA,SIMBR0267,SIMR0267,SIMU0124:User 124,DENIED
2026,1月,10,周六,21:54:15,D832A0D0,SIMBR0325,SIMR0325,SIMU0033:User 33,DENIED
2026,1月,10,周六,21:54:15,C3BDECDB,SIMBR0061,SIMR0061,SIMU0276:User 276,DENIED
2026,1月,10,周六,21:54:15,7CAC8886,SIMBR0110,SIMR0110,SIMU0265:User 265,DENIED
2026,1月,10,周六,21:54:15,02C1BA5C,SIMBR0013,SIMR0013,SIMU0147:User 147,DENIED
2026,1月,10,周六,21:54:15,260E5AC6,BR022,RES015,SIMU0065:User 65,DENIED
2026,1月,10,周六,21:54:15,AE77BF81,SIMBR0227,SIMR0227,SIMU0225:User 225,DENIED
2026,1月,10,周六,21:54:15,C54F8CD4,SIMBR0119,SIMR0119,SIMU0166:User 166,DENIED
2026,1月,10,周六,21:54:15,B492A75C,SIMBR0175,SIMR0175,SIMU0110:User 110,DENIED
2026,1月,10,周六,21:54:15,DF4F65FA,SIMBR0106,SIMR0106,SIMU0124:User 124,DENIED
2026,1月,10,周六,21:54:15,37F08443,SIMBR0128,SIMR0128,SIMU0289:User 289,DENIED
2026,1月,10,周六,21:54:15,8D7E04E0,SIMBR0063,SIMR0063,SIMU0042:User 42,DENIED
2026,1月,10,周六,21:54:15,19618E8D,BR019,RES012,SIMU0205:User 205,DENIED
2026,1月,10,周六,21:54:15,4DE0D33A,SIMBR0129,SIMR0129,SIMU0260:User 260,DENIED
2026,1月,10,周六,21:54:15,528AA107,SIMBR0088,SIMR0088,SIMU0140:User 140,DENIED
2026,1月,10,周六,21:54:15,170F12B7,SIMBR0186,SIMR0186,SIMU0150:User 150,DENIED
2026,1月,10,周六,21:54:15,D0ABEAE1,SIMBR0230,SIMR0230,SIMU0196:User 196,DENIED
2026,1月,10,周六,21:54:15,2A2939D5,SIMBR0278,SIMR0278,SIMU0279:User 279,DENIED
2026,1月,10,周六,21:54:15,B45868CC,SIMBR0247,SIMR0247,SIMU0174:User 174,DENIED
2026,1月,10,周六,21:54:15,3518BC78,SIMBR0061,SIMR0061,SIMU0261:User 261,DENIED
2026,1月,10,周六,21:54:15,910591FC,SIMBR0130,SIMR0130,SIMU0090:User 90,DENIED
2026,1月,10,周六,21:54:15,2BAB4E39,SIMBR0046,SIMR0046,SIMU0137:User 137,DENIED
2026,1月,10,周六,21:54:15,4D3BF2D7,SIMBR0159,SIMR0159,SIMU0246:User 246,DENIED
2026,1月,10,周六,21:54:15,3A15230F,SIMBR0258,SIMR0258,SIMU0087:User 87,DENIED
2026,1月,10,周六,21:54:15,02FCAAFD,SIMBR0316,SIMR0316,SIMU0248:User 248,DENIED
2026,1月,10,周六,21:54:15,A672B04C,SIMBR0006,SIMR0006,SIMU0254:User 254,DENIED
2026,1月,10,周六,21:54:15,092CFDC0,BR025,RES018,SIMU0025:User 25,DENIED
2026,1月,10,周六,21:54:15,16A446D4,SIMBR0075,SIMR0075,SIMU0201:User 201,DENIED
2026,1月,10,周六,21:54:15,58B49FD6,SIMBR0164,SIMR0164,SIMU0210:User 210,DENIED
2026,1月,10,周六,21:54:15,1361E23B,SIMBR0313,SIMR0313,SIMU0181:User 181,DENIED
2026,1月,10,周六,21:54:15,B335B7A5,SIMBR0129,SIMR0129,SIMU0202:User 202,DENIED
2026,1月,10,周六,21:54:15,953F9943,SIMBR0021,SIMR0021,SIMU0240:User 240,DENIED
2026,1月,10,周六,21:54:15,36AF6789,SIMBR0217,SIMR0217,SIMU0271:User 271,DENIED
2026,1月,10,周六,21:54:15,D7544F8A,SIMBR0275,SIMR0275,SIMU0100:User 100,DENIED
2026,1月,10,周六,21:54:15,2BC13570,SIMBR0190,SIMR0190,SIMU0078:User 78,DENIED
2026,1月,10,周六,21:54:15,58B55845,SIMBR0304,SIMR0304,EMP002:Li Si,DENIED
2026,1月,10,周六,21:54:15,C9A6A2A0,SIMBR0164,SIMR0164,SIMU0068:User 68,DENIED
2026,1月,10,周六,21:54:15,3EC06854,SIMBR0078,SIMR0078,SIMU0129:User 129,DENIED
2026,1月,10,周六,21:54:15,953F9943,SIMBR0338,SIMR0338,SIMU0240:User 240,DENIED
2026,1月,10,周六,21:54:15,19618E8D,SIMBR0286,SIMR0286,SIMU0205:User 205,DENIED
2026,1月,10,周六,21:54:15,C400399C,BR026,RES019,SIMU0034:User 34,DENIED
2026,1月,10,周六,21:54:15,DDB28C88,SIMBR0336,SIMR0336,SIMU0102:User 102,DENIED
2026,1月,10,周六,21:54:15,58B53FE3,SIMBR0021,SIMR0021,SIMU0199:User 199,DENIED
2026,1月,10,周六,21:54:15,489655D2,SIMBR0135,SIMR0135,CON001:Wang Wu,DENIED
2026,1月,10,周六,21:54:15,0CCD1CE3,SIMBR0112,SIMR0112,SIMU0080:User 80,DENIED
2026,1月,10,周六,21:54:15,37F08443,SIMBR0324,SIMR0324,SIMU0289:User 289,DENIED
2026,1月,10,周六,21:54:15,9C4C6F9D,SIMBR0294,SIMR0294,SIMU0259:User 259,DENIED
2026,1月,10,周六,21:54:15,7E0669A9,SIMBR0294,SIMR0294,SIMU0125:User 125,DENIED
2026,1月,10,周六,21:54:15,87E11CBB,SIMBR0372,SIMR0372,SIMU0008:User 8,DENIED
2026,1月,10,周六,21:54:15,5DD3F3CE,BR022,RES015,SIMU0182:User 182,DENIED
2026,1月,10,周六,21:54:15,EF4C6A5D,SIMBR0166,SIMR0166,SIMU0197:User 197,DENIED
2026,1月,10,周六,21:54:15,F615ED55,SIMBR0285,SIMR0285,SIMU0115:User 115,DENIED
2026,1月,10,周六,21:54:15,DC026729,SIMBR0036,SIMR0036,SIMU0103:User 103,DENIED
2026,1月,10,周六,21:54:15,6712960F,SIMBR0362,SIMR0362,SIMU0015:User 15,DENIED
2026,1月,10,周六,21:54:15,2BAB4E39,SIMBR0311,SIMR0311,SIMU0137:User 137,DENIED
2026,1月,10,周六,21:54:15,3BE1764E,SIMBR0098,SIMR0098,SIMU0244:User 244,DENIED
2026,1月,10,周六,21:54:15,A7EE3F93,SIMBR0299,SIMR0299,SIMU0222:User 222,DENIED
2026,1月,10,周六,21:54:15,838F6048,SIMBR0171,SIMR0171,SIMU0036:User 36,DENIED
2026,1月,10,周六,21:54:15,C89B5481,SIMBR0062,SIMR0062,SIMU0230:User 230,DENIED
2026,1月,10,周六,21:54:15,C89690D8,SIMBR0112,SIMR0112,SIMU0029:User 29,DENIED
2026,1月,10,周六,21:54:15,53DC8CA9,SIMBR0217,SIMR0217,SIMU0007:User 7,DENIED
2026,1月,10,周六,21:54:15,A469BA8E,SIMBR0319,SIMR0319,SIMU0118:User 118,DENIED
2026,1月,10,周六,21:54:15,A78F3370,SIMBR0217,SIMR0217,SIMU0154:User 154,DENIED
2026,1月,10,周六,21:54:15,4DB086F5,SIMBR0096,SIMR0096,SIMU0133:User 133,DENIED
2026,1月,10,周六,21:54:15,BD154D46,SIMBR0363,SIMR0363,SIMU0221:User 221,DENIED
2026,1月,10,周六,21:54:15,CDEE85B1,SIMBR0377,SIMR0377,SIMU0127:User 127,DENIED
2026,1月,10,周六,21:54:15,FC2850E7,SIMBR0070,SIMR0070,SIMU0145:User 145,DENIED
2026,1月,10,周六,21:54:15,CCB40167,SIMBR0240,SIMR0240,SIMU0049:User 49,DENIED
2026,1月,10,周六,21:54:15,A7EE3F93,SIMBR0227,SIMR0227,SIMU0222:User 222,DENIED
2026,1月,10,周六,21:54:15,47F239E7,SIMBR0385,SIMR0385,SIMU0191:User 191,DENIED
2026,1月,10,周六,21:54:15,968BEA98,SIMBR0225,SIMR0225,SIMU0151:User 151,DENIED
2026,1月,10,周六,21:54:15,36AF6789,SIMBR0255,SIMR0255,SIMU0271:User 271,DENIED
2026,1月,10,周六,21:54:15,143D522F,SIMBR0179,SIMR0179,SIMU0009:User 9,DENIED
2026,1月,10,周六,21:54:15,562086DB,SIMBR0284,SIMR0284,SIMU0193:User 193,DENIED
2026,1月,10,周六,21:54:15,F8C3B166,SIMBR0138,SIMR0138,SIMU0300:User 300,DENIED
2026,1月,10,周六,21:54:15,78D74DDD,SIMBR0084,SIMR0084,VIS001:Qian Qi,DENIED
2026,1月,10,周六,21:54:15,A4FE0D9E,SIMBR0034,SIMR0034,SIMU0163:User 163,DENIED
2026,1月,10,周六,21:54:15,D3A70655,SIMBR0020,SIMR0020,SIMU0107:User 107,DENIED
2026,1月,10,周六,21:54:15,897D2598,SIMBR0339,SIMR0339,SIMU0242:User 242,DENIED
2026,1月,10,周六,21:54:15,E5BD3919,SIMBR0017,SIMR0017,SIMU0091:User 91,DENIED
2026,1月,10,周六,21:54:15,6569AAB9,BR004,RES001,SIMU0213:User 213,DENIED
2026,1月,10,周六,21:54:15,F689FE56,SIMBR0209,SIMR0209,SIMU0236:User 236,DENIED
2026,1月,10,周六,21:54:15,E67855ED,SIMBR0039,SIMR0039,SIMU0268:User 268,DENIED
2026,1月,10,周六,21:54:15,953F9943,SIMBR0165,SIMR0165,SIMU0240:User 240,DENIED
2026,1月,10,周六,21:54:15,5FE2AA73,SIMBR0350,SIMR0350,SIMU0063:User 63,DENIED
2026,1月,10,周六,21:54:15,C567574B,SIMBR0341,SIMR0341,SIMU0066:User 66,DENIED
2026,1月,10,周六,21:54:15,E5BD3919,SIMBR0037,SIMR0037,SIMU0091:User 91,DENIED
2026,1月,10,周六,21:54:15,7AA8E7ED,SIMBR0335,SIMR0335,SIMU0184:User 184,DENIED
2026,1月,10,周六,21:54:15,F3F1388E,SIMBR0056,SIMR0056,SIMU0022:User 22,DENIED
2026,1月,10,周六,21:54:15,7F749586,SIMBR0380,SIMR0380,SIMU0004:User 4,DENIED
2026,1月,10,周六,21:54:15,B0280533,SIMBR0170,SIMR0170,SIMU0024:User 24,DENIED
2026,1月,10,周六,21:54:15,5CA6D470,SIMBR0068,SIMR0068,SIMU0146:User 146,DENIED
2026,1月,10,周六,21:54:15,BD154D46,SIMBR0030,SIMR0030,SIMU0221:User 221,DENIED
2026,1月,10,周六,21:54:15,4DB086F5,SIMBR0068,SIMR0068,SIMU0133:User 133,DENIED
2026,1月,10,周六,21:54:15,69018179,SIMBR0161,SIMR0161,SIMU0194:User 194,DENIED
2026,1月,10,周六,21:54:15,D3A70655,SIMBR0195,SIMR0195,SIMU0107:User 107,DENIED
2026,1月,10,周六,21:54:15,D3A70655,SIMBR0192,SIMR0192,SIMU0107:User 107,DENIED
2026,1月,10,周六,21:54:15,634C57D0,SIMBR0215,SIMR0215,SIMU0281:User 281,DENIED
2026,1月,10,周六,21:54:15,42A684F2,SIMBR0092,SIMR0092,SIMU0123:User 123,DENIED
2026,1月,10,周六,21:54:15,2B614E0C,SIMBR0009,SIMR0009,SIMU0164:User 164,DENIED
2026,1月,10,周六,21:54:15,94DA0C78,SIMBR0255,SIMR0255,SIMU0039:User 39,DENIED
2026,1月,10,周六,21:54:15,634C57D0,SIMBR0169,SIMR0169,SIMU0281:User 281,DENIED
2026,1月,10,周六,21:54:15,93804668,SIMBR0197,SIMR0197,SIMU0269:User 269,DENIED
2026,1月,10,周六,21:54:15,CC5BB248,SIMBR0361,SIMR0361,SIMU0126:User 126,DENIED
2026,1月,10,周六,21:54:15,9C30C93C,SIMBR0057,SIMR0057,SIMU0216:User 216,DENIED
2026,1月,10,周六,21:54:15,1361E23B,SIMBR0020,SIMR0020,SIMU0181:User 181,DENIED
2026,1月,10,周六,21:54:15,2B614E0C,SIMBR0153,SIMR0153,SIMU0164:User 164,DENIED
2026,1月,10,周六,21:54:15,8884C7F3,SIMBR0295,SIMR0295,SIMU0220:User 220,DENIED
2026,1月,10,周六,21:54:15,796E035A,SIMBR0368,SIMR0368,SIMU0158:User 158,DENIED
2026,1月,10,周六,21:54:15,85BFD74E,SIMBR0400,SIMR0400,SIMU0149:User 149,DENIED
2026,1月,10,周六,21:54:15,B03C09C9,SIMBR0275,SIMR0275,SIMU0162:User 162,DENIED
2026,1月,10,周六,21:54:15,0C15DF36,SIMBR0145,SIMR0145,SIMU0239:User 239,DENIED
2026,1月,10,周六,21:54:15,19618E8D,SIMBR0395,SIMR0395,SIMU0205:User 205,DENIED
2026,1月,10,周六,21:54:15,5FE2AA73,SIMBR0082,SIMR0082,SIMU0063:User 63,DENIED
2026,1月,10,周六,21:54:15,1973551A,BR011,RES026,SIMU0238:User 238,DENIED
2026,1月,10,周六,21:54:15,1EF3B563,SIMBR0057,SIMR0057,SIMU0010:User 10,DENIED
2026,1月,10,周六,21:54:15,FC2850E7,SIMBR0174,SIMR0174,SIMU0145:User 145,DENIED
2026,1月,10,周六,21:54:15,C9A6A2A0,SIMBR0026,SIMR0026,SIMU0068:User 68,DENIED
2026,1月,10,周六,21:54:15,A5D38222,SIMBR0131,SIMR0131,SIMU0064:User 64,DENIED
2026,1月,10,周六,21:54:15,F689FE56,SIMBR0272,SIMR0272,SIMU0236:User 236,DENIED
2026,1月,10,周六,21:54:15,611AE3CE,BR002,RES021,SIMU0256:User 256,DENIED
2026,1月,10,周六,21:54:15,5F5BFA6E,SIMBR0069,SIMR0069,SIMU0188:User 188,DENIED
2026,1月,10,周六,21:54:15,FC2850E7,SIMBR0332,SIMR0332,SIMU0145:User 145,DENIED
2026,1月,10,周六,21:54:15,29219B5A,SIMBR0123,SIMR0123,SIMU0142:User 142,DENIED
2026,1月,10,周六,21:54:15,27855213,SIMBR0324,SIMR0324,SIMU0245:User 245,DENIED
2026,1月,10,周六,21:54:16,3EC06854,SIMBR0203,SIMR0203,SIMU0129:User 129,DENIED
2026,1月,10,周六,21:54:16,B03C09C9,SIMBR0337,SIMR0337,SIMU0162:User 162,DENIED
2026,1月,10,周六,21:54:16,E45D3CF3,SIMBR0108,SIMR0108,SIMU0293:User 293,DENIED
2026,1月,10,周六,21:54:16,953F9943,SIMBR0211,SIMR0211,SIMU0240:User 240,DENIED
2026,1月,10,周六,21:54:16,C2397E87,BR013,RES006,SIMU0111:User 111,DENIED
2026,1月,10,周六,21:54:16,528AA107,SIMBR0309,SIMR0309,SIMU0140:User 140,DENIED
2026,1月,10,周六,21:54:16,3E02D00E,SIMBR0215,SIMR0215,SIMU0067:User 67,DENIED
2026,1月,10,周六,21:54:16,F8FD020A,BR005,RES023,SIMU0094:User 94,DENIED
2026,1月,10,周六,21:54:16,D7544F8A,BR006,RES002,SIMU0100:User 100,DENIED
2026,1月,10,周六,21:54:16,F0D79A3D,SIMBR0259,SIMR0259,SIMU0161:User 161,DENIED
2026,1月,10,周六,21:54:16,953F9943,SIMBR0171,SIMR0171,SIMU0240:User 240,DENIED
2026,1月,10,周六,21:54:16,3D87DCDC,SIMBR0252,SIMR0252,SIMU0152:User 152,DENIED
2026,1月,10,周六,21:54:16,B492A75C,BR018,RES011,SIMU0110:User 110,DENIED
2026,1月,10,周六,21:54:16,260E5AC6,SIMBR0067,SIMR0067,SIMU0065:User 65,DENIED
2026,1月,10,周六,21:54:16,914F2FD1,SIMBR0134,SIMR0134,SIMU0187:User 187,DENIED
2026,1月,10,周六,21:54:16,8881AC83,SIMBR0310,SIMR0310,SIMU0198:User 198,DENIED
2026,1月,10,周六,21:54:16,7F749586,SIMBR0211,SIMR0211,SIMU0004:User 4,DENIED
2026,1月,10,周六,21:54:16,CBF84902,SIMBR0276,SIMR0276,SIMU0109:User 109,DENIED
2026,1月,10,周六,21:54:16,D53BB718,SIMBR0009,SIMR0009,SIMU0270:User 270,DENIED
2026,1月,10,周六,21:54:16,B3D7FE0C,SIMBR0254,SIMR0254,SIMU0016:User 16,DENIED
2026,1月,10,周六,21:54:16,1A35CB67,SIMBR0362,SIMR0362,SIMU0095:User 95,DENIED
2026,1月,10,周六,21:54:16,3644422D,SIMBR0110,SIMR0110,SIMU0298:User 298,DENIED
2026,1月,10,周六,21:54:16,9E2D38C8,SIMBR0134,SIMR0134,SIMU0097:User 97,DENIED
2026,1月,10,周六,21:54:16,2A4E4C17,SIMBR0237,SIMR0237,SIMU0168:User 168,DENIED
2026,1月,10,周六,21:54:16,B3D7FE0C,SIMBR0275,SIMR0275,SIMU0016:User 16,DENIED
2026,1月,10,周六,21:54:16,FC2850E7,SIMBR0376,SIMR0376,SIMU0145:User 145,DENIED
2026,1月,10,周六,21:54:16,81E48A54,SIMBR0171,SIMR0171,SIMU0275:User 275,DENIED
2026,1月,10,周六,21:54:16,45E5372A,SIMBR0223,SIMR0223,SIMU0002:User 2,DENIED
2026,1月,10,周六,21:54:16,5A448F85,BR010,RES004,SIMU0233:User 233,DENIED
2026,1月,10,周六,21:54:16,838F6048,BR008,RES003,SIMU0036:User 36,DENIED
2026,1月,10,周六,21:54:16,D832A0D0,SIMBR0332,SIMR0332,SIMU0033:User 33,DENIED
2026,1月,10,周六,21:54:16,6406A215,SIMBR0373,SIMR0373,SIMU0214:User 214,DENIED
2026,1月,10,周六,21:54:16,9C4465BC,SIMBR0344,SIMR0344,SIMU0263:User 263,DENIED
2026,1月,10,周六,21:54:16,F6C99026,SIMBR0014,SIMR0014,SIMU0208:User 208,DENIED
2026,1月,10,周六,21:54:16,BA0243B9,SIMBR0028,SIMR0028,PM001:Sun Ba,DENIED
2026,1月,10,周六,21:54:16,39788538,SIMBR0271,SIMR0271,SIMU0032:User 32,DENIED
2026,1月,10,周六,21:54:16,3375DC19,SIMBR0066,SIMR0066,SIMU0061:User 61,DENIED
2026,1月,10,周六,21:54:16,05B63F8B,SIMBR0363,SIMR0363,SIMU0135:User 135,DENIED
2026,1月,10,周六,21:54:16,4DE0D33A,SIMBR0092,SIMR0092,SIMU0260:User 260,DENIED
2026,1月,10,周六,21:54:16,29219B5A,SIMBR0131,SIMR0131,SIMU0142:User 142,DENIED
2026,1月,10,周六,21:54:16,9E2D38C8,SIMBR0338,SIMR0338,SIMU0097:User 97,DENIED
2026,1月,10,周六,21:54:16,4D3BF2D7,SIMBR0131,SIMR0131,SIMU0246:User 246,DENIED
2026,1月,10,周六,21:54:16,FC9D18E8,SIMBR0238,SIMR0238,SIMU0083:User 83,DENIED
2026,1月,10,周六,21:54:16,45BE30A8,SIMBR0258,SIMR0258,8d1a5202-9052-4f93-bf5a-4deffdf65fd3:a q,DENIED
2026,1月,10,周六,21:54:16,C89B5481,SIMBR0192,SIMR0192,SIMU0230:User 230,DENIED
2026,1月,10,周六,21:54:16,FC9D18E8,SIMBR0043,SIMR0043,SIMU0083:User 83,DENIED
2026,1月,10,周六,21:54:16,F2F0E19C,SIMBR0023,SIMR0023,SIMU0290:User 290,DENIED
2026,1月,10,周六,21:54:16,C082C9C4,SIMBR0246,SIMR0246,SIMU0288:User 288,DENIED
2026,1月,10,周六,21:54:16,86CB6A2D,BR023,RES016,SIMU0274:User 274,DENIED
2026,1月,10,周六,21:54:16,C2397E87,SIMBR0160,SIMR0160,SIMU0111:User 111,DENIED
2026,1月,10,周六,21:54:16,62CE2F4E,SIMBR0264,SIMR0264,SIMU0112:User 112,DENIED
2026,1月,10,周六,21:54:16,27855213,SIMBR0063,SIMR0063,SIMU0245:User 245,DENIED
2026,1月,10,周六,21:54:16,71524832,SIMBR0090,SIMR0090,SIMU0128:User 128,DENIED
2026,1月,10,周六,21:54:16,8D7E04E0,SIMBR0386,SIMR0386,SIMU0042:User 42,DENIED
2026,1月,10,周六,21:54:16,FC9D18E8,BR009,RES025,SIMU0083:User 83,DENIED
2026,1月,10,周六,21:54:16,D3314B84,SIMBR0385,SIMR0385,SIMU0050:User 50,DENIED
2026,1月,10,周六,21:54:16,C48BE2F9,SIMBR0069,SIMR0069,SIMU0178:User 178,DENIED
2026,1月,10,周六,21:54:16,58B55845,SIMBR0251,SIMR0251,EMP002:Li Si,DENIED
2026,1月,10,周六,21:54:16,6B46505C,BR016,RES009,SIMU0132:User 132,DENIED
2026,1月,10,周六,21:54:16,0FB573D7,SIMBR0206,SIMR0206,SIMU0106:User 106,DENIED
2026,1月,10,周六,21:54:16,65F0591E,SIMBR0029,SIMR0029,SIMU0035:User 35,DENIED
2026,1月,10,周六,21:54:16,8881AC83,SIMBR0066,SIMR0066,SIMU0198:User 198,DENIED
2026,1月,10,周六,21:54:16,260E5AC6,SIMBR0279,SIMR0279,SIMU0065:User 65,DENIED
2026,1月,10,周六,21:54:16,2B614E0C,SIMBR0088,SIMR0088,SIMU0164:User 164,DENIED
2026,1月,10,周六,21:54:16,7AA8E7ED,SIMBR0380,SIMR0380,SIMU0184:User 184,DENIED
2026,1月,10,周六,21:54:16,59DE7962,SIMBR0294,SIMR0294,SIMU0079:User 79,DENIED
2026,1月,10,周六,21:54:16,47D0D195,BR020,RES013,SIMU0047:User 47,DENIED
2026,1月,10,周六,21:54:16,F8FD020A,SIMBR0234,SIMR0234,SIMU0094:User 94,DENIED
2026,1月,10,周六,21:54:16,5F0BA8E3,SIMBR0039,SIMR0039,SIMU0077:User 77,DENIED
2026,1月,10,周六,21:54:16,3644422D,SIMBR0031,SIMR0031,SIMU0298:User 298,DENIED
2026,1月,10,周六,21:54:16,F6C99026,SIMBR0249,SIMR0249,SIMU0208:User 208,DENIED
2026,1月,10,周六,21:54:16,7A015C31,SIMBR0273,SIMR0273,SIMU0280:User 280,DENIED
2026,1月,10,周六,21:54:16,6569AAB9,SIMBR0377,SIMR0377,SIMU0213:User 213,DENIED
2026,1月,10,周六,21:54:16,5A448F85,SIMBR0387,SIMR0387,SIMU0233:User 233,DENIED
2026,1月,10,周六,21:54:16,162C7D64,SIMBR0293,SIMR0293,SIMU0226:User 226,DENIED
2026,1月,10,周六,21:54:16,FC75DC29,SIMBR0135,SIMR0135,SIMU0018:User 18,DENIED
2026,1月,10,周六,21:54:16,16A446D4,SIMBR0022,SIMR0022,SIMU0201:User 201,DENIED
2026,1月,10,周六,21:54:16,2A2939D5,SIMBR0251,SIMR0251,SIMU0279:User 279,DENIED
2026,1月,10,周六,21:54:16,A7998437,SIMBR0115,SIMR0115,SIMU0105:User 105,DENIED
2026,1月,10,周六,21:54:16,B45868CC,SIMBR0239,SIMR0239,SIMU0174:User 174,DENIED
2026,1月,10,周六,21:54:16,77BD5928,SIMBR0098,SIMR0098,SIMU0207:User 207,DENIED
2026,1月,10,周六,21:54:16,C3BDECDB,SIMBR0033,SIMR0033,SIMU0276:User 276,DENIED
2026,1月,10,周六,21:54:16,CB29BCDB,SIMBR0151,SIMR0151,SIMU0104:User 104,DENIED
2026,1月,10,周六,21:54:16,58B53FE3,SIMBR0325,SIMR0325,SIMU0199:User 199,DENIED
2026,1月,10,周六,21:54:16,F2F0E19C,SIMBR0167,SIMR0167,SIMU0290:User 290,DENIED
2026,1月,10,周六,21:54:16,6B46505C,SIMBR0297,SIMR0297,SIMU0132:User 132,DENIED
2026,1月,10,周六,21:54:16,480950EA,SIMBR0380,SIMR0380,SIMU0299:User 299,DENIED
2026,1月,10,周六,21:54:16,497FB87C,SIMBR0352,SIMR0352,SIMU0272:User 272,DENIED
2026,1月,10,周六,21:54:16,59E7C688,SIMBR0157,SIMR0157,SIMU0072:User 72,DENIED
2026,1月,10,周六,21:54:16,CDEE85B1,SIMBR0286,SIMR0286,SIMU0127:User 127,DENIED
2026,1月,10,周六,21:54:16,45E5372A,SIMBR0070,SIMR0070,SIMU0002:User 2,DENIED
2026,1月,10,周六,21:54:16,355CC3B6,SIMBR0041,SIMR0041,SIMU0167:User 167,DENIED
2026,1月,10,周六,21:54:16,0552E86C,BR008,RES003,SIMU0114:User 114,DENIED
2026,1月,10,周六,21:54:16,94DA0C78,SIMBR0364,SIMR0364,SIMU0039:User 39,DENIED
2026,1月,10,周六,21:54:16,A78F3370,SIMBR0148,SIMR0148,SIMU0154:User 154,DENIED
2026,1月,10,周六,21:54:16,34580E40,SIMBR0010,SIMR0010,SIMU0005:User 5,DENIED
2026,1月,10,周六,21:54:16,162C7D64,SIMBR0171,SIMR0171,SIMU0226:User 226,DENIED
2026,1月,10,周六,21:54:16,3C19D88A,SIMBR0106,SIMR0106,SIMU0249:User 249,DENIED
2026,1月,10,周六,21:54:16,CF905F5D,SIMBR0170,SIMR0170,SIMU0019:User 19,DENIED
2026,1月,10,周六,21:54:16,19618E8D,SIMBR0169,SIMR0169,SIMU0205:User 205,DENIED
2026,1月,10,周六,21:54:16,19C83547,SIMBR0382,SIMR0382,SIMU0266:User 266,DENIED
2026,1月,10,周六,21:54:16,F8C3B166,SIMBR0169,SIMR0169,SIMU0300:User 300,DENIED
2026,1月,10,周六,21:54:16,C89B5481,SIMBR0138,SIMR0138,SIMU0230:User 230,DENIED
2026,1月,10,周六,21:54:16,42A684F2,SIMBR0172,SIMR0172,SIMU0123:User 123,DENIED
2026,1月,10,周六,21:54:16,497FB87C,SIMBR0173,SIMR0173,SIMU0272:User 272,DENIED
2026,1月,10,周六,21:54:16,A5D38222,SIMBR0111,SIMR0111,SIMU0064:User 64,DENIED
2026,1月,10,周六,21:54:16,984A4AA4,SIMBR0158,SIMR0158,SIMU0251:User 251,DENIED
2026,1月,10,周六,21:54:16,F0BBABB2,SIMBR0114,SIMR0114,SIMU0037:User 37,DENIED
2026,1月,10,周六,21:54:16,8881AC83,SIMBR0082,SIMR0082,SIMU0198:User 198,DENIED
2026,1月,10,周六,21:54:16,B335B7A5,SIMBR0020,SIMR0020,SIMU0202:User 202,DENIED
2026,1月,10,周六,21:54:16,9E2D38C8,SIMBR0063,SIMR0063,SIMU0097:User 97,DENIED
2026,1月,10,周六,21:54:16,3375DC19,SIMBR0092,SIMR0092,SIMU0061:User 61,DENIED
2026,1月,10,周六,21:54:16,CF2F05DC,SIMBR0058,SIMR0058,SIMU0217:User 217,DENIED
2026,1月,10,周六,21:54:16,5A448F85,SIMBR0218,SIMR0218,SIMU0233:User 233,DENIED
2026,1月,10,周六,21:54:16,27855213,SIMBR0390,SIMR0390,SIMU0245:User 245,DENIED
2026,1月,10,周六,21:54:16,B45868CC,SIMBR0094,SIMR0094,SIMU0174:User 174,DENIED
2026,1月,10,周六,21:54:16,452BD81E,SIMBR0369,SIMR0369,SIMU0027:User 27,DENIED
2026,1月,10,周六,21:54:16,08EF410D,SIMBR0052,SIMR0052,SIMU0243:User 243,DENIED
2026,1月,10,周六,21:54:16,DC026729,BR021,RES014,SIMU0103:User 103,DENIED
2026,1月,10,周六,21:54:16,BD154D46,SIMBR0373,SIMR0373,SIMU0221:User 221,DENIED
2026,1月,10,周六,21:54:16,E33573A1,SIMBR0150,SIMR0150,SIMU0089:User 89,DENIED
2026,1月,10,周六,21:54:16,EBA75218,SIMBR0358,SIMR0358,SIMU0028:User 28,DENIED
2026,1月,10,周六,21:54:16,54125B8C,SIMBR0089,SIMR0089,SIMU0231:User 231,DENIED
2026,1月,10,周六,21:54:16,355CC3B6,SIMBR0344,SIMR0344,SIMU0167:User 167,DENIED
2026,1月,10,周六,21:54:16,5849BD23,SIMBR0205,SIMR0205,SIMU0186:User 186,DENIED
2026,1月,10,周六,21:54:16,E8480FE4,SIMBR0011,SIMR0011,SIMU0209:User 209,DENIED
2026,1月,10,周六,21:54:16,E75864D3,SIMBR0063,SIMR0063,SIMU0215:User 215,DENIED
2026,1月,10,周六,21:54:16,43B39702,SIMBR0289,SIMR0289,SIMU0060:User 60,DENIED
2026,1月,10,周六,21:54:16,D3A70655,SIMBR0055,SIMR0055,SIMU0107:User 107,DENIED
2026,1月,10,周六,21:54:16,CF905F5D,SIMBR0389,SIMR0389,SIMU0019:User 19,DENIED
2026,1月,10,周六,21:54:16,D53BB718,SIMBR0064,SIMR0064,SIMU0270:User 270,DENIED
2026,1月,10,周六,21:54:16,3D87DCDC,BR024,RES017,SIMU0152:User 152,DENIED
2026,1月,10,周六,21:54:16,81E964E1,SIMBR0170,SIMR0170,SIMU0014:User 14,DENIED
2026,1月,10,周六,21:54:16,2015CDCD,SIMBR0379,SIMR0379,SIMU0134:User 134,DENIED
2026,1月,10,周六,21:54:16,8852F51C,SIMBR0295,SIMR0295,SIMU0121:User 121,DENIED
2026,1月,10,周六,21:54:16,B492A75C,SIMBR0224,SIMR0224,SIMU0110:User 110,DENIED
2026,1月,10,周六,21:54:16,E00A3B0F,SIMBR0335,SIMR0335,SIMU0013:User 13,DENIED
2026,1月,10,周六,21:54:16,65191148,SIMBR0003,SIMR0003,SIMU0101:User 101,DENIED
2026,1月,10,周六,21:54:16,6838748B,SIMBR0084,SIMR0084,SIMU0138:User 138,DENIED
2026,1月,10,周六,21:54:16,EB7D191F,SIMBR0346,SIMR0346,SIMU0153:User 153,DENIED
2026,1月,10,周六,21:54:16,ECBB92E5,SIMBR0303,SIMR0303,SIMU0292:User 292,DENIED
2026,1月,10,周六,21:54:16,C3BDECDB,BR001,RES020,SIMU0276:User 276,DENIED
2026,1月,10,周六,21:54:16,1361E23B,SIMBR0321,SIMR0321,SIMU0181:User 181,DENIED
2026,1月,10,周六,21:54:16,3C19D88A,SIMBR0117,SIMR0117,SIMU0249:User 249,DENIED
2026,1月,10,周六,21:54:16,44BB34C0,SIMBR0002,SIMR0002,SIMU0262:User 262,DENIED
2026,1月,10,周六,21:54:16,9E2D38C8,SIMBR0143,SIMR0143,SIMU0097:User 97,DENIED
2026,1月,10,周六,21:54:16,D3C0B6C6,SIMBR0325,SIMR0325,SIMU0001:User 1,DENIED
2026,1月,10,周六,21:54:16,FC94FEC5,SIMBR0206,SIMR0206,SIMU0006:User 6,DENIED
2026,1月,10,周六,21:54:16,A4FE0D9E,SIMBR0258,SIMR0258,SIMU0163:User 163,DENIED
2026,1月,10,周六,21:54:16,8881AC83,SIMBR0038,SIMR0038,SIMU0198:User 198,DENIED
2026,1月,10,周六,21:54:16,0FA31338,BR001,RES020,SIMU0043:User 43,DENIED
2026,1月,10,周六,21:54:16,355CC3B6,BR012,RES005,SIMU0167:User 167,DENIED
2026,1月,10,周六,21:54:16,4D29E6C6,SIMBR0278,SIMR0278,SIMU0021:User 21,DENIED
2026,1月,10,周六,21:54:16,914F2FD1,SIMBR0191,SIMR0191,SIMU0187:User 187,DENIED
2026,1月,10,周六,21:54:16,9C4C6F9D,SIMBR0123,SIMR0123,SIMU0259:User 259,DENIED
2026,1月,10,周六,21:54:16,B58F0441,SIMBR0052,SIMR0052,SIMU0165:User 165,DENIED
2026,1月,10,周六,21:54:16,08B71C09,SIMBR0346,SIMR0346,SIMU0253:User 253,DENIED
2026,1月,10,周六,21:54:16,A4FE0D9E,SIMBR0257,SIMR0257,SIMU0163:User 163,DENIED
2026,1月,10,周六,21:54:16,B49050D7,SIMBR0342,SIMR0342,SIMU0203:User 203,DENIED
2026,1月,10,周六,21:54:16,646A37B3,SIMBR0192,SIMR0192,SIMU0200:User 200,DENIED
2026,1月,10,周六,21:54:16,C1EBD39E,SIMBR0188,SIMR0188,SIMU0030:User 30,DENIED
2026,1月,10,周六,21:54:16,61587BB5,SIMBR0317,SIMR0317,SIMU0086:User 86,DENIED
2026,1月,10,周六,21:54:16,A672B04C,SIMBR0015,SIMR0015,SIMU0254:User 254,DENIED
2026,1月,10,周六,21:54:16,36AF6789,SIMBR0111,SIMR0111,SIMU0271:User 271,DENIED
2026,1月,10,周六,21:54:16,B8E3693D,SIMBR0315,SIMR0315,SIMU0283:User 283,DENIED
2026,1月,10,周六,21:54:16,C5B21C58,SIMBR0208,SIMR0208,SIMU0054:User 54,DENIED
2026,1月,10,周六,21:54:16,E263443E,BR016,RES009,SIMU0190:User 190,DENIED
2026,1月,10,周六,21:54:16,865DCCF8,SIMBR0363,SIMR0363,SIMU0062:User 62,DENIED
2026,1月,10,周六,21:54:16,3BE1764E,SIMBR0365,SIMR0365,SIMU0244:User 244,DENIED
2026,1月,10,周六,21:54:16,D3C0B6C6,SIMBR0247,SIMR0247,SIMU0001:User 1,DENIED
2026,1月,10,周六,21:54:16,4DE0D33A,SIMBR0216,SIMR0216,SIMU0260:User 260,DENIED
2026,1月,10,周六,21:54:16,1D712ABD,SIMBR0116,SIMR0116,SIMU0277:User 277,DENIED
2026,1月,10,周六,21:54:16,646A37B3,SIMBR0341,SIMR0341,SIMU0200:User 200,DENIED
2026,1月,10,周六,21:54:16,9C4C6F9D,SIMBR0137,SIMR0137,SIMU0259:User 259,DENIED
2026,1月,10,周六,21:54:16,81E48A54,SIMBR0341,SIMR0341,SIMU0275:User 275,DENIED
2026,1月,10,周六,21:54:16,F6C99026,SIMBR0357,SIMR0357,SIMU0208:User 208,DENIED
2026,1月,10,周六,21:54:16,BF88A1CE,BR008,RES003,SIMU0160:User 160,DENIED
2026,1月,10,周六,21:54:16,2015CDCD,SIMBR0246,SIMR0246,SIMU0134:User 134,DENIED
2026,1月,10,周六,21:54:16,F188FF46,SIMBR0093,SIMR0093,SIMU0074:User 74,DENIED
2026,1月,10,周六,21:54:16,31EC8E2A,SIMBR0282,SIMR0282,SIMU0284:User 284,DENIED
2026,1月,10,周六,21:54:16,CBF84902,SIMBR0292,SIMR0292,SIMU0109:User 109,DENIED
2026,1月,10,周六,21:54:16,7F749586,SIMBR0193,SIMR0193,SIMU0004:User 4,DENIED
2026,1月,10,周六,21:54:16,FC94FEC5,BR008,RES003,SIMU0006:User 6,DENIED
2026,1月,10,周六,21:54:16,397487A8,SIMBR0374,SIMR0374,SIMU0076:User 76,DENIED
2026,1月,10,周六,21:54:16,94DA0C78,SIMBR0027,SIMR0027,SIMU0039:User 39,DENIED
2026,1月,10,周六,21:54:16,9C4C6F9D,SIMBR0075,SIMR0075,SIMU0259:User 259,DENIED
2026,1月,10,周六,21:54:16,81E964E1,SIMBR0007,SIMR0007,SIMU0014:User 14,DENIED
2026,1月,10,周六,21:54:16,D3E5BD00,SIMBR0299,SIMR0299,SIMU0069:User 69,DENIED
2026,1月,10,周六,21:54:16,480950EA,SIMBR0333,SIMR0333,SIMU0299:User 299,DENIED
2026,1月,10,周六,21:54:16,04EDBC1A,SIMBR0284,SIMR0284,SIMU0071:User 71,DENIED
2026,1月,10,周六,21:54:16,C190DDA3,SIMBR0139,SIMR0139,SIMU0155:User 155,DENIED
2026,1月,10,周六,21:54:16,0EC771E6,SIMBR0108,SIMR0108,SIMU0252:User 252,DENIED
2026,1月,10,周六,21:54:16,19C83547,SIMBR0315,SIMR0315,SIMU0266:User 266,DENIED
2026,1月,10,周六,21:54:16,C1EBD39E,SIMBR0232,SIMR0232,SIMU0030:User 30,DENIED
2026,1月,10,周六,21:54:16,914F2FD1,SIMBR0195,SIMR0195,SIMU0187:User 187,DENIED
2026,1月,10,周六,21:54:16,6406A215,SIMBR0375,SIMR0375,SIMU0214:User 214,DENIED
2026,1月,10,周六,21:54:16,796E035A,SIMBR0105,SIMR0105,SIMU0158:User 158,DENIED
2026,1月,10,周六,21:54:16,497FB87C,SIMBR0359,SIMR0359,SIMU0272:User 272,DENIED
2026,1月,10,周六,21:54:16,F601DCED,SIMBR0266,SIMR0266,SIMU0285:User 285,DENIED
2026,1月,10,周六,21:54:16,3518BC78,SIMBR0228,SIMR0228,SIMU0261:User 261,DENIED
2026,1月,10,周六,21:54:17,DC026729,SIMBR0266,SIMR0266,SIMU0103:User 103,DENIED
2026,1月,10,周六,21:54:17,EA5A3237,BR009,RES025,SIMU0075:User 75,DENIED
2026,1月,10,周六,21:54:17,FBEC0C91,SIMBR0038,SIMR0038,SIMU0017:User 17,DENIED
2026,1月,10,周六,21:54:17,94DA0C78,SIMBR0320,SIMR0320,SIMU0039:User 39,DENIED
2026,1月,10,周六,21:54:17,968BEA98,SIMBR0058,SIMR0058,SIMU0151:User 151,DENIED
2026,1月,10,周六,21:54:17,5F0BA8E3,SIMBR0314,SIMR0314,SIMU0077:User 77,DENIED
2026,1月,10,周六,21:54:17,66DF575A,SIMBR0107,SIMR0107,SIMU0070:User 70,DENIED
2026,1月,10,周六,21:54:17,E8771983,SIMBR0143,SIMR0143,SIMU0131:User 131,DENIED
2026,1月,10,周六,21:54:17,05B63F8B,SIMBR0210,SIMR0210,SIMU0135:User 135,DENIED
2026,1月,10,周六,21:54:17,1A35CB67,SIMBR0274,SIMR0274,SIMU0095:User 95,DENIED
2026,1月,10,周六,21:54:17,ECBB92E5,SIMBR0088,SIMR0088,SIMU0292:User 292,DENIED
2026,1月,10,周六,21:54:17,3EC06854,SIMBR0195,SIMR0195,SIMU0129:User 129,DENIED
2026,1月,10,周六,21:54:17,562086DB,SIMBR0071,SIMR0071,SIMU0193:User 193,DENIED
2026,1月,10,周六,21:54:17,67E70F45,SIMBR0246,SIMR0246,SIMU0026:User 26,DENIED
2026,1月,10,周六,21:54:17,4356E5AB,SIMBR0325,SIMR0325,SIMU0172:User 172,DENIED
2026,1月,10,周六,21:54:17,08A23835,SIMBR0292,SIMR0292,SIMU0258:User 258,DENIED
2026,1月,10,周六,21:54:17,BF88A1CE,SIMBR0036,SIMR0036,SIMU0160:User 160,DENIED
2026,1月,10,周六,21:54:17,BBE8D6B5,SIMBR0320,SIMR0320,SIMU0195:User 195,DENIED
2026,1月,10,周六,21:54:17,4DB086F5,SIMBR0166,SIMR0166,SIMU0133:User 133,DENIED
2026,1月,10,周六,21:54:17,6569AAB9,SIMBR0157,SIMR0157,SIMU0213:User 213,DENIED
2026,1月,10,周六,21:54:17,C48BC6D5,SIMBR0164,SIMR0164,SIMU0173:User 173,DENIED
2026,1月,10,周六,21:54:17,19618E8D,BR004,RES001,SIMU0205:User 205,DENIED
2026,1月,10,周六,21:54:17,D4614DD2,SIMBR0294,SIMR0294,SIMU0264:User 264,DENIED
2026,1月,10,周六,21:54:17,95379CDB,SIMBR0219,SIMR0219,f46ee39b-ac9d-4193-a478-f8cfc35cec07:gagaga a,DENIED
2026,1月,10,周六,21:54:17,3C19D88A,SIMBR0324,SIMR0324,SIMU0249:User 249,DENIED
2026,1月,10,周六,21:54:17,E263443E,SIMBR0373,SIMR0373,SIMU0190:User 190,DENIED
2026,1月,10,周六,21:54:17,9C4465BC,BR007,RES024,SIMU0263:User 263,DENIED
2026,1月,10,周六,21:54:17,D4614DD2,SIMBR0266,SIMR0266,SIMU0264:User 264,DENIED
2026,1月,10,周六,21:54:17,B3C34A2A,SIMBR0041,SIMR0041,SIMU0044:User 44,DENIED
2026,1月,10,周六,21:54:17,6569AAB9,SIMBR0254,SIMR0254,SIMU0213:User 213,DENIED
2026,1月,10,周六,21:54:17,C89690D8,SIMBR0324,SIMR0324,SIMU0029:User 29,DENIED
2026,1月,10,周六,21:54:17,CC5BB248,SIMBR0306,SIMR0306,SIMU0126:User 126,DENIED
2026,1月,10,周六,21:54:17,36AF6789,SIMBR0196,SIMR0196,SIMU0271:User 271,DENIED
2026,1月,10,周六,21:54:17,984A4AA4,SIMBR0008,SIMR0008,SIMU0251:User 251,DENIED
2026,1月,10,周六,21:54:17,BF88A1CE,SIMBR0314,SIMR0314,SIMU0160:User 160,DENIED
2026,1月,10,周六,21:54:17,D3C0B6C6,SIMBR0057,SIMR0057,SIMU0001:User 1,DENIED
2026,1月,10,周六,21:54:17,D7544F8A,SIMBR0017,SIMR0017,SIMU0100:User 100,DENIED
2026,1月,10,周六,21:54:17,8C2113AD,SIMBR0214,SIMR0214,SIMU0228:User 228,DENIED
2026,1月,10,周六,21:54:17,81E964E1,SIMBR0384,SIMR0384,SIMU0014:User 14,DENIED
2026,1月,10,周六,21:54:17,F188FF46,SIMBR0053,SIMR0053,SIMU0074:User 74,DENIED
2026,1月,10,周六,21:54:17,C400399C,SIMBR0240,SIMR0240,SIMU0034:User 34,DENIED
2026,1月,10,周六,21:54:17,5A448F85,SIMBR0034,SIMR0034,SIMU0233:User 233,DENIED
2026,1月,10,周六,21:54:17,796E035A,SIMBR0077,SIMR0077,SIMU0158:User 158,DENIED
2026,1月,10,周六,21:54:17,3BE1764E,SIMBR0230,SIMR0230,SIMU0244:User 244,DENIED
2026,1月,10,周六,21:54:17,3D87DCDC,SIMBR0359,SIMR0359,SIMU0152:User 152,DENIED
2026,1月,10,周六,21:54:17,C082C9C4,SIMBR0124,SIMR0124,SIMU0288:User 288,DENIED
2026,1月,10,周六,21:54:17,2D7F99C4,SIMBR0253,SIMR0253,SIMU0085:User 85,DENIED
2026,1月,10,周六,21:54:17,82C05612,SIMBR0061,SIMR0061,SIMU0183:User 183,DENIED
2026,1月,10,周六,21:54:17,DA6C9B4D,SIMBR0114,SIMR0114,SIMU0169:User 169,DENIED
2026,1月,10,周六,21:54:17,528AA107,SIMBR0082,SIMR0082,SIMU0140:User 140,DENIED
2026,1月,10,周六,21:54:17,8881AC83,SIMBR0325,SIMR0325,SIMU0198:User 198,DENIED
2026,1月,10,周六,21:54:17,86CB6A2D,SIMBR0102,SIMR0102,SIMU0274:User 274,DENIED
2026,1月,10,周六,21:54:17,865DCCF8,SIMBR0277,SIMR0277,SIMU0062:User 62,DENIED
2026,1月,10,周六,21:54:17,46F6FFBE,SIMBR0045,SIMR0045,SIMU0136:User 136,DENIED
2026,1月,10,周六,21:54:17,DA6C9B4D,SIMBR0304,SIMR0304,SIMU0169:User 169,DENIED
2026,1月,10,周六,21:54:17,248E3909,SIMBR0025,SIMR0025,SIMU0011:User 11,DENIED
2026,1月,10,周六,21:54:17,D0ABEAE1,SIMBR0022,SIMR0022,SIMU0196:User 196,DENIED
2026,1月,10,周六,21:54:17,C567574B,SIMBR0392,SIMR0392,SIMU0066:User 66,DENIED
2026,1月,10,周六,21:54:17,C5B21C58,SIMBR0028,SIMR0028,SIMU0054:User 54,DENIED
2026,1月,10,周六,21:54:17,A672B04C,SIMBR0139,SIMR0139,SIMU0254:User 254,DENIED
2026,1月,10,周六,21:54:17,C6A1DEEB,SIMBR0274,SIMR0274,SIMU0175:User 175,DENIED
2026,1月,10,周六,21:54:17,C400399C,SIMBR0200,SIMR0200,SIMU0034:User 34,DENIED
2026,1月,10,周六,21:54:17,170F12B7,SIMBR0140,SIMR0140,SIMU0150:User 150,DENIED
2026,1月,10,周六,21:54:17,1361E23B,SIMBR0306,SIMR0306,SIMU0181:User 181,DENIED
2026,1月,10,周六,21:54:17,1EF3B563,SIMBR0222,SIMR0222,SIMU0010:User 10,DENIED
2026,1月,10,周六,21:54:17,2392E33D,SIMBR0002,SIMR0002,SIMU0023:User 23,DENIED
2026,1月,10,周六,21:54:17,C5797377,SIMBR0132,SIMR0132,SIMU0237:User 237,DENIED
2026,1月,10,周六,21:54:17,2D6ECED1,SIMBR0328,SIMR0328,SIMU0234:User 234,DENIED
2026,1月,10,周六,21:54:17,2CDA5352,SIMBR0049,SIMR0049,SIMU0119:User 119,DENIED
2026,1月,10,周六,21:54:17,65F0591E,SIMBR0202,SIMR0202,SIMU0035:User 35,DENIED
2026,1月,10,周六,21:54:17,54125B8C,SIMBR0032,SIMR0032,SIMU0231:User 231,DENIED
2026,1月,10,周六,21:54:17,02C1BA5C,SIMBR0241,SIMR0241,SIMU0147:User 147,DENIED
2026,1月,10,周六,21:54:17,438E9BF0,SIMBR0379,SIMR0379,SIMU0057:User 57,DENIED
2026,1月,10,周六,21:54:17,5FE2AA73,SIMBR0214,SIMR0214,SIMU0063:User 63,DENIED
2026,1月,10,周六,21:54:17,489655D2,SIMBR0384,SIMR0384,CON001:Wang Wu,DENIED
2026,1月,10,周六,21:54:17,FC2850E7,SIMBR0285,SIMR0285,SIMU0145:User 145,DENIED
2026,1月,10,周六,21:54:17,EB7D191F,SIMBR0374,SIMR0374,SIMU0153:User 153,DENIED
2026,1月,10,周六,21:54:17,A469BA8E,SIMBR0305,SIMR0305,SIMU0118:User 118,DENIED
2026,1月,10,周六,21:54:17,BA0243B9,SIMBR0121,SIMR0121,PM001:Sun Ba,DENIED
2026,1月,10,周六,21:54:17,9C4465BC,SIMBR0286,SIMR0286,SIMU0263:User 263,DENIED
2026,1月,10,周六,21:54:17,A7998437,SIMBR0208,SIMR0208,SIMU0105:User 105,DENIED
2026,1月,10,周六,21:54:17,F188FF46,SIMBR0357,SIMR0357,SIMU0074:User 74,DENIED
2026,1月,10,周六,21:54:17,9F85BAB6,SIMBR0110,SIMR0110,SIMU0031:User 31,DENIED
2026,1月,10,周六,21:54:17,F689FE56,SIMBR0335,SIMR0335,SIMU0236:User 236,DENIED
2026,1月,10,周六,21:54:17,8881AC83,SIMBR0025,SIMR0025,SIMU0198:User 198,DENIED
2026,1月,10,周六,21:54:17,3EC06854,SIMBR0181,SIMR0181,SIMU0129:User 129,DENIED
2026,1月,10,周六,21:54:17,94DA0C78,SIMBR0272,SIMR0272,SIMU0039:User 39,DENIED
2026,1月,10,周六,21:54:17,611AE3CE,SIMBR0058,SIMR0058,SIMU0256:User 256,DENIED
2026,1月,10,周六,21:54:17,6A126518,SIMBR0394,SIMR0394,SIMU0157:User 157,DENIED
2026,1月,10,周六,21:54:17,EF4C6A5D,SIMBR0372,SIMR0372,SIMU0197:User 197,DENIED
2026,1月,10,周六,21:54:17,16A446D4,BR011,RES026,SIMU0201:User 201,DENIED
2026,1月,10,周六,21:54:17,47D0D195,SIMBR0224,SIMR0224,SIMU0047:User 47,DENIED
2026,1月,10,周六,21:54:17,0CCD1CE3,SIMBR0394,SIMR0394,SIMU0080:User 80,DENIED
2026,1月,10,周六,21:54:17,47D0D195,SIMBR0335,SIMR0335,SIMU0047:User 47,DENIED
2026,1月,10,周六,21:54:17,E8480FE4,SIMBR0017,SIMR0017,SIMU0209:User 209,DENIED
2026,1月,10,周六,21:54:17,838F6048,SIMBR0170,SIMR0170,SIMU0036:User 36,DENIED
2026,1月,10,周六,21:54:17,C465593F,SIMBR0169,SIMR0169,SIMU0093:User 93,DENIED
2026,1月,10,周六,21:54:17,D3C0B6C6,SIMBR0274,SIMR0274,SIMU0001:User 1,DENIED
2026,1月,10,周六,21:54:17,65B476AB,SIMBR0091,SIMR0091,SIMU0099:User 99,DENIED
2026,1月,10,周六,21:54:17,1973551A,SIMBR0024,SIMR0024,SIMU0238:User 238,DENIED
2026,1月,10,周六,21:54:17,DEBE98DF,SIMBR0375,SIMR0375,SIMU0189:User 189,DENIED
2026,1月,10,周六,21:54:17,1D712ABD,SIMBR0183,SIMR0183,SIMU0277:User 277,DENIED
2026,1月,10,周六,21:54:17,91F99B45,SIMBR0096,SIMR0096,SIMU0082:User 82,DENIED
2026,1月,10,周六,21:54:17,B3D7FE0C,SIMBR0312,SIMR0312,SIMU0016:User 16,DENIED
2026,1月,10,周六,21:54:17,E1BF0A5D,SIMBR0215,SIMR0215,SIMU0232:User 232,DENIED
2026,1月,10,周六,21:54:17,91F99B45,SIMBR0050,SIMR0050,SIMU0082:User 82,DENIED
2026,1月,10,周六,21:54:17,D3E5BD00,SIMBR0236,SIMR0236,SIMU0069:User 69,DENIED
2026,1月,10,周六,21:54:17,65F0591E,SIMBR0265,SIMR0265,SIMU0035:User 35,DENIED
2026,1月,10,周六,21:54:17,BBE8D6B5,BR019,RES012,SIMU0195:User 195,DENIED
2026,1月,10,周六,21:54:17,B3D7FE0C,SIMBR0169,SIMR0169,SIMU0016:User 16,DENIED
2026,1月,10,周六,21:54:17,A4FE0D9E,SIMBR0245,SIMR0245,SIMU0163:User 163,DENIED
2026,1月,10,周六,21:54:17,1361E23B,SIMBR0274,SIMR0274,SIMU0181:User 181,DENIED
2026,1月,10,周六,21:54:17,3375DC19,SIMBR0315,SIMR0315,SIMU0061:User 61,DENIED
2026,1月,10,周六,21:54:17,DF85A0CF,SIMBR0400,SIMR0400,SIMU0003:User 3,DENIED
2026,1月,10,周六,21:54:17,7E0669A9,SIMBR0236,SIMR0236,SIMU0125:User 125,DENIED
2026,1月,10,周六,21:54:17,D832A0D0,SIMBR0337,SIMR0337,SIMU0033:User 33,DENIED
2026,1月,10,周六,21:54:17,69018179,SIMBR0073,SIMR0073,SIMU0194:User 194,DENIED
2026,1月,10,周六,21:54:17,2392E33D,SIMBR0238,SIMR0238,SIMU0023:User 23,DENIED
2026,1月,10,周六,21:54:17,93804668,SIMBR0251,SIMR0251,SIMU0269:User 269,DENIED
2026,1月,10,周六,21:54:17,53DC8CA9,SIMBR0032,SIMR0032,SIMU0007:User 7,DENIED
2026,1月,10,周六,21:54:17,5DD3F3CE,SIMBR0099,SIMR0099,SIMU0182:User 182,DENIED
2026,1月,10,周六,21:54:17,C48BC6D5,SIMBR0329,SIMR0329,SIMU0173:User 173,DENIED
2026,1月,10,周六,21:54:17,910591FC,SIMBR0129,SIMR0129,SIMU0090:User 90,DENIED
2026,1月,10,周六,21:54:17,FC2850E7,SIMBR0097,SIMR0097,SIMU0145:User 145,DENIED
2026,1月,10,周六,21:54:17,F6C99026,SIMBR0049,SIMR0049,SIMU0208:User 208,DENIED
2026,1月,10,周六,21:54:17,865DCCF8,SIMBR0168,SIMR0168,SIMU0062:User 62,DENIED
2026,1月,10,周六,21:54:17,79264E0F,SIMBR0305,SIMR0305,SIMU0177:User 177,DENIED
2026,1月,10,周六,21:54:17,FF6E7B7D,SIMBR0257,SIMR0257,SIMU0229:User 229,DENIED
2026,1月,10,周六,21:54:17,45BE30A8,SIMBR0163,SIMR0163,8d1a5202-9052-4f93-bf5a-4deffdf65fd3:a q,DENIED
2026,1月,10,周六,21:54:17,04EDBC1A,SIMBR0286,SIMR0286,SIMU0071:User 71,DENIED
2026,1月,10,周六,21:54:17,D3314B84,SIMBR0064,SIMR0064,SIMU0050:User 50,DENIED
2026,1月,10,周六,21:54:17,5C18984E,SIMBR0313,SIMR0313,SIMU0255:User 255,DENIED
2026,1月,10,周六,21:54:17,761D0F5D,BR010,RES004,SIMU0257:User 257,DENIED
2026,1月,10,周六,21:54:17,C584F9D3,SIMBR0089,SIMR0089,EMP001:Zhang San,DENIED
2026,1月,10,周六,21:54:17,00BB87D3,SIMBR0004,SIMR0004,SIMU0059:User 59,DENIED
2026,1月,10,周六,21:54:17,B58F0441,SIMBR0029,SIMR0029,SIMU0165:User 165,DENIED
2026,1月,10,周六,21:54:17,FC2850E7,BR025,RES018,SIMU0145:User 145,DENIED
2026,1月,10,周六,21:54:17,90A35555,BR014,RES007,SIMU0294:User 294,DENIED
2026,1月,10,周六,21:54:17,B3D7FE0C,SIMBR0214,SIMR0214,SIMU0016:User 16,DENIED
2026,1月,10,周六,21:54:17,C48BC6D5,SIMBR0395,SIMR0395,SIMU0173:User 173,DENIED
2026,1月,10,周六,21:54:17,7E0669A9,SIMBR0054,SIMR0054,SIMU0125:User 125,DENIED
2026,1月,10,周六,21:54:17,D1E93663,SIMBR0123,SIMR0123,SIMU0235:User 235,DENIED
2026,1月,10,周六,21:54:17,66DF575A,SIMBR0357,SIMR0357,SIMU0070:User 70,DENIED
2026,1月,10,周六,21:54:17,BD154D46,SIMBR0230,SIMR0230,SIMU0221:User 221,DENIED
2026,1月,10,周六,21:54:17,90A35555,SIMBR0030,SIMR0030,SIMU0294:User 294,DENIED
2026,1月,10,周六,21:54:17,950AAA2C,SIMBR0329,SIMR0329,SIMU0139:User 139,DENIED
2026,1月,10,周六,21:54:17,9F85BAB6,SIMBR0323,SIMR0323,SIMU0031:User 31,DENIED
2026,1月,10,周六,21:54:17,44BB34C0,SIMBR0327,SIMR0327,SIMU0262:User 262,DENIED
2026,1月,10,周六,21:54:17,91F99B45,SIMBR0163,SIMR0163,SIMU0082:User 82,DENIED
2026,1月,10,周六,21:54:17,497FB87C,SIMBR0380,SIMR0380,SIMU0272:User 272,DENIED
2026,1月,10,周六,21:54:17,86CB6A2D,SIMBR0078,SIMR0078,SIMU0274:User 274,DENIED
2026,1月,10,周六,21:54:17,A7998437,SIMBR0259,SIMR0259,SIMU0105:User 105,DENIED
2026,1月,10,周六,21:54:17,87E11CBB,SIMBR0051,SIMR0051,SIMU0008:User 8,DENIED
2026,1月,10,周六,21:54:17,FC75DC29,SIMBR0093,SIMR0093,SIMU0018:User 18,DENIED
2026,1月,10,周六,21:54:17,B45868CC,SIMBR0159,SIMR0159,SIMU0174:User 174,DENIED
2026,1月,10,周六,21:54:17,B3C34A2A,SIMBR0399,SIMR0399,SIMU0044:User 44,DENIED
2026,1月,10,周六,21:54:17,C9A6A2A0,SIMBR0354,SIMR0354,SIMU0068:User 68,DENIED
2026,1月,10,周六,21:54:17,EBA75218,SIMBR0097,SIMR0097,SIMU0028:User 28,DENIED
2026,1月,10,周六,21:54:17,1361E23B,SIMBR0006,SIMR0006,SIMU0181:User 181,DENIED
2026,1月,10,周六,21:54:17,9F85BAB6,SIMBR0312,SIMR0312,SIMU0031:User 31,DENIED
2026,1月,10,周六,21:54:17,3BE1764E,SIMBR0062,SIMR0062,SIMU0244:User 244,DENIED
2026,1月,10,周六,21:54:17,29219B5A,SIMBR0222,SIMR0222,SIMU0142:User 142,DENIED
2026,1月,10,周六,21:54:17,B3C34A2A,SIMBR0049,SIMR0049,SIMU0044:User 44,DENIED
2026,1月,10,周六,21:54:17,D53BB718,SIMBR0154,SIMR0154,SIMU0270:User 270,DENIED
2026,1月,10,周六,21:54:17,65B476AB,SIMBR0059,SIMR0059,SIMU0099:User 99,DENIED
2026,1月,10,周六,21:54:17,9C4C6F9D,SIMBR0174,SIMR0174,SIMU0259:User 259,DENIED
2026,1月,10,周六,21:54:17,58B49FD6,SIMBR0186,SIMR0186,SIMU0210:User 210,DENIED
2026,1月,10,周六,21:54:17,C190DDA3,SIMBR0010,SIMR0010,SIMU0155:User 155,DENIED
2026,1月,10,周六,21:54:17,701A6AE7,SIMBR0142,SIMR0142,SIMU0098:User 98,DENIED
2026,1月,10,周六,21:54:17,EBA75218,SIMBR0110,SIMR0110,SIMU0028:User 28,DENIED
2026,1月,10,周六,21:54:17,796E035A,SIMBR0084,SIMR0084,SIMU0158:User 158,DENIED
2026,1月,10,周六,21:54:17,3F08AFBE,SIMBR0131,SIMR0131,SIMU0170:User 170,DENIED
2026,1月,10,周六,21:54:17,07768ACF,SIMBR0198,SIMR0198,SIMU0176:User 176,DENIED
2026,1月,10,周六,21:54:17,C4504250,SIMBR0296,SIMR0296,SIMU0052:User 52,DENIED
2026,1月,10,周六,21:54:17,47D0D195,SIMBR0273,SIMR0273,SIMU0047:User 47,DENIED
2026,1月,10,周六,21:54:17,170F12B7,SIMBR0076,SIMR0076,SIMU0150:User 150,DENIED
2026,1月,10,周六,21:54:17,04EDBC1A,SIMBR0246,SIMR0246,SIMU0071:User 71,DENIED
2026,1月,10,周六,21:54:17,FBEC0C91,SIMBR0343,SIMR0343,SIMU0017:User 17,DENIED
2026,1月,10,周六,21:54:17,FC2850E7,SIMBR0137,SIMR0137,SIMU0145:User 145,DENIED
2026,1月,10,周六,21:54:17,E33573A1,SIMBR0027,SIMR0027,SIMU0089:User 89,DENIED
2026,1月,10,周六,21:54:17,3E02D00E,SIMBR0075,SIMR0075,SIMU0067:User 67,DENIED
2026,1月,10,周六,21:54:17,C5797377,BR004,RES001,SIMU0237:User 237,DENIED
2026,1月,10,周六,21:54:17,8D7E04E0,SIMBR0299,SIMR0299,SIMU0042:User 42,DENIED
2026,1月,10,周六,21:54:17,528AA107,SIMBR0096,SIMR0096,SIMU0140:User 140,DENIED
2026,1月,10,周六,21:54:17,3A15230F,SIMBR0178,SIMR0178,SIMU0087:User 87,DENIED
2026,1月,10,周六,21:54:17,DDB28C88,SIMBR0041,SIMR0041,SIMU0102:User 102,DENIED
2026,1月,10,周六,21:54:17,FC171927,SIMBR0122,SIMR0122,SIMU0287:User 287,DENIED
2026,1月,10,周六,21:54:17,5849BD23,SIMBR0023,SIMR0023,SIMU0186:User 186,DENIED
2026,1月,10,周六,21:54:17,D0ABEAE1,SIMBR0275,SIMR0275,SIMU0196:User 196,DENIED
2026,1月,10,周六,21:54:17,02C1BA5C,SIMBR0203,SIMR0203,SIMU0147:User 147,DENIED
2026,1月,10,周六,21:54:17,3A15230F,SIMBR0235,SIMR0235,SIMU0087:User 87,DENIED
2026,1月,10,周六,21:54:17,C6A1DEEB,SIMBR0368,SIMR0368,SIMU0175:User 175,DENIED
2026,1月,10,周六,21:54:17,53DC8CA9,SIMBR0342,SIMR0342,SIMU0007:User 7,DENIED
2026,1月,10,周六,21:54:17,BBE8D6B5,SIMBR0166,SIMR0166,SIMU0195:User 195,DENIED
2026,1月,10,周六,21:54:17,3BE1764E,SIMBR0081,SIMR0081,SIMU0244:User 244,DENIED
2026,1月,10,周六,21:54:17,F8B36522,SIMBR0200,SIMR0200,SIMU0084:User 84,DENIED
2026,1月,10,周六,21:54:17,4D29E6C6,SIMBR0002,SIMR0002,SIMU0021:User 21,DENIED
2026,1月,10,周六,21:54:17,4BEECFEB,SIMBR0072,SIMR0072,SIMU0117:User 117,DENIED
2026,1月,10,周六,21:54:17,61587BB5,SIMBR0186,SIMR0186,SIMU0086:User 86,DENIED
2026,1月,10,周六,21:54:17,FC75DC29,SIMBR0144,SIMR0144,SIMU0018:User 18,DENIED
2026,1月,10,周六,22:36:57,BEBCE825,SIMBR0009,SIMR0009,SIMU0270:User 270,DENIED
2026,1月,10,周六,22:38:05,BEBCE825,SIMBR0007,SIMR0007,SIMU0270:User 270,DENIED
2026,1月,10,周六,22:38:43,CB0F203D,BR004,RES001,SIMU0124:User 124,DENIED
2026,1月,10,周六,22:38:45,0CFFFBA0,SIMBR0021,SIMR0021,SIMU0189:User 189,DENIED
2026,1月,10,周六,22:38:47,C72DAED8,SIMBR0151,SIMR0151,SIMU0117:User 117,DENIED
2026,1月,10,周六,22:38:49,8EA215FF,SIMBR0291,SIMR0291,SIMU0201:User 201,DENIED
2026,1月,10,周六,22:38:51,0DE450B1,SIMBR0301,SIMR0301,SIMU0016:User 16,DENIED
2026,1月,10,周六,22:38:53,FEF21F79,SIMBR0331,SIMR0331,SIMU0159:User 159,DENIED
2026,1月,10,周六,22:43:34,CB0F203D,BR004,RES001,SIMU0124:User 124,DENIED
2026,1月,10,周六,22:43:36,0CFFFBA0,SIMBR0021,SIMR0021,SIMU0189:User 189,DENIED
2026,1月,10,周六,22:43:38,C72DAED8,SIMBR0151,SIMR0151,SIMU0117:User 117,DENIED
2026,1月,10,周六,22:43:43,CB0F203D,SIMBR0168,SIMR0168,SIMU0124:User 124,DENIED
2026,1月,10,周六,22:43:45,0CFFFBA0,SIMBR0157,SIMR0157,SIMU0189:User 189,DENIED
2026,1月,10,周六,22:47:10,CB0F203D,SIMBR0168,SIMR0168,SIMU0124:User 124,DENIED
2026,1月,10,周六,22:47:12,0CFFFBA0,SIMBR0157,SIMR0157,SIMU0189:User 189,DENIED
2026,1月,10,周六,22:47:14,C72DAED8,BR009,RES025,SIMU0117:User 117,DENIED
2026,1月,10,周六,22:47:16,8EA215FF,SIMBR0128,SIMR0128,SIMU0201:User 201,DENIED
2026,1月,10,周六,22:47:18,0DE450B1,SIMBR0275,SIMR0275,SIMU0016:User 16,DENIED
2026,1月,10,周六,22:47:20,FEF21F79,SIMBR0319,SIMR0319,SIMU0159:User 159,DENIED
2026,1月,10,周六,22:47:22,F3B58DFF,SIMBR0180,SIMR0180,SIMU0076:User 76,DENIED
2026,1月,10,周六,22:47:24,B0DFB305,SIMBR0310,SIMR0310,SIMU0151:User 151,DENIED
2026,1月,10,周六,22:47:26,BEBCE825,SIMBR0019,SIMR0019,SIMU0270:User 270,DENIED
2026,1月,10,周六,22:47:28,1EBD89C8,SIMBR0285,SIMR0285,SIMU0123:User 123,DENIED
2026,1月,10,周六,22:47:30,358D24E5,SIMBR0056,SIMR0056,SIMU0130:User 130,DENIED
2026,1月,10,周六,22:47:32,D3E409F0,SIMBR0112,SIMR0112,SIMU0012:User 12,DENIED
2026,1月,10,周六,22:47:34,53A1B264,SIMBR0253,SIMR0253,SIMU0017:User 17,DENIED
2026,1月,10,周六,22:47:36,354118DA,BR015,RES008,SIMU0052:User 52,DENIED
2026,1月,10,周六,22:47:38,6714B510,SIMBR0117,SIMR0117,SIMU0160:User 160,DENIED
2026,1月,10,周六,22:47:40,5A758FE3,SIMBR0278,SIMR0278,SIMU0103:User 103,DENIED
